page,leaf,table,navire,date,date_republicaine,date_gregorienne,latitude,longitude,longitude_paris,latitude_dms,latitude_ref,longitude_dms,longitude_ref,obs_latitude,obs_longitude,thermometre,barometre_pouces,barometre_lignes,barometre_mm,barometre_hpa,hygrometre,vents_etat_du_ciel,points_lunaires,points_solaires,declinaison_boussole,remarque,remarque_portee,au_mouillage,alerte,notes
475,497,1 - Traversée du Havre à Ténériffe,les corvettes,1800-10-19,27 vendémiaire an IX,1800-10-19,"49,5106","-0,0706","-2,4078",49.30.38,Nord,2.24.28,Occidentales,△,△,"10,0",28,"8,3","776,7",1036,93,"NE. E. SE. Joli frais ; beau temps, ciel nuageux.",Constitution australe,Automne boréal,//,"Les corvettes le Géographe et le Naturaliste sont parties du port du Havre le 19 octobre 1800, à 10 heures du matin.",,,,Têtes de colonne : LATITUDES « Nord. » ; Thermomètre « + » ; DÉCLINAISON de la Boussole « NO. »
475,497,1 - Traversée du Havre à Ténériffe,les corvettes,1800-10-20,28 vendémiaire an IX,1800-10-20,"50,1833","-1,2931","-3,6303",50.11.0,Nord,3.37.49,Occidentales,,,"11,5",28,"8,0","776,0",1035,95,S. Variable du SSE. au SSO. et calme ; ciel nuageux.,P ; Constitution australe,Automne boréal,//,Vu l'île Aurigny et les Casquets.,,,,
475,497,1 - Traversée du Havre à Ténériffe,les corvettes,1800-10-21,29 vendémiaire an IX,1800-10-21,"49,9603","-2,4156","-4,7528",49.57.37,Nord,4.45.10,Occidentales,△,△,"9,0",28,"7,0","773,8",1032,//,"De l'O. au N., grand frais ; temps couvert et brumeux.",Constitution australe,Automne boréal,//,En vue des côtes d'Angleterre.,,,,
475,497,1 - Traversée du Havre à Ténériffe,les corvettes,1800-10-22,30 vendémiaire an IX,1800-10-22,"49,6000","-3,7431","-6,0803",49.36.0,Nord,6.4.49,Occidentales,,*,"10,0",28,"7,0","773,8",1032,//,"NNO. NNE. NE. Joli frais ; ciel nuag., pet. pluie le soir.",L ; Constitution australe,Automne boréal,//,,,,,
475,497,1 - Traversée du Havre à Ténériffe,les corvettes,1800-10-23,1er brumaire an IX,1800-10-23,"48,3167","-5,7320","-8,0692",48.19.0,Nord,8.4.9,Occidentales,,,"13,0",28,"7,0","773,8",1032,81,NNO. NNE. NE. E. SSE. S. NE. Petit fr. et très-var.; t. couv.,Constitution australe,♏ ; Automne boréal,26° 40',,,,,
475,497,1 - Traversée du Havre à Ténériffe,les corvettes,1800-10-24,2 brumaire an IX,1800-10-24,"47,5333","-6,6253","-8,9625",47.32.0,Nord,8.57.45,Occidentales,*,*,"12,0",28,"6,0","771,5",1029,87,SSO. Variable au SSE. Joli frais ; temps couvert.,Constitution australe,Automne boréal,26. 0.,,,,,
475,497,1 - Traversée du Havre à Ténériffe,les corvettes,1800-10-25,3 brumaire an IX,1800-10-25,"46,9650","-9,0931","-11,4303",46.57.54,Nord,11.25.49,Occidentales,,*,"14,0",28,"4,0","767,0",1023,85,S. SO. Joli frais ; SO. NO. Gr. frais ; pluie continuelle.,☾ ; Constitution australe,Automne boréal,//,,,,,
475,497,1 - Traversée du Havre à Ténériffe,les corvettes,1800-10-26,4 brumaire an IX,1800-10-26,"43,3881","-10,1931","-12,5303",43.23.17,Nord,12.31.49,Occidentales,,,"11,0",28,"4,0","767,0",1023,86,NO. NNO. Joli frais ; temps couvert.,Constitution australe,Automne boréal,26. 18.,,,,,
475,497,1 - Traversée du Havre à Ténériffe,les corvettes,1800-10-27,5 brumaire an IX,1800-10-27,"42,6667","-11,7597","-14,0969",42.40.0,Nord,14.5.49,Occidentales,,,"12,4",28,"6,0","771,5",1029,82,NO. N. NE. ENE. Joli frais ; beau temps.,Constitution australe,Automne boréal,25. 20.,"Le passage des vents de NO. à ceux d'ENE., a été assez prompt, en accostant les parages des vents alizés.",,,,
475,497,1 - Traversée du Havre à Ténériffe,les corvettes,1800-10-28,6 brumaire an IX,1800-10-28,"39,7886","-11,3931","-13,7303",39.47.19,Nord,13.43.49,Occidentales,,,"13,2",28,"6,0","771,5",1029,92,NE. ENE. Joli frais ; beau t. ; pluie le soir.,Constitution australe,Automne boréal,//,,,,,
475,497,1 - Traversée du Havre à Ténériffe,les corvettes,1800-10-29,7 brumaire an IX,1800-10-29,"36,2522","-11,8431","-14,1803",36.15.8,Nord,14.10.49,Occidentales,,,"16,0",28,"8,0","776,0",1035,94,ENE. E. Joli fr.; beau temps.,♪ ; Constitution boréale,Automne boréal,26. 42.,,,,,
475,497,1 - Traversée du Havre à Ténériffe,les corvettes,1800-10-30,8 brumaire an IX,1800-10-30,"33,3375","-11,9097","-14,2469",33.20.15,Nord,14.14.49,Occidentales,,,"15,5",28,"2,0","762,5",1017,88,E. ENE. Joli frais ; beau temps.,☊ ; Constitution boréale,Automne boréal,22. 28.,,,,,
475,497,1 - Traversée du Havre à Ténériffe,les corvettes,1800-10-31,9 brumaire an IX,1800-10-31,"31,0333","-12,9264","-15,2636",31.2.0,Nord,15.15.49,Occidentales,,,"18,0",28,"4,0","767,0",1023,82,ENE. Joli frais ; beau temps.,Constitution boréale,Automne boréal,21. 16.,Plusieurs alouettes sont venues se reposer sur nos vergues.,,,,
475,497,1 - Traversée du Havre à Ténériffe,les corvettes,1800-11-01,10 brumaire an IX,1800-11-01,"28,8333","-15,5295","-17,8667",28.50.0,Nord,17.52.0,Occidentales,,△,"18,5",28,"5,0","769,2",1026,86,ENE. NE. Joli frais ; beau temps.,☉ ; Constitution boréale,Automne boréal,19. 5.,En vue des îles Canaries.,,,,
475,497,1 - Traversée du Havre à Ténériffe,les corvettes,1800-11-02,11 brumaire an IX,1800-11-02,"28,4769","-16,2570","-18,5942",28.28.37,Nord,18.35.39,Occidentales,△,△,//,//,,,,76,NE. Joli frais ; beau temps.,Constitution boréale,Automne boréal,//,"Mouillé sur la rade de Sainte-Croix de Ténériffe, à 10 h. du matin.",,oui,,Signe de mouillage imprimé dans la colonne des dates.
476,498,2 - Traversée de Ténériffe à l'Ile-de-France,les corvettes,1800-11-13,22 brumaire an IX,1800-11-13,,,,,Nord,,Occidentales,,,,,,,,81,NE. ENE. Joli frais ; beau temps.,D ; Constitution australe,Automne boréal,,"Appareillé de la rade de Sainte-Croix, à 3 heures du soir.",,,,"Têtes de colonne : LATITUDES « Nord. » ; Thermomètre « + » ; DÉCLINAISON de la Boussole « NO. » ; ligne du 22 brumaire : latitude, longitude, thermomètre, baromètre et déclinaison remplis de points de conduite (aucune valeur)"
476,498,2 - Traversée de Ténériffe à l'Ile-de-France,les corvettes,1800-11-14,23 brumaire an IX,1800-11-14,"26,0167","-17,7817","-20,1189",26.1.0,Nord,20.7.8,Occidentales,,,"17,8",28,"5,0","769,2",1026,83,ENE. Joli frais ; beau temps.,☋ ; Constitution australe,Automne boréal,17° 32',,,,,
476,498,2 - Traversée de Ténériffe à l'Ile-de-France,les corvettes,1800-11-15,24 brumaire an IX,1800-11-15,"23,2667","-19,1995","-21,5367",23.16.0,Nord,21.32.12,Occidentales,,,"18,0",28,"3,5","765,9",1021,91,ENE. Joli frais ; beau temps.,Constitution australe,Automne boréal,17. 0.,"Coupé le tropique du Cancer, à 10 h. 45' du matin.",,,,
476,498,2 - Traversée de Ténériffe à l'Ile-de-France,les corvettes,1800-11-16,25 brumaire an IX,1800-11-16,"20,0167","-20,1725","-22,5097",20.1.0,Nord,22.30.35,Occidentales,,*,"19,2",28,"3,0","764,7",1020,94,ENE. Joli frais ; beau temps.,● ; Constitution australe,Automne boréal,14. 54.,,,,,
476,498,2 - Traversée de Ténériffe à l'Ile-de-France,les corvettes,1800-11-17,26 brumaire an IX,1800-11-17,"16,7500","-19,8431","-22,1803",16.45.0,Nord,22.10.49,Occidentales,,*,"20,0",28,"2,0","762,5",1017,93,ENE. NE. E. Joli fr. ; temps couvert.,P ; Constitution australe,Automne boréal,//,,,,,
476,498,2 - Traversée de Ténériffe à l'Ile-de-France,les corvettes,1800-11-18,27 brumaire an IX,1800-11-18,"14,3333","-19,5967","-21,9339",14.20.0,Nord,21.56.2,Occidentales,,*,"21,0",28,"2,0","762,5",1017,97,NE. ENE. Joli frais ; temps couvert.,Constitution australe,Automne boréal,//,"Passé dans plusieurs ras de marée, portant de l'ESE. au ONO. Doublé le Cap-Vert à 40 lieues de dist. environ.",,,,
476,498,2 - Traversée de Ténériffe à l'Ile-de-France,les corvettes,1800-11-19,28 brumaire an IX,1800-11-19,"13,2167","-19,6422","-21,9794",13.13.0,Nord,21.58.46,Occidentales,,,"22,0",28,"1,0","760,2",1014,88,NE. ENE. Joli frais ; beau temps.,L ; Constitution australe,Automne boréal,16. 49.,Nous avons toujours navigué dans des ras de marée.,,,,
476,498,2 - Traversée de Ténériffe à l'Ile-de-France,les corvettes,1800-11-20,29 brumaire an IX,1800-11-20,"10,2500","-18,4045","-20,7417",10.15.0,Nord,20.44.30,Occidentales,,,"22,3",28,"1,0","760,2",1014,89,ENE. NE. Joli frais ; beau temps.,Constitution australe,Automne boréal,16. 59.,Un épervier est venu se percher sur nos vergues.,,,,
476,498,2 - Traversée de Ténériffe à l'Ile-de-France,les corvettes,1800-11-21,30 brumaire an IX,1800-11-21,"8,9500","-17,5247","-19,8619",8.57.0,Nord,19.51.43,Occidentales,*,*,"23,2",28,"1,0","760,2",1014,86,ENE. NE. Petit frais ; beau temps.,Constitution australe,Automne boréal,16. 2.,,,,,
476,498,2 - Traversée de Ténériffe à l'Ile-de-France,les corvettes,1800-11-22,1er frimaire an IX,1800-11-22,"8,1167","-17,2620","-19,5992",8.7.0,Nord,19.35.57,Occidentales,,,"23,0",28,"1,0","760,2",1014,92,ENE. NE. Petit frais ; beau temps pendant la nuit; ton. et éclairs dans le S.,Constitution australe,♐ ; Automne boréal,16. 33.,"Vu quelques oiseaux des Tropiques, et un requin. Les courans nous ont portés dans l'OSO.",,,,
476,498,2 - Traversée de Ténériffe à l'Ile-de-France,les corvettes,1800-11-23,2 frimaire an IX,1800-11-23,"7,6667","-16,7156","-19,0528",7.40.0,Nord,19.3.10,Occidentales,,,"24,8",28,"2,0","762,5",1017,89,NE. ENE. Foible fraîcheur du S. et du SE. ; beau temps.,☾ ; Constitution australe,Automne boréal,16. 9.,,,,,
476,498,2 - Traversée de Ténériffe à l'Ile-de-France,les corvettes,1800-11-24,3 frimaire an IX,1800-11-24,"7,7000","-16,7195","-19,0567",7.42.0,Nord,19.3.24,Occidentales,,,"24,0",28,"1,5","761,3",1015,92,Calme; fraîcheurs variab. du SSO. au S. SSE. SO. OSO. et NO; b. temps; horizon brumeux.,Constitution australe,Automne boréal,15. 7.,Les courans nous ont portés dans le N.,,,,
476,498,2 - Traversée de Ténériffe à l'Ile-de-France,les corvettes,1800-11-25,4 frimaire an IX,1800-11-25,"7,6500","-16,5900","-18,9272",7.39.0,Nord,18.55.38,Occidentales,,,"24,0",28,"2,5","763,6",1018,87,NNE. NE. ENE. Petite brise; beau temps.,♪ ; Constitution boréale,Automne boréal,16. 37.,"Vu beaucoup de dorades, bonites et marsouins.",,,,
476,498,2 - Traversée de Ténériffe à l'Ile-de-France,les corvettes,1800-11-26,5 frimaire an IX,1800-11-26,"7,1167","-16,2770","-18,6142",7.7.0,Nord,18.36.51,Occidentales,*,*,"22,0",28,"2,0","762,5",1017,100,"Calme interrompu de petit fr. et bon fr. ENE. et E ; temps couv. ; pluie le mat. ; tonn., éclairs.",Constitution boréale,Automne boréal,17. 17.,,,,,
476,498,2 - Traversée de Ténériffe à l'Ile-de-France,les corvettes,1800-11-27,6 frimaire an IX,1800-11-27,"6,9667","-16,2975","-18,6347",6.58.0,Nord,18.38.5,Occidentales,,,"23,8",28,"2,0","762,5",1017,96,Calme et fraîcheurs très-var. ; t. couv. et à grains ; pluie.,☊ ; Constitution boréale,Automne boréal,//,Les courans nous portent constamment vers le Nord.,,,,
476,498,2 - Traversée de Ténériffe à l'Ile-de-France,les corvettes,1800-11-28,7 frimaire an IX,1800-11-28,"6,8167","-16,0845","-18,4217",6.49.0,Nord,18.25.18,Occidentales,,*,"22,5",28,"3,0","764,7",1020,91,Calme plat ; temps couvert.,Constitution boréale,Automne boréal,15. 30.,,,,,
476,498,2 - Traversée de Ténériffe à l'Ile-de-France,les corvettes,1800-11-29,8 frimaire an IX,1800-11-29,"6,6833","-16,1106","-18,4478",6.41.0,Nord,18.26.52,Occidentales,,,"24,8",28,"2,0","762,5",1017,93,Calme et fraîcheurs très-var. ; temps couvert.,Constitution boréale,Automne boréal,16. 11.,"Vu beaucoup de bonites, dorades et poissons volans. Les courans nous portent toujours au N.",,,,
476,498,2 - Traversée de Ténériffe à l'Ile-de-France,les corvettes,1800-11-30,9 frimaire an IX,1800-11-30,"6,6333","-16,0756","-18,4128",6.38.0,Nord,18.24.46,Occidentales,*,*,"22,7",28,"2,5","763,6",1018,94,Calme; grain pesant d'ESE. ; pluie à verse.,Constitution boréale,Automne boréal,14. 54.,,,,,
476,498,2 - Traversée de Ténériffe à l'Ile-de-France,les corvettes,1800-12-01,10 frimaire an IX,1800-12-01,"5,4500","-16,2125","-18,5497",5.27.0,Nord,18.32.59,Occidentales,*,*,"22,0",28,"2,5","763,6",1018,98,Joli frais d'E. et de SE. Grains violens avec écl. et pluie.,☉ ; Constitution boréale,Automne boréal,//,Vu des marsouins.,,,,
476,498,2 - Traversée de Ténériffe à l'Ile-de-France,les corvettes,1800-12-02,11 frimaire an IX,1800-12-02,"4,4833","-16,3831","-18,7203",4.29.0,Nord,18.43.13,Occidentales,,,"23,2",28,"2,0","762,5",1017,96,S. ESE. Joli frais; temps nébuleux.,λ. A ; Constitution boréale,Automne boréal,"13. 36,",,,,,
476,498,2 - Traversée de Ténériffe à l'Ile-de-France,les corvettes,1800-12-03,12 frimaire an IX,1800-12-03,"3,7333","-17,1706","-19,5078",3.44.0,Nord,19.30.28,Occidentales,,,"22,0",28,"2,0","762,5",1017,93,SSE. ENE. Joli fr. ; t. couv. ; des grains et de la pluie.,Constitution boréale,Automne boréal,14. 39.,Vu plusieurs bandes de pétrels.,,,,
477,499,2 - Traversée de France à l'Ile-de-France (suite),les corvettes,1800-12-04,13 frimaire an IX,1800-12-04,"3,2667","-17,3767","-19,7139",3.16.0,Nord,19.42.50,Occidentales,,,"22,0",28,"2,5","763,6",1018,97,"SSE. OSO. SO. SSO. NE. NNE. N. Petit fr. et calme; t. cou. orag., grains, pl., éc.",Constitution boréale,Automne boréal,//,"A la nuit, mer phosphorique d'une manière étonnante. Nos bâtimens paroissent naviguer dans une mer de feu.",,,,Têtes de colonne : LATITUDES « Nord. » ; Thermomètre « + » ; DÉCLINAISON de la Boussole « NO. »
477,499,2 - Traversée de France à l'Ile-de-France (suite),les corvettes,1800-12-05,14 frimaire an IX,1800-12-05,"2,8333","-17,1972","-19,5344",2.50.0,Nord,19.32.4,Occidentales,,,"21,8",28,"2,0","762,5",1017,99,"De l'ENE. au SO. par le Sud, calme et petit frais ; beau temps ; pluie dans la nuit.",Constitution boréale,Automne boréal,//,,,,saut_position,
477,499,2 - Traversée de France à l'Ile-de-France (suite),les corvettes,1800-12-06,15 frimaire an IX,1800-12-06,"2,4833","-17,8175","-20,1547",2.29.0,Nord,20.9.17,Occidentales,,,"22,5",28,"2,5","763,6",1018,97,SSO. SSE. Joli frais ; pluie et grains dans l'après-midi.,Constitution boréale,Automne boréal,//,,,,saut_position,
477,499,2 - Traversée de France à l'Ile-de-France (suite),les corvettes,1800-12-07,16 frimaire an IX,1800-12-07,"2,1333","-17,8353","-20,1725",2.8.0,Nord,20.10.21,Occidentales,,*,"20,6",28,"2,5","763,6",1018,96,"S. SE. NO. E. Petit frais, ensuite calme; t. couv. et pluv.",Constitution boréale,Automne boréal,14. 20.,"L'inclinaison de l'aiguille aimantée, mesurée sur le pont dans un instant de calme absolu, a été trouvée de 27° 0' vers le Nord : l'erreur, s'il y en a, ne doit pas aller à plus d'un ou deux degrés.",,,,
477,499,2 - Traversée de France à l'Ile-de-France (suite),les corvettes,1800-12-08,17 frimaire an IX,1800-12-08,"2,2167","-19,8392","-22,1764",2.13.0,Nord,22.10.35,Occidentales,,,"22,7",28,"2,0","762,5",1017,94,"Du SSE. au SSO. Petit frais ; t. pluv., couv. et par grains.",Constitution boréale,Automne boréal,//,Les courans portent au N. et à l'O.,,,,
477,499,2 - Traversée de France à l'Ile-de-France (suite),les corvettes,1800-12-09,18 frimaire an IX,1800-12-09,"2,4000","-19,1261","-21,4633",2.24.0,Nord,21.27.48,Occidentales,,,"21,5",28,"1,5","761,3",1015,97,Du SO. au S. et N. par l'E. Joli fr.; t. couv. et à grains.,☽ ; Constitution boréale,Automne boréal,//,Vu un diable de mer. Les courans portent au N. et à l'O.,,,,
477,499,2 - Traversée de France à l'Ile-de-France (suite),les corvettes,1800-12-10,19 frimaire an IX,1800-12-10,"1,3667","-17,6967","-20,0339",1.22.0,Nord,20.2.2,Occidentales,*,*,"21,5",28,"2,0","762,5",1017,93,Calme et pet. fr. du NE. ENE. OSO. et NO. Fort grain d'ENE.; temps couv.; pluie.,D ; Constitution australe,Automne boréal,11. 33.,"A 4 h. du mat., une trombe a passé très-près du Naturaliste; elle a occasionné une saute de vent violente et subite, et nous a procuré une forte pl.",,,,
477,499,2 - Traversée de France à l'Ile-de-France (suite),les corvettes,1800-12-11,20 frimaire an IX,1800-12-11,"1,3333","-21,1170","-23,4542",1.20.0,Nord,23.27.15,Occidentales,,,"22,0",28,"2,0","762,5",1017,97,"SE. SSE. Joli frais, b. temps.",☋ ; Constitution australe,Automne boréal,11. 32.,Les courans portent au N. et à l'O. constamment et avec force. Nous voyons depuis plusieurs jours des ras de marée qui ont cette direction.,,,,
477,499,2 - Traversée de France à l'Ile-de-France (suite),les corvettes,1800-12-12,21 frimaire an IX,1800-12-12,"-0,3167","-21,3375","-23,6747",0.19.0,Sud,23.40.29,Occidentales,,,"22,2",28,"2,5","763,6",1018,99,SSE. SE. Joli frais ; b. temps.,Constitution australe,Printemps austral,11. 6.,Vu des mauves et des poissons volans. Nous avons coupé la ligne à 6 h. du soir par 23° 37' de longit. à l'O. de Paris.,,,,Mention « — Sud. — » imprimée dans la colonne LATITUDES entre les lignes du 20 et du 21 frimaire ; les latitudes qui suivent sont australes
477,499,2 - Traversée de France à l'Ile-de-France (suite),les corvettes,1800-12-13,22 frimaire an IX,1800-12-13,"-1,1500","-23,0767","-25,4139",1.9.0,Sud,25.24.50,Occidentales,,,"22,2",28,"2,5","763,6",1018,96,"SE. ESE. Joli fr., b. temps ; dans la nuit, grains et pluie à verse.",Constitution australe,Printemps austral,10. 58.,,,,,
477,499,2 - Traversée de France à l'Ile-de-France (suite),les corvettes,1800-12-14,23 frimaire an IX,1800-12-14,"-2,1500","-24,0283","-26,3656",2.9.0,Sud,26.21.56,Occidentales,,,"22,2",28,"2,0","762,5",1017,97,SE. Joli frais ; beau temps.,Constitution australe,Printemps austral,//,Vu des paille-en-cus et des poissons volans.,,,,
477,499,2 - Traversée de France à l'Ile-de-France (suite),les corvettes,1800-12-15,24 frimaire an IX,1800-12-15,"-2,9667","-24,8489","-27,1861",2.58.0,Sud,27.11.10,Occidentales,,,"22,2",28,"2,5","763,6",1018,97,SE. SSE. Joli frais ; b. temps.,●.L.P ; Constitution australe,Printemps austral,9. 3.,,,,,
477,499,2 - Traversée de France à l'Ile-de-France (suite),les corvettes,1800-12-16,25 frimaire an IX,1800-12-16,"-3,8667","-26,0358","-28,3731",3.52.0,Sud,28.22.23,Occidentales,,,"22,0",28,"2,5","763,6",1018,93,SE. ESE. Joli frais; b. temps.,Constitution australe,Printemps austral,8. 29.,"Inclinaison de l'aiguille aimantée (à 6 h. 30' soir) = 15° 0' vers le Nord, à 1° ou 2° près.",,,,
477,499,2 - Traversée de France à l'Ile-de-France (suite),les corvettes,1800-12-17,26 frimaire an IX,1800-12-17,"-4,9167","-26,6564","-28,9936",4.55.0,Sud,28.59.37,Occidentales,,,"22,0",28,"3,0","764,7",1020,94,ESE. E. Joli frais ; b. temps.,Constitution australe,Printemps austral,7. 19.,"Inclinaison de l'aiguille aimantée (à 3 h. soir) = 17° 0' vers le Nord, à 2° ou 3° près, à cause du mouv. du navire.",,,,
477,499,2 - Traversée de France à l'Ile-de-France (suite),les corvettes,1800-12-18,27 frimaire an IX,1800-12-18,"-6,5500","-27,1103","-29,4475",6.33.0,Sud,29.26.51,Occidentales,,,"21,2",28,"2,0","762,5",1017,89,E. SE. Joli frais ; beau temps.,Constitution australe,Printemps austral,7. 16.,,,,,
477,499,2 - Traversée de France à l'Ile-de-France (suite),les corvettes,1800-12-19,28 frimaire an IX,1800-12-19,"-8,0167","-27,4306","-29,7678",8.1.0,Sud,29.46.4,Occidentales,,,"21,8",28,"3,0","764,7",1020,94,ESE. E. Joli frais ; b. temps.,Constitution australe,Printemps austral,6. 24.,Vu des poissons volans.,,,,
477,499,2 - Traversée de France à l'Ile-de-France (suite),les corvettes,1800-12-20,29 frimaire an IX,1800-12-20,"-9,6042","-27,4270","-29,7642",9.36.15,Sud,29.45.51,Occidentales,,,"21,8",28,"2,0","762,5",1017,91,E. ESE. Joli frais ; b. temps.,Constitution australe,Printemps austral,6. 14.,"Les courans portent au SO., depuis quelques jours.",,,,
478,500,2 - Traversée de France à l'Ile-de-France,les corvettes,1800-12-21,30 frimaire an IX,1800-12-21,"-11,1833","-27,7217","-30,0589",11.11.0,Sud,30.3.32,Occidentales,,,"21,0",28,"2,0","762,5",1017,91,ENE. ESE. Joli frais ; beau temps ; un peu de pluie.,,,5°31',"Lors de l'observation de l'amplitude occase, la direction de l'aiguille aimantée a éprouvé beaucoup de variations ; elle passoit subitement de 10 à 30° sans que le bâtiment eût éprouvé de mouvement de rotation, et quoique le soleil fût toujours dans la direction des pinnules ; mais après ces écarts qui se faisoient presque par bonds, elle revenoit constamment au même point.",,,,Colonne DÉCLINAISON : en-tête « NO. ». Points lunaires : accolade « Constitution boréale » (30 frimaire - 15 nivôse). Points solaires : fin de l'accolade « Pr. aust. ».
478,500,2 - Traversée de France à l'Ile-de-France,les corvettes,1800-12-22,1er nivôse an IX,1800-12-22,"-12,7500","-27,5253","-29,8625",12.45.0,Sud,29.51.45,Occidentales,,,"22,5",28,"5,0","769,2",1026,91,"ENE. E. Joli frais, b. temps.",♌,♑,5.29.,,,,,Points solaires : début de l'accolade « Été austral ».
478,500,2 - Traversée de France à l'Ile-de-France,les corvettes,1800-12-23,2 nivôse an IX,1800-12-23,"-14,2281","-27,2125","-29,5497",14.13.41,Sud,29.32.59,Occidentales,,,"22,5",28,"3,0","764,7",1020,89,"E. ENE. Joli frais, b. temps.",☽,,5.41.,,,,,
478,500,2 - Traversée de France à l'Ile-de-France,les corvettes,1800-12-24,3 nivôse an IX,1800-12-24,"-15,7167","-27,2161","-29,5533",15.43.0,Sud,29.33.12,Occidentales,,,"25,0",28,"3,0","764,7",1020,92,ENE. NE. NNE. Joli frais ; b. temps ; pluie pend. la nuit.,☊,,5.46.,,,,,
478,500,2 - Traversée de France à l'Ile-de-France,les corvettes,1800-12-25,4 nivôse an IX,1800-12-25,"-17,3833","-25,9367","-28,2739",17.23.0,Sud,28.16.26,Occidentales,,,"25,1",28,"3,0","764,7",1020,93,NE. NNE. Joli fr. ; b. temps ; pluie abond. pend. la nuit.,,,5.50.,,,,,
478,500,2 - Traversée de France à l'Ile-de-France,les corvettes,1800-12-26,5 nivôse an IX,1800-12-26,"-19,0372","-24,4572","-26,7944",19.2.14,Sud,26.47.40,Occidentales,,,"25,0",28,"4,0","767,0",1023,99,NE. E. Joli frais ; b. temps ; pluie pendant la nuit.,,,5.56.,,,,,
478,500,2 - Traversée de France à l'Ile-de-France,les corvettes,1800-12-27,6 nivôse an IX,1800-12-27,"-20,0500","-23,6775","-26,0147",20.3.0,Sud,26.0.53,Occidentales,,,"25,4",28,"3,0","764,7",1020,92,"ENE. NE. ESE. Joli fr. ; beau temps ; le soir, temps à gr. ; pluie continuelle.",,,5.34.,,,,,
478,500,2 - Traversée de France à l'Ile-de-France,les corvettes,1800-12-28,7 nivôse an IX,1800-12-28,"-21,2167","-23,1647","-25,5019",21.13.0,Sud,25.30.7,Occidentales,*,*,"25,1",28,"2,0","762,5",1017,85,NE. ENE. Petit frais ; temps couvert et à grains.,,,5.51.,,,,,
478,500,2 - Traversée de France à l'Ile-de-France,les corvettes,1800-12-29,8 nivôse an IX,1800-12-29,"-22,0833","-23,0520","-25,3892",22.5.0,Sud,25.23.21,Occidentales,,,"25,0",28,"4,0","767,0",1023,85,NE. SE. Joli fr. ; temps couv. ; grains et petite pluie par intervalles.,A,,5.45.,Inclinaison de l'aiguille aimantée = 15° 0' vers le Sud. Assez bonne observation.,,,,
478,500,2 - Traversée de France à l'Ile-de-France,les corvettes,1800-12-30,9 nivôse an IX,1800-12-30,"-23,3167","-22,9889","-25,3261",23.19.0,Sud,25.19.34,Occidentales,,,"21,5",28,"3,0","764,7",1020,88,E. ESE. Petit frais ; b. temps.,λ,,6.59.,A 9 h. 15' coupé le tropique du Capricorne.,,,,
478,500,2 - Traversée de France à l'Ile-de-France,les corvettes,1800-12-31,10 nivôse an IX,1800-12-31,"-24,0000","-23,2595","-25,5967",24.0.0,Sud,25.35.48,Occidentales,,,"25,1",28,"3,0","764,7",1020,92,ESE. E. Petit frais ; temps couvert.,○,,6.13.,Vu un pétrel et des poissons volans.,,,,
478,500,2 - Traversée de France à l'Ile-de-France,les corvettes,1801-01-01,11 nivôse an IX,1801-01-01,"-24,9667","-23,1464","-25,4836",24.58.0,Sud,25.29.1,Occidentales,,,"25,0",28,"3,0","764,7",1020,94,E. ESE. Foible brise ; beau temps.,,,6.23.,Vu plusieurs requins.,,,,
478,500,2 - Traversée de France à l'Ile-de-France,les corvettes,1801-01-02,12 nivôse an IX,1801-01-02,"-24,9333","-22,6170","-24,9542",24.56.0,Sud,24.57.15,Occidentales,,,"22,5",28,"2,0","762,5",1017,89,SO. S. SSE. SE. Foible brise ; beau temps.,,,6.17.,,,,,
478,500,2 - Traversée de France à l'Ile-de-France,les corvettes,1801-01-03,13 nivôse an IX,1801-01-03,"-25,3167","-22,1042","-24,4414",25.19.0,Sud,24.26.29,Occidentales,,,"20,7",28,"4,0","767,0",1023,100,Du SE. au NE. Petit frais ; beau temps.,,,6.20.,,,,,
478,500,2 - Traversée de France à l'Ile-de-France,les corvettes,1801-01-04,14 nivôse an IX,1801-01-04,"-26,1000","-21,9911","-24,3283",26.6.0,Sud,24.19.42,Occidentales,,,"23,5",28,"3,0","764,7",1020,97,NE. N. ONO. Petit frais ; b. temps.,,,6.16.,,,,,
478,500,2 - Traversée de France à l'Ile-de-France,les corvettes,1801-01-05,15 nivôse an IX,1801-01-05,"-26,6167","-21,3283","-23,6656",26.37.0,Sud,23.39.56,Occidentales,,,"20,5",28,"2,0","762,5",1017,94,"ONO. OSO. SO. SSO. S. SSE. Joli fr. ; b. temps : l'après-midi, temps couv. et pluie.",,,6.17.,,,,,
478,500,2 - Traversée de France à l'Ile-de-France,les corvettes,1801-01-06,16 nivôse an IX,1801-01-06,"-26,1000","-19,6653","-22,0025",26.6.0,Sud,22.0.9,Occidentales,,,"22,5",28,"3,0","764,7",1020,90,SSE. Joli frais ; beau temps.,D,,6.42.,,,,,Points lunaires : début de l'accolade « Constitution australe ».
478,500,2 - Traversée de France à l'Ile-de-France,les corvettes,1801-01-07,17 nivôse an IX,1801-01-07,"-25,7833","-18,8692","-21,2064",25.47.0,Sud,21.12.23,Occidentales,,,"20,0",28,"4,0","767,0",1023,83,SSE. E. Joli frais ; b. temps.,☋,,8.40.,,,,,
478,500,2 - Traversée de France à l'Ile-de-France,les corvettes,1801-01-08,18 nivôse an IX,1801-01-08,"-27,0167","-18,9781","-21,3153",27.1.0,Sud,21.18.55,Occidentales,,,"24,1",28,"5,0","769,2",1026,87,ESE. E. Joli frais ; b. temps.,☽,,8.48.,,,,,
478,500,2 - Traversée de France à l'Ile-de-France,les corvettes,1801-01-09,19 nivôse an IX,1801-01-09,"-28,5139","-18,2600","-20,5972",28.30.50,Sud,20.35.50,Occidentales,,,"25,0",28,"5,0","769,2",1026,89,E. ENE. Joli frais ; b. temps.,,,9.2.,,,,,
478,500,2 - Traversée de France à l'Ile-de-France,les corvettes,1801-01-10,20 nivôse an IX,1801-01-10,"-29,7833","-17,4972","-19,8344",29.47.0,Sud,19.50.4,Occidentales,,,"26,5",28,"5,0","769,2",1026,88,ENE. NE. Joli frais ; beau temps.,,,8.50.,,,,,
478,500,2 - Traversée de France à l'Ile-de-France,les corvettes,1801-01-11,21 nivôse an IX,1801-01-11,"-31,0000","-16,4845","-18,8217",31.0.0,Sud,18.49.18,Occidentales,,,"22,5",28,"5,0","769,2",1026,92,NNE. N. Joli frais ; b. temps.,,,8.23.,,,,,
478,500,2 - Traversée de France à l'Ile-de-France,les corvettes,1801-01-12,22 nivôse an IX,1801-01-12,"-31,7167","-14,3547","-16,6919",31.43.0,Sud,16.41.31,Occidentales,,,"22,0",28,"6,0","771,5",1029,96,N. NNE. Joli frais ; b. temps.,L,,8.35.,,,,,
479,501,2 - Traversée de France à l'Ile-de-France,les corvettes,1801-01-13,23 nivôse an IX,1801-01-13,"-32,4922","-12,7420","-15,0792",32.29.32,Sud,15.4.45,Occidentales,,,"20,2",28,"4,0","767,0",1023,95,NNE. NNO. Joli frais ; beau temps.,P,,9°52',Vu un albatrosse.,,,,Colonne DÉCLINAISON : en-tête « NO. ». Points lunaires : accolade « Constitution australe » (23-28 nivôse). Points solaires : accolade « Été austral ».
479,501,2 - Traversée de France à l'Ile-de-France,les corvettes,1801-01-14,24 nivôse an IX,1801-01-14,"-33,0214","-10,8789","-13,2161",33.1.17,Sud,13.12.58,Occidentales,,,"21,5",28,"5,0","769,2",1026,98,NNO. NNE. Joli frais ; beau temps.,●,,9.2.,Vu des albatrosses.,,,,
479,501,2 - Traversée de France à l'Ile-de-France,les corvettes,1801-01-15,25 nivôse an IX,1801-01-15,"-33,0764","-7,9178","-10,2550",33.4.35,Sud,10.15.18,Occidentales,,,"21,5",28,"4,0","767,0",1023,97,"NNO. NO, Joli frais ; beau temps.",,,9.45.,,,,,
479,501,2 - Traversée de France à l'Ile-de-France,les corvettes,1801-01-16,26 nivôse an IX,1801-01-16,"-33,2000","-5,5531","-7,8903",33.12.0,Sud,7.53.25,Occidentales,*,*,"17,5",28,"3,0","764,7",1020,89,NNO. O. SSO. S. Bon frais ; temps couvert et pluvieux.,,,14.52.,,,,,
479,501,2 - Traversée de France à l'Ile-de-France,les corvettes,1801-01-17,27 nivôse an IX,1801-01-17,"-33,0000","-2,5403","-4,8775",33.0.0,Sud,4.52.39,Occidentales,,,"16,1",28,"2,0","762,5",1017,89,SSO. S. Joli fr. ; temps couv. ; grains et pluie pend. la nuit.,,,16.22.,,,,,
479,501,2 - Traversée de France à l'Ile-de-France,les corvettes,1801-01-18,28 nivôse an IX,1801-01-18,"-32,7167","-0,0775","-2,4147",32.43.0,Sud,2.24.53,Occidentales,*,*,"15,8",28,"5,0","769,2",1026,79,SSO. SSE. Joli frais ; temps couvert.,,,16.14.,Vu des pétrels et des albatrosses. Passé dans un lit de marée.,,,,
479,501,2 - Traversée de France à l'Ile-de-France,les corvettes,1801-01-19,29 nivôse an IX,1801-01-19,"-31,6333","1,2356","-1,1017",31.38.0,Sud,1.6.6,Occidentales,*,*,"16,8",28,"8,0","776,0",1035,81,"SSE. ESE. Joli frais ; t. couv. ; dans la nuit., pl. et vent par rafales.",♌,,18.13.,,,,,Points lunaires : début de l'accolade « Constitution boréale ».
479,501,2 - Traversée de France à l'Ile-de-France,les corvettes,1801-01-20,30 nivôse an IX,1801-01-20,"-33,1500","0,6317","-1,7056",33.9.0,Sud,1.42.20,Occidentales,,,"18,1",28,"6,0","771,5",1029,79,SE. ESE. Joli frais ; temps couvert.,☊,♒,17.52.,,,,,
479,501,2 - Traversée de France à l'Ile-de-France,les corvettes,1801-01-21,1er pluviôse an IX,1801-01-21,"-34,5167","0,3278","-2,0094",34.31.0,Sud,2.0.34,Occidentales,,,"20,1",28,"6,0","771,5",1029,94,SE. E. Joli fr. ; beau temps.,☾,,15.50.,,,,,
479,501,2 - Traversée de France à l'Ile-de-France,les corvettes,1801-01-22,2 pluviôse an IX,1801-01-22,"-35,6683","0,3325","-2,0047",35.40.6,Sud,2.0.17,Occidentales,,,"22,5",28,"5,0","769,2",1026,92,SE. N. Petit frais ; temps couvert.,,,18.19.,,,,,
479,501,2 - Traversée de France à l'Ile-de-France,les corvettes,1801-01-23,3 pluviôse an IX,1801-01-23,"-36,2167","0,5703","-1,7669",36.13.0,Sud,1.46.1,Occidentales,,,"15,1",28,"3,0","764,7",1020,88,NNO. NO. OSO. SO. SSO. S. Bon frais par grains et de la pluie ; temps couvert.,,,//,,,,,
479,501,2 - Traversée de France à l'Ile-de-France,les corvettes,1801-01-24,4 pluviôse an IX,1801-01-24,"-35,7000","4,6500","2,3128",35.42.0,Sud,2.18.46,Orientales,,*,"13,8",28,"5,0","769,2",1026,85,S. SSE. Joli frais ; b. temps.,,,//,,,,,Mention « Orientales. » imprimée au-dessus de cette ligne (changement d'en-tête de la colonne LONGITUDES).
479,501,2 - Traversée de France à l'Ile-de-France,les corvettes,1801-01-25,5 pluviôse an IX,1801-01-25,"-35,1408","6,1639","3,8267",35.8.27,Sud,3.49.36,Orientales,,,"14,8",28,"5,0","769,2",1026,85,S. SSE. Joli frais ; beau temps.,,,20.13.,,,,,
479,501,2 - Traversée de France à l'Ile-de-France,les corvettes,1801-01-26,6 pluviôse an IX,1801-01-26,"-34,7244","7,6256","5,2883",34.43.28,Sud,5.17.18,Orientales,,,"15,5",28,"3,0","764,7",1020,84,SSO. SSE. Joli fr. ; b. temps.,λ.A,,22.3.,,,,,
479,501,2 - Traversée de France à l'Ile-de-France,les corvettes,1801-01-27,7 pluviôse an IX,1801-01-27,"-34,4808","8,3886","6,0514",34.28.51,Sud,6.3.5,Orientales,,,"15,5",28,"5,0","769,2",1026,84,SSE. S. SO. NO. Petit frais ; beau temps.,,,21.47.,,,,,
479,501,2 - Traversée de France à l'Ile-de-France,les corvettes,1801-01-28,8 pluviôse an IX,1801-01-28,"-34,3500","8,7681","6,4308",34.21.0,Sud,6.25.51,Orientales,,,"18,1",28,"6,0","771,5",1029,92,O. SO. Foible brise ; b. temps.,,,21.25.,,,,,
479,501,2 - Traversée de France à l'Ile-de-France,les corvettes,1801-01-29,9 pluviôse an IX,1801-01-29,"-34,1031","9,4950","7,1578",34.6.11,Sud,7.9.28,Orientales,,,"17,4",28,"6,0","771,5",1029,97,SSO. SO. Petit frais ; b. temps.,○,,21.57.,,,,,
479,501,2 - Traversée de France à l'Ile-de-France,les corvettes,1801-01-30,10 pluviôse an IX,1801-01-30,"-34,4875","10,4772","8,1400",34.29.15,Sud,8.8.24,Orientales,,,"15,9",28,"4,0","767,0",1023,100,SSO. OSO. Bon frais ; beau temps.,,,23.40.,,,,,
479,501,2 - Traversée de France à l'Ile-de-France,les corvettes,1801-01-31,11 pluviôse an IX,1801-01-31,"-34,9058","13,4175","11,0803",34.54.21,Sud,11.4.49,Orientales,,,"16,1",28,"2,0","762,5",1017,96,Du SO. au SSE. Joli frais ; beau temps.,,,23.15.,,,,,
479,501,2 - Traversée de France à l'Ile-de-France,les corvettes,1801-02-01,12 pluviôse an IX,1801-02-01,"-33,9539","15,3364","12,9992",33.57.14,Sud,12.59.57,Orientales,,,"18,0",28,"3,0","764,7",1020,100,Du SSE. au SSO. Bon frais ; temps couvert.,,,25.51.,,,,,
479,501,2 - Traversée de France à l'Ile-de-France,les corvettes,1801-02-02,13 pluviôse an IX,1801-02-02,"-34,0333","16,6992","14,3619",34.2.0,Sud,14.21.43,Orientales,,,"22,0",28,"1,0","760,2",1014,100,Du SSO. au NNO. Joli frais ; temps couvert.,D,,25.20.,Vu un loup marin et des goélands.,,,,Points lunaires : début de l'accolade « Constit. australe ».
479,501,2 - Traversée de France à l'Ile-de-France,les corvettes,1801-02-03,14 pluviôse an IX,1801-02-03,"-35,0333","19,3953","17,0581",35.2.0,Sud,17.3.29,Orientales,,*,"14,5",28,"1,0","760,2",1014,85,OSO. O. Bon frais ; temps couvert ; pluie.,☋,,27.56.,En vue du cap False et du cap de Bonne-Espérance.,,,,
479,501,2 - Traversée de France à l'Ile-de-France,les corvettes,1801-02-04,15 pluviôse an IX,1801-02-04,"-35,2000","21,1250","18,7878",35.12.0,Sud,18.47.16,Orientales,,,"14,8",28,"2,0","762,5",1017,78,"SO. NO. Joli frais ; b. temps ; pend. la nuit, t. couv. et pl. ; éclairs dans le SSE. ; tonn.",,,27.1.,,,,,
480,502,2 - Traversée de France à l'Ile-de-France,les corvettes,1801-02-05,16 pluviôse an IX,1801-02-05,"-36,8167","23,8878","21,5506",36.49.0,Sud,21.33.2,Orientales,,,"16,1",28,"2,0","762,5",1017,83,Du SO. au NO. Bon frais ; temps couvert.,,,27° 2',,,,,Colonne DÉCLINAISON : en-tête « NO. ». Points lunaires : accolade « Constitution australe » (16-25 pluviôse). Points solaires : accolade « Été austral ».
480,502,2 - Traversée de France à l'Ile-de-France,les corvettes,1801-02-06,17 pluviôse an IX,1801-02-06,"-36,9833","28,8175","26,4803",36.59.0,Sud,26.28.49,Orientales,*,*,"16,5",28,"6,0","771,5",1029,86,NO. SO. SSO. S. SSE. Bon fr. ; temps couvert et brumeux.,☽,,27.30.,,,,,
480,502,2 - Traversée de France à l'Ile-de-France,les corvettes,1801-02-07,18 pluviôse an IX,1801-02-07,"-34,9667","29,1636","26,8264",34.58.0,Sud,26.49.35,Orientales,*,*,"16,8",28,"4,0","767,0",1023,79,SSE. SE. Variable en force ; temps couvert.,,,//,,,,,
480,502,2 - Traversée de France à l'Ile-de-France,les corvettes,1801-02-08,19 pluviôse an IX,1801-02-08,"-35,4000","30,4597","28,1225",35.24.0,Sud,28.7.21,Orientales,,,"23,1",28,"3,0","764,7",1020,95,E. ENE. Bon frais ; t. couv. ; petite pluie pendant la nuit.,,,//,,,,,
480,502,2 - Traversée de France à l'Ile-de-France,les corvettes,1801-02-09,20 pluviôse an IX,1801-02-09,"-36,1833","31,3894","29,0522",36.11.0,Sud,29.3.8,Orientales,,,"21,9",28,"2,0","762,5",1017,98,NE. NNE. Bon frais ; temps couvert.,L,,//,,,,,
480,502,2 - Traversée de France à l'Ile-de-France,les corvettes,1801-02-10,21 pluviôse an IX,1801-02-10,"-36,7500","34,3022","31,9650",36.45.0,Sud,31.57.54,Orientales,*,*,"19,3",28,"2,0","762,5",1017,100,NE. NNE. Bon frais ; temps couvert.,P,,//,,,,,
480,502,2 - Traversée de France à l'Ile-de-France,les corvettes,1801-02-11,22 pluviôse an IX,1801-02-11,"-36,7500","36,2122","33,8750",36.45.0,Sud,33.52.30,Orientales,,,"22,5",28,"2,0","762,5",1017,100,NNE. N. Joli frais ; b. temps.,,,28.12.,,,,,
480,502,2 - Traversée de France à l'Ile-de-France,les corvettes,1801-02-12,23 pluviôse an IX,1801-02-12,"-36,2000","37,8614","35,5242",36.12.0,Sud,35.31.27,Orientales,,,"23,0",28,"3,0","764,7",1020,100,NNE. N. Joli frais ; b. temps.,,,28.40.,,,,,
480,502,2 - Traversée de France à l'Ile-de-France,les corvettes,1801-02-13,24 pluviôse an IX,1801-02-13,"-35,6833","39,6908","37,3536",35.41.0,Sud,37.21.13,Orientales,,,"24,0",28,"4,0","767,0",1023,91,Du N. à l'E. Petit frais ; beau temps.,●,,28.28.,,,,,
480,502,2 - Traversée de France à l'Ile-de-France,les corvettes,1801-02-14,25 pluviôse an IX,1801-02-14,"-36,3333","40,3539","38,0167",36.20.0,Sud,38.1.0,Orientales,,,"22,0",28,"5,0","769,2",1026,86,Du NE. au SE. Foible brise ; beau temps.,,,28.32.,Vu des albatrosses.,,,,
480,502,2 - Traversée de France à l'Ile-de-France,les corvettes,1801-02-15,26 pluviôse an IX,1801-02-15,"-35,8667","40,9333","38,5961",35.52.0,Sud,38.35.46,Orientales,*,,"22,0",28,"5,0","769,2",1026,92,"ESE. Petit frais ; b. temps ; ciel couv., et pluie pend. la nuit.",♌,,//,,,,,Points lunaires : début de l'accolade « Constitution boréale ».
480,502,2 - Traversée de France à l'Ile-de-France,les corvettes,1801-02-16,27 pluviôse an IX,1801-02-16,"-34,8239","40,5269","38,1897",34.49.26,Sud,38.11.23,Orientales,,,"19,3",28,"5,0","769,2",1026,100,"ESE. SE. Joli fr. ; beau temps ; dans la nuit, ciel couvert, grains et brume.",☊,,//,Vu des albatrosses.,,,,
480,502,2 - Traversée de France à l'Ile-de-France,les corvettes,1801-02-17,28 pluviôse an IX,1801-02-17,"-33,4744","40,6564","38,3192",33.28.28,Sud,38.19.9,Orientales,,,"21,5",28,"3,0","764,7",1020,100,"ESE. SSE. Joli frais ; b. temps ; dans la nuit, brume et pluie",,,28.3.,Vu des baleines.,,,,
480,502,2 - Traversée de France à l'Ile-de-France,les corvettes,1801-02-18,29 pluviôse an IX,1801-02-18,"-32,8081","40,9525","38,6153",32.48.29,Sud,38.36.55,Orientales,,,"27,1",28,"4,0","767,0",1023,100,ESE. E. Foible brise ; beau temps.,,,28.14.,,,,,
480,502,2 - Traversée de France à l'Ile-de-France,les corvettes,1801-02-19,30 pluviôse an IX,1801-02-19,"-33,2878","41,0322","38,6950",33.17.16,Sud,38.41.42,Orientales,,,"21,2",28,"3,0","764,7",1020,100,E. SE. Foible brise ; b. temps.,,♓,28.5.,Passé dans plusieurs ras de marée.,,,,
480,502,2 - Traversée de France à l'Ile-de-France,les corvettes,1801-02-20,1er ventôse an IX,1801-02-20,"-33,0142","41,5950","39,2578",33.0.51,Sud,39.15.28,Orientales,,,"27,7",28,"3,0","764,7",1020,97,E. NE. Joli frais ; b. temps.,☾,,28.2.,,,,,
480,502,2 - Traversée de France à l'Ile-de-France,les corvettes,1801-02-21,2 ventôse an IX,1801-02-21,"-33,6033","43,1997","40,8625",33.36.12,Sud,40.51.45,Orientales,,,"20,5",28,"5,0","769,2",1026,100,Du NNE. au NNO. Joli fr. ; beau temps.,,,27.48.,,,,,
480,502,2 - Traversée de France à l'Ile-de-France,les corvettes,1801-02-22,3 ventôse an IX,1801-02-22,"-33,2500","44,6736","42,3364",33.15.0,Sud,42.20.11,Orientales,*,*,"19,1",28,"3,0","764,7",1020,90,SSO. S. SE. Bon frais ; temps couv ; pluie et grains.,λ.A,,//,,,,,
480,502,2 - Traversée de France à l'Ile-de-France,les corvettes,1801-02-23,4 ventôse an IX,1801-02-23,"-31,8483","45,4972","43,1600",31.50.54,Sud,43.9.36,Orientales,,,"19,1",28,"3,0","764,7",1020,86,SSE. SE. Bon frais ; b. temps.,,,//,,,,,
480,502,2 - Traversée de France à l'Ile-de-France,les corvettes,1801-02-24,5 ventôse an IX,1801-02-24,"-30,3956","46,7239","44,3867",30.23.44,Sud,44.23.12,Orientales,,,"21,0",28,"4,0","767,0",1023,100,SSE. SE. Bon frais ; t. couv. ; pluie et grains.,,,//,,,,,
480,502,2 - Traversée de France à l'Ile-de-France,les corvettes,1801-02-25,6 ventôse an IX,1801-02-25,"-28,8831","47,5650","45,2278",28.52.59,Sud,45.13.40,Orientales,,,"20,5",28,"3,0","764,7",1020,100,"SE. SSE. Joli frais ; b. temps ; pend. la nuit, pluie et grains.",,,23.36.,,,,,
480,502,2 - Traversée de France à l'Ile-de-France,les corvettes,1801-02-26,7 ventôse an IX,1801-02-26,"-28,5667","48,1222","45,7850",28.34.0,Sud,45.47.6,Orientales,,,"25,1",28,"3,0","764,7",1020,97,E. ESE. Joli frais ; t. couvert ; grains et pluie.,,,22.5.,,,,,
480,502,2 - Traversée de France à l'Ile-de-France,les corvettes,1801-02-27,8 ventôse an IX,1801-02-27,"-29,4850","48,0361","45,6989",29.29.6,Sud,45.41.56,Orientales,,,"23,9",28,"3,0","764,7",1020,99,NE. ENE. Petit frais ; temps couv. ; grains et pluie.,,,//,Vu des raisins des Tropiques.,,,,
480,502,2 - Traversée de France à l'Ile-de-France,les corvettes,1801-02-28,9 ventôse an IX,1801-02-28,"-30,2000","49,1175","46,7803",30.12.0,Sud,46.46.49,Orientales,,,"24,0",28,"2,0","762,5",1017,100,NE. Petit frais ; beau temps.,○,,//,,,,,
481,503,2 - Traversée de France à l'Ile-de-France,les corvettes,1801-03-01,10 ventôse an IX,1801-03-01,"-30,7667","50,8636","48,5264",30.46.0,Sud,48.31.35,Orientales,,,"25,9",28,"3,0","764,7",1020,100,NE. NNE. Joli frais ; beau temps.,,,24° 9',,,,,Colonne DÉCLINAISON : en-tête « NO. ». Points lunaires : fin de l'accolade « C. bor. ». Points solaires : accolade « Été austral ».
481,503,2 - Traversée de France à l'Ile-de-France,les corvettes,1801-03-02,11 ventôse an IX,1801-03-02,"-31,4167","52,8933","50,5561",31.25.0,Sud,50.33.22,Orientales,,,"24,5",28,"3,0","764,7",1020,100,NE. ENE. Joli frais ; beau temps.,D,,//,,,,,Points lunaires : début de l'accolade « Constitution australe ».
481,503,2 - Traversée de France à l'Ile-de-France,les corvettes,1801-03-03,12 ventôse an IX,1801-03-03,"-31,8833","53,8728","51,5356",31.53.0,Sud,51.32.8,Orientales,,,"23,0",28,"2,0","762,5",1017,99,"NE. ENE. Petit fr. ; t. couv. calme plat, ensuite grand fr. du SSO. S. SSE., grande pl.",☋,,//,"Pendant l'ouragan qui eut lieu les 3 et 4 mars, le plus grand abaissement du baromètre fut de 10l,8 ; la marche de cet instrument s'est trouvée en rapport, d'une manière assez exacte, avec les modifications diverses de l'atmosphère.",12-14 ventôse,,,
481,503,2 - Traversée de France à l'Ile-de-France,les corvettes,1801-03-04,13 ventôse an IX,1801-03-04,"-31,5500","55,1525","52,8153",31.33.0,Sud,52.48.55,Orientales,*,*,"15,5",27,"6,0","744,4",993,98,"SE. NE. N. Grand frais par rafales pesantes ; t. couv. et brum. ; à la nuit, vent b. fr.",,,//,"Pendant l'ouragan qui eut lieu les 3 et 4 mars, le plus grand abaissement du baromètre fut de 10l,8 ; la marche de cet instrument s'est trouvée en rapport, d'une manière assez exacte, avec les modifications diverses de l'atmosphère.",12-14 ventôse,,,
481,503,2 - Traversée de France à l'Ile-de-France,les corvettes,1801-03-05,14 ventôse an IX,1801-03-05,"-31,4667","56,6653","54,3281",31.28.0,Sud,54.19.41,Orientales,*,*,"17,7",28,"2,0","762,5",1017,91,NNO. OSO. Joli frais ; beau temps.,,,//,"Pendant l'ouragan qui eut lieu les 3 et 4 mars, le plus grand abaissement du baromètre fut de 10l,8 ; la marche de cet instrument s'est trouvée en rapport, d'une manière assez exacte, avec les modifications diverses de l'atmosphère.",12-14 ventôse,,,
481,503,2 - Traversée de France à l'Ile-de-France,les corvettes,1801-03-06,15 ventôse an IX,1801-03-06,"-30,4667","57,7447","55,4075",30.28.0,Sud,55.24.27,Orientales,,,"19,0",28,"3,0","764,7",1020,94,SO. SE. Petit frais ; b. temps.,,,19.47.,,,,,
481,503,2 - Traversée de France à l'Ile-de-France,les corvettes,1801-03-07,16 ventôse an IX,1801-03-07,"-29,6639","57,9056","55,5683",29.39.50,Sud,55.34.6,Orientales,,,"19,0",28,"2,0","762,5",1017,100,SE. SSE. Petit frais ; b. temps.,☽,,19.27.,,,,,
481,503,2 - Traversée de France à l'Ile-de-France,les corvettes,1801-03-08,17 ventôse an IX,1801-03-08,"-28,7047","58,1656","55,8283",28.42.17,Sud,55.49.42,Orientales,,,"21,5",28,"3,0","764,7",1020,92,SE. SO. Foible brise ; beau t. ; petite pluie pendant la nuit.,L,,17.58.,,,,,
481,503,2 - Traversée de France à l'Ile-de-France,les corvettes,1801-03-09,18 ventôse an IX,1801-03-09,"-28,2156","58,7461","56,4089",28.12.56,Sud,56.24.32,Orientales,,,"21,0",28,"2,0","762,5",1017,93,Du NO. au S. Joli frais ; beau temps.,,,18.8.,,,,,
481,503,2 - Traversée de France à l'Ile-de-France,les corvettes,1801-03-10,19 ventôse an IX,1801-03-10,"-25,3333","60,4297","58,0925",25.20.0,Sud,58.5.33,Orientales,,,"21,5",28,"5,0","769,2",1026,89,S. SE. Joli frais ; b. temps.,P,,14.17.,,,,,
481,503,2 - Traversée de France à l'Ile-de-France,les corvettes,1801-03-11,20 ventôse an IX,1801-03-11,"-22,7742","60,5036","58,1664",22.46.27,Sud,58.9.59,Orientales,,,"21,1",28,"2,5","763,6",1018,84,S. SE. Joli frais ; b. temps.,,,11.55.,"Coupé le tropiq. du Capricorne pour la 2.e fois, à 2 h. du m.",,,,
481,503,2 - Traversée de France à l'Ile-de-France,les corvettes,1801-03-12,21 ventôse an IX,1801-03-12,"-21,4500","60,8556","58,5183",21.27.0,Sud,58.31.6,Orientales,,,"21,4",28,"2,0","762,5",1017,//,SSO. SSE. Petit frais ; beau temps.,,,11.49.,Vu des paille-en-cus.,,,,
481,503,2 - Traversée de France à l'Ile-de-France,les corvettes,1801-03-13,22 ventôse an IX,1801-03-13,"-20,3272","60,6556","58,3183",20.19.38,Sud,58.19.6,Orientales,,,"21,5",28,"3,0","764,7",1020,//,"SSO. ESE. Joli fr. ; b. temps ; le soir, petite pluie ; éclairs dans l'ESE.",,,11.35.,Vu beaucoup de goémons.,,,,
481,503,2 - Traversée de France à l'Ile-de-France,les corvettes,1801-03-14,23 ventôse an IX,1801-03-14,"-19,8839","59,0286","56,6914",19.53.2,Sud,56.41.29,Orientales,,,"21,6",28,"1,5","761,3",1015,//,"Du N. au SE. Joli frais ; beau temps ; pend. la nuit, temps couv. ; grains, pl., écl. dans l'ESE.",●.♌,,//,En vue des terres de l'Ile-de-France.,,,,Points lunaires : début de l'accolade « Constit. bor.e ».
481,503,2 - Traversée de France à l'Ile-de-France,les corvettes,1801-03-15,24 ventôse an IX,1801-03-15,"-19,8658","57,6394","55,3022",19.51.57,Sud,55.18.8,Orientales,△,△,"21,8",28,"3,0","764,7",1020,//,"Du SE. à l'ESE. Joli frais ; b. temps ; le soir, presq. calme.",☊,,//,Mouillé à l'entrée du port Nord-Ouest de l'Ile-de-France.,,,,
481,503,2 - Traversée de France à l'Ile-de-France,les corvettes,1801-03-16,25 ventôse an IX,1801-03-16,"-20,1519","57,4642","55,1269",20.9.7,Sud,55.7.37,Orientales,△,△,"22,7",28,"2,0","762,5",1017,//,SE. Petit frais ; beau temps.,,,//,Mouillé dans le port Nord-Ouest.,,,,
482,504,3 - Traversée de l'Ile-de-France à la Nouvelle-Hollande,les corvettes,1801-04-25,5 floréal an IX,1801-04-25,"-20,1778","57,3511","55,0139",20.10.40,Sud,55.0.50,Orientales,△,△,"19,6",28,"2,8","764,3",1019,93,De l'ESE. au SE. Petit frais ; beau temps.,C. bor.,,13°27',Parti de l'Ile-de-France à 7 h. du matin.,,,,Colonne DÉCLINAISON : en-tête « NO. ». Points lunaires : fin de l'accolade « C. bor. ». Points solaires : accolade « Automne austral ».
482,504,3 - Traversée de l'Ile-de-France à la Nouvelle-Hollande,les corvettes,1801-04-26,6 floréal an IX,1801-04-26,"-21,3167","59,7500","57,4128",21.19.0,Sud,57.24.46,Orientales,,,"19,0",28,"4,0","767,0",1023,94,E. ESE. Joli frais ; b. temps.,D.♋,,//,,,,,Points lunaires : début de l'accolade « Constitution australe ».
482,504,3 - Traversée de l'Ile-de-France à la Nouvelle-Hollande,les corvettes,1801-04-27,7 floréal an IX,1801-04-27,"-22,6767","57,7783","55,4411",22.40.36,Sud,55.26.28,Orientales,,,"18,6",28,"3,0","764,7",1020,98,E. Joli frais ; beau temps.,,,14. 25.,,,,,
482,504,3 - Traversée de l'Ile-de-France à la Nouvelle-Hollande,les corvettes,1801-04-28,8 floréal an IX,1801-04-28,"-23,9472","57,9467","55,6094",23.56.50,Sud,55.36.34,Orientales,,,"18,8",28,"4,5","768,1",1024,98,E. ENE. Joli frais ; b. temps.,○,,//,Coupé le tropique du Capricorne pour la troisième fois.,,,,
482,504,3 - Traversée de l'Ile-de-France à la Nouvelle-Hollande,les corvettes,1801-04-29,9 floréal an IX,1801-04-29,"-25,0697","58,4881","56,1508",25.4.11,Sud,56.9.3,Orientales,,,"17,8",28,"4,8","768,8",1025,91,ENE. SE. Petit frais ; beau temps.,,,15. 0.,,,,,
482,504,3 - Traversée de l'Ile-de-France à la Nouvelle-Hollande,les corvettes,1801-04-30,10 floréal an IX,1801-04-30,"-25,8333","58,0642","55,7269",25.50.0,Sud,55.43.37,Orientales,*,,"18,2",28,"4,0","767,0",1023,98,"SE. E. Foible, ensuite bon fr. ; temps couv., brume épaisse ; de la pluie.",,,//,,,,,
482,504,3 - Traversée de l'Ile-de-France à la Nouvelle-Hollande,les corvettes,1801-05-01,11 floréal an IX,1801-05-01,"-27,4700","58,3294","55,9922",27.28.12,Sud,55.59.32,Orientales,,,"17,8",28,"3,8","766,5",1022,100,ESE. NE. Joli frais ; b. temps.,P,,18. 1.,Vu un albatrosse.,,,,
482,504,3 - Traversée de l'Ile-de-France à la Nouvelle-Hollande,les corvettes,1801-05-02,12 floréal an IX,1801-05-02,"-28,5961","60,3100","57,9728",28.35.46,Sud,57.58.22,Orientales,,,"17,7",28,"3,2","765,2",1020,100,NE. NO. Joli frais ; b. temps.,L,,17. 16.,"Le temps, brumeux d'abord, s'est éclairci dans la nuit, à l'instant du lever de la lune.",,,,
482,504,3 - Traversée de l'Ile-de-France à la Nouvelle-Hollande,les corvettes,1801-05-03,13 floréal an IX,1801-05-03,"-28,8983","62,9858","60,6486",28.53.54,Sud,60.38.55,Orientales,,,"17,8",28,"3,8","766,5",1022,99,NNO. ONO. Joli frais ; beau temps.,,,16. 30.,,,,,
482,504,3 - Traversée de l'Ile-de-France à la Nouvelle-Hollande,les corvettes,1801-05-04,14 floréal an IX,1801-05-04,"-29,2058","64,8342","62,4969",29.12.21,Sud,62.29.49,Orientales,,,"16,4",28,"4,3","767,7",1024,92,ONO. S. Joli frais ; b. temps.,,,15. 19.,,,,,
482,504,3 - Traversée de l'Ile-de-France à la Nouvelle-Hollande,les corvettes,1801-05-05,15 floréal an IX,1801-05-05,"-28,9761","66,9047","64,5675",28.58.34,Sud,64.34.3,Orientales,,,"16,8",28,"4,3","767,7",1024,96,SSO. SE. Petit frais ; b. temps.,☽,,14. 48.,,,,,
482,504,3 - Traversée de l'Ile-de-France à la Nouvelle-Hollande,les corvettes,1801-05-06,16 floréal an IX,1801-05-06,"-28,6228","67,8067","65,4694",28.37.22,Sud,65.28.10,Orientales,,,"16,6",28,"5,6","770,6",1027,89,SSE. ESE. Bon frais ; temps couvert.,,,//,,,,,
482,504,3 - Traversée de l'Ile-de-France à la Nouvelle-Hollande,les corvettes,1801-05-07,17 floréal an IX,1801-05-07,"-30,4769","67,6972","65,3600",30.28.37,Sud,65.21.36,Orientales,,,"16,4",28,"5,5","770,4",1027,94,ESE. ENE. Joli frais ; beau temps.,,,//,,,,,
482,504,3 - Traversée de l'Ile-de-France à la Nouvelle-Hollande,les corvettes,1801-05-08,18 floréal an IX,1801-05-08,"-31,6269","68,5458","66,2086",31.37.37,Sud,66.12.31,Orientales,,,"16,0",28,"4,0","767,0",1023,95,ENE. NE. Joli frais ; beau temps ; ciel cou. d'un brouillard élevé et éclatant.,,,15. 45.,"Dans la matinée, le soleil étoit entouré d'un cercle blanchâtre de 15° de rayon. L'intérieur de cette circonférence étoit d'une couleur un peu foncée tirant sur le jaune.",,,,
482,504,3 - Traversée de l'Ile-de-France à la Nouvelle-Hollande,les corvettes,1801-05-09,19 floréal an IX,1801-05-09,"-32,1667","70,5733","68,2361",32.10.0,Sud,68.14.10,Orientales,*,,"16,4",28,"2,6","763,8",1018,100,"NE. N. Bon frais, ensuite gr. frais et par grains, temps couv., brume et pluie.",♌.☊,,//,,,,,Points lunaires : début de l'accolade « Constitution boréale ».
482,504,3 - Traversée de l'Ile-de-France à la Nouvelle-Hollande,les corvettes,1801-05-10,20 floréal an IX,1801-05-10,"-32,7750","73,2900","70,9528",32.46.30,Sud,70.57.10,Orientales,*,*,"16,4",27,"9,6","752,6",1003,97,NNE. Grand frais ; temps couvert et pluvieux.,,,//,,,,,
482,504,3 - Traversée de l'Ile-de-France à la Nouvelle-Hollande,les corvettes,1801-05-11,21 floréal an IX,1801-05-11,"-33,5389","76,8733","74,5361",33.32.20,Sud,74.32.10,Orientales,*,*,"14,7",28,"2,0","762,5",1017,90,NNE. NO. SO. Grand fr. par rafales ; temps couv. et pl.,,,//,Vu beaucoup de damiers.,,,,
482,504,3 - Traversée de l'Ile-de-France à la Nouvelle-Hollande,les corvettes,1801-05-12,22 floréal an IX,1801-05-12,"-33,6683","79,7264","77,3892",33.40.6,Sud,77.23.21,Orientales,,,"13,0",28,"4,3","767,7",1024,89,SO. OSO. Joli frais ; beau temps.,●,,13. 36.,,,,,
482,504,3 - Traversée de l'Ile-de-France à la Nouvelle-Hollande,les corvettes,1801-05-13,23 floréal an IX,1801-05-13,"-33,5686","82,5144","80,1772",33.34.7,Sud,80.10.38,Orientales,,,"12,0",28,"5,5","770,4",1027,89,SO. ONO. Joli frais et foible ; beau temps.,,,//,,,,,
482,504,3 - Traversée de l'Ile-de-France à la Nouvelle-Hollande,les corvettes,1801-05-14,24 floréal an IX,1801-05-14,"-33,5828","84,2181","81,8808",33.34.58,Sud,81.52.51,Orientales,,,"12,2",28,"3,5","765,9",1021,98,NNE. NNO. Bon frais ; beau temps.,,,//,,,,,
482,504,3 - Traversée de l'Ile-de-France à la Nouvelle-Hollande,les corvettes,1801-05-15,25 floréal an IX,1801-05-15,"-33,4081","87,9069","85,5697",33.24.29,Sud,85.34.11,Orientales,,,"10,4",28,"5,2","769,7",1026,72,ONO. SSO. Bon frais ; beau temps.,,,13. 36.,"A 5 h. du matin, les vents qui étoient ONO., passèrent subitement au SSO., sans rien perdre de leur force.",,,,
482,504,3 - Traversée de l'Ile-de-France à la Nouvelle-Hollande,les corvettes,1801-05-16,26 floréal an IX,1801-05-16,"-32,8572","89,4933","87,1561",32.51.26,Sud,87.9.22,Orientales,,,"10,6",28,"5,0","769,2",1026,73,SE. NE. Foible brise ; temps couvert.,λ,,//,,,,,
482,504,3 - Traversée de l'Ile-de-France à la Nouvelle-Hollande,les corvettes,1801-05-17,27 floréal an IX,1801-05-17,"-32,3361","90,4761","88,1389",32.20.10,Sud,88.8.20,Orientales,*,*,"11,1",28,"5,8","771,0",1028,97,ENE. NNE. Joli frais ; temps couvert.,A,,//,,,,,
483,505,3 - Traversée de l'Ile-de-France à la Nouvelle-Hollande,les corvettes,1801-05-18,28 floréal an IX,1801-05-18,"-33,9306","93,4219","91,0847",33.55.50,Sud,91.5.5,Orientales,*,,"12,4",28,"5,6","770,6",1027,95,NNE. NNO. Joli frais et bon frais ; temps couvert.,,,10°14',,,,,Colonne DÉCLINAISON : en-tête « NO. ». Points lunaires : accolade « Constitution boréale » (28 floréal - 2 prairial). Points solaires : accolade « Automne austral ».
483,505,3 - Traversée de l'Ile-de-France à la Nouvelle-Hollande,les corvettes,1801-05-19,29 floréal an IX,1801-05-19,"-34,4867","97,2378","94,9006",34.29.12,Sud,94.54.2,Orientales,,,"12,2",28,"3,0","764,7",1020,99,N. NNO. Bon frais ; temps couvert.,,,10. 17.,,,,,
483,505,3 - Traversée de l'Ile-de-France à la Nouvelle-Hollande,les corvettes,1801-05-20,30 floréal an IX,1801-05-20,"-35,0750","101,3267","98,9894",35.4.30,Sud,98.59.22,Orientales,,,"11,5",28,"2,6","763,8",1018,99,NNO. SSO. SO. SSO. Bon fr. ; temps couvert ; pluie.,,,10. 31.,,,,,
483,505,3 - Traversée de l'Ile-de-France à la Nouvelle-Hollande,les corvettes,1801-05-21,1er prairial an IX,1801-05-21,"-34,8006","104,2589","101,9217",34.48.2,Sud,101.55.18,Orientales,,,"11,4",28,"4,0","767,0",1023,92,SSO. SO. SE. E. NE. Petit fr. ; beau temps.,☾,♊,//,,,,,
483,505,3 - Traversée de l'Ile-de-France à la Nouvelle-Hollande,les corvettes,1801-05-22,2 prairial an IX,1801-05-22,"-34,6453","106,0153","103,6781",34.38.43,Sud,103.40.41,Orientales,,,"14,6",28,"4,8","768,8",1025,86,NNE. NO. Joli fr. ; b. temps.,,,9. 20.,,,,,
483,505,3 - Traversée de l'Ile-de-France à la Nouvelle-Hollande,les corvettes,1801-05-23,3 prairial an IX,1801-05-23,"-34,2275","108,5853","106,2481",34.13.39,Sud,106.14.53,Orientales,,,"12,3",28,"5,3","769,9",1027,93,O. NO. Petit frais ; b. temps.,D,,8. 31.,,,,,Points lunaires : début de l'accolade « Constitution australe ».
483,505,3 - Traversée de l'Ile-de-France à la Nouvelle-Hollande,les corvettes,1801-05-24,4 prairial an IX,1801-05-24,"-33,7111","110,6717","108,3344",33.42.40,Sud,108.20.4,Orientales,*,,"13,7",28,"5,0","769,2",1026,92,S. SE. Joli frais ; beau temps.,☋,,6. 53.,,,,,
483,505,3 - Traversée de l'Ile-de-France à la Nouvelle-Hollande,les corvettes,1801-05-25,5 prairial an IX,1801-05-25,"-33,8528","111,4033","109,0661",33.51.10,Sud,109.3.58,Orientales,,,"14,8",28,"4,0","767,0",1023,95,"SE. NE. Joli frais ; b. temps ; le soir, éclairs dans le NE.",,,6. 8.,,,,,
483,505,3 - Traversée de l'Ile-de-France à la Nouvelle-Hollande,les corvettes,1801-05-26,6 prairial an IX,1801-05-26,"-33,8328","112,6878","110,3506",33.49.58,Sud,110.21.2,Orientales,,,"15,2",28,"3,4","765,6",1021,92,NE. NNE. Joli frais ; beau temps.,,,7. 25.,"Après le coucher du soleil, des éclairs continuels paroissent dans le Sud, au travers d'un brouillard gazeux, semblables aux jets de lumière d'une aurore australe. L'électromètre indiquoit la présence de l'électricité.",,,,
483,505,3 - Traversée de l'Ile-de-France à la Nouvelle-Hollande,les corvettes,1801-05-27,7 prairial an IX,1801-05-27,"-34,5981","114,6883","112,3511",34.35.53,Sud,112.21.4,Orientales,,,"14,6",28,"4,6","768,3",1024,87,NE. NNE. Joli frais ; SSE. E. Foibles ; beau temps.,,,5. 32.,Première vue des terres de la Nouvelle-Hollande.,,,,
483,505,"4 - Routes à la Terre de Leuwin, 1re campagne",le Géographe,1801-05-28,8 prairial an IX,1801-05-28,"-34,7514","114,7831","112,4458",34.45.5,Sud,112.26.45,Orientales,,,"14,8",28,"5,8","771,0",1028,83,SE. ENE. Joli frais ; beau temps.,○,,6. 57.,Les courans nous ont portés de 35' au Sud dans 24 heures.,,,,Colonne DÉCLINAISON : en-tête « NO. ». Points lunaires : accolade « Constitution australe ». Points solaires : accolade « Automne austral ».
483,505,"4 - Routes à la Terre de Leuwin, 1re campagne",le Géographe,1801-05-29,9 prairial an IX,1801-05-29,"-34,1983","114,8089","112,4717",34.11.54,Sud,112.28.18,Orientales,,,"14,2",28,"6,0","771,5",1029,81,NE. SE. Joli frais ; b temps.,P,,5. 26.,,,,,
483,505,"4 - Routes à la Terre de Leuwin, 1re campagne",le Géographe,1801-05-30,10 prairial an IX,1801-05-30,"-33,3756","115,1453","112,8081",33.22.32,Sud,112.48.29,Orientales,,,"13,8",28,"5,7","770,8",1028,81,SE. ESE. Joli frais ; b. temps.,L,,5. 36.,,,,,
483,505,"4 - Routes à la Terre de Leuwin, 1re campagne",le Géographe,1801-05-31,11 prairial an IX,1801-05-31,"-33,4806","115,1039","112,7667",33.28.50,Sud,112.46.0,Orientales,,,"11,8",28,"5,8","771,0",1028,84,E. Joli frais ; beau temps.,,,//,Au mouillage dans l'anse Depuch (baie du Géographe).,,,,
483,505,"4 - Routes à la Terre de Leuwin, 1re campagne",le Géographe,1801-06-01,12 prairial an IX,1801-06-01,"-33,3167","115,1939","112,8567",33.19.0,Sud,112.51.24,Orientales,*,,"11,8",28,"5,7","770,8",1028,70,E. Petit frais très-variable ; beau temps.,,,5. 21.,"Remis sous voiles à 8 h. du matin, et jeté l'ancre à 6 h. du soir.",,,,
483,505,"4 - Routes à la Terre de Leuwin, 1re campagne",le Géographe,1801-06-02,13 prairial an IX,1801-06-02,"-33,5333","115,1706","112,8333",33.32.0,Sud,112.50.0,Orientales,,,"12,2",28,"5,8","771,0",1028,72,ENE. S. Foible ; beau temps.,,,//,"A l'ancre à 8 h. du soir, sous voiles à 8 h. du matin.",,,,
483,505,"4 - Routes à la Terre de Leuwin, 1re campagne",le Géographe,1801-06-03,14 prairial an IX,1801-06-03,"-33,2669","115,1603","112,8231",33.16.1,Sud,112.49.23,Orientales,,,"11,8",28,"6,0","771,5",1029,70,E. NE. Petit frais ; b. temps.,☽,,//,"Sous voiles à 8 h. 15' du mat., à l'ancre à 5 h. et dem. du soir.",,,,
483,505,"4 - Routes à la Terre de Leuwin, 1re campagne",le Géographe,1801-06-04,15 prairial an IX,1801-06-04,"-33,4667","115,4117","113,0744",33.28.0,Sud,0113.4.28,Orientales,,,"12,8",28,"6,8","773,3",1031,75,ENE. ESE. NE. Calme et petit frais ; beau temps.,,,5. 0.,Au mouillage dans la baie du Géographe.,,,,"M. Bernier a observé à terre 33° 30' et 113° 10' 32''. (ligne imprimée sous la dernière ligne du tableau, dans la colonne Remarques). Points lunaires : fin de l'accolade « Constitution australe »."
484,506,"4 - Routes à la Terre de Leuwin, 1re campagne",le Géographe,1801-06-05,16 prairial an IX,1801-06-05,,,,,Sud,,Orientales,,,"13,8",28,"6,3","772,2",1030,75,NE. E. Joli frais ; NE. NNE. Bon frais ; beau temps.,♌.☊,,//,Cette déclinaison de la boussole est la moyenne d'un gr. nombre de bonnes observations faites à l'ancre par M. BRETON.,16-17 prairial,oui,,Au mouillage dans la baie du Géographe. Colonne DÉCLINAISON : en-tête « NO. ». Points lunaires : accolade « Constitution boréale ». Points solaires : accolade « Automne austral ».
484,506,"4 - Routes à la Terre de Leuwin, 1re campagne",le Géographe,1801-06-06,17 prairial an IX,1801-06-06,,,,,Sud,,Orientales,,,"12,0",28,"6,0","771,5",1029,90,NNE. ENE. Bon frais ; beau temps.,,,5°25',Cette déclinaison de la boussole est la moyenne d'un gr. nombre de bonnes observations faites à l'ancre par M. BRETON.,16-17 prairial,oui,,
484,506,"4 - Routes à la Terre de Leuwin, 1re campagne",le Géographe,1801-06-07,18 prairial an IX,1801-06-07,"-33,5333","115,4039","113,0667",33.32.0,Sud,113.4.0,Orientales,*,,"11,7",28,"3,6","766,1",1021,92,NNE. N. ENE. NE. Joli fr. ; ciel nuageux ; les vents fraîchissant beauc. sur le soir.,,,//,"Appareillé à 8 h. du matin, remis à l'ancre à 11 h. et dem.",,,,
484,506,"4 - Routes à la Terre de Leuwin, 1re campagne",le Géographe,1801-06-08,19 prairial an IX,1801-06-08,,,,,Sud,,Orientales,,,"12,0",28,"0,0","758,0",1011,96,NE. ESE. NNE. Grand frais ; fortes rafales ; ciel couvert et brumeux ; pluie.,,,//,Appareillé à 9 h. du soir avec grand frais de NE.,,oui,,Au mouillage dans la baie du Géographe.
484,506,"4 - Routes à la Terre de Leuwin, 1re campagne",le Géographe,1801-06-09,20 prairial an IX,1801-06-09,"-33,4222","115,1325","112,7953",33.25.20,Sud,112.47.43,Orientales,*,*,"12,8",27,"10,5","754,6",1006,99,"NNE. N. Très-grand frais ; fortes rafales, ciel couvert ; temps par grains avec pluie ; brume épaisse.",,,//,"A 4 h. du soir, on voit deux arcs-en-ciel superbes. Toute l'aire renfermée entre deux est d'un blanc éclatant, tandis que le reste de cette partie du ciel est d'un gris noirâtre que quelques éclairs sillonnent de temps en temps. Le tonnerre gronde, mais foiblement.",20-21 prairial,,,"N.B. Les corvettes le Géographe et le Naturaliste ayant été séparées pendant le mauvais temps, les routes suivantes, jusqu'au 18 juin, se rapporteront exclusivement au premier de ces navires."
484,506,"4 - Routes à la Terre de Leuwin, 1re campagne",le Géographe,1801-06-10,21 prairial an IX,1801-06-10,"-33,7750","114,7019","112,3647",33.46.30,Sud,112.21.53,Orientales,,*,"13,6",27,"7,5","747,8",997,100,N. NO. ONO. Grand frais ; fortes rafales ; ciel couvert et sombre ; pluie et brume.,,,//,"A 4 h. du soir, on voit deux arcs-en-ciel superbes. Toute l'aire renfermée entre deux est d'un blanc éclatant, tandis que le reste de cette partie du ciel est d'un gris noirâtre que quelques éclairs sillonnent de temps en temps. Le tonnerre gronde, mais foiblement.",20-21 prairial,,,
484,506,"4 - Routes à la Terre de Leuwin, 1re campagne",le Géographe,1801-06-11,22 prairial an IX,1801-06-11,"-34,0889","114,7714","112,4342",34.5.20,Sud,112.26.3,Orientales,*,*,"14,4",27,"9,8","753,0",1004,100,ONO. Grand frais ; même temps.,●,,//,,,,,
484,506,"4 - Routes à la Terre de Leuwin, 1re campagne",le Géographe,1801-06-12,23 prairial an IX,1801-06-12,"-34,6306","114,9186","112,5814",34.37.50,Sud,112.34.53,Orientales,*,*,"14,5",27,"10,8","755,3",1007,100,"ONO. OSO. Bon frais ; sur le soir, bonne brise ; temps à grains ; pluie.",λ,,//,,,,,
484,506,"4 - Routes à la Terre de Leuwin, 1re campagne",le Géographe,1801-06-13,24 prairial an IX,1801-06-13,"-34,4333","114,9519","112,6147",34.26.0,Sud,112.36.53,Orientales,*,*,"13,5",28,"2,5","763,6",1018,93,OSO. SO. O. Bon frais ; rafales ; ciel nuageux.,A,,//,,,,,
484,506,"4 - Routes à la Terre de Leuwin, 1re campagne",le Géographe,1801-06-14,25 prairial an IX,1801-06-14,"-33,5167","114,8372","112,5000",33.31.0,Sud,112.30.0,Orientales,,*,"13,8",28,"1,8","762,0",1016,100,OSO. NO. Joli fr. ONO. Gr. frais ; raf. ; temps à grains ; pluie.,,,5. 50.,,,,,
484,506,"4 - Routes à la Terre de Leuwin, 1re campagne",le Géographe,1801-06-15,26 prairial an IX,1801-06-15,"-32,6139","115,3372","113,0000",32.36.50,Sud,113.0.0,Orientales,,*,"13,6",28,"1,5","761,3",1015,98,ONO. OSO. SO. OSO. Bon fr. ; rafales ; nuages et pluie.,,,//,,,,,
484,506,"4 - Routes à la Terre de Leuwin, 1re campagne",le Géographe,1801-06-16,27 prairial an IX,1801-06-16,"-32,7264","115,3864","113,0492",32.43.35,Sud,113.2.57,Orientales,,,"13,4",28,"2,6","763,8",1018,91,O. N. Presque calme. NO. NE. Jolie brise ; beau temps.,,,6. 22.,,,,,
484,506,"4 - Routes à la Terre de Leuwin, 1re campagne",le Géographe,1801-06-17,28 prairial an IX,1801-06-17,"-32,7122","115,2328","112,8956",32.42.44,Sud,112.53.44,Orientales,*,,"13,6",28,"0,5","759,1",1012,95,"N. O. Grand frais ; rafales, grains et pluie.",,,//,,,,,
484,506,"4 - Routes à la Terre de Leuwin, 1re campagne",le Géographe,1801-06-18,29 prairial an IX,1801-06-18,"-32,2767","115,4653","113,1281",32.16.36,Sud,113.7.41,Orientales,,,"13,6",28,"1,0","760,2",1014,//,"De l'O. au S. Grand fr. ; temps couv., orageux et pluvieux.",,,//,"A 3 h., l'île Rottnest paroît dans le NNE., à trois lieues de distance.",,,,
485,507,"5 - Routes du Géographe à la Terre d'Édels, 1re campagne",le Géographe,1801-06-19,30 prairial an IX,1801-06-19,"-31,6333","114,6303","112,2931",31.38.0,Sud,112.17.35,Orientales,*,*,"12,8",28,"3,0","764,7",1020,//,SE. SO. Joli frais ; beau temps.,☾,,//,,,,,Colonne DÉCLINAISON : en-tête « NO. ». Points lunaires : fin de l'accolade « C. bor. ». Points solaires : fin de l'accolade « Automne aust. ».
485,507,"5 - Routes du Géographe à la Terre d'Édels, 1re campagne",le Géographe,1801-06-20,1er messidor an IX,1801-06-20,"-30,5456","113,6197","111,2825",30.32.44,Sud,111.16.57,Orientales,,,"13,9",28,"5,0","769,2",1026,//,SO. SSO. Joli frais ; beau temps.,D.☋,,//,,,,,Points lunaires : début de l'accolade « Constit.on austr. ».
485,507,"5 - Routes du Géographe à la Terre d'Édels, 1re campagne",le Géographe,1801-06-21,2 messidor an IX,1801-06-21,"-29,8117","113,4942","111,1569",29.48.42,Sud,0111.9.25,Orientales,*,*,"13,4",28,"5,0","769,2",1026,//,OSO. SSO. S. SE. ESE. E. Petit frais ; temps brumeux.,,,5° 1',,,,,
485,507,"5 - Routes du Géographe à la Terre d'Édels, 1re campagne",le Géographe,1801-06-22,3 messidor an IX,1801-06-22,"-27,3903","113,6167","111,2794",27.23.25,Sud,111.16.46,Orientales,,,"14,0",28,"6,0","771,5",1029,//,De l'E. au S. Joli frais ; beau temps.,,♋,//,,,,,Points solaires : début de l'accolade « Hiver aust. ».
485,507,"5 - Routes du Géographe à la Terre d'Édels, 1re campagne",le Géographe,1801-06-23,4 messidor an IX,1801-06-23,"-26,0281","112,8831","110,5458",26.1.41,Sud,110.32.45,Orientales,,,"15,0",28,"4,0","767,0",1023,//,De l'ESE. au S. Joli frais ; beau temps.,,,4. 20.,,,,,
485,507,"6 - Routes du Géographe à la Terre d'Endracht, 1re campagne",le Géographe,1801-06-24,5 messidor an IX,1801-06-24,"-24,3017","112,9706","110,6333",24.18.6,Sud,110.38.0,Orientales,,,"16,8",28,"3,5","765,9",1021,//,Du S. au NE. Petit frais ; beau temps.,,,2. 23.,,,,,Colonne DÉCLINAISON : en-tête « NO. ». Points lunaires : accolade « Constitution australe ». Points solaires : accolade « Hiver austral ».
485,507,"6 - Routes du Géographe à la Terre d'Endracht, 1re campagne",le Géographe,1801-06-25,6 messidor an IX,1801-06-25,"-23,9811","113,1356","110,7983",23.58.52,Sud,110.47.54,Orientales,*,*,"16,0",28,"3,0","764,7",1020,//,"SE. NE. Grand frais ; temps couvert, petite pluie.",,,//,Mouillé à 7 h. 45' du soir dans la baie des Chiens-Marins ; apparcillé à 10 heures.,,,,
485,507,"6 - Routes du Géographe à la Terre d'Endracht, 1re campagne",le Géographe,1801-06-26,7 messidor an IX,1801-06-26,"-23,8078","113,3486","111,0114",23.48.28,Sud,111.0.41,Orientales,,*,"18,0",28,"4,0","767,0",1023,88,NE. SE. Petit frais ; b. temps ; ciel nuag. ; le soleil n'a paru qu'à midi.,○.L,,//,"Au coucher du soleil, les nuages se sont un peu dissipés ; les inférieurs étoient en longues bandes grises, et les supérieurs en flocons gris, rouges et blancs. Vers 7 h. la lune étant à une bonne hauteur, les nuages inférieurs se sont dissipés, et les supérieurs ont formé un ciel pommelé superbe ; mais ils ont disparu peu après.",7-8 messidor,,,
485,507,"6 - Routes du Géographe à la Terre d'Endracht, 1re campagne",le Géographe,1801-06-27,8 messidor an IX,1801-06-27,"-24,6336","113,3308","110,9936",24.38.1,Sud,110.59.37,Orientales,,,"18,5",28,"3,7","766,3",1022,78,E. SSE. Joli frais ; b. temps.,,,//,"Au coucher du soleil, les nuages se sont un peu dissipés ; les inférieurs étoient en longues bandes grises, et les supérieurs en flocons gris, rouges et blancs. Vers 7 h. la lune étant à une bonne hauteur, les nuages inférieurs se sont dissipés, et les supérieurs ont formé un ciel pommelé superbe ; mais ils ont disparu peu après.",7-8 messidor,,,
485,507,"6 - Routes du Géographe à la Terre d'Endracht, 1re campagne",le Géographe,1801-06-28,9 messidor an IX,1801-06-28,"-24,7961","113,3294","110,9922",24.47.46,Sud,110.59.32,Orientales,*,,"19,5",28,"4,0","767,0",1023,99,NNE. SSE. Petit frais ; beau temps.,P,,,Mis à l'ancre à 2. h. 1/2 du soir.,,,,
485,507,"6 - Routes du Géographe à la Terre d'Endracht, 1re campagne",le Géographe,1801-06-29,10 messidor an IX,1801-06-29,,,,,Sud,,Orientales,,,"18,5",28,"4,0","767,0",1023,94,S. SSE. Joli frais ; b. temps ; un léger brouillard couvre la mer.,,,6. 1.,Cette déclinaison de la boussole est moyenne de sept observations faites par M. BRETON.,,oui,,A l'ancre dans l'Est de l'île Bernier (Baie des Chiens-Marins).
485,507,"6 - Routes du Géographe à la Terre d'Endracht, 1re campagne",le Géographe,1801-06-30,11 messidor an IX,1801-06-30,"-24,7314","113,4650","111,1278",24.43.53,Sud,111.7.40,Orientales,,*,"17,4",28,"3,0","764,7",1020,92,ESE. SO. Petit frais ; b. temps.,,,5. 22.,"Apparcillé à 7 h. et demie du matin, et remis à l'ancre à 1 h. du soir. A 7 h. 1/2 du soir, nous avons vu la lumière zodiacale ; son éclat étoit presque égal à celui de la voie lactée ; son sommet avoit la forme très-prononcée d'un fuseau. Près de l'horizon, sa base s'élargissoit et se confondoit avec une masse de lumière rougeâtre qui bordoit l'horizon dans un arc de près de 100°. Entre l'horizon de la mer et cette lumière, étoit une ligne noire à travers laquelle on voyoit les étoiles, quoique affoiblies.",,,,
485,507,"6 - Routes du Géographe à la Terre d'Endracht, 1re campagne",le Géographe,1801-07-01,12 messidor an IX,1801-07-01,"-24,9964","113,5397","111,2025",24.59.47,Sud,0111.12.9,Orientales,,,"18,0",28,"3,5","765,9",1021,94,NE. SE. Foible brise ; beau temps.,,,4. 14.,Appareillé à 6 h. du matin ; mouillé à 4 heures du soir.,,,,
485,507,"6 - Routes du Géographe à la Terre d'Endracht, 1re campagne",le Géographe,1801-07-02,13 messidor an IX,1801-07-02,"-25,3217","113,4942","111,1569",25.19.18,Sud,0111.9.25,Orientales,,,"16,8",28,"2,0","762,5",1017,98,ENE. E. Joli frais ; b. temps.,♌.☊,,3. 59.,Mis sous voiles à 6 h. 30' du matin ; mouillé à 1 h. 30' du soir.,,,,Points lunaires : début de l'accolade « C. bor. ».
486,508,"6 - Routes du Géographe à la Terre d'Endracht, 1re campagne",le Géographe,1801-07-03,14 messidor an IX,1801-07-03,"-25,5033","113,4139","111,0767",25.30.12,Sud,111.4.36,Orientales,,,"15,1",28,"1,6","761,6",1015,97,Du NNO. au N. Joli fr. ; b. temps ; NNO. O. Bon fr. ; temps à grains ; pluie.,☽,,//,Apparcillé à 2 h. du soir.,,,,Colonne DÉCLINAISON : en-tête « NO. ». Points lunaires : accolade « Constitution boréale ». Points solaires : accolade « Hiver austral ». Colonne DATES (style grégorien) : symbole ⚓.
486,508,"6 - Routes du Géographe à la Terre d'Endracht, 1re campagne",le Géographe,1801-07-04,15 messidor an IX,1801-07-04,"-24,7411","113,3844","111,0472",24.44.28,Sud,111.2.50,Orientales,,*,"16,0",28,"3,5","765,9",1021,//,O. OSO. Grand frais ; temps couv. SO. SSE. Joli frais ; beau temps.,,,//,Mouillé à 8 heures du matin. Cette déclinaison est moyenne de cinq observations faites à bord au mouillage. Inclinaison moyenne de l'aiguille aimantée à l'Observatoire = 51° 30'.,15-17 messidor,,,
486,508,"6 - Routes du Géographe à la Terre d'Endracht, 1re campagne",le Géographe,1801-07-05,16 messidor an IX,1801-07-05,"-24,8306","113,3686","111,0314",24.49.50,Sud,111.1.53,Orientales,,,"14,3",28,"3,0","764,7",1020,//,SSE. E. Petit frais ; b. temps.,,,4° 33',Mouillé à 8 heures du matin. Cette déclinaison est moyenne de cinq observations faites à bord au mouillage. Inclinaison moyenne de l'aiguille aimantée à l'Observatoire = 51° 30'.,15-17 messidor,,,Colonne DATES (style grégorien) : symbole ⚓.
486,508,"6 - Routes du Géographe à la Terre d'Endracht, 1re campagne",le Géographe,1801-07-06,17 messidor an IX,1801-07-06,,,,,Sud,,Orientales,,,"15,0",28,"3,6","766,1",1021,//,SE. SSO. Petit frais ; b. temps.,,,//,Mouillé à 8 heures du matin. Cette déclinaison est moyenne de cinq observations faites à bord au mouillage. Inclinaison moyenne de l'aiguille aimantée à l'Observatoire = 51° 30'.,15-17 messidor,oui,,A l'ancre dans l'Est de l'île Bernier (Baie des Chiens-Marins).
486,508,"6 - Routes du Géographe à la Terre d'Endracht, 1re campagne",le Géographe,1801-07-07,18 messidor an IX,1801-07-07,,,,,Sud,,Orientales,,,"15,5",28,"4,0","767,0",1023,//,SSE. Petit frais et calme ; beau temps.,,,//,,,oui,,A l'ancre dans l'Est de l'île Bernier (Baie des Chiens-Marins).
486,508,"6 - Routes du Géographe à la Terre d'Endracht, 1re campagne",le Géographe,1801-07-08,19 messidor an IX,1801-07-08,,,,,Sud,,Orientales,,,"16,5",28,"3,5","765,9",1021,//,SSO. Foible brise ; b. temps. SSE. Bon fr. ; temps couv.,,,//,"Inclinaison moyenne de l'aiguille aiman. = 51° 37' 30"" observée à terre.",,oui,,A l'ancre dans l'Est de l'île Bernier (Baie des Chiens-Marins).
486,508,"6 - Routes du Géographe à la Terre d'Endracht, 1re campagne",le Géographe,1801-07-09,20 messidor an IX,1801-07-09,,,,,Sud,,Orientales,,,"13,8",28,"3,8","766,5",1022,//,SSE. Bon frais ; temps couv.,λ,,//,,,oui,,A l'ancre dans l'Est de l'île Bernier (Baie des Chiens-Marins).
486,508,"6 - Routes du Géographe à la Terre d'Endracht, 1re campagne",le Géographe,1801-07-10,21 messidor an IX,1801-07-10,,,,,Sud,,Orientales,,,"15,4",28,"4,0","767,0",1023,//,SSE. Petit frais ; beau temps.,A,,//,,,oui,,A l'ancre dans l'Est de l'île Bernier (Baie des Chiens-Marins).
486,508,"6 - Routes du Géographe à la Terre d'Endracht, 1re campagne",le Géographe,1801-07-11,22 messidor an IX,1801-07-11,,,,,Sud,,Orientales,,,"14,8",28,"4,0","767,0",1023,//,NNO. Petit frais ; beau temps.,●,,//,Apparcillé à 11 h. 30' du m.,,oui,,A l'ancre dans l'Est de l'île Bernier (Baie des Chiens-Marins).
486,508,"6 - Routes du Géographe à la Terre d'Endracht, 1re campagne",le Géographe,1801-07-12,23 messidor an IX,1801-07-12,"-24,8306","113,4028","111,0656",24.49.50,Sud,111.3.56,Orientales,*,*,"17,0",28,"2,0","762,5",1017,//,"NNE. N. NNE. Bon frais ; ciel couvert, pluie.",,,//,,,,,
486,508,"6 - Routes du Géographe à la Terre d'Endracht, 1re campagne",le Géographe,1801-07-13,24 messidor an IX,1801-07-13,"-24,5531","113,2678","110,9306",24.33.11,Sud,110.55.50,Orientales,*,*,"15,3",28,"0,0","758,0",1011,//,"NNE. SSO. NNE. Jolie brise, ciel couvert, grains, pluie.",,,//,,,,,
486,508,"6 - Routes du Géographe à la Terre d'Endracht, 1re campagne",le Géographe,1801-07-14,25 messidor an IX,1801-07-14,"-24,3161","113,1753","110,8381",24.18.58,Sud,110.50.17,Orientales,,,"16,0",28,"1,5","761,3",1015,//,ONO. OSO. Joli frais ; beau temps.,,,3. 35.,"Passé pour la quatrième fois le tropique du Capricorne, à 10 h. du soir.",,,,
486,508,"6 - Routes du Géographe à la Terre d'Endracht, 1re campagne",le Géographe,1801-07-15,26 messidor an IX,1801-07-15,"-22,2850","113,0811","110,7439",22.17.6,Sud,110.44.38,Orientales,,,"18,0",28,"2,5","763,6",1018,91,O. SE. Joli frais ; b. temps.,,,2. 42.,,,,,
486,508,"7 - Routes du Géographe à la Terre de Witt, 1re campagne",le Géographe,1801-07-16,27 messidor an IX,1801-07-16,"-21,1075","114,2053","111,8681",21.6.27,Sud,111.52.5,Orientales,,,"17,6",28,"3,5","765,9",1021,93,"SE. Joli frais ; beau temps, calme.",,,2. 33.,,,,,Points lunaires : fin de l'accolade « C. bor. ». Points solaires : accolade « Hiver austral ».
486,508,"7 - Routes du Géographe à la Terre de Witt, 1re campagne",le Géographe,1801-07-17,28 messidor an IX,1801-07-17,"-21,0806","114,7419","112,4047",21.4.50,Sud,112.24.17,Orientales,,,"17,0",28,"3,0","764,7",1020,91,E. SO. Petit frais ; b. temps.,D.☋,,2. 46.,En vue de l'île Rosily.,,,,Points lunaires : début de l'accolade « Constitution australe ».
486,508,"7 - Routes du Géographe à la Terre de Witt, 1re campagne",le Géographe,1801-07-18,29 messidor an IX,1801-07-18,"-21,3247","114,8839","112,5467",21.19.29,Sud,112.32.48,Orientales,,,"17,3",28,"2,0","762,5",1017,89,ONO. OSO. SE. NE. OSO. SO. Petit frais ; b. temps.,,,2. 53.,En vue de l'île Thévenard.,,,,
486,508,"7 - Routes du Géographe à la Terre de Witt, 1re campagne",le Géographe,1801-07-19,30 messidor an IX,1801-07-19,"-21,5417","114,6469","112,3097",21.32.30,Sud,112.18.35,Orientales,,*,"18,1",28,"2,0","762,5",1017,96,"OSO. SO. ESE. ENE. N. NE. OSO. Bon frais ; temps couvert, pluie.",☾,,2. 9.,En vue des îles de Rivoli.,,,,
486,508,"7 - Routes du Géographe à la Terre de Witt, 1re campagne",le Géographe,1801-07-20,1er thermidor an IX,1801-07-20,"-21,4789","114,1219","111,7847",21.28.44,Sud,111.47.5,Orientales,*,*,"17,3",28,"2,4","763,4",1018,//,OSO. SE. Bon frais ; temps couvert.,,,2. 53.,,,,,
486,508,"7 - Routes du Géographe à la Terre de Witt, 1re campagne",le Géographe,1801-07-21,2 thermidor an IX,1801-07-21,"-21,4744","114,2125","111,8753",21.28.28,Sud,111.52.31,Orientales,,,"15,0",28,"4,0","767,0",1023,72,SE. S. Joli frais ; b. temps.,,,1. 47.,,,,,
486,508,"7 - Routes du Géographe à la Terre de Witt, 1re campagne",le Géographe,1801-07-22,3 thermidor an IX,1801-07-22,"-21,5508","114,2956","111,9583",21.33.3,Sud,111.57.30,Orientales,,,"14,5",28,"3,7","766,3",1022,67,SSE. Joli frais ; beau temps.,,,2. 16.,En vue du cap Murat.,,,,
487,509,"7 - Routes du Géographe à la Terre de Witt, 1re campagne",le Géographe,1801-07-23,4 thermidor an IX,1801-07-23,"-20,1111","115,1814","112,8442",20.6.40,Sud,112.50.39,Orientales,,,"16,8",28,"3,4","765,6",1021,73,SSE. ESE. Joli frais ; beau temps.,,♌,2° 21',En vue des îles de Montebello.,,,,Colonne DÉCLINAISON : en-tête « NO. ». Points lunaires : accolade « Constitution australe ». Points solaires : accolade « Hiver austral ».
487,509,"7 - Routes du Géographe à la Terre de Witt, 1re campagne",le Géographe,1801-07-24,5 thermidor an IX,1801-07-24,"-19,1467","116,0028","113,6656",19.8.48,Sud,113.39.56,Orientales,,,"17,6",28,"3,0","764,7",1020,86,SSE. ESE. Joli frais ; beau temps.,L,,1. 59.,,,,,
487,509,"7 - Routes du Géographe à la Terre de Witt, 1re campagne",le Géographe,1801-07-25,6 thermidor an IX,1801-07-25,"-19,2353","116,4639","114,1267",19.14.7,Sud,114.7.36,Orientales,,,"17,8",28,"2,8","764,3",1019,92,E. S. Petit frais ; b. temps.,○.P,,1. 31.,,,,,
487,509,"7 - Routes du Géographe à la Terre de Witt, 1re campagne",le Géographe,1801-07-26,7 thermidor an IX,1801-07-26,"-19,5047","117,3600","115,0228",19.30.17,Sud,0115.1.22,Orientales,,,"17,7",28,"2,4","763,4",1018,88,S. O. Foible brise et joli frais ; beau temps.,,,1. 54.,,,,,
487,509,"7 - Routes du Géographe à la Terre de Witt, 1re campagne",le Géographe,1801-07-27,8 thermidor an IX,1801-07-27,"-20,3333","117,6100","115,2728",20.20.0,Sud,115.16.22,Orientales,,,"19,0",28,"3,0","764,7",1020,88,ONO. OSO. Joli frais ; beau temps.,,,1. 21.,En vue des îles Forestier ; mis à l'ancre à 8 h. 45' matin.,,,,
487,509,"7 - Routes du Géographe à la Terre de Witt, 1re campagne",le Géographe,1801-07-28,9 thermidor an IX,1801-07-28,"-20,2578","117,6689","115,3317",20.15.28,Sud,115.19.54,Orientales,*,,"18,8",28,"2,6","763,8",1018,89,"SSO. ONO. Foible brise ; beau temps, ciel nuageux.",,,2. 50.,Appareillé à 10 h. 30' matin ; remis à l'ancre à 7 h. 30' soir.,,,,Points lunaires : fin de l'accolade « Constitution australe ».
487,509,"7 - Routes du Géographe à la Terre de Witt, 1re campagne",le Géographe,1801-07-29,10 thermidor an IX,1801-07-29,"-20,0092","118,3022","115,9650",20.0.33,Sud,115.57.54,Orientales,,,"17,7",28,"2,0","762,5",1017,80,"ENE. SSE. Petit frais ; beau temps,",♌.☊,,//,,,,,Points lunaires : début de l'accolade « Constitution boréale ».
487,509,"7 - Routes du Géographe à la Terre de Witt, 1re campagne",le Géographe,1801-07-30,11 thermidor an IX,1801-07-30,"-19,7161","118,6556","116,3183",19.42.58,Sud,116.19.6,Orientales,,*,"17,3",28,"1,8","762,0",1016,88,SSE. N. Petit frais. ONO. Jolie brise ; beau temps.,,,1. 39.,En vue de l'île Bedout.,,,,
487,509,"7 - Routes du Géographe à la Terre de Witt, 1re campagne",le Géographe,1801-07-31,12 thermidor an IX,1801-07-31,"-19,2408","119,5492","117,2119",19.14.27,Sud,117.12.43,Orientales,*,*,"17,4",28,"2,5","763,6",1018,86,"O. S. Joli frais ; beau temps, ciel nuageux.",,,1. 56.,,,,,
487,509,"7 - Routes du Géographe à la Terre de Witt, 1re campagne",le Géographe,1801-08-01,13 thermidor an IX,1801-08-01,"-19,1769","119,7303","117,3931",19.10.37,Sud,117.23.35,Orientales,*,*,"16,8",28,"2,6","763,8",1018,80,"SSO. SSE. Joli frais ; beau temps, ciel nuageux.",☽,,2. 15.,,,,,
487,509,"7 - Routes du Géographe à la Terre de Witt, 1re campagne",le Géographe,1801-08-02,14 thermidor an IX,1801-08-02,"-18,7383","120,5092","118,1719",18.44.18,Sud,0118.10.19,Orientales,,,"17,8",28,"3,0","764,7",1020,79,"SSE. S. Joli frais ; b. temps,",,,1. 42.,,,,,
487,509,"7 - Routes du Géographe à la Terre de Witt, 1re campagne",le Géographe,1801-08-03,15 thermidor an IX,1801-08-03,"-18,1092","121,4317","119,0944",18.6.33,Sud,119.5.40,Orientales,,,"18,2",28,"3,5","765,9",1021,69,S. SE. Joli frais ; b. temps.,,,2. 2.,,,,,
487,509,"7 - Routes du Géographe à la Terre de Witt, 1re campagne",le Géographe,1801-08-04,16 thermidor an IX,1801-08-04,"-17,4739","121,7672","119,4300",17.28.26,Sud,119.25.48,Orientales,,,"18,2",28,"3,0","764,7",1020,81,ESE. SSE. Joli frais ; beau temps.,,,1. 14.,En vue du cap Bertholet ; mis à l'ancre à 6 h. soir.,,,,
487,509,"7 - Routes du Géographe à la Terre de Witt, 1re campagne",le Géographe,1801-08-05,17 thermidor an IX,1801-08-05,"-16,8917","121,9003","119,5631",16.53.30,Sud,119.33.47,Orientales,,,"19,6",28,"2,6","763,8",1018,90,"ESE. NE. Joli frais ; b. temps, calme.",,,0. 42.,En vue des îles Lacepède ; appareillé à 6 h. du matin.,,,,
487,509,"7 - Routes du Géographe à la Terre de Witt, 1re campagne",le Géographe,1801-08-06,18 thermidor an IX,1801-08-06,"-16,0242","122,1817","119,8444",16.1.27,Sud,119.50.40,Orientales,,,"22,2",28,"2,3","763,2",1017,95,"SSO. E. Petit frais ; b. temps, calme.",λ,,0. 29.,,,,,
487,509,"7 - Routes du Géographe à la Terre de Witt, 1re campagne",le Géographe,1801-08-07,19 thermidor an IX,1801-08-07,"-15,6825","123,0106","120,6733",15.40.57,Sud,120.40.24,Orientales,,,"23,5",28,"2,6","763,8",1018,93,SSE. SSO. Petit frais ; beau temps.,A,,1. 36.,En vue de l'île Adèle.,,,,
487,509,"7 - Routes du Géographe à la Terre de Witt, 1re campagne",le Géographe,1801-08-08,20 thermidor an IX,1801-08-08,"-15,2908","123,1825","120,8453",15.17.27,Sud,120.50.43,Orientales,,,"22,6",28,"1,4","761,1",1015,92,S. SSO. Petit frais ; b. temps.,,,0. 34.,,,,,
487,509,"7 - Routes du Géographe à la Terre de Witt, 1re campagne",le Géographe,1801-08-09,21 thermidor an IX,1801-08-09,"-15,1417","124,0136","121,6764",15.8.30,Sud,121.40.35,Orientales,,,"21,7",28,"1,5","761,3",1015,92,O. SSO. Foible brise et calme ; beau temps.,,,0. 44.,En vue de l'archipel Bonaparte jusqu'au 17 août que nous avons fait route pour l'île Timor.,,,,
487,509,"7 - Routes du Géographe à la Terre de Witt, 1re campagne",le Géographe,1801-08-10,22 thermidor an IX,1801-08-10,"-15,0008","124,3075","121,9703",15.0.3,Sud,121.58.13,Orientales,,,"24,4",28,"1,8","762,0",1016,94,Calme et foible brise très-variable ; beau temps.,●,,0. 20.,,,,,Colonne DÉCLINAISON : en-tête « NE. ».
487,509,"7 - Routes du Géographe à la Terre de Witt, 1re campagne",le Géographe,1801-08-11,23 thermidor an IX,1801-08-11,"-14,7972","124,5542","122,2169",14.47.50,Sud,122.13.1,Orientales,,,"23,0",28,"1,8","762,0",1016,95,OSO. ONO. Petit frais ; beau temps ; calme.,,,0. 7.,Passé les nuits à l'ancre et les jours sous voiles.,23-26 thermidor,,,
487,509,"7 - Routes du Géographe à la Terre de Witt, 1re campagne",le Géographe,1801-08-12,24 thermidor an IX,1801-08-12,"-14,2828","124,9386","122,6014",14.16.58,Sud,122.36.5,Orientales,,,"23,1",28,"1,5","761,3",1015,96,SSO. NO. Foible brise ; beau temps.,,,//,Passé les nuits à l'ancre et les jours sous voiles.,23-26 thermidor,,,Points lunaires : fin de l'accolade « Constitution boréale ».
487,509,"7 - Routes du Géographe à la Terre de Witt, 1re campagne",le Géographe,1801-08-13,25 thermidor an IX,1801-08-13,"-14,0333","125,2597","122,9225",14.2.0,Sud,122.55.21,Orientales,,,"22,3",28,"1,7","761,8",1016,94,SE. NO. Foible brise ; calme ; beau temps.,D.☊,,0. 14.,Passé les nuits à l'ancre et les jours sous voiles.,23-26 thermidor,,,Points lunaires : début de l'accolade « Constit. aust. ».
487,509,"7 - Routes du Géographe à la Terre de Witt, 1re campagne",le Géographe,1801-08-14,26 thermidor an IX,1801-08-14,"-13,8711","125,6942","123,3569",13.52.16,Sud,123.21.25,Orientales,,,"23,0",28,"1,7","761,8",1016,96,S. SO. Petite brise ; calme ; beau temps.,,,0. 5.,Passé les nuits à l'ancre et les jours sous voiles.,23-26 thermidor,,,
487,509,"7 - Routes du Géographe à la Terre de Witt, 1re campagne",le Géographe,1801-08-15,27 thermidor an IX,1801-08-15,"-13,5831","125,5558","123,2186",13.34.59,Sud,123.13.7,Orientales,,,"22,6",28,"2,0","762,5",1017,97,S. SSE. Foible brise ; b. temps.,,,0. 26.,Appareillé à 6 h. du matin.,,,,
487,509,"7 - Routes du Géographe à la Terre de Witt, 1re campagne",le Géographe,1801-08-16,28 thermidor an IX,1801-08-16,"-13,4167","125,6392","123,3019",13.25.0,Sud,123.18.7,Orientales,,,"23,4",28,"2,3","763,2",1017,98,SSE. NE. Foible brise ; beau temps ; calme.,,,0. 36.,,,,,
487,509,"7 - Routes du Géographe à la Terre de Witt, 1re campagne",le Géographe,1801-08-17,29 thermidor an IX,1801-08-17,"-13,0253","125,7817","123,4444",13.1.31,Sud,123.26.40,Orientales,,*,"17,3",28,"1,6","761,6",1015,84,SE. E. Bon frais ; b. temps.,☾,,//,,,,,
488,510,"8 - Routes du Géographe, de la Nouvelle-Hollande à Timor, 1re campagne",le Géographe,1801-08-18,30 thermidor an IX,1801-08-18,"-12,3428","126,0336","123,6964",12.20.34,Sud,123.41.47,Orientales,,*,"19,2",28,"2,2","762,9",1017,85,SSE. E. Bon frais ; b. temps.,,,//,,,,,Colonne DÉCLINAISON : en-tête « NE. ». Points lunaires : accolade « Constitution australe ». Points solaires : accolade « Hiver austral ».
488,510,"8 - Routes du Géographe, de la Nouvelle-Hollande à Timor, 1re campagne",le Géographe,1801-08-19,1er fructidor an IX,1801-08-19,"-10,9981","126,6533","124,3161",10.59.53,Sud,124.18.58,Orientales,,,"20,4",28,"2,7","764,1",1019,92,SE. ESE. Bon frais ; b. temps.,,,//,,,,,
488,510,"8 - Routes du Géographe, de la Nouvelle-Hollande à Timor, 1re campagne",le Géographe,1801-08-20,2 fructidor an IX,1801-08-20,"-10,3647","124,4578","122,1206",10.21.53,Sud,0122.7.14,Orientales,,,"20,0",28,"1,5","761,3",1015,98,ESE. ENE. Joli frais ; ciel nuageux.,L,,//,,,,,
488,510,"8 - Routes du Géographe, de la Nouvelle-Hollande à Timor, 1re campagne",le Géographe,1801-08-21,3 fructidor an IX,1801-08-21,"-10,3000","123,4589","121,1217",10.18.0,Sud,0121.7.18,Orientales,*,*,"20,0",28,"1,0","760,2",1014,98,ENE. ESE. Joli frais ; beau temps.,,,//,"Mouillé dans le détroit de Simâô, à midi 45'.",,,,Colonne DATES (style grégorien) : symbole ⚓.
488,510,"8 - Routes du Géographe, de la Nouvelle-Hollande à Timor, 1re campagne",le Géographe,1801-08-22,4 fructidor an IX,1801-08-22,,,,,Sud,,Orientales,,,"19,8",28,"2,3","763,2",1017,95,S. SO. Petit frais ; b. temps.,P,,//,"Mouillé en rade de Coupang, à 10 h. du soir.",,oui,,A l'ancre dans le détroit de Simâô. Colonne DATES (style grégorien) : symbole ⚓.
488,510,9 - Premier séjour à Timor,les corvettes,1801-08-23,5 fructidor an IX,1801-08-23,"-10,1467","123,5917","121,2544",10.8.48,Sud,121.15.16,Orientales,△,△,"20,4",28,"1,7","761,8",1016,94,Calme ; beau temps.,,,0° 22',Cette déclinaison de la boussole a été observée à terre.,,,,Colonne DATES (style grégorien) : symbole ⚓. Points lunaires : accolade « Constit. austr. ». Points solaires : accolade « Hiver austral ».
488,510,9 - Premier séjour à Timor,les corvettes,1801-08-24,6 fructidor an IX,1801-08-24,,,,,Sud,,Orientales,,,"21,4",28,"1,7","761,8",1016,96,ESE. E. Foible brise ; beau temps.,○,♍,//,,,oui,,PREMIER SÉJOUR À TIMOR.
488,510,9 - Premier séjour à Timor,les corvettes,1801-08-25,7 fructidor an IX,1801-08-25,,,,,Sud,,Orientales,,,"22,5",28,"1,9","762,3",1016,88,ESE. E. Petit frais ; b. temps.,☊,,//,,,oui,,PREMIER SÉJOUR À TIMOR. Points lunaires : fin de l'accolade « Constit. austr. ».
488,510,9 - Premier séjour à Timor,les corvettes,1801-08-26,8 fructidor an IX,1801-08-26,,,,,Sud,,Orientales,,,"19,8",28,"2,1","762,7",1017,78,E. Presque calme. ESE. Joli frais ; beau temps.,♌,,//,,,oui,,PREMIER SÉJOUR À TIMOR. Points lunaires : début de l'accolade « Constitution boréale ».
488,510,9 - Premier séjour à Timor,les corvettes,1801-08-27,9 fructidor an IX,1801-08-27,,,,,Sud,,Orientales,,,"20,4",28,"2,1","762,7",1017,90,E. Petit frais ; ciel pur et serein ; calme.,,,//,,,oui,,PREMIER SÉJOUR À TIMOR.
488,510,9 - Premier séjour à Timor,les corvettes,1801-08-28,10 fructidor an IX,1801-08-28,,,,,Sud,,Orientales,,,"21,8",28,"1,0","760,2",1014,76,Calme. E. ESE. Bon frais ; petit frais ; ciel nuageux.,,,//,"A midi, il s'élève un vent violent ; d'épais nuages paroissent à l'horizon, et couvrent bientôt tout le ciel.",,oui,,PREMIER SÉJOUR À TIMOR.
488,510,9 - Premier séjour à Timor,les corvettes,1801-08-29,11 fructidor an IX,1801-08-29,,,,,Sud,,Orientales,,,"21,5",28,"1,8","762,0",1016,87,"E. Bon frais ; NNE. Petit frais ; beau temps, ciel nuageux et pommelé ; à 4 h. gr. pluie.",,,//,,,oui,,PREMIER SÉJOUR À TIMOR.
488,510,9 - Premier séjour à Timor,les corvettes,1801-08-30,12 fructidor an IX,1801-08-30,,,,,Sud,,Orientales,,,"21,5",28,"1,8","762,0",1016,85,"E. Bon frais ; ESE. SE. Petit frais ; NE. Bon frais ; beau temps, l'horizon gras.",,,//,,,oui,,PREMIER SÉJOUR À TIMOR.
488,510,9 - Premier séjour à Timor,les corvettes,1801-08-31,13 fructidor an IX,1801-08-31,,,,,Sud,,Orientales,,,"21,4",28,"1,8","762,0",1016,77,"E. Bon frais ; beau temps, ciel nuageux.",☽,,//,,,oui,,PREMIER SÉJOUR À TIMOR.
488,510,9 - Premier séjour à Timor,les corvettes,1801-09-01,14 fructidor an IX,1801-09-01,,,,,Sud,,Orientales,,,"21,4",28,"1,8","762,0",1016,87,SE. S. Petit frais ; beau temps.,,,//,,,oui,,PREMIER SÉJOUR À TIMOR.
488,510,9 - Premier séjour à Timor,les corvettes,1801-09-02,15 fructidor an IX,1801-09-02,,,,,Sud,,Orientales,,,"21,0",28,"1,0","760,2",1014,86,"SE. NO. Bon frais ; b. temps, ciel nuageux.",λ,,//,,,oui,,PREMIER SÉJOUR À TIMOR.
488,510,9 - Premier séjour à Timor,les corvettes,1801-09-03,16 fructidor an IX,1801-09-03,,,,,Sud,,Orientales,,,"21,3",28,"1,3","760,9",1014,85,E. Bon frais ; ESE. NE. Petit frais ; beau temps.,A,,//,,,oui,,PREMIER SÉJOUR À TIMOR.
488,510,9 - Premier séjour à Timor,les corvettes,1801-09-04,17 fructidor an IX,1801-09-04,,,,,Sud,,Orientales,,,"21,4",28,"2,0","762,5",1017,76,"E. Petit frais ; calme ; beau temps, ciel nuageux.",,,//,,,oui,,PREMIER SÉJOUR À TIMOR.
488,510,9 - Premier séjour à Timor,les corvettes,1801-09-05,18 fructidor an IX,1801-09-05,,,,,Sud,,Orientales,,,"21,3",28,"1,6","761,6",1015,82,E. SE. E. Petit frais ; bon fr. ; beau temps.,,,//,,,oui,,PREMIER SÉJOUR À TIMOR.
488,510,9 - Premier séjour à Timor,les corvettes,1801-09-06,19 fructidor an IX,1801-09-06,,,,,Sud,,Orientales,,,"21,2",28,"1,0","760,2",1014,85,ESE. NE. Petit frais ; ciel couvert.,,,//,,,oui,,PREMIER SÉJOUR À TIMOR.
489,511,9 - Premier séjour à Timor,les corvettes,1801-09-07,20 fructidor an IX,1801-09-07,,,,,Sud,,Orientales,,,"21,3",28,"1,6","761,6",1015,86,E. ESE. Petit frais ; b. temps.,,,//,,,oui,,PREMIER SÉJOUR À TIMOR. Colonne DÉCLINAISON : en-tête « NE. ». Points lunaires : accolade « Cons. bor.e ». Points solaires : accolade « Hiver austral ».
489,511,9 - Premier séjour à Timor,les corvettes,1801-09-08,21 fructidor an IX,1801-09-08,,,,,Sud,,Orientales,,,"21,9",28,"1,5","761,3",1015,87,"Calme ; beau temps, ciel vaporeux.",●,,//,,,oui,,PREMIER SÉJOUR À TIMOR. Points lunaires : fin de l'accolade « Cons. bor.e ».
489,511,9 - Premier séjour à Timor,les corvettes,1801-09-09,22 fructidor an IX,1801-09-09,,,,,Sud,,Orientales,,,"22,0",28,"1,3","760,9",1014,75,"SE. ESE. Bon frais ; b. temps, ciel nuageux.",D.☋,,//,,,oui,,PREMIER SÉJOUR À TIMOR. Points lunaires : début de l'accolade « Constitution australe ».
489,511,9 - Premier séjour à Timor,les corvettes,1801-09-10,23 fructidor an IX,1801-09-10,,,,,Sud,,Orientales,,,"21,7",28,"1,5","761,3",1015,85,ESE. ENE. Bon frais ; beau temps.,,,//,,,oui,,PREMIER SÉJOUR À TIMOR.
489,511,9 - Premier séjour à Timor,les corvettes,1801-09-11,24 fructidor an IX,1801-09-11,,,,,Sud,,Orientales,,,"21,5",28,"1,2","760,7",1014,84,ENE. Bon frais ; ciel couvert.,,,//,,,oui,,PREMIER SÉJOUR À TIMOR.
489,511,9 - Premier séjour à Timor,les corvettes,1801-09-12,25 fructidor an IX,1801-09-12,,,,,Sud,,Orientales,,,"21,2",28,"1,2","760,7",1014,89,"E. Joli frais, ciel couvert.",,,//,,,oui,,PREMIER SÉJOUR À TIMOR.
489,511,9 - Premier séjour à Timor,les corvettes,1801-09-13,26 fructidor an IX,1801-09-13,,,,,Sud,,Orientales,,,"21,6",28,"1,5","761,3",1015,85,ESE. Petit frais ; E. NO. Bon frais ; ciel nuageux.,,,//,,,oui,,PREMIER SÉJOUR À TIMOR.
489,511,9 - Premier séjour à Timor,les corvettes,1801-09-14,27 fructidor an IX,1801-09-14,,,,,Sud,,Orientales,,,"22,2",28,"1,2","760,7",1014,76,Calme ; E. Bon frais ; beau temps.,,,//,,,oui,,PREMIER SÉJOUR À TIMOR.
489,511,9 - Premier séjour à Timor,les corvettes,1801-09-15,28 fructidor an IX,1801-09-15,,,,,Sud,,Orientales,,,"22,1",28,"0,9","760,0",1013,72,ESE. SE. Petit frais ; E. Bon frais ; beau temps.,☾,,//,,,oui,,PREMIER SÉJOUR À TIMOR.
489,511,9 - Premier séjour à Timor,les corvettes,1801-09-16,29 fructidor an IX,1801-09-16,,,,,Sud,,Orientales,,,"21,4",28,"2,0","762,5",1017,90,Calme ; beau temps.,L,,//,,,oui,,PREMIER SÉJOUR À TIMOR.
489,511,9 - Premier séjour à Timor,les corvettes,1801-09-17,30 fructidor an IX,1801-09-17,,,,,Sud,,Orientales,,,"21,0",28,"1,2","760,7",1014,83,"NE. Petit frais, calme ; ONO. Petit frais ; beau temps.",,,//,,,oui,,PREMIER SÉJOUR À TIMOR.
489,511,9 - Premier séjour à Timor,les corvettes,1801-09-18,1er jour complémentaire an IX,1801-09-18,,,,,Sud,,Orientales,,,"21,0",28,"1,0","760,2",1014,83,"E. NO. Petit frais ; b. temps, ciel nuageux.",,,//,,,oui,,PREMIER SÉJOUR À TIMOR.
489,511,9 - Premier séjour à Timor,les corvettes,1801-09-19,2e jour complémentaire an IX,1801-09-19,,,,,Sud,,Orientales,,,"20,5",28,"0,5","759,1",1012,84,"E. Petit frais, bon frais ; beau temps.",P,,//,,,oui,,PREMIER SÉJOUR À TIMOR.
489,511,9 - Premier séjour à Timor,les corvettes,1801-09-20,3e jour complémentaire an IX,1801-09-20,,,,,Sud,,Orientales,,,"22,5",28,"0,9","760,0",1013,98,Calme ; SE. Petit frais ; beau temps.,,,//,,,oui,,PREMIER SÉJOUR À TIMOR.
489,511,9 - Premier séjour à Timor,les corvettes,1801-09-21,4e jour complémentaire an IX,1801-09-21,,,,,Sud,,Orientales,,,"20,0",28,"1,5","761,3",1015,//,ESE. SE. SSO. E. Petit frais ; beau temps.,,,//,"La corvette le Naturaliste est venue mouiller dans la baie de Coupang et s'est ainsi trouvée réunie avec le Géographe, après une séparation de trois mois et demi.",,oui,,PREMIER SÉJOUR À TIMOR. Points lunaires : fin de l'accolade « Constitution australe ».
489,511,9 - Premier séjour à Timor,les corvettes,1801-09-22,5e jour complémentaire an IX,1801-09-22,,,,,Sud,,Orientales,,,"21,0",28,"1,0","760,2",1014,86,E. Petit frais ; SE. ESE. Par fortes risées ; beau temps.,♌.○.☊,,//,,,oui,,PREMIER SÉJOUR À TIMOR. Points lunaires : début de l'accolade « Constitution boréale ». Points solaires : fin de l'accolade « Hiver austral ».
489,511,9 - Premier séjour à Timor,les corvettes,1801-09-23,1er vendémiaire an X,1801-09-23,,,,,Sud,,Orientales,,,"21,2",28,"1,4","761,1",1015,88,O. Bon frais ; ESE. Petit frais ; beau temps.,,♎,//,,,oui,,PREMIER SÉJOUR À TIMOR. Points solaires : début de l'accolade « Printemps austral ».
489,511,9 - Premier séjour à Timor,les corvettes,1801-09-24,2 vendémiaire an X,1801-09-24,,,,,Sud,,Orientales,,,"22,1",28,"0,5","759,1",1012,80,E. Joli frais ; calme ; SE. Petit frais ; beau temps.,,,//,,,oui,,PREMIER SÉJOUR À TIMOR.
489,511,9 - Premier séjour à Timor,les corvettes,1801-09-25,3 vendémiaire an X,1801-09-25,,,,,Sud,,Orientales,,,"21,9",28,"0,2","758,4",1011,82,"O. SE. Petit frais ; calme ; beau temps, ciel nuageux.",,,//,,,oui,,PREMIER SÉJOUR À TIMOR.
489,511,9 - Premier séjour à Timor,les corvettes,1801-09-26,4 vendémiaire an X,1801-09-26,,,,,Sud,,Orientales,,,"21,4",28,"1,4","761,1",1015,100,ENE. Petit frais ; beau temps ; ciel couvert.,,,//,,,oui,,PREMIER SÉJOUR À TIMOR.
489,511,9 - Premier séjour à Timor,les corvettes,1801-09-27,5 vendémiaire an X,1801-09-27,,,,,Sud,,Orientales,,,"20,4",28,"1,7","761,8",1016,99,E. Petit frais ; temps couvert.,,,//,,,oui,,PREMIER SÉJOUR À TIMOR.
489,511,9 - Premier séjour à Timor,les corvettes,1801-09-28,6 vendémiaire an X,1801-09-28,,,,,Sud,,Orientales,,,"21,8",28,"1,8","762,0",1016,85,O. E. Petit frais ; calme ; beau temps.,,,//,,,oui,,PREMIER SÉJOUR À TIMOR.
489,511,9 - Premier séjour à Timor,les corvettes,1801-09-29,7 vendémiaire an X,1801-09-29,,,,,Sud,,Orientales,,,"21,8",28,"1,0","760,2",1014,84,N. Jolie brise ; calme plat ; ciel couvert.,λ,,//,,,oui,,PREMIER SÉJOUR À TIMOR.
489,511,9 - Premier séjour à Timor,les corvettes,1801-09-30,8 vendémiaire an X,1801-09-30,,,,,Sud,,Orientales,,,"19,8",28,"1,7","761,8",1016,85,Calme ; beau temps.,☽,,//,,,oui,,PREMIER SÉJOUR À TIMOR.
490,512,9 - Premier séjour à Timor,les corvettes,1801-10-01,9 vendémiaire an X,1801-10-01,,,,,Sud,,Orientales,,,"21,6",28,"1,2","760,7",1014,82,E. Petit frais ; calme plat ; beau temps.,A,,//,,,oui,,PREMIER SÉJOUR À TIMOR. Colonne DÉCLINAISON : en-tête « NE. ». Points lunaires : début de l'accolade « Constitution boréale ». Points solaires : accolade « Printemps austral » sur toute la page.
490,512,9 - Premier séjour à Timor,les corvettes,1801-10-02,10 vendémiaire an X,1801-10-02,,,,,Sud,,Orientales,,,"21,3",28,"1,4","761,1",1015,83,"N. E. Petit frais ; beau temps, horizon gras.",,,//,,,oui,,PREMIER SÉJOUR À TIMOR.
490,512,9 - Premier séjour à Timor,les corvettes,1801-10-03,11 vendémiaire an X,1801-10-03,,,,,Sud,,Orientales,,,"21,4",28,"1,5","761,3",1015,88,NO. Joli frais ; calme ; beau temps.,,,//,,,oui,,PREMIER SÉJOUR À TIMOR.
490,512,9 - Premier séjour à Timor,les corvettes,1801-10-04,12 vendémiaire an X,1801-10-04,,,,,Sud,,Orientales,,,"21,4",28,"1,5","761,3",1015,87,"N. ESE. Bon frais ; SE. Petit frais ; b. temps, ciel nuag.",,,//,,,oui,,PREMIER SÉJOUR À TIMOR.
490,512,9 - Premier séjour à Timor,les corvettes,1801-10-05,13 vendémiaire an X,1801-10-05,,,,,Sud,,Orientales,,,"22,0",28,"1,0","760,2",1014,87,NO. Petit frais ; calme ; ENE. Petit frais ; beau temps.,,,//,,,oui,,PREMIER SÉJOUR À TIMOR.
490,512,9 - Premier séjour à Timor,les corvettes,1801-10-06,14 vendémiaire an X,1801-10-06,,,,,Sud,,Orientales,,,"22,0",28,"1,8","762,0",1016,85,E. Petit fr. ; calme plat ; beau temps.,,,//,,,oui,,PREMIER SÉJOUR À TIMOR. Points lunaires : fin de l'accolade « Constitution boréale ».
490,512,9 - Premier séjour à Timor,les corvettes,1801-10-07,15 vendémiaire an X,1801-10-07,,,,,Sud,,Orientales,,,"22,0",28,"1,8","762,0",1016,84,NO. Petit frais ; calme plat ; b. temps.,D.☋,,//,,,oui,,PREMIER SÉJOUR À TIMOR. Points lunaires : début de l'accolade « Constitution australe ».
490,512,9 - Premier séjour à Timor,les corvettes,1801-10-08,16 vendémiaire an X,1801-10-08,,,,,Sud,,Orientales,,,"22,0",28,"1,7","761,8",1016,82,NO. Petit frais ; calme plat ; b. temps.,●,,//,,,oui,,PREMIER SÉJOUR À TIMOR.
490,512,9 - Premier séjour à Timor,les corvettes,1801-10-09,17 vendémiaire an X,1801-10-09,,,,,Sud,,Orientales,,,"21,8",28,"0,8","759,8",1013,65,ONO. SSE. Petit frais ; beau temps ; ciel couvert.,,,//,,,oui,,PREMIER SÉJOUR À TIMOR.
490,512,9 - Premier séjour à Timor,les corvettes,1801-10-10,18 vendémiaire an X,1801-10-10,,,,,Sud,,Orientales,,,"21,8",28,"2,2","762,9",1017,90,ONO. SE. E. Petit frais ; beau temps.,,,//,,,oui,,PREMIER SÉJOUR À TIMOR.
490,512,9 - Premier séjour à Timor,les corvettes,1801-10-11,19 vendémiaire an X,1801-10-11,,,,,Sud,,Orientales,,,"21,4",28,"2,2","762,9",1017,88,E. SE. Petit frais ; b. temps.,,,//,,,oui,,PREMIER SÉJOUR À TIMOR.
490,512,9 - Premier séjour à Timor,les corvettes,1801-10-12,20 vendémiaire an X,1801-10-12,,,,,Sud,,Orientales,,,"21,7",28,"1,2","760,7",1014,84,ESE. S. SE. Petit frais ; beau temps.,,,//,,,oui,,PREMIER SÉJOUR À TIMOR.
490,512,9 - Premier séjour à Timor,les corvettes,1801-10-13,21 vendémiaire an X,1801-10-13,,,,,Sud,,Orientales,,,"21,5",28,"0,5","759,1",1012,87,NO. SSE. SE. Petit frais ; beau temps.,L,,//,,,oui,,PREMIER SÉJOUR À TIMOR.
490,512,9 - Premier séjour à Timor,les corvettes,1801-10-14,22 vendémiaire an X,1801-10-14,,,,,Sud,,Orientales,,,"21,4",28,"1,2","760,7",1014,100,SSE. Petit frais ; beau temps.,,,//,,,oui,,PREMIER SÉJOUR À TIMOR.
490,512,9 - Premier séjour à Timor,les corvettes,1801-10-15,23 vendémiaire an X,1801-10-15,,,,,Sud,,Orientales,,,"21,4",28,"1,2","760,7",1014,98,ESE. Petit frais ; beau temps.,☾,,//,,,oui,,PREMIER SÉJOUR À TIMOR.
490,512,9 - Premier séjour à Timor,les corvettes,1801-10-16,24 vendémiaire an X,1801-10-16,,,,,Sud,,Orientales,,,"21,4",28,"0,6","759,3",1012,74,SSO. S. ESE. Petit frais ; beau temps.,P,,//,,,oui,,PREMIER SÉJOUR À TIMOR.
490,512,9 - Premier séjour à Timor,les corvettes,1801-10-17,25 vendémiaire an X,1801-10-17,,,,,Sud,,Orientales,,,"21,5",28,"0,8","759,8",1013,80,ONO. Petit frais ; calme plat ; beau temps.,,,//,,,oui,,PREMIER SÉJOUR À TIMOR.
490,512,9 - Premier séjour à Timor,les corvettes,1801-10-18,26 vendémiaire an X,1801-10-18,,,,,Sud,,Orientales,,,"21,5",28,"1,0","760,2",1014,85,NNO. Petit frais ; calme plat ; S. Petit frais ; beau temps.,,,//,,,oui,,PREMIER SÉJOUR À TIMOR.
490,512,9 - Premier séjour à Timor,les corvettes,1801-10-19,27 vendémiaire an X,1801-10-19,,,,,Sud,,Orientales,,,"22,0",28,"0,8","759,8",1013,86,Calme ; ESE. Petit fr. ; calme ; beau temps.,,,//,,,oui,,PREMIER SÉJOUR À TIMOR. Points lunaires : fin de l'accolade « Constitution australe ».
490,512,9 - Premier séjour à Timor,les corvettes,1801-10-20,28 vendémiaire an X,1801-10-20,,,,,Sud,,Orientales,,,"22,4",28,"1,4","761,1",1015,94,Calme plat ; beau temps.,D.☊,,//,,,oui,,PREMIER SÉJOUR À TIMOR. Points lunaires : début de l'accolade « Constitution boréale ».
490,512,9 - Premier séjour à Timor,les corvettes,1801-10-21,29 vendémiaire an X,1801-10-21,,,,,Sud,,Orientales,,,"22,4",28,"1,7","761,8",1016,87,O. E. SE. Petit fr. ; b. temps.,,,//,,,oui,,PREMIER SÉJOUR À TIMOR.
490,512,9 - Premier séjour à Timor,les corvettes,1801-10-22,30 vendémiaire an X,1801-10-22,,,,,Sud,,Orientales,,,"22,5",28,"1,3","760,9",1014,90,NO. SE. E. Petit frais ; beau temps.,○,,//,,,oui,,PREMIER SÉJOUR À TIMOR.
490,512,9 - Premier séjour à Timor,les corvettes,1801-10-23,1er brumaire an X,1801-10-23,,,,,Sud,,Orientales,,,"22,2",28,"1,0","760,2",1014,75,O. Joli frais ; SSE. ESE. Petit frais ; beau temps.,,,//,,,oui,,PREMIER SÉJOUR À TIMOR.
490,512,9 - Premier séjour à Timor,les corvettes,1801-10-24,2 brumaire an X,1801-10-24,,,,,Sud,,Orientales,,,"22,3",28,"0,3","758,6",1011,82,NO. Joli frais ; E. Petit frais ; beau temps.,,♏,//,,,oui,,PREMIER SÉJOUR À TIMOR. Points solaires : fin de l'accolade « Printemps austral ».
491,513,9 - Premier séjour à Timor,les corvettes,1801-10-25,3 brumaire an X,1801-10-25,,,,,Sud,,Orientales,,,"21,5",28,"1,0","760,2",1014,84,Calme ; ENE. Petit frais ; beau temps.,,,//,,,oui,,PREMIER SÉJOUR À TIMOR. Colonne DÉCLINAISON : en-tête « NE. ». Points lunaires : accolade « Constitution boréale ». Points solaires : accolade « Printemps austral ».
491,513,9 - Premier séjour à Timor,les corvettes,1801-10-26,4 brumaire an X,1801-10-26,,,,,Sud,,Orientales,,,"22,3",28,"0,8","759,8",1013,81,NO. Joli fr. ; calme ; E. Petite brise ; beau temps.,,,//,,,oui,,PREMIER SÉJOUR À TIMOR.
491,513,9 - Premier séjour à Timor,les corvettes,1801-10-27,5 brumaire an X,1801-10-27,,,,,Sud,,Orientales,,,"22,2",28,"1,0","760,2",1014,83,ONO. Petit frais ; b. temps.,λ,,//,,,oui,,PREMIER SÉJOUR À TIMOR.
491,513,9 - Premier séjour à Timor,les corvettes,1801-10-28,6 brumaire an X,1801-10-28,,,,,Sud,,Orientales,,,"22,3",28,"1,3","760,9",1014,82,NO. E. Petit frais ; calme ; b. temps.,,,//,,,oui,,PREMIER SÉJOUR À TIMOR.
491,513,9 - Premier séjour à Timor,les corvettes,1801-10-29,7 brumaire an X,1801-10-29,,,,,Sud,,Orientales,,,"22,1",28,"0,8","759,8",1013,88,ONO. Petit frais ; b. temps.,A,,//,,,oui,,PREMIER SÉJOUR À TIMOR.
491,513,9 - Premier séjour à Timor,les corvettes,1801-10-30,8 brumaire an X,1801-10-30,,,,,Sud,,Orientales,,,"22,7",27,"11,6","757,1",1009,94,E. Presque calme ; b. temps.,☽,,//,,,oui,,PREMIER SÉJOUR À TIMOR.
491,513,9 - Premier séjour à Timor,les corvettes,1801-10-31,9 brumaire an X,1801-10-31,,,,,Sud,,Orientales,,,"22,9",28,"0,2","758,4",1011,85,ONO. O. Bon fr. ; calme ; SE. Petit frais ; temps couvert ; beau temps.,,,//,,,oui,,PREMIER SÉJOUR À TIMOR.
491,513,9 - Premier séjour à Timor,les corvettes,1801-11-01,10 brumaire an X,1801-11-01,,,,,Sud,,Orientales,,,"22,5",28,"0,5","759,1",1012,85,NO. O. Petit frais ; calme ; b. temps.,,,//,,,oui,,PREMIER SÉJOUR À TIMOR.
491,513,9 - Premier séjour à Timor,les corvettes,1801-11-02,11 brumaire an X,1801-11-02,,,,,Sud,,Orientales,,,"23,6",28,"1,5","761,3",1015,76,ESE. NE. N. SE. ESE. Joli frais ; calme ; beau temps.,,,//,,,oui,,PREMIER SÉJOUR À TIMOR. Points lunaires : fin de l'accolade « Constitution boréale ».
491,513,9 - Premier séjour à Timor,les corvettes,1801-11-03,12 brumaire an X,1801-11-03,,,,,Sud,,Orientales,,,"23,4",28,"0,5","759,1",1012,//,NE. N. ONO. Bonne brise ; ESE. Joli fr. ; temps orag.,D.☋,,//,,,oui,,PREMIER SÉJOUR À TIMOR. Points lunaires : début de l'accolade « Constitution australe ».
491,513,9 - Premier séjour à Timor,les corvettes,1801-11-04,13 brumaire an X,1801-11-04,,,,,Sud,,Orientales,,,//,//,//,,,//,ENE. E. ESE. Fortes rafales ; SE. Petite brise ; temps orageux.,,,//,,,oui,,PREMIER SÉJOUR À TIMOR.
491,513,9 - Premier séjour à Timor,les corvettes,1801-11-05,14 brumaire an X,1801-11-05,,,,,Sud,,Orientales,,,//,//,//,,,//,ESE. ENE. N. Petit fr. ; ONO. N. Grand fr. ; ENE. E. SE. Joli frais.,,,//,,,oui,,PREMIER SÉJOUR À TIMOR.
491,513,9 - Premier séjour à Timor,les corvettes,1801-11-06,15 brumaire an X,1801-11-06,,,,,Sud,,Orientales,,,"22,4",28,"0,5","759,1",1012,//,"Calme ; NO. NNE. ESE. Petite brise ; b. temps, ciel nuag.",●,,//,,,oui,,PREMIER SÉJOUR À TIMOR.
491,513,9 - Premier séjour à Timor,les corvettes,1801-11-07,16 brumaire an X,1801-11-07,,,,,Sud,,Orientales,,,"22,0",28,"1,5","761,3",1015,//,NE. NO. ONO. S. Petite brise ; SE. E. Bon frais ; E. Presque calme ; beau temps.,,,//,,,oui,,PREMIER SÉJOUR À TIMOR.
491,513,9 - Premier séjour à Timor,les corvettes,1801-11-08,17 brumaire an X,1801-11-08,,,,,Sud,,Orientales,,,//,//,//,,,//,Calme ; NE. N. NO. ESE. SE. Petit frais ; beau temps.,,,//,,,oui,,PREMIER SÉJOUR À TIMOR.
491,513,9 - Premier séjour à Timor,les corvettes,1801-11-09,18 brumaire an X,1801-11-09,,,,,Sud,,Orientales,,,"21,6",28,"1,2","760,7",1014,//,NE. NNO. Joli frais ; ESE. E. Petit frais ; beau temps.,,,//,,,oui,,PREMIER SÉJOUR À TIMOR.
491,513,9 - Premier séjour à Timor,les corvettes,1801-11-10,19 brumaire an X,1801-11-10,,,,,Sud,,Orientales,,,"22,0",28,"1,5","761,3",1015,//,NE. NNO. NO Joli frais ; N. Petit fr. ; calme ; b. temps.,L.P,,//,,,oui,,PREMIER SÉJOUR À TIMOR.
491,513,9 - Premier séjour à Timor,les corvettes,1801-11-11,20 brumaire an X,1801-11-11,,,,,Sud,,Orientales,,,"22,5",28,"1,5","761,3",1015,//,E. Jolie brise ; O. NO. Joli fr. ; calme ; beau temps.,,,//,,,oui,,PREMIER SÉJOUR À TIMOR.
491,513,9 - Premier séjour à Timor,les corvettes,1801-11-12,21 brumaire an X,1801-11-12,,,,,Sud,,Orientales,,,"22,3",28,"0,7","759,5",1013,//,NE. N. NNE. Joli frais ; beau temps.,,,//,,,oui,,"PREMIER SÉJOUR À TIMOR. Points lunaires : fin de l'accolade « Constitution australe ». Points solaires : fin de l'accolade « Printemps austral ». N.B. OBSERVATIONS GÉNÉRALES. Pendant notre séjour sur la rade de Coupang, la brise s'élevoit assez régulièrement du large à 8 h. du matin, et souffloit quelquefois par rafales ; au coucher du soleil elle mollissoit, et pendant la nuit il faisoit calme. A l'observatoire établi au fort Concordia. — Hauteur au-dessus du niveau de la mer........ = 59P. 5po = 19m,3. Latitude S........ = 10° 9' 55"". Longitude Orientale. = 121. 15. 21. Déclinaison de la boussole. = 0. 22. NE. Inclinaison magnétique moy. de beaucoup d'obs. = 30. 36. (Pointe S.) d'après M. BERNIER."
492,514,"10 - Routes des corvettes françoises, de Timor à la Terre de Diémen",les corvettes,1801-11-13,22 brumaire an X,1801-11-13,"-9,9933","123,4214","121,0842",9.59.36,Sud,0121.5.3,Orientales,,,"22,6",28,"2,0","762,5",1017,//,De l'ESE. au N. par l'E. Très-variable ; foible brise ; OSO. SO. Petit frais ; beau temps.,☾,,0° 41',Appareillé de la rade de Coupang à 6 h. du matin.,,,,Colonne Thermomètre : en-tête « + ». Colonne DÉCLINAISON : en-tête « NE. ». Points lunaires : accolade « Constitution australe ». Points solaires : accolade « Printemps austral ».
492,514,"10 - Routes des corvettes françoises, de Timor à la Terre de Diémen",les corvettes,1801-11-14,23 brumaire an X,1801-11-14,"-9,9667","123,0953","120,7581",9.58.0,Sud,120.45.29,Orientales,,,"22,0",28,"1,0","760,2",1014,//,"OSO. ESE. Presque calme ; SO. SSO. Petit frais ; b. temps, ciel nuageux.",,,0. 19.,,,,,
492,514,"10 - Routes des corvettes françoises, de Timor à la Terre de Diémen",les corvettes,1801-11-15,24 brumaire an X,1801-11-15,"-9,6525","122,3019","119,9647",9.39.9,Sud,119.57.53,Orientales,,,"22,0",28,"1,0","760,2",1014,//,"OSO. SSE. ESE. Foible et petit fr. ; b. temps, ciel nuageux.",☊,,1. 6.,,,,pression,Colonne DÉCLINAISON : en-tête « NO. » avant cette valeur. Points lunaires : fin de l'accolade « Constitution australe ».
492,514,"10 - Routes des corvettes françoises, de Timor à la Terre de Diémen",les corvettes,1801-11-16,25 brumaire an X,1801-11-16,"-10,0122","121,7547","119,4175",10.0.44,Sud,119.25.3,Orientales,,,"24,0",28,"1,0","760,2",1014,99,"ESE. SE. Foible brise ; calme ; beau temps, ciel nuageux.",♌,,1. 6.,"En vue de l'île Savu et de Benjoar, dont nous passons au N.",,,,Points lunaires : début de l'accolade « Constitution boréale ».
492,514,"10 - Routes des corvettes françoises, de Timor à la Terre de Diémen",les corvettes,1801-11-17,26 brumaire an X,1801-11-17,"-11,0397","121,2228","118,8856",11.2.23,Sud,118.53.8,Orientales,,,"22,8",28,"1,0","760,2",1014,100,ESE. SSE. Joli frais ; b. temps ; ciel nuageux.,,,//,"Nous doublons au S. le Nouveau-Savu, à petite distance.",,,,
492,514,"10 - Routes des corvettes françoises, de Timor à la Terre de Diémen",les corvettes,1801-11-18,27 brumaire an X,1801-11-18,"-11,5744","120,1686","117,8314",11.34.28,Sud,117.49.53,Orientales,,,"24,2",28,"1,5","761,3",1015,95,SSO. SSE. S. Petit frais ; beau temps.,,,0. 50.,Les courans nous portent au NO.,,,,
492,514,"10 - Routes des corvettes françoises, de Timor à la Terre de Diémen",les corvettes,1801-11-19,28 brumaire an X,1801-11-19,"-11,5142","119,0725","116,7353",11.30.51,Sud,116.44.7,Orientales,,,"24,0",28,"1,5","761,3",1015,97,SSO. S. Petit frais ; b. temps.,,,1. 9.,,,,,
492,514,"10 - Routes des corvettes françoises, de Timor à la Terre de Diémen",les corvettes,1801-11-20,29 brumaire an X,1801-11-20,"-11,5728","118,3172","115,9800",11.34.22,Sud,115.58.48,Orientales,,,"22,0",28,"1,5","761,3",1015,//,S. OSO. SO. Petit frais ; beau temps.,○,,//,,,,,
492,514,"10 - Routes des corvettes françoises, de Timor à la Terre de Diémen",les corvettes,1801-11-21,30 brumaire an X,1801-11-21,"-12,3167","118,7069","116,3697",12.19.0,Sud,116.22.11,Orientales,,,"23,7",28,"1,5","761,3",1015,100,SO. OSO. Petit frais ; beau temps.,,,1. 9.,,,,,
492,514,"10 - Routes des corvettes françoises, de Timor à la Terre de Diémen",les corvettes,1801-11-22,1er frimaire an X,1801-11-22,"-13,0114","118,9506","116,6133",13.0.41,Sud,116.36.48,Orientales,,,"23,7",28,"1,0","760,2",1014,98,SO. O. OSO. Joli frais ; beau temps.,,,1. 46.,Les courans nous portent à l'O.,,,,
492,514,"10 - Routes des corvettes françoises, de Timor à la Terre de Diémen",les corvettes,1801-11-23,2 frimaire an X,1801-11-23,"-13,9656","119,3383","117,0011",13.57.56,Sud,117.0.4,Orientales,,,"23,0",28,"1,0","760,2",1014,100,Variable du OSO. à l'O. Joli frais ; beau temps.,λ,,2. 3.,,,,,
492,514,"10 - Routes des corvettes françoises, de Timor à la Terre de Diémen",les corvettes,1801-11-24,3 frimaire an X,1801-11-24,"-14,8817","119,7181","117,3808",14.52.54,Sud,117.22.51,Orientales,,,"22,7",28,"0,5","759,1",1012,98,ONO. SO. O. Jolie brise ; beau temps.,,,1. 48.,,,,,
492,514,"10 - Routes des corvettes françoises, de Timor à la Terre de Diémen",les corvettes,1801-11-25,4 frimaire an X,1801-11-25,"-15,6219","119,9597","117,6225",15.37.19,Sud,117.37.21,Orientales,,,"20,9",28,"1,0","760,2",1014,//,O. ONO. OSO. SSO. Jolie brise ; beau temps ; calme.,,,0. 57.,"Depuis quelques jours, les vents sont presque calmes dans la nuit, et fraîchissent un peu dans la journée.",,,,
492,514,"10 - Routes des corvettes françoises, de Timor à la Terre de Diémen",les corvettes,1801-11-26,5 frimaire an X,1801-11-26,"-16,1542","120,1214","117,7842",16.9.15,Sud,117.47.3,Orientales,,,"21,7",28,"1,4","761,1",1015,//,"ONO. SSO. Jolie brise, mollissant sur le soir ; b. temps.",A,,0. 25.,,,,,Colonne DÉCLINAISON : en-tête « NE. » avant cette valeur.
492,514,"10 - Routes des corvettes françoises, de Timor à la Terre de Diémen",les corvettes,1801-11-27,6 frimaire an X,1801-11-27,"-15,9831","119,8097","117,4725",15.58.59,Sud,117.28.21,Orientales,,,"21,4",28,"1,0","760,2",1014,//,SO. Petit frais ; beau temps.,,,1. 55.,,,,,Colonne DÉCLINAISON : en-tête « NO. » avant cette valeur.
492,514,"10 - Routes des corvettes françoises, de Timor à la Terre de Diémen",les corvettes,1801-11-28,7 frimaire an X,1801-11-28,"-15,4008","118,8553","116,5181",15.24.3,Sud,116.31.5,Orientales,,,"21,0",28,"1,5","761,3",1015,//,SO. S. OSO. Jolie brise ; beau temps.,☽,,1. 30.,,,,,
492,514,"10 - Routes des corvettes françoises, de Timor à la Terre de Diémen",les corvettes,1801-11-29,8 frimaire an X,1801-11-29,"-14,7619","117,9739","115,6367",14.45.43,Sud,115.38.12,Orientales,,,"21,7",28,"0,5","759,1",1012,//,SO. SSO. S. Joli frais ; beau temps.,,,1. 42.,,,,,Points lunaires : fin de l'accolade « Constitution boréale ».
492,514,"10 - Routes des corvettes françoises, de Timor à la Terre de Diémen",les corvettes,1801-11-30,9 frimaire an X,1801-11-30,"-14,9394","117,4233","115,0861",14.56.22,Sud,0115.5.10,Orientales,,,"21,4",28,"0,5","759,1",1012,//,SO. S. Joli frais ; beau temps.,D.☋,,2. 41.,,,,,Points lunaires : début de l'accolade « Constitution australe ».
492,514,"10 - Routes des corvettes françoises, de Timor à la Terre de Diémen",les corvettes,1801-12-01,10 frimaire an X,1801-12-01,"-14,9278","116,5864","114,2492",14.55.40,Sud,114.14.57,Orientales,,,"21,6",28,"1,5","761,3",1015,//,S. SSE. SSO. Bonne brise ; ciel nuageux ; grains.,,,2. 9.,,,,,
492,514,"10 - Routes des corvettes françoises, de Timor à la Terre de Diémen",les corvettes,1801-12-02,11 frimaire an X,1801-12-02,"-15,0822","115,5461","113,2089",15.4.56,Sud,113.12.32,Orientales,,,"21,9",28,"1,0","760,2",1014,//,SSO. S. SSE. Petite brise ; beau temps.,,,1. 9.,,,,pression,
492,514,"10 - Routes des corvettes françoises, de Timor à la Terre de Diémen",les corvettes,1801-12-03,12 frimaire an X,1801-12-03,"-15,0153","114,3003","111,9631",15.0.55,Sud,111.57.47,Orientales,,,"21,0",28,"1,0","760,2",1014,85,S. SSE. Joli frais ; beau temps.,,,1. 12.,,,,,
492,514,"10 - Routes des corvettes françoises, de Timor à la Terre de Diémen",les corvettes,1801-12-04,13 frimaire an X,1801-12-04,"-15,2192","113,2039","110,8667",15.13.9,Sud,110.52.0,Orientales,,*,"21,1",28,"0,5","759,1",1012,85,SSE. Inégale et foible ; ciel nuageux.,,,//,,,,,Points lunaires : accolade « Constitution australe » se poursuit. Points solaires : accolade « Printemps austral » se poursuit.
493,515,"10 - Routes des corvettes françoises, de Timor à la Terre de Diémen",les corvettes,1801-12-05,14 frimaire an X,1801-12-05,"-15,7350","111,4172","109,0800",15.44.6,Sud,109.4.48,Orientales,,,"21,5",28,"0,5","759,1",1012,85,S. SSE. Bon frais ; ciel nuag.,,,//,,,,,Colonne Thermomètre : en-tête « + ». Colonne DÉCLINAISON : en-tête « NO. ». Points lunaires : accolade « Constitution australe » en cours. Points solaires : accolade « Printemps austral » en cours.
493,515,"10 - Routes des corvettes françoises, de Timor à la Terre de Diémen",les corvettes,1801-12-06,15 frimaire an X,1801-12-06,"-16,0706","109,8817","107,5444",16.4.14,Sud,107.32.40,Orientales,,,"20,0",28,"1,3","760,9",1014,83,S. SSE. Joli frais ; b. temps.,●,,3. 19.,,,,,
493,515,"10 - Routes des corvettes françoises, de Timor à la Terre de Diémen",les corvettes,1801-12-07,16 frimaire an X,1801-12-07,"-16,4086","108,4378","106,1006",16.24.31,Sud,0106.6.2,Orientales,,,"19,6",28,"1,0","760,2",1014,86,S. SE. Joli frais ; bon frais ; beau temp.,L,,//,,,,,
493,515,"10 - Routes des corvettes françoises, de Timor à la Terre de Diémen",les corvettes,1801-12-08,17 frimaire an X,1801-12-08,"-17,4317","107,2261","104,8889",17.25.54,Sud,104.53.20,Orientales,,*,"19,0",28,"2,0","762,5",1017,84,"SE. Bon frais ; ciel nuageux, grains, pluie.",P,,//,,,,,
493,515,"10 - Routes des corvettes françoises, de Timor à la Terre de Diémen",les corvettes,1801-12-09,18 frimaire an X,1801-12-09,"-18,5947","106,1761","103,8389",18.35.41,Sud,103.50.20,Orientales,,*,"19,0",28,"1,7","761,8",1016,83,SE. Bon frais ; ciel nuageux.,,,//,,,,,
493,515,"10 - Routes des corvettes françoises, de Timor à la Terre de Diémen",les corvettes,1801-12-10,19 frimaire an X,1801-12-10,"-19,7856","104,4700","102,1328",19.47.8,Sud,102.7.58,Orientales,,,"18,0",28,"2,0","762,5",1017,80,SE. Bon frais ; ciel nuageux.,,,3. 56.,"Nous étions à-peu-près par la latitude que nos cartes assignent aux îles Trials, et cependant nous n'en avons eu aucune connaissance.",,,,
493,515,"10 - Routes des corvettes françoises, de Timor à la Terre de Diémen",les corvettes,1801-12-11,20 frimaire an X,1801-12-11,"-21,1303","103,4408","101,1036",21.7.49,Sud,0101.6.13,Orientales,,,"17,8",28,"2,0","762,5",1017,73,SE. ESE. Joli frais ; ciel nuageux.,,,//,,,,,
493,515,"10 - Routes des corvettes françoises, de Timor à la Terre de Diémen",les corvettes,1801-12-12,21 frimaire an X,1801-12-12,"-22,5194","102,7922","100,4550",22.31.10,Sud,100.27.18,Orientales,,,"17,4",28,"2,5","763,6",1018,//,ESE. SE. Joli frais ; b. temps.,☾.☊,,4. 0.,,,,,Points lunaires : fin de l'accolade « Constitution australe ».
493,515,"10 - Routes des corvettes françoises, de Timor à la Terre de Diémen",les corvettes,1801-12-13,22 frimaire an X,1801-12-13,"-24,0603","102,1725","99,8353",24.3.37,Sud,99.50.7,Orientales,,,"17,5",28,"3,0","764,7",1020,91,SE. SSE. Petit frais ; b. temps.,♌,,4. 33.,Passé pour la cinquième fois le tropique du Capricorne.,,,,Points lunaires : début de l'accolade « Constitution boréale ».
493,515,"10 - Routes des corvettes françoises, de Timor à la Terre de Diémen",les corvettes,1801-12-14,23 frimaire an X,1801-12-14,"-25,5083","101,0033","98,6661",25.30.30,Sud,98.39.58,Orientales,,,"17,0",28,"3,0","764,7",1020,96,SE. Jolie brise ; b. temps.,,,6. 45.,,,,,
493,515,"10 - Routes des corvettes françoises, de Timor à la Terre de Diémen",les corvettes,1801-12-15,24 frimaire an X,1801-12-15,"-26,6119","100,2417","97,9044",26.36.43,Sud,97.54.16,Orientales,,*,"15,5",28,"2,0","762,5",1017,//,SE. ESE. SE. Petit fr. ; temps couvert.,,,7. 0.,,,,,
493,515,"10 - Routes des corvettes françoises, de Timor à la Terre de Diémen",les corvettes,1801-12-16,25 frimaire an X,1801-12-16,"-27,6972","99,1139","96,7767",27.41.50,Sud,96.46.36,Orientales,,,"15,5",28,"2,5","763,6",1018,//,SE. ESE. SE. Brise inégale ; ciel couvert.,,,8. 0.,,,,,
493,515,"10 - Routes des corvettes françoises, de Timor à la Terre de Diémen",les corvettes,1801-12-17,26 frimaire an X,1801-12-17,"-28,4233","98,8481","96,5108",28.25.24,Sud,96.30.39,Orientales,,,"15,4",28,"4,0","767,0",1023,//,SSE. SSO. Foible brise ; beau temps.,,,6. 55.,,,,,
493,515,"10 - Routes des corvettes françoises, de Timor à la Terre de Diémen",les corvettes,1801-12-18,27 frimaire an X,1801-12-18,"-29,0264","101,0800","98,7428",29.1.35,Sud,98.44.34,Orientales,,,"14,8",28,"2,0","762,5",1017,//,SSO. S. Bon frais ; ciel couvert.,,,//,,,,,
493,515,"10 - Routes des corvettes françoises, de Timor à la Terre de Diémen",les corvettes,1801-12-19,28 frimaire an X,1801-12-19,"-29,5114","102,4983","100,1611",29.30.41,Sud,100.9.40,Orientales,*,*,"14,2",28,"3,5","765,9",1021,//,S. SSE. SO. Petit frais ; ciel nuageux.,,,//,"Nous avons passé par la latitude d'une roche à fleur d'eau, marquée sur nos cartes ; mais nous ne l'avons point aperçue.",,,,
493,515,"10 - Routes des corvettes françoises, de Timor à la Terre de Diémen",les corvettes,1801-12-20,29 frimaire an X,1801-12-20,"-29,9061","103,4869","101,1497",29.54.22,Sud,101.8.59,Orientales,,,"15,0",28,"3,5","765,9",1021,//,OSO. SO. OSO. Foible brise ; beau temps.,○.λ,,8. 0.,,,,,
493,515,"10 - Routes des corvettes françoises, de Timor à la Terre de Diémen",les corvettes,1801-12-21,30 frimaire an X,1801-12-21,"-30,2678","105,5292","103,1919",30.16.4,Sud,103.11.31,Orientales,,,"14,5",28,"3,5","765,9",1021,//,SO. SSO. Jolie brise ; ciel nuageux ; S. Bon frais ; grains ; fortes rafales ; petite pluie.,,,6. 55.,,,,,Points solaires : fin de l'accolade « Printemps austral ».
493,515,"10 - Routes des corvettes françoises, de Timor à la Terre de Diémen",les corvettes,1801-12-22,1er nivôse an X,1801-12-22,"-30,3103","106,6039","104,2667",30.18.37,Sud,104.16.0,Orientales,,*,"13,7",28,"3,0","764,7",1020,//,S. SSE. Bon frais ; ciel couvert.,,♑,//,,,,,Points solaires : début de l'accolade « Été austral ».
493,515,"10 - Routes des corvettes françoises, de Timor à la Terre de Diémen",les corvettes,1801-12-23,2 nivôse an X,1801-12-23,"-30,0661","109,5683","107,2311",30.3.58,Sud,107.13.52,Orientales,,,"14,0",28,"3,5","765,9",1021,//,"SSE. Bon frais ; ciel couvert, temps humide.",A,,//,,,,,
493,515,"10 - Routes des corvettes françoises, de Timor à la Terre de Diémen",les corvettes,1801-12-24,3 nivôse an X,1801-12-24,"-30,1406","110,5997","108,2625",30.8.26,Sud,108.15.45,Orientales,,,"15,2",28,"4,0","767,0",1023,//,SSE. SE. Bonne brise ; beau temps.,,,6. 57.,,,,,
493,515,"10 - Routes des corvettes françoises, de Timor à la Terre de Diémen",les corvettes,1801-12-25,4 nivôse an X,1801-12-25,"-31,4553","109,6597","107,3225",31.27.19,Sud,107.19.21,Orientales,,*,"13,7",28,"3,5","765,9",1021,//,"SE. SSE. S. Petit frais ; temps humide, ciel couvert.",,,//,,,,,
493,515,"10 - Routes des corvettes françoises, de Timor à la Terre de Diémen",les corvettes,1801-12-26,5 nivôse an X,1801-12-26,"-31,9167","109,2275","106,8903",31.55.0,Sud,106.53.25,Orientales,*,,"13,5",28,"2,5","763,6",1018,//,S. SSO. S. Joli frais ; temps couvert.,,,//,,,,,
493,515,"10 - Routes des corvettes françoises, de Timor à la Terre de Diémen",les corvettes,1801-12-27,6 nivôse an X,1801-12-27,"-31,7100","110,7425","108,4053",31.42.36,Sud,108.24.19,Orientales,,*,"13,2",28,"3,5","765,9",1021,//,"S. SSE. Joli frais, bon frais ; grains, rafales ; temps couv.",☋,,//,,,,,Points lunaires : fin de l'accolade « Constitution boréale ». Points solaires : accolade « Été austral » se poursuit.
494,516,"10 - Routes des corvettes françoises, de Timor à la Terre de Diémen",les corvettes,1801-12-28,7 nivôse an X,1801-12-28,"-31,8422","110,9469","108,6097",31.50.32,Sud,108.36.35,Orientales,,,"14,0",28,"3,0","764,7",1020,//,SSE. S. Brise foible et inégale ; ciel couvert.,D.☽,,//,,,,,Colonne Thermomètre : en-tête « + ». Colonne DÉCLINAISON : en-tête « NO. ». Points lunaires : accolade « Constitution australe » en cours. Points solaires : accolade « Été austral » en cours.
494,516,"10 - Routes des corvettes françoises, de Timor à la Terre de Diémen",les corvettes,1801-12-29,8 nivôse an X,1801-12-29,"-32,0367","110,3853","108,0481",32.2.12,Sud,108.2.53,Orientales,,*,"14,0",28,"2,5","763,6",1018,//,"Calme. SSO. Petit frais ; ciel couvert, grains et pluie.",,,//,,,,,
494,516,"10 - Routes des corvettes françoises, de Timor à la Terre de Diémen",les corvettes,1801-12-30,9 nivôse an X,1801-12-30,"-32,0339","111,3319","108,9947",32.2.2,Sud,108.59.41,Orientales,,*,"14,0",28,"2,5","763,6",1018,//,"S. SSE. SE. Petit frais et joli frais ; beau temps, ciel nuag.",,,6° 47',,,,,
494,516,"10 - Routes des corvettes françoises, de Timor à la Terre de Diémen",les corvettes,1801-12-31,10 nivôse an X,1801-12-31,"-33,2256","110,3922","108,0550",33.13.32,Sud,0108.3.18,Orientales,,,"13,0",28,"2,5","763,6",1018,//,"SE. ESE. Joli frais ; b. temps, ciel nuageux.",,,//,,,,,
494,516,"10 - Routes des corvettes françoises, de Timor à la Terre de Diémen",les corvettes,1802-01-01,11 nivôse an X,1802-01-01,"-34,1353","109,5158","107,1786",34.8.7,Sud,107.10.43,Orientales,,,"14,5",28,"2,0","762,5",1017,80,SSE. SSO. S. Petit fr. ; temps couvert.,,,//,,,,,
494,516,"10 - Routes des corvettes françoises, de Timor à la Terre de Diémen",les corvettes,1802-01-02,12 nivôse an X,1802-01-02,"-34,0828","110,3614","108,0242",34.4.58,Sud,0108.1.27,Orientales,,,"13,8",28,"1,0","760,2",1014,90,S. SSE. Petit frais ; b. temps.,,,//,,,,,
494,516,"10 - Routes des corvettes françoises, de Timor à la Terre de Diémen",les corvettes,1802-01-03,13 nivôse an X,1802-01-03,"-34,1153","111,1042","108,7669",34.6.55,Sud,108.46.1,Orientales,,,"15,0",28,"0,0","758,0",1011,92,"Calme. O. ONO. Foible, fraîchissant par degrés ; le ciel s'est couvert ; le soir, reçu un fort grain.",L,,//,"Inclinaison magnétique observée sur le pont, aiguille N.º 2 = 65°; aiguille N.º 4 = 62°; inclin. moyenne = 63° 30'.",,,,
494,516,"10 - Routes des corvettes françoises, de Timor à la Terre de Diémen",les corvettes,1802-01-04,14 nivôse an X,1802-01-04,"-35,2483","114,2494","111,9122",35.14.54,Sud,111.54.44,Orientales,,,"14,5",27,"10,0","753,5",1005,86,"O. ONO. Bon frais ; grains et rafales, temps couv., pluie.",●,,//,"Le 4 janvier, nous avons trouvé, à midi, que les courans nous avoient violemment portés dans le Nord.",,,,
494,516,"10 - Routes des corvettes françoises, de Timor à la Terre de Diémen",les corvettes,1802-01-05,15 nivôse an X,1802-01-05,"-36,5242","117,6544","115,3172",36.31.27,Sud,115.19.2,Orientales,,,"11,5",27,"11,0","755,7",1008,83,"OSO. Grand frais par rafales ; grains, pluie.",P,,//,,,,,
494,516,"10 - Routes des corvettes françoises, de Timor à la Terre de Diémen",les corvettes,1802-01-06,16 nivôse an X,1802-01-06,"-37,6444","120,2528","117,9156",37.38.40,Sud,117.54.56,Orientales,,,"11,3",28,"1,5","761,3",1015,//,SSO. OSO. O. NO. Bon frais et joli frais ; ciel nuageux.,,,//,"Le 6, même observation pour les courans.",,,,
494,516,"10 - Routes des corvettes françoises, de Timor à la Terre de Diémen",les corvettes,1802-01-07,17 nivôse an X,1802-01-07,"-39,5639","123,1728","120,8356",39.33.50,Sud,120.50.8,Orientales,,,"12,0",27,"10,5","754,6",1006,87,"NO. SO. O. Bon frais ; grains et pluie, ciel nuageux.",,,5. 20.,,,,,
494,516,"10 - Routes des corvettes françoises, de Timor à la Terre de Diémen",les corvettes,1802-01-08,18 nivôse an X,1802-01-08,"-41,1589","126,5228","124,1856",41.9.32,Sud,0124.11.8,Orientales,,,"9,7",27,"8,0","748,9",999,91,"ONO. O. OSO. O. Bon frais ; grains, pluie et grêle, rafales, ciel nuageux.",☊,,//,,,,,Points lunaires : fin de l'accolade « Constitution australe ».
494,516,"10 - Routes des corvettes françoises, de Timor à la Terre de Diémen",les corvettes,1802-01-09,19 nivôse an X,1802-01-09,"-41,9611","130,3361","127,9989",41.57.40,Sud,127.59.56,Orientales,,*,"10,4",27,"9,0","751,2",1002,90,"OSO. O. ONO. Bon fr. ; grains et pluie, temps couvert.",♌,,//,,,,,Points lunaires : début de l'accolade « Constit. bor.e ».
494,516,"10 - Routes des corvettes françoises, de Timor à la Terre de Diémen",les corvettes,1802-01-10,20 nivôse an X,1802-01-10,"-43,0422","135,1147","132,7775",43.2.32,Sud,132.46.39,Orientales,,,"13,0",27,"10,0","753,5",1005,90,ONO. OSO. O. NO. Grand frais ; ciel nuageux.,,,2. 28.,,,,,Colonne DÉCLINAISON : en-tête « NE. » avant cette valeur.
494,516,"10 - Routes des corvettes françoises, de Timor à la Terre de Diémen",les corvettes,1802-01-11,21 nivôse an X,1802-01-11,"-43,8289","139,5814","137,2442",43.49.44,Sud,137.14.39,Orientales,,*,"11,2",27,"9,0","751,2",1002,97,"NO. NNO. Bon frais ; grains et pluie, temps couvert.",☾,,//,,,,,
494,516,"10 - Routes des corvettes françoises, de Timor à la Terre de Diémen",les corvettes,1802-01-12,22 nivôse an X,1802-01-12,"-43,5542","143,7650","141,4278",43.33.15,Sud,141.25.40,Orientales,,,"10,0",27,"9,0","751,2",1002,86,"NO. O. ONO. Bon frais et joli frais ; grains, pluie et grêle, temps couvert.",,,6. 22.,,,,,Points lunaires : fin de l'accolade « Constit. bor.e ». Points solaires : fin de l'accolade « Été austral ».
495,517,11 - Routes et séjour dans le canal Dentrecasteaux (Terre de Diémen),les corvettes,1802-01-13,23 nivôse an X,1802-01-13,"-43,6667","146,8317","144,4944",43.40.0,Sud,144.29.40,Orientales,△,△,"10,5",28,"2,0","762,5",1017,//,OSO. SO. ONO. SSO. Joli fr. ; grains et pluie ; ciel nuag.,,,7° 30',"Première vue de la Terre de Diémen. Mouillé dans la grande anse du canal Dentrecasteaux, le 13 janvier, à 4 h. du soir.",,,,Colonne Thermomètre : en-tête « + ». Colonne DÉCLINAISON : en-tête « NE. ». Points lunaires : accolade « Constitution boréale » en cours. Points solaires : accolade « Été austral » en cours.
495,517,11 - Routes et séjour dans le canal Dentrecasteaux (Terre de Diémen),les corvettes,1802-01-14,24 nivôse an X,1802-01-14,"-43,3944","147,2372","144,9000",43.23.40,Sud,144.54.0,Orientales,△,△,"10,5",28,"3,0","764,7",1020,//,S. Joli frais ; grains et pluie ; rafales ; ciel nuageux.,,,//,,,,,Symbole d'ancre après la date grégorienne.
495,517,11 - Routes et séjour dans le canal Dentrecasteaux (Terre de Diémen),les corvettes,1802-01-15,25 nivôse an X,1802-01-15,,,,,Sud,,Orientales,,,"10,3",28,"0,0","758,0",1011,//,S. SO. S. Bonne brise par rafales ; foible brise le soir ; beau temps.,,,//,,,oui,,Au mouillage dans la grande anse du canal Dentrecasteaux. (accolade 25-26 nivôse)
495,517,11 - Routes et séjour dans le canal Dentrecasteaux (Terre de Diémen),les corvettes,1802-01-16,26 nivôse an X,1802-01-16,,,,,Sud,,Orientales,,,"10,3",27,"10,0","753,5",1005,//,"S. Presque calme ; N. NNE. Joli frais ; temps couv., pl., tonnerre et éclairs ; O. ONO. Par fortes rafales.",λ,,//,,,oui,,Au mouillage dans la grande anse du canal Dentrecasteaux. (accolade 25-26 nivôse)
495,517,11 - Routes et séjour dans le canal Dentrecasteaux (Terre de Diémen),les corvettes,1802-01-17,27 nivôse an X,1802-01-17,"-43,2028","147,4081","145,0708",43.12.10,Sud,0145.4.15,Orientales,△,△,"12,0",27,"6,5","745,6",994,//,ONO. O. NO. Foible et très-variable ; temps à grains.,,,//,"Le 17 janvier, mis sous voiles à 7 h. du matin. Mouillé dans le N. de l'île Verte, à 2 h. après midi.",,,,
495,517,11 - Routes et séjour dans le canal Dentrecasteaux (Terre de Diémen),les corvettes,1802-01-18,28 nivôse an X,1802-01-18,,,,,Sud,,Orientales,,,"13,0",27,"6,0","744,4",993,//,O. OSO. ONO. SO. O. Variable et par risées ; temps à grains et pluvieux.,,,//,,,,,Latitude et longitude non renseignées. Symbole d'ancre après la date grégorienne.
495,517,11 - Routes et séjour dans le canal Dentrecasteaux (Terre de Diémen),les corvettes,1802-01-19,29 nivôse an X,1802-01-19,"-43,1700","147,3983","145,0611",43.10.12,Sud,145.3.40,Orientales,△,△,"12,6",27,"8,5","750,1",1000,//,Foible brise ; très-variable du NNE. au NO. et à l'O. ; beau temps.,○,,//,"Le 19 janvier, mis sous voiles à 6 h. du matin. Mouillé dans le port Nord-Ouest du canal Dentrecasteaux, à 6 h. du soir.",,,,
495,517,11 - Routes et séjour dans le canal Dentrecasteaux (Terre de Diémen),les corvettes,1802-01-20,30 nivôse an X,1802-01-20,"-43,0736","147,4261","145,0889",43.4.25,Sud,0145.5.20,Orientales,△,△,"11,3",27,"7,0","746,7",996,//,SE. NO. O. OSO. ONO. Foible brise ; grains ; beau temps.,A,,//,,,,,Symbole d'ancre après la date grégorienne.
495,517,11 - Routes et séjour dans le canal Dentrecasteaux (Terre de Diémen),les corvettes,1802-01-21,1er pluviôse an X,1802-01-21,,,,,Sud,,Orientales,,,//,//,,,,//,N. NO. ONO. Petit frais ; grains légers ; temps couv.,,♒,//,,,oui,,Séjour au port du NO. du canal Dentrecasteaux. (accolade 1er-10 pluviôse). Symbole d'ancre après la date grégorienne.
495,517,11 - Routes et séjour dans le canal Dentrecasteaux (Terre de Diémen),les corvettes,1802-01-22,2 pluviôse an X,1802-01-22,,,,,Sud,,Orientales,,,//,//,,,,//,O. NO. NE. ENE. OSO. Petit frais ; beau temps.,,,//,,,oui,,Séjour au port du NO. du canal Dentrecasteaux. (accolade 1er-10 pluviôse)
495,517,11 - Routes et séjour dans le canal Dentrecasteaux (Terre de Diémen),les corvettes,1802-01-23,3 pluviôse an X,1802-01-23,,,,,Sud,,Orientales,,,//,//,,,,//,Calme ; ESE. Presque calme ; beau temps.,☋,,//,,,oui,,Séjour au port du NO. du canal Dentrecasteaux. (accolade 1er-10 pluviôse). Points lunaires : fin de l'accolade « Constitution boréale ».
495,517,11 - Routes et séjour dans le canal Dentrecasteaux (Terre de Diémen),les corvettes,1802-01-24,4 pluviôse an X,1802-01-24,,,,,Sud,,Orientales,,,"17,9",//,,,,75,"NO. Presque calme ; SO. NO. ESE. S. OSO. Variables et par fortes rafales ; b. temps, ciel nuageux.",D,,//,,,oui,,Séjour au port du NO. du canal Dentrecasteaux. (accolade 1er-10 pluviôse). Points lunaires : début de l'accolade « Constitution australe ».
495,517,11 - Routes et séjour dans le canal Dentrecasteaux (Terre de Diémen),les corvettes,1802-01-25,5 pluviôse an X,1802-01-25,,,,,Sud,,Orientales,,,"17,5",//,,,,69,"O. OSO. NE. ENE. Presque calme ; beau temps, ciel brumeux.",,,//,,,oui,,Séjour au port du NO. du canal Dentrecasteaux. (accolade 1er-10 pluviôse)
495,517,11 - Routes et séjour dans le canal Dentrecasteaux (Terre de Diémen),les corvettes,1802-01-26,6 pluviôse an X,1802-01-26,,,,,Sud,,Orientales,,,"15,0",27,"10,5","754,6",1006,81,ENE. Bon frais par rafales ; foible dans la nuit ; temps brumeux.,,,//,,,oui,,Séjour au port du NO. du canal Dentrecasteaux. (accolade 1er-10 pluviôse)
495,517,11 - Routes et séjour dans le canal Dentrecasteaux (Terre de Diémen),les corvettes,1802-01-27,7 pluviôse an X,1802-01-27,,,,,Sud,,Orientales,,,"15,0",27,"4,7","741,5",989,//,"NO. O. Bon frais par fortes rafales ; temps brumeux le matin, et beau le soir.",☽,,//,,,oui,,Séjour au port du NO. du canal Dentrecasteaux. (accolade 1er-10 pluviôse)
495,517,11 - Routes et séjour dans le canal Dentrecasteaux (Terre de Diémen),les corvettes,1802-01-28,8 pluviôse an X,1802-01-28,,,,,Sud,,Orientales,,,"15,0",28,"0,0","758,0",1011,//,O. ONO. Bon frais par fortes rafales ; petite pluie par intervalles.,,,//,,,oui,,Séjour au port du NO. du canal Dentrecasteaux. (accolade 1er-10 pluviôse)
495,517,11 - Routes et séjour dans le canal Dentrecasteaux (Terre de Diémen),les corvettes,1802-01-29,9 pluviôse an X,1802-01-29,,,,,Sud,,Orientales,,,"15,0",27,"8,0","748,9",999,//,ONO. NO. OSO. O. Bon frais par rafales ; pluie par intervalles.,,,//,,,oui,,Séjour au port du NO. du canal Dentrecasteaux. (accolade 1er-10 pluviôse)
495,517,11 - Routes et séjour dans le canal Dentrecasteaux (Terre de Diémen),les corvettes,1802-01-30,10 pluviôse an X,1802-01-30,,,,,Sud,,Orientales,,,"13,0",28,"3,6","766,1",1021,//,OSO. SO. E. Presque calme ; beau temps.,,,//,,,oui,,Séjour au port du NO. du canal Dentrecasteaux. (accolade 1er-10 pluviôse). Points lunaires : fin de l'accolade « Constitution australe » (bas de page).
496,518,11 - Routes et séjour dans le canal Dentrecasteaux (Terre de Diémen),les corvettes,1802-01-31,11 pluviôse an X,1802-01-31,,,,,Sud,,Orientales,,,"14,5",28,"1,0","760,2",1014,//,NNO. ENE. E. ONO. Presque calme ; beau temps.,L,,//,,,oui,,Séjour au port NO. du canal Dentrecasteaux. (accolade 11-27 pluviôse) Colonne Thermomètre : en-tête « + ». Colonne DÉCLINAISON : en-tête « NE. ». Points lunaires : accolade « Constitution australe » en cours. Points solaires : accolade « Été austral » en cours.
496,518,11 - Routes et séjour dans le canal Dentrecasteaux (Terre de Diémen),les corvettes,1802-02-01,12 pluviôse an X,1802-02-01,,,,,Sud,,Orientales,,,"14,5",28,"2,5","763,6",1018,//,ONO. Par fortes risées. O. OSO. Joli frais ; b. temps.,,,//,,,oui,,Séjour au port NO. du canal Dentrecasteaux. (accolade 11-27 pluviôse)
496,518,11 - Routes et séjour dans le canal Dentrecasteaux (Terre de Diémen),les corvettes,1802-02-02,13 pluviôse an X,1802-02-02,,,,,Sud,,Orientales,,,"13,8",28,"3,0","764,7",1020,//,OSO. ENE. NE. E. Très-foible ; beau temps.,P,,//,"A l'observatoire, le thermomètre, à midi, marquoit 19d,5 : la différence avec celui du bord est donc 5d,7.",,oui,,Séjour au port NO. du canal Dentrecasteaux. (accolade 11-27 pluviôse)
496,518,11 - Routes et séjour dans le canal Dentrecasteaux (Terre de Diémen),les corvettes,1802-02-03,14 pluviôse an X,1802-02-03,,,,,Sud,,Orientales,,,"15,0",28,"2,0","762,5",1017,//,Calme ; fraîcheurs de l'ENE. à l'E. ; temps brumeux.,●,,//,,,oui,,Séjour au port NO. du canal Dentrecasteaux. (accolade 11-27 pluviôse)
496,518,11 - Routes et séjour dans le canal Dentrecasteaux (Terre de Diémen),les corvettes,1802-02-04,15 pluviôse an X,1802-02-04,,,,,Sud,,Orientales,,,"15,0",28,"2,0","762,5",1017,//,"Calme; NNE. SE. ONO. Petit frais, mollissant le soir ; temps humide et brumeux.",,,//,,,oui,,Séjour au port NO. du canal Dentrecasteaux. (accolade 11-27 pluviôse)
496,518,11 - Routes et séjour dans le canal Dentrecasteaux (Terre de Diémen),les corvettes,1802-02-05,16 pluviôse an X,1802-02-05,,,,,Sud,,Orientales,,,"14,5",28,"1,0","760,2",1014,//,"ONO. SO. SE. NE. NO. Presque calme ; beau temps, un peu brumeux.",☊,,//,"Au coucher du soleil, le disque de cet astre étoit d'une couleur rouge très-éclatante.",,oui,,Séjour au port NO. du canal Dentrecasteaux. (accolade 11-27 pluviôse) Points lunaires : fin de l'accolade « Constitution australe ».
496,518,11 - Routes et séjour dans le canal Dentrecasteaux (Terre de Diémen),les corvettes,1802-02-06,17 pluviôse an X,1802-02-06,,,,,Sud,,Orientales,,,"14,9",27,"10,0","753,5",1005,//,"N.O. SO. S. Bon frais par fortes rafales ; le soir, SSO. Petite brise ; beau temps.",♌,,//,"Depuis 3 h. du matin jusqu'à onze, vent du N. accompagné d'une chaleur étouffante : le thermomètre, en moins d'un quart d'heure, est monté de 11 d. à 22 d. R.",,oui,,Séjour au port NO. du canal Dentrecasteaux. (accolade 11-27 pluviôse) Points lunaires : début de l'accolade « Constitution boréale ».
496,518,11 - Routes et séjour dans le canal Dentrecasteaux (Terre de Diémen),les corvettes,1802-02-07,18 pluviôse an X,1802-02-07,,,,,Sud,,Orientales,,,"13,0",28,"0,5","759,1",1012,//,NO. NE. E. S. Petit frais et calme ; temps brumeux.,,,//,,,oui,,Séjour au port NO. du canal Dentrecasteaux. (accolade 11-27 pluviôse)
496,518,11 - Routes et séjour dans le canal Dentrecasteaux (Terre de Diémen),les corvettes,1802-02-08,19 pluviôse an X,1802-02-08,,,,,Sud,,Orientales,,,"13,5",28,"0,5","759,1",1012,//,S. E. NNE. Presque calme ; temps nébuleux.,,,//,,,oui,,Séjour au port NO. du canal Dentrecasteaux. (accolade 11-27 pluviôse)
496,518,11 - Routes et séjour dans le canal Dentrecasteaux (Terre de Diémen),les corvettes,1802-02-09,20 pluviôse an X,1802-02-09,,,,,Sud,,Orientales,,,"14,8",27,"8,7","750,5",1001,//,"NO. O. S. NE. Presque calme et calme plat ; temps brumeux, pluie.",☾,,//,"Position de l'observatoire établi sur l'îlot de l'aiguade dans le port Nord-Ouest. Latit. S...... 43° 0' 55"" Longit. E.P.. 145. 2. 45.",,oui,,Séjour au port NO. du canal Dentrecasteaux. (accolade 11-27 pluviôse)
496,518,11 - Routes et séjour dans le canal Dentrecasteaux (Terre de Diémen),les corvettes,1802-02-10,21 pluviôse an X,1802-02-10,,,,,Sud,,Orientales,,,"15,2",27,"9,5","752,3",1003,//,NE. S. Presque calme et calme plat ; temps couv. et brum.,,,//,,,oui,,Séjour au port NO. du canal Dentrecasteaux. (accolade 11-27 pluviôse)
496,518,11 - Routes et séjour dans le canal Dentrecasteaux (Terre de Diémen),les corvettes,1802-02-11,22 pluviôse an X,1802-02-11,,,,,Sud,,Orientales,,,"13,5",27,"10,5","754,6",1006,//,"Calme ; S. Petit fr. calmissant le soir ; temps brum., pluie.",,,//,,,oui,,Séjour au port NO. du canal Dentrecasteaux. (accolade 11-27 pluviôse)
496,518,11 - Routes et séjour dans le canal Dentrecasteaux (Terre de Diémen),les corvettes,1802-02-12,23 pluviôse an X,1802-02-12,,,,,Sud,,Orientales,,,"14,0",28,"0,0","758,0",1011,//,Calme ; S. Petite brise ; temps couvert et humide.,,,//,,,oui,,Séjour au port NO. du canal Dentrecasteaux. (accolade 11-27 pluviôse)
496,518,11 - Routes et séjour dans le canal Dentrecasteaux (Terre de Diémen),les corvettes,1802-02-13,24 pluviôse an X,1802-02-13,,,,,Sud,,Orientales,,,"14,0",28,"1,5","761,3",1015,//,SSE. S. Presque calme et calme plat ; le soir NE. Joli frais ; beau temps.,λ,,//,,,oui,,Séjour au port NO. du canal Dentrecasteaux. (accolade 11-27 pluviôse)
496,518,11 - Routes et séjour dans le canal Dentrecasteaux (Terre de Diémen),les corvettes,1802-02-14,25 pluviôse an X,1802-02-14,,,,,Sud,,Orientales,,,"14,3",28,"1,5","761,3",1015,//,NNE. NE. SSO. SE. NE. Petit frais ; beau temps.,,,//,"Cette déclinaison magnétique est moyenne de toutes les observations faites à terre, à l'observatoire, avec les boussoles du Géographe et celles du Naturaliste. Inclinaison moyenne au même point 70° 8' 37"".",25-26 pluviôse,oui,,Séjour au port NO. du canal Dentrecasteaux. (accolade 11-27 pluviôse)
496,518,11 - Routes et séjour dans le canal Dentrecasteaux (Terre de Diémen),les corvettes,1802-02-15,26 pluviôse an X,1802-02-15,,,,,Sud,,Orientales,,,"16,9",28,"3,9","766,8",1022,//,"ONO. SSO. NNE. NE. E. N. Joli frais ; dans la nuit, NNE. Bonne brise par rafales ; beau temps.",A,,9° 18',"Cette déclinaison magnétique est moyenne de toutes les observations faites à terre, à l'observatoire, avec les boussoles du Géographe et celles du Naturaliste. Inclinaison moyenne au même point 70° 8' 37"".",25-26 pluviôse,oui,,Séjour au port NO. du canal Dentrecasteaux. (accolade 11-27 pluviôse)
496,518,11 - Routes et séjour dans le canal Dentrecasteaux (Terre de Diémen),les corvettes,1802-02-16,27 pluviôse an X,1802-02-16,,,,,Sud,,Orientales,,,"14,9",28,"1,0","760,2",1014,//,NNE. NO. NE. Joli frais ; N. NO. NNE. S. SO. Foible brise variable ; beau temps.,,,//,Appareillé du canal Dentrecasteaux à 7 h. 45' du matin.,,oui,,Séjour au port NO. du canal Dentrecasteaux. (accolade 11-27 pluviôse) Points lunaires : fin de l'accolade « Constitution boréale ». Points solaires : fin de l'accolade « Été austral ».
497,519,"12 - Routes sur la côte orientale de la Terre de Diémen, 1re campagne",les corvettes,1802-02-17,28 pluviôse an X,1802-02-17,"-43,0833","147,6122","145,2750",43.5.0,Sud,145.16.30,Orientales,△,△,"16,5",28,"2,0","762,5",1017,//,ESE. SSE. Foible brise très-variable ; beau temps.,,,//,,,,,Colonne Thermomètre : en-tête « + ». Colonne DÉCLINAISON : en-tête « NE. ». Points lunaires : accolade « Constit. bor.e » en cours. Points solaires : accolade « Été austral » en cours.
497,519,"12 - Routes sur la côte orientale de la Terre de Diémen, 1re campagne",les corvettes,1802-02-18,29 pluviôse an X,1802-02-18,"-43,0361","148,1928","145,8556",43.2.10,Sud,145.51.20,Orientales,△,△,"13,0",28,"4,0","767,0",1023,//,OSO. S. SO. SSE. SE. Petite brise presque calme ; temps couvert et brumeux.,○,,//,"Mouillé dans l'O. de l'île Maria, à 4 h. du soir.",,,,
497,519,"12 - Routes sur la côte orientale de la Terre de Diémen, 1re campagne",les corvettes,1802-02-19,30 pluviôse an X,1802-02-19,"-42,7033","148,2028","145,8656",42.42.12,Sud,145.51.56,Orientales,△,△,"15,0",28,"1,0","760,2",1014,//,NE. NNE. N. NO. NNO. Joli frais ; beau temps.,☋,♓,//,Au mouillage devant l'île Maria.,,,,Symbole d'ancre après la date grégorienne. Points lunaires : fin de l'accolade « Constit. bor.e ».
497,519,"12 - Routes sur la côte orientale de la Terre de Diémen, 1re campagne",les corvettes,1802-02-20,1er ventôse an X,1802-02-20,,,,,Sud,,Orientales,,,"15,4",27,"11,0","755,7",1008,//,Folles ventes presque calme ; SSE. E. Petit fr. ; ESE. ENE. Petite brise ; NE. NNE. N. Joli frais ; temps brumeux.,D,,//,,,oui,,SÉJOUR A L'ÎLE MARIA. (accolade 1er-7 ventôse) Points lunaires : début de l'accolade « Constitution australe ».
497,519,"12 - Routes sur la côte orientale de la Terre de Diémen, 1re campagne",les corvettes,1802-02-21,2 ventôse an X,1802-02-21,,,,,Sud,,Orientales,,,"15,0",27,"10,5","754,6",1006,//,Vents très-variables du N. au SE. par l'E. ; foible brise ; beau temps.,,,//,,,oui,,SÉJOUR A L'ÎLE MARIA. (accolade 1er-7 ventôse)
497,519,"12 - Routes sur la côte orientale de la Terre de Diémen, 1re campagne",les corvettes,1802-02-22,3 ventôse an X,1802-02-22,,,,,Sud,,Orientales,,,"12,6",28,"2,7","764,1",1019,//,SSE. SSO. ESE. E. NE. ENE. Petit frais ; temps nébuleux.,,,//,,,oui,,SÉJOUR A L'ÎLE MARIA. (accolade 1er-7 ventôse)
497,519,"12 - Routes sur la côte orientale de la Terre de Diémen, 1re campagne",les corvettes,1802-02-23,4 ventôse an X,1802-02-23,,,,,Sud,,Orientales,,,"13,8",28,"0,0","758,0",1011,//,Du NNE. au NNO. Foible brise ; temps couvert et pluv.,,,//,,,oui,,SÉJOUR A L'ÎLE MARIA. (accolade 1er-7 ventôse)
497,519,"12 - Routes sur la côte orientale de la Terre de Diémen, 1re campagne",les corvettes,1802-02-24,5 ventôse an X,1802-02-24,,,,,Sud,,Orientales,,,"12,0",27,"9,5","752,3",1003,//,"N. ONO. Foibles ; S. SSO. Bon frais ; temps par grains, pl.",,,//,,,oui,,SÉJOUR A L'ÎLE MARIA. (accolade 1er-7 ventôse)
497,519,"12 - Routes sur la côte orientale de la Terre de Diémen, 1re campagne",les corvettes,1802-02-25,6 ventôse an X,1802-02-25,,,,,Sud,,Orientales,,,"12,0",28,"4,5","768,1",1024,//,SO. O. SE. NE. N. Foible brise ; N. NO. Joli fr. ; beau temps.,☽,,//,,,oui,,SÉJOUR A L'ÎLE MARIA. (accolade 1er-7 ventôse)
497,519,"12 - Routes sur la côte orientale de la Terre de Diémen, 1re campagne",les corvettes,1802-02-26,7 ventôse an X,1802-02-26,,,,,Sud,,Orientales,,,"14,0",28,"3,0","764,7",1020,//,NO. Foible brise ; b. temps.,,,//,,,oui,,SÉJOUR A L'ÎLE MARIA. (accolade 1er-7 ventôse)
497,519,"12 - Routes sur la côte orientale de la Terre de Diémen, 1re campagne",les corvettes,1802-02-27,8 ventôse an X,1802-02-27,"-42,7736","148,1956","145,8583",42.46.25,Sud,145.51.30,Orientales,△,△,"14,0",28,"4,3","767,7",1024,//,Calme ; SSE. Foible brise ; NE. N. Joli frais ; beau temps.,L,,9° 8',Appareillé de l'île Maria à 9 h. du matin.,,,,
497,519,"12 - Routes sur la côte orientale de la Terre de Diémen, 1re campagne",les corvettes,1802-02-28,9 ventôse an X,1802-02-28,"-43,0753","148,5808","146,2436",43.4.31,Sud,146.14.37,Orientales,,*,"15,0",28,"4,3","767,7",1024,//,"N. NNO. N. Petit fr. le matin : le soir, joli frais ; b. temps.",,,11. 49.,,,,,
497,519,"12 - Routes sur la côte orientale de la Terre de Diémen, 1re campagne",les corvettes,1802-03-01,10 ventôse an X,1802-03-01,"-42,9000","149,5372","147,2000",42.54.0,Sud,147.12.0,Orientales,*,*,"13,5",28,"3,0","764,7",1020,//,NNO. N. NNE. Bon frais et joli fr. ; temps couv. ; pluie.,,,11. 36.,,,,,
497,519,"12 - Routes sur la côte orientale de la Terre de Diémen, 1re campagne",les corvettes,1802-03-02,11 ventôse an X,1802-03-02,"-42,2475","148,9872","146,6500",42.14.51,Sud,146.39.0,Orientales,,*,"14,0",28,"3,0","764,7",1020,//,N. NNE. NNO. Joli frais ; temps brumeux et pluvieux.,,,12. 57.,,,,,
497,519,"12 - Routes sur la côte orientale de la Terre de Diémen, 1re campagne",les corvettes,1802-03-03,12 ventôse an X,1802-03-03,"-41,8000","148,9039","146,5667",41.48.0,Sud,146.34.0,Orientales,*,*,"14,7",28,"2,5","763,6",1018,//,"N. SE. ESE. Petit frais ; presque calme et joli frais ; ciel nuageux, temps humide.",P,,11. 47.,,,,,
497,519,"12 - Routes sur la côte orientale de la Terre de Diémen, 1re campagne",les corvettes,1802-03-04,13 ventôse an X,1802-03-04,"-41,5317","149,5336","147,1964",41.31.54,Sud,147.11.47,Orientales,,,"14,5",28,"1,0","760,2",1014,//,"Très-variable ; S. SE. Petit fr. ; ciel nuag., brume et pluie.",,,//,,,,,Points lunaires : fin de l'accolade « Constitution australe ».
497,519,"12 - Routes sur la côte orientale de la Terre de Diémen, 1re campagne",les corvettes,1802-03-05,14 ventôse an X,1802-03-05,"-41,5636","149,2917","146,9544",41.33.49,Sud,146.57.16,Orientales,,*,"13,0",28,"1,0","760,2",1014,//,SE. ESE. Petit frais ; temps couvert.,●.♌.☊,,//,,,,,Points lunaires : début de l'accolade « C. bor. ».
497,519,"12 - Routes sur la côte orientale de la Terre de Diémen, 1re campagne",les corvettes,1802-03-06,15 ventôse an X,1802-03-06,"-42,1789","148,7194","146,3822",42.10.44,Sud,146.22.56,Orientales,,,"14,2",28,"2,5","763,6",1018,//,Presque calme ; NE. ENE. N. Joli frais ; beau temps.,,,8. 35.,"Le grand canot du Géographe, expédié pour faire l'exploration de la côte, a été abandonné en mer dans la soirée du 6 mars : recueilli d'abord par un navire pêcheur Anglois, ensuite par le Naturaliste, il n'a pu rejoindre son bâtiment que lors de sa relâche au port Jackson, le 28 juin suivant.",,,,
497,519,"12 - Routes sur la côte orientale de la Terre de Diémen, 1re campagne",les corvettes,1802-03-07,16 ventôse an X,1802-03-07,"-42,0792","148,6206","146,2833",42.4.45,Sud,146.17.0,Orientales,,,"14,6",27,"11,5","756,8",1009,//,NO. N. Joli frais ; temps humide ; OSO. SO. Grand frais par grains.,,,10. 21.,,,,,"N.B. Les corvettes le Géographe et le Naturaliste se sont séparées dans la nuit du 6 au 7 mars ; les routes qui vont suivre, jusqu'au 22 juin 1802, se rapporteront exclusivement au premier de ces navires. Points lunaires : accolade « Constit. bor.e »."
497,519,"12 - Routes sur la côte orientale de la Terre de Diémen, 1re campagne",les corvettes,1802-03-08,17 ventôse an X,1802-03-08,"-41,8197","148,6194","146,2822",41.49.11,Sud,146.16.56,Orientales,,,"11,5",28,"2,0","762,5",1017,//,SO. Bon frais ; SE. NE. N. Joli frais ; SO. Grand frais ; beau temps.,,,//,,,,,Points lunaires : accolade « Constit. bor.e » se poursuit. Points solaires : accolade « Été austral » se poursuit.
498,520,13 - Routes du Géographe dans le détroit de Banks et celui de Bass,le Géographe,1802-03-09,18 ventôse an X,1802-03-09,"-41,6833","148,6019","146,2647",41.41.0,Sud,146.15.53,Orientales,*,,"12,0",28,"0,0","758,0",1011,//,SO. O. S. SSE. SSO. Joli fr. ; beau temps.,,,//,"Le 9, à 6 h. du soir, le ciel avoit un aspect orageux ; de gros nuages noirs étoient stationnaires, la couleur du soleil très-rouge et ses rayons divergens bien marqués à l'horizon. Je vis dans un rideau de nuages qui le surmontoit, une queue très-sensible, qui bientôt forma une colonne noire qui descendoit verticalement jusqu'à la mer ; sa grosseur étoit par-tout égale ; mais la partie qui touchoit au nuage s'évadoit en forme d'entonnoir. Après avoir duré environ trois minutes, elle s'inclina, se rompit, et disparut entièrement. Quelque temps avant l'apparition de cette trombe, il y eut une saute subite de vent pendant laquelle la brise qui souffloit joli frais ne diminua point de force. (Cette observation est de M. LESCHENAULT.)",,,,Colonne Thermomètre : en-tête « + ». Colonne DÉCLINAISON : en-tête « NE. ». Points lunaires : accolade « Constitution boréale » en cours. Points solaires : accolade « Été austral » en cours.
498,520,13 - Routes du Géographe dans le détroit de Banks et celui de Bass,le Géographe,1802-03-10,19 ventôse an X,1802-03-10,"-41,6108","149,4878","147,1506",41.36.39,Sud,0147.9.2,Orientales,,,"10,5",28,"5,0","769,2",1026,//,SSO. Grand frais par rafales ; S. SE. Joli fr. ; NE. N. Foible brise ; beau temps.,,,//,,,,,
498,520,13 - Routes du Géographe dans le détroit de Banks et celui de Bass,le Géographe,1802-03-11,20 ventôse an X,1802-03-11,"-42,2739","148,6031","146,2658",42.16.26,Sud,146.15.57,Orientales,,,"13,8",28,"1,0","760,2",1014,//,NNO. N. Joli frais et grand frais par rafales ; b. temps.,☾,,//,,,,,
498,520,13 - Routes du Géographe dans le détroit de Banks et celui de Bass,le Géographe,1802-03-12,21 ventôse an X,1802-03-12,"-42,1864","149,8378","147,5006",42.11.11,Sud,147.30.2,Orientales,,,"13,6",27,"10,5","754,6",1006,//,"NNO. N. NO. Bon frais ; ciel couvert, temps humide.",λ,,//,,,,,
498,520,13 - Routes du Géographe dans le détroit de Banks et celui de Bass,le Géographe,1802-03-13,22 ventôse an X,1802-03-13,"-41,5689","149,9014","147,5642",41.34.8,Sud,147.33.51,Orientales,,,"16,0",27,"11,0","755,7",1008,//,NO. ONO. Joli frais ; beau temps.,,,9° 52',,,,,
498,520,13 - Routes du Géographe dans le détroit de Banks et celui de Bass,le Géographe,1802-03-14,23 ventôse an X,1802-03-14,"-41,3719","149,4206","147,0833",41.22.19,Sud,147.5.0,Orientales,*,*,"13,4",28,"2,5","763,6",1018,//,SSO. S. ESE. SE. Bon frais ; temps sombre et brumeux.,,,//,,,,,
498,520,13 - Routes du Géographe dans le détroit de Banks et celui de Bass,le Géographe,1802-03-15,24 ventôse an X,1802-03-15,"-41,0219","149,3706","147,0333",41.1.19,Sud,147.2.0,Orientales,*,*,"12,8",28,"3,0","764,7",1020,//,"E. ESE. ENE. ESE. Bon fr. ; temps à grains, pluie.",A,,//,,,,,
498,520,13 - Routes du Géographe dans le détroit de Banks et celui de Bass,le Géographe,1802-03-16,25 ventôse an X,1802-03-16,"-41,4000","149,7872","147,4500",41.24.0,Sud,147.27.0,Orientales,,*,"12,6",28,"4,8","768,8",1025,//,"ESE. SE. ESE. Bon frais et joli frais ; temps couvert, par grains avec pluie.",,,//,,,,,
498,520,13 - Routes du Géographe dans le détroit de Banks et celui de Bass,le Géographe,1802-03-17,26 ventôse an X,1802-03-17,"-40,8017","148,9092","146,5719",40.48.6,Sud,146.34.19,Orientales,,,"12,8",28,"6,0","771,5",1029,//,"E. ENE. Petit frais ; ciel nuageux, beau temps.",,,10. 46.,,,,,
498,520,13 - Routes du Géographe dans le détroit de Banks et celui de Bass,le Géographe,1802-03-18,27 ventôse an X,1802-03-18,"-40,6278","147,6689","145,3317",40.37.40,Sud,145.19.54,Orientales,,,"14,2",28,"3,0","764,7",1020,//,"E. ESE. Joli frais ; ciel couvert, temps par grains.",,,//,,,,,Points lunaires : fin de l'accolade « Constitution boréale ».
498,520,13 - Routes du Géographe dans le détroit de Banks et celui de Bass,le Géographe,1802-03-19,28 ventôse an X,1802-03-19,"-40,7369","147,8056","145,4683",40.44.13,Sud,145.28.6,Orientales,,△,"15,4",28,"1,0","760,2",1014,//,E. SE. Presque calme ; O. OSO. Bon frais ; beau temps.,○.D.♈,,4. 42.,,,,,Points lunaires : début de l'accolade « Constitution australe ».
498,520,13 - Routes du Géographe dans le détroit de Banks et celui de Bass,le Géographe,1802-03-20,29 ventôse an X,1802-03-20,"-40,3628","147,5353","145,1981",40.21.46,Sud,145.11.53,Orientales,,,"13,5",28,"1,5","761,3",1015,//,OSO. O. NO. N. Foible brise ; beau temps.,,,//,,,,,Points solaires : fin de l'accolade « Été austral ».
498,520,13 - Routes du Géographe dans le détroit de Banks et celui de Bass,le Géographe,1802-03-21,30 ventôse an X,1802-03-21,"-40,4961","146,9778","144,6406",40.29.46,Sud,144.38.26,Orientales,,*,"12,0",27,"6,5","745,6",994,//,"N. ONO. O. OSO. Bon frais ; temps à grains, pluie, fortes rafales.",,♈,//,,,,,Points solaires : début de l'accolade « Automne australe ».
498,520,13 - Routes du Géographe dans le détroit de Banks et celui de Bass,le Géographe,1802-03-22,1er germinal an X,1802-03-22,"-39,4089","147,5039","145,1667",39.24.32,Sud,145.10.0,Orientales,△,△,"12,0",28,"0,0","758,0",1011,//,"OSO. SO. OSO. Grand frais ; beau temps, ciel nuageux.",,,//,"S'il est vrai que l'équinoxe influe sur le mauvais temps que l'on éprouve ordinairement à cette époque dans les mers d'Europe, l'on peut croire que la même chose a lieu dans la partie australe du globe.",,,,
498,520,13 - Routes du Géographe dans le détroit de Banks et celui de Bass,le Géographe,1802-03-23,2 germinal an X,1802-03-23,"-39,1094","149,4203","147,0831",39.6.34,Sud,147.4.59,Orientales,,,"11,4",28,"1,5","761,3",1015,//,SO. OSO. SO. Bon frais ; beau temps.,,,//,,,,,
498,520,13 - Routes du Géographe dans le détroit de Banks et celui de Bass,le Géographe,1802-03-24,3 germinal an X,1802-03-24,"-38,4447","148,7275","146,3903",38.26.41,Sud,146.23.25,Orientales,,,"13,0",28,"3,0","764,7",1020,//,OSO. O. NO. OSO. Petit fr. ; beau temps.,,,8. 31.,,,,,
498,520,13 - Routes du Géographe dans le détroit de Banks et celui de Bass,le Géographe,1802-03-25,4 germinal an X,1802-03-25,"-38,9350","149,3056","146,9683",38.56.6,Sud,146.58.6,Orientales,,,"11,0",28,"4,5","768,1",1024,//,OSO. SO. Bon fr. par rafales ; grains et pluie.,,,8. 56.,"Les vents souffloient déjà avec impétuosité ; mais, au lever de la lune, les grains furent tellement fréquens et les rafales si fortes, que l'on fut obligé de mettre à la cape.",,,,
498,520,13 - Routes du Géographe dans le détroit de Banks et celui de Bass,le Géographe,1802-03-26,5 germinal an X,1802-03-26,"-38,7131","148,7517","146,4144",38.42.47,Sud,146.24.52,Orientales,*,*,"12,0",28,"8,0","776,0",1035,//,"SO. SSO. Petit fr. ; SE. E. NE. Presque calme ; E. Joli frais ; ciel nuageux, pluie par intervalles.",L,,10. 25.,"L'amplitude occase a donné 15° 47' de déclinaison N.E., et l'azimuth seulement 10° 25' : je crois cette dernière observation préférable.",,,,
498,520,13 - Routes du Géographe dans le détroit de Banks et celui de Bass,le Géographe,1802-03-27,6 germinal an X,1802-03-27,"-39,0339","148,0853","145,7481",39.2.2,Sud,145.44.53,Orientales,,,"12,8",28,"7,5","774,9",1033,//,E. ENE. NE. Joli frais ; beau temps.,☽,,10. 43.,,,,,
498,520,13 - Routes du Géographe dans le détroit de Banks et celui de Bass,le Géographe,1802-03-28,7 germinal an X,1802-03-28,"-39,5014","146,5389","144,2017",39.30.5,Sud,0144.12.6,Orientales,,,"13,8",28,"7,0","773,8",1032,//,ENE. E. NE. Joli frais ; beau temps.,,,8. 2.,,,,,
499,521,"14 - Routes du Géographe à la Terre Napoléon, 1re campagne",le Géographe,1802-03-29,8 germinal an X,1802-03-29,"-38,7917","145,5917","143,2544",38.47.30,Sud,143.15.16,Orientales,,,"14,5",28,"7,5","774,9",1033,//,NE. SE. ESE. Petit frais ; beau temps.,,,8° 25',,,,,Colonne Thermomètre : en-tête « + ». Colonne DÉCLINAISON : en-tête « NE. ». Points lunaires : accolade « Constit. aust.e » en cours. Points solaires : accolade « Automne australe » en cours.
499,521,"14 - Routes du Géographe à la Terre Napoléon, 1re campagne",le Géographe,1802-03-30,9 germinal an X,1802-03-30,"-38,5500","144,6100","142,2728",38.33.0,Sud,142.16.22,Orientales,,*,"13,2",28,"8,0","776,0",1035,//,E. ENE. SE. ESE. Joli frais ; beau temps.,,,5. 25.,,,,,
499,521,"14 - Routes du Géographe à la Terre Napoléon, 1re campagne",le Géographe,1802-03-31,10 germinal an X,1802-03-31,"-38,8733","143,3247","140,9875",38.52.24,Sud,140.59.15,Orientales,,,"13,0",28,"7,5","774,9",1033,//,"E. ENE. ESE. Joli frais ; beau temps, l'atmosphère d'une sérénité parfaite.",,,6. 17.,,,,,
499,521,"14 - Routes du Géographe à la Terre Napoléon, 1re campagne",le Géographe,1802-04-01,11 germinal an X,1802-04-01,"-38,4569","142,2381","139,9008",38.27.25,Sud,139.54.3,Orientales,,,"14,3",28,"6,5","772,6",1030,//,ENE. NE. ESE. E. Petite brise ; beau temps.,P. ♌,,7. 6.,"Il est à remarquer que, depuis quelques jours, les vents ont été assez ordinairement du NNE. au NE. Ils souffloient bonne brise jusque sur les 9 ou 10 heures, diminuoient ensuite sensiblement, en sorte qu'à midi nous nous trouvions en calme. Depuis midi jusqu'à 2 heures, les vents se haloient de l'E. au SE., et reprenoient de la force.",11-12 germinal,,,Points lunaires : fin de l'accolade « Constit. aust.e ».
499,521,"14 - Routes du Géographe à la Terre Napoléon, 1re campagne",le Géographe,1802-04-02,12 germinal an X,1802-04-02,"-38,2986","141,2956","138,9583",38.17.55,Sud,138.57.30,Orientales,,*,"16,0",28,"6,0","771,5",1029,//,ENE. NNE. N. SE. E. ENE. Foible brise ; beau temps.,λ,,6. 45.,"Il est à remarquer que, depuis quelques jours, les vents ont été assez ordinairement du NNE. au NE. Ils souffloient bonne brise jusque sur les 9 ou 10 heures, diminuoient ensuite sensiblement, en sorte qu'à midi nous nous trouvions en calme. Depuis midi jusqu'à 2 heures, les vents se haloient de l'E. au SE., et reprenoient de la force.",11-12 germinal,,,Points lunaires : début de l'accolade « Constitution boréale ».
499,521,"14 - Routes du Géographe à la Terre Napoléon, 1re campagne",le Géographe,1802-04-03,13 germinal an X,1802-04-03,"-37,8744","140,1900","137,8528",37.52.28,Sud,137.51.10,Orientales,,,"14,9",28,"6,0","771,5",1029,//,ENE. NE. N. ONO. OSO. SO. E. Presque calme ; b. temps.,●,,3. 39.,Les courans nous portent fortement dans l'Ouest.,,,,
499,521,"14 - Routes du Géographe à la Terre Napoléon, 1re campagne",le Géographe,1802-04-04,14 germinal an X,1802-04-04,"-37,9383","140,6442","138,3069",37.56.18,Sud,138.18.25,Orientales,,,"14,5",28,"4,0","767,0",1023,//,E. NNE. N. SO. OSO. SE. E. ENE. Presque calme ; beau temps.,,,4. 36.,,,,,
499,521,"14 - Routes du Géographe à la Terre Napoléon, 1re campagne",le Géographe,1802-04-05,15 germinal an X,1802-04-05,"-37,8086","140,1831","137,8458",37.48.31,Sud,137.50.45,Orientales,*,*,"14,0",28,"9,0","778,3",1038,//,"NNE. N. SO. NNE. NNO. N. O. Presque calme ; ciel couvert, pluie.",,,4. 26.,,,,,
499,521,"14 - Routes du Géographe à la Terre Napoléon, 1re campagne",le Géographe,1802-04-06,16 germinal an X,1802-04-06,"-37,5000","140,0039","137,6667",37.30.0,Sud,137.40.0,Orientales,*,,"14,0",28,"2,5","763,6",1018,//,SSO. S. SE. SSE. Petit frais ; ESE. Joli frais ; b. temps.,,,4. 12.,,,,,
499,521,"14 - Routes du Géographe à la Terre Napoléon, 1re campagne",le Géographe,1802-04-07,17 germinal an X,1802-04-07,"-37,0319","139,5622","137,2250",37.1.55,Sud,137.13.30,Orientales,,,"13,0",28,"2,5","763,6",1018,//,SE. E. SSE. S. SE. Joli frais ; beau temps.,,,3. 34.,,,,,
499,521,"14 - Routes du Géographe à la Terre Napoléon, 1re campagne",le Géographe,1802-04-08,18 germinal an X,1802-04-08,"-36,0228","139,3964","137,0592",36.1.22,Sud,137.3.33,Orientales,,*,"13,0",28,"3,0","764,7",1020,//,SE. S. SO. SSE. SE. Bon frais ; beau temps.,λ,,3. 58.,"A 6 heures du soir, rencontré la corvette l'Investigator, commandée par le capitaine FLINDERS, naviguant, comme nous, en découvertes.",,,,
499,521,"14 - Routes du Géographe à la Terre Napoléon, 1re campagne",le Géographe,1802-04-09,19 germinal an X,1802-04-09,"-35,5833","138,4028","136,0656",35.35.0,Sud,136.3.56,Orientales,,*,"13,5",28,"2,5","763,6",1018,//,SE. SSO. S. Brise inégale et variable ; beau temps.,,,5. 22.,,,,,
499,521,"14 - Routes du Géographe à la Terre Napoléon, 1re campagne",le Géographe,1802-04-10,20 germinal an X,1802-04-10,"-35,6472","138,1575","135,8203",35.38.50,Sud,135.49.13,Orientales,,,"14,0",28,"1,5","761,3",1015,//,"S. SSE. E. Presque calme ; ciel nuageux, beau temps.",☾,,3. 59.,Jeté l'ancre dans la baie Du-Guay-Trouin sur l'île Decrès.,,,,
499,521,"14 - Routes du Géographe à la Terre Napoléon, 1re campagne",le Géographe,1802-04-11,21 germinal an X,1802-04-11,"-35,6633","137,7286","135,3914",35.39.48,Sud,135.23.29,Orientales,,,"14,0",27,"11,0","755,7",1008,//,"N. NNE. Petit frais, joli frais ; ciel couvert, éclairs dans le NO. ; temps à grains, pluie.",,,//,,,,,
499,521,"14 - Routes du Géographe à la Terre Napoléon, 1re campagne",le Géographe,1802-04-12,22 germinal an X,1802-04-12,"-35,4500","137,9567","135,6194",35.27.0,Sud,135.37.10,Orientales,,,"14,0",27,"10,5","754,6",1006,//,O. NO. N. SSO. S. SSE. Brise inégale et foible ; b. temps.,A,,4. 23.,Entré dans le golfe Joséphine.,,,,
499,521,"14 - Routes du Géographe à la Terre Napoléon, 1re campagne",le Géographe,1802-04-13,23 germinal an X,1802-04-13,"-32,2000","138,3094","135,9722",32.12.0,Sud,135.58.20,Orientales,,,"13,0",28,"3,3","765,4",1021,//,SSE. S. Bon frais par grains ; joli frais ; ciel nuageux.,,,4. 46.,,,,,
499,521,"14 - Routes du Géographe à la Terre Napoléon, 1re campagne",le Géographe,1802-04-14,24 germinal an X,1802-04-14,"-35,0556","137,9139","135,5767",35.3.20,Sud,135.34.36,Orientales,*,*,"12,5",28,"6,5","772,6",1030,//,"SE. ESE. Joli frais, petit frais ; temps à grains, pluie.",,,1. 29.,,,,,
499,521,"14 - Routes du Géographe à la Terre Napoléon, 1re campagne",le Géographe,1802-04-15,25 germinal an X,1802-04-15,"-35,5114","137,2928","134,9556",35.30.41,Sud,134.57.20,Orientales,,,"12,0",28,"6,0","771,5",1029,//,ESE. Joli frais ; beau temps.,♋,,3. 43.,En vue des îles Vauban.,,,,Points lunaires : fin de l'accolade « Constitution boréale ».
500,522,"14 - Routes du Géographe à la Terre Napoléon, 1re campagne",le Géographe,1802-04-16,26 germinal an X,1802-04-16,"-35,2525","136,6928","134,3556",35.15.9,Sud,134.21.20,Orientales,,,"14,8",28,"4,0","767,0",1023,//,"ESE. ENE. N. Joli frais, mollissant par degrés. N. SSO. S. Presque calme ; b. temps.",D,,1° 33',"Entré dans le golfe Bonaparte, en passant à l'E. des îles Berthier.",,,,Suite de la table 14. Colonne Thermomètre : en-tête « + ». Colonne DÉCLINAISON : en-tête « NE. ». Points lunaires : accolade « Constitution australe » en cours. Points solaires : accolade « Automne austral » en cours.
500,522,"14 - Routes du Géographe à la Terre Napoléon, 1re campagne",le Géographe,1802-04-17,27 germinal an X,1802-04-17,"-34,7128","137,1289","134,7917",34.42.46,Sud,134.47.30,Orientales,,,"13,5",28,"4,5","768,1",1024,//,S. SE. Foible brise ; b. temps.,,,1. 34.,En vue de l'île Dalberg.,,,,
500,522,"14 - Routes du Géographe à la Terre Napoléon, 1re campagne",le Géographe,1802-04-18,28 germinal an X,1802-04-18,"-34,1939","137,2772","134,9400",34.11.38,Sud,134.56.24,Orientales,,,"14,0",28,"3,5","765,9",1021,//,SE. E. ONO. SO. S. SSE. Foibles et variables ; b. temps.,○,,1. 49.,,,,,
500,522,"14 - Routes du Géographe à la Terre Napoléon, 1re campagne",le Géographe,1802-04-19,29 germinal an X,1802-04-19,"-34,7425","136,7806","134,4433",34.44.33,Sud,134.26.36,Orientales,*,*,"12,3",28,"1,5","761,3",1015,//,"NO. ONO. OSO. SO. Bon fr. ; temps à grains, ciel couv., pluie très-froide la nuit.",,,//,,,,,
500,522,"14 - Routes du Géographe à la Terre Napoléon, 1re campagne",le Géographe,1802-04-20,30 germinal an X,1802-04-20,"-34,6489","137,1539","134,8167",34.38.56,Sud,134.49.0,Orientales,,△,"10,8",28,"2,5","763,6",1018,//,SSO. SO. Grand frais par rafales ; grains avec pluie ; temps couvert.,,,//,,,,,
500,522,"14 - Routes du Géographe à la Terre Napoléon, 1re campagne",le Géographe,1802-04-21,1er floréal an X,1802-04-21,"-34,7228","137,0289","134,6917",34.43.22,Sud,134.41.30,Orientales,,△,"12,0",28,"3,0","764,7",1020,//,SSO. SO. Bon frais par rafales ; grains et pluie.,,♉,//,,,,,
500,522,"14 - Routes du Géographe à la Terre Napoléon, 1re campagne",le Géographe,1802-04-22,2 floréal an X,1802-04-22,"-34,6408","136,6642","134,3269",34.38.27,Sud,134.19.37,Orientales,,,"11,5",28,"1,0","760,2",1014,//,"SSO. SO. S. Bon frais par rafales ; temps à grains, pluie par intervalles.",,,//,,,,,
500,522,"14 - Routes du Géographe à la Terre Napoléon, 1re campagne",le Géographe,1802-04-23,3 floréal an X,1802-04-23,"-34,8411","136,5372","134,2000",34.50.28,Sud,134.12.0,Orientales,,,"11,6",28,"4,0","767,0",1023,//,SSO. S. SE. Joli frais ; ciel nuageux ; beau temps.,L,,3. 41.,,,,,
500,522,"14 - Routes du Géographe à la Terre Napoléon, 1re campagne",le Géographe,1802-04-24,4 floréal an X,1802-04-24,"-35,4236","136,4789","134,1417",35.25.25,Sud,0134.8.30,Orientales,,,"12,5",28,"6,0","771,5",1029,//,"SSE. ESE. SE. Jolie brise ; ciel nuageux, beau temps.",,,4. 38.,En vue des îles Berthier. Sorti du golfe Bonaparte.,,,,
500,522,"14 - Routes du Géographe à la Terre Napoléon, 1re campagne",le Géographe,1802-04-25,5 floréal an X,1802-04-25,"-35,3175","135,9225","133,5853",35.19.3,Sud,133.35.7,Orientales,,,"12,0",28,"7,5","774,9",1033,//,"E. ESE. ENE. E. Joli frais ; ciel nuageux, beau temps.",☽,,//,En vue des îles Catinat.,,,,
500,522,"14 - Routes du Géographe à la Terre Napoléon, 1re campagne",le Géographe,1802-04-26,6 floréal an X,1802-04-26,"-34,8214","135,2669","132,9297",34.49.17,Sud,132.55.47,Orientales,*,*,"14,0",28,"6,5","772,6",1030,//,ENE. ESE. SSE. E. Petit fr. ; beau temps.,,,1. 30.,En vue des îles Laplace.,,,,
500,522,"14 - Routes du Géographe à la Terre Napoléon, 1re campagne",le Géographe,1802-04-27,7 floréal an X,1802-04-27,"-33,9222","134,8647","132,5275",33.55.20,Sud,132.31.39,Orientales,,,"13,1",28,"6,5","772,6",1030,//,ESE. E. ENE. SO. SSE. NNE. Presque calme ; b. temps.,P,,1. 9.,Mouillé pendant la nuit dans l'E. et à 10 milles du cap du Vétéran.,,,,
500,522,"14 - Routes du Géographe à la Terre Napoléon, 1re campagne",le Géographe,1802-04-28,8 floréal an X,1802-04-28,"-33,7931","134,8072","132,4700",33.47.35,Sud,132.28.12,Orientales,,,"13,6",28,"5,0","769,2",1026,//,NE. NNO. OSO. NE. Presque calme ; beau temps.,♌,,0. 29.,En vue des îles Jérôme.,,,,Points lunaires : fin de l'accolade « Constitution australe ».
500,522,"14 - Routes du Géographe à la Terre Napoléon, 1re campagne",le Géographe,1802-04-29,9 floréal an X,1802-04-29,"-33,6150","133,8178","131,4806",33.36.54,Sud,131.28.50,Orientales,,,"14,8",28,"3,0","764,7",1020,//,"NNE. NO. Joli frais ; calme plat ; S. SE. Foible brise ; b. temps, ciel nuageux.",λ,,2. 35.,,,,,Points lunaires : début de l'accolade « Constitution boréale ».
500,522,"14 - Routes du Géographe à la Terre Napoléon, 1re campagne",le Géographe,1802-04-30,10 floréal an X,1802-04-30,"-32,7747","133,9406","131,6033",32.46.29,Sud,131.36.12,Orientales,*,*,"12,9",28,"0,5","759,1",1012,//,SE. ENE. NE. Foible brise ; NNE. Petit frais ; ciel couv.,,,//,En vue de l'île Cuvier.,,,,
500,522,"14 - Routes du Géographe à la Terre Napoléon, 1re campagne",le Géographe,1802-05-01,11 floréal an X,1802-05-01,"-32,8108","133,1914","130,8542",32.48.39,Sud,130.51.15,Orientales,*,*,"14,8",27,"11,0","755,7",1008,//,N. NO. ONO. Joli frais ; O. SSO. SE. SO. Folles ventes et calmes par intervalles ; ciel nuageux.,,,3. 14.,En vue des îles Saint-François.,,,,
500,522,"14 - Routes du Géographe à la Terre Napoléon, 1re campagne",le Géographe,1802-05-02,12 floréal an X,1802-05-02,"-32,5167","133,6125","131,2753",32.31.0,Sud,131.16.31,Orientales,*,,"14,3",28,"1,5","761,3",1015,//,"ONO. SO. ONO. O. Jolie brise, un peu inégale ; quelques grains avec pluie ; ciel nuageux.",●,,1. 30.,En vue des îles Saint-Pierre.,,,,
500,522,"14 - Routes du Géographe à la Terre Napoléon, 1re campagne",le Géographe,1802-05-03,13 floréal an X,1802-05-03,"-33,0272","133,3850","131,0478",33.1.38,Sud,131.2.52,Orientales,*,,"13,7",28,"3,8","766,5",1022,//,O. OSO. SO. Petit frais ; OSO. O. Foibles et variables ; ciel nuageux.,,,0. 30.,,,,,Colonne DÉCLINAISON : en-tête « NO. » à partir de cette ligne.
500,522,"14 - Routes du Géographe à la Terre Napoléon, 1re campagne",le Géographe,1802-05-04,14 floréal an X,1802-05-04,"-32,7700","132,9894","130,6522",32.46.12,Sud,130.39.8,Orientales,,,"14,0",28,"2,0","762,5",1017,//,"ONO. Variable au NNO. NNE. ENE. N. Très-foibles ; ciel nuageux, beau temps.",,,0. 27.,,,,,
501,523,"14 - Routes du Géographe à la Terre Napoléon, 1re campagne",le Géographe,1802-05-05,15 floréal an X,1802-05-05,"-32,3697","132,6928","130,3556",32.22.11,Sud,130.21.20,Orientales,,*,"14,3",28,"1,0","760,2",1014,//,"ONO. OSO. O. Grand frais par rafales ; grains et pluie, ciel couvert.",,,//,,,,,Suite de la table 14. Colonne Thermomètre : en-tête « + ». Points lunaires : accolade « Constitution boréale » en cours. Points solaires : accolade « Automne austral » en cours.
501,523,"14 - Routes du Géographe à la Terre Napoléon, 1re campagne",le Géographe,1802-05-06,16 floréal an X,1802-05-06,"-33,4347","133,3883","131,0511",33.26.5,Sud,0131.3.4,Orientales,,*,"11,8",28,"3,0","764,7",1020,//,"OSO. SO. SSO. Bon fr., mollissant par degrés ; temps couvert.",λ,,//,,,,,
501,523,"14 - Routes du Géographe à la Terre Napoléon, 1re campagne",le Géographe,1802-05-07,17 floréal an X,1802-05-07,"-33,2194","133,0603","130,7231",33.13.10,Sud,130.43.23,Orientales,,*,"12,0",28,"3,8","766,5",1022,//,SO. SSO. SE. ESE. E. Brise très-foible et variable ; ciel couvert.,,,//,,,,,
501,523,"14 - Routes du Géographe à la Terre Napoléon, 1re campagne",le Géographe,1802-05-08,18 floréal an X,1802-05-08,"-32,5722","131,9539","129,6167",32.34.20,Sud,129.37.0,Orientales,,*,"12,0",28,"3,0","764,7",1020,//,"ENE. NE. NNE. Joli frais et bon fr. par grains avec pluie ; temps orageux, éclairs ; ciel couvert.",,,//,En vue des îles Montenote.,,,,Fin de la table 14.
501,523,"15 - Routes du Géographe, de la Terre Napoléon au port Jackson, en passant au S. de la Terre de Diémen",le Géographe,1802-05-09,19 floréal an X,1802-05-09,"-34,2508","131,6594","129,3222",34.15.3,Sud,129.19.20,Orientales,*,*,"13,7",27,"11,0","755,7",1008,//,N. Bon frais et joli fr. ; temps à grains et pluvieux.,,,NO.,,,,,Début de la table 15. Colonne DÉCLINAISON : en-tête « NO. ».
501,523,"15 - Routes du Géographe, de la Terre Napoléon au port Jackson, en passant au S. de la Terre de Diémen",le Géographe,1802-05-10,20 floréal an X,1802-05-10,"-35,9339","132,0233","129,6861",35.56.2,Sud,129.41.10,Orientales,,,"13,4",27,"11,5","756,8",1009,//,"NO. NE. NNO. O. OSO. SO. Foible et très-variable ; SO. Joli frais ; beau temps ; ciel couvert, temps humide ; tonnerres dans le lointain.",☾. A,,//,,,,,
501,523,"15 - Routes du Géographe, de la Terre Napoléon au port Jackson, en passant au S. de la Terre de Diémen",le Géographe,1802-05-11,21 floréal an X,1802-05-11,"-37,1317","132,9539","130,6167",37.7.54,Sud,130.37.0,Orientales,,,"11,8",28,"2,0","762,5",1017,//,OSO. Joli frais par grains ; O. NO. Foible brise ; temps humide.,,,1° 10',,,,,
501,523,"15 - Routes du Géographe, de la Terre Napoléon au port Jackson, en passant au S. de la Terre de Diémen",le Géographe,1802-05-12,22 floréal an X,1802-05-12,"-38,4342","133,9014","131,5642",38.26.3,Sud,131.33.51,Orientales,,,"12,0",28,"3,0","764,7",1020,//,NO. NNO. Bon frais ; temps humide ; ciel nuageux.,♋,,//,,,,,Points lunaires : fin de l'accolade « Constitution boréale ».
501,523,"15 - Routes du Géographe, de la Terre Napoléon au port Jackson, en passant au S. de la Terre de Diémen",le Géographe,1802-05-13,23 floréal an X,1802-05-13,"-40,6544","135,8942","133,5569",40.39.16,Sud,133.33.25,Orientales,,,"10,5",28,"1,0","760,2",1014,//,NNO. Variable au SO. par l'O. Joli frais ; brise inégale et foible sur le soir ; b. temps.,D,,//,,,,,Points lunaires : début de l'accolade « Constitution australe ».
501,523,"15 - Routes du Géographe, de la Terre Napoléon au port Jackson, en passant au S. de la Terre de Diémen",le Géographe,1802-05-14,24 floréal an X,1802-05-14,"-41,8167","137,2428","134,9056",41.49.0,Sud,134.54.20,Orientales,*,*,"10,7",28,"1,0","760,2",1014,//,"NE. NNE. Joli frais, petit fr. et calme ; temps sombre et pluvieux.",,,//,,,,,
501,523,"15 - Routes du Géographe, de la Terre Napoléon au port Jackson, en passant au S. de la Terre de Diémen",le Géographe,1802-05-15,25 floréal an X,1802-05-15,"-42,7547","136,8750","134,5378",42.45.17,Sud,134.32.16,Orientales,*,*,"8,4",28,"4,5","768,1",1024,//,SE. Bon frais ; ESE. Joli frais et petit frais ; temps couv. ; pluie dans la matinée.,,,//,,,,,
501,523,"15 - Routes du Géographe, de la Terre Napoléon au port Jackson, en passant au S. de la Terre de Diémen",le Géographe,1802-05-16,26 floréal an X,1802-05-16,"-43,3606","137,3306","134,9933",43.21.38,Sud,134.59.36,Orientales,,,"7,4",28,"5,5","770,4",1027,//,ESE. SE. Foible ; SSE. Joli fr. et petit frais ; ciel nuageux ; beau temps.,,,//,,,,,
501,523,"15 - Routes du Géographe, de la Terre Napoléon au port Jackson, en passant au S. de la Terre de Diémen",le Géographe,1802-05-17,27 floréal an X,1802-05-17,"-43,1944","139,3706","137,0333",43.11.40,Sud,137.2.0,Orientales,*,*,"8,0",28,"3,0","764,7",1020,//,S. SSO. SO. Jolie brise inégale ; ciel nuageux ; un peu de pluie.,,,//,,,,,
501,523,"15 - Routes du Géographe, de la Terre Napoléon au port Jackson, en passant au S. de la Terre de Diémen",le Géographe,1802-05-18,28 floréal an X,1802-05-18,"-43,7167","141,0256","138,6883",43.43.0,Sud,138.41.18,Orientales,*,*,"9,4",28,"2,5","763,6",1018,//,OSO. SO. O. Joli frais ; grains et pluie.,○,,//,,,,,
502,524,"15 - Routes du Géographe, de la Terre Napoléon au port Jackson, en passant au S. de la Terre de Diémen",le Géographe,1802-05-19,29 floréal an X,1802-05-19,"-43,7167","146,2622","143,9250",43.43.0,Sud,143.55.30,Orientales,△,△,"10,5",28,"1,0","760,2",1014,//,"O. ONO. Grand frais par rafales ; grains et pluie ; sur le soir, folles ventes et calmes ; ciel nuageux.",,,//,"A 8 h. du matin, vue de la Terre de Diémen.",,,,Colonne Thermomètre : en-tête « + ». Points lunaires : accolade « Constitution australe » en cours. Points solaires : accolade « Automne austral » en cours.
502,524,"15 - Routes du Géographe, de la Terre Napoléon au port Jackson, en passant au S. de la Terre de Diémen",le Géographe,1802-05-20,30 floréal an X,1802-05-20,"-43,3403","147,4817","145,1444",43.20.25,Sud,145.8.40,Orientales,△,△,"9,0",28,"0,0","758,0",1011,//,"NO. SO. Joli frais inégal ; grains et pluie. SSO. SO. Foible ; beau temps, ciel nuageux.",L,,//,"Mouillé dans la baie de l'Aventure, à 9 h. du matin.",,,,Symbole d'ancre après la date grégorienne.
502,524,"15 - Routes du Géographe, de la Terre Napoléon au port Jackson, en passant au S. de la Terre de Diémen",le Géographe,1802-05-21,1er prairial an X,1802-05-21,,,,,Sud,,Orientales,,,"9,0",28,"2,5","763,6",1018,//,"SO. O. NO. SO. Petit frais, foiblissant ; beau temps, ciel nuageux.",,,//,,,oui,,Mouillé dans la baie de l'Aventure.
502,524,"15 - Routes du Géographe, de la Terre Napoléon au port Jackson, en passant au S. de la Terre de Diémen",le Géographe,1802-05-22,2 prairial an X,1802-05-22,"-43,3222","147,9594","145,6222",43.19.20,Sud,145.37.20,Orientales,△,△,"11,0",28,"1,0","760,2",1014,85,O. ONO. NNO. NO. Brise foible et inégale ; b. temps.,P,♊,//,Remis en mer à 7 h. du matin.,,,,
502,524,"15 - Routes du Géographe, de la Terre Napoléon au port Jackson, en passant au S. de la Terre de Diémen",le Géographe,1802-05-23,3 prairial an X,1802-05-23,"-42,7167","149,0397","146,7025",42.43.0,Sud,146.42.9,Orientales,,,"12,0",28,"0,0","758,0",1011,94,"NO. NNO. Jolie brise ; beau temps, ciel nuageux.",,,//,"Au jour, en vue de l'île Schouten.",,,,
502,524,"15 - Routes du Géographe, de la Terre Napoléon au port Jackson, en passant au S. de la Terre de Diémen",le Géographe,1802-05-24,4 prairial an X,1802-05-24,"-41,9800","149,3206","146,9833",41.58.48,Sud,146.59.0,Orientales,*,*,"11,5",28,"0,0","758,0",1011,95,"ONO. O. SO. S. Jolie brise ; S. SE. Petit frais ; calme ; ciel nuageux, beau temps.",☾,,//,,,,,
502,524,"15 - Routes du Géographe, de la Terre Napoléon au port Jackson, en passant au S. de la Terre de Diémen",le Géographe,1802-05-25,5 prairial an X,1802-05-25,"-42,1511","148,6539","146,3167",42.9.4,Sud,146.19.0,Orientales,,,"11,3",27,"11,0","755,7",1008,98,ONO. NO. Brise foible ; N. NNO. Bonne brise ; beau temps.,☊,,8° 37',En vue de la presqu'île Freycinet.,,,,Colonne DÉCLINAISON : mention « NE. » au-dessus de la valeur. Points lunaires : fin de l'accolade « Constitution australe ».
502,524,"15 - Routes du Géographe, de la Terre Napoléon au port Jackson, en passant au S. de la Terre de Diémen",le Géographe,1802-05-26,6 prairial an X,1802-05-26,"-42,0392","148,7372","146,4000",42.2.21,Sud,146.24.0,Orientales,*,*,"12,1",27,"10,5","754,6",1006,//,NNO. N. NO. Bonne brise ; temps couvert et humide ; éclairs dans le Sud.,♌,,//,"Le soir, en vue de l'île Maria.",,,,Points lunaires : début de l'accolade « Constitution boréale ».
502,524,"15 - Routes du Géographe, de la Terre Napoléon au port Jackson, en passant au S. de la Terre de Diémen",le Géographe,1802-05-27,7 prairial an X,1802-05-27,"-41,4211","149,1706","146,8333",41.25.16,Sud,146.50.0,Orientales,*,*,"11,5",27,"10,0","753,5",1005,//,NO. ONO. O. Bon frais par rafales ; ciel nuageux.,,,//,,,,,
502,524,"15 - Routes du Géographe, de la Terre Napoléon au port Jackson, en passant au S. de la Terre de Diémen",le Géographe,1802-05-28,8 prairial an X,1802-05-28,"-41,1039","149,0706","146,7333",41.6.14,Sud,146.44.0,Orientales,,*,"11,5",28,"1,0","760,2",1014,//,SO. Bon frais par rafales ; ciel nuageux.,,,//,,,,,
502,524,"15 - Routes du Géographe, de la Terre Napoléon au port Jackson, en passant au S. de la Terre de Diémen",le Géographe,1802-05-29,9 prairial an X,1802-05-29,"-41,2556","150,3881","148,0508",41.15.20,Sud,0148.3.3,Orientales,,,"12,3",28,"3,5","765,9",1021,92,SO. Petit fr. par grains ; pluie ; calme le soir.,,,//,,,,,
502,524,"15 - Routes du Géographe, de la Terre Napoléon au port Jackson, en passant au S. de la Terre de Diémen",le Géographe,1802-05-30,10 prairial an X,1802-05-30,"-41,6364","150,2706","147,9333",41.38.11,Sud,147.56.0,Orientales,,*,"12,0",28,"1,0","760,2",1014,90,Calme ; NO. ONO. O. SO. Foible brise ; ciel couvert.,,,//,,,,,
502,524,"15 - Routes du Géographe, de la Terre Napoléon au port Jackson, en passant au S. de la Terre de Diémen",le Géographe,1802-05-31,11 prairial an X,1802-05-31,"-41,3592","149,8836","147,5464",41.21.33,Sud,147.32.47,Orientales,,,"11,0",28,"2,5","763,6",1018,98,SO. S. SE. E. ENE. Foible et variable ; ciel nuageux ; petite pluie par intervalles.,●,,7. 55.,,,,,
502,524,"15 - Routes du Géographe, de la Terre Napoléon au port Jackson, en passant au S. de la Terre de Diémen",le Géographe,1802-06-01,12 prairial an X,1802-06-01,"-41,3814","148,9886","146,6514",41.22.53,Sud,146.39.5,Orientales,,,"10,5",28,"5,0","769,2",1026,//,NE. ENE. NO. NE. ENE. Foibles et tres-variables ; grains avec pluie.,,,//,En vue de la côte Orientale de la Terre de Diémen (a),,,,"Note (a) en bas de table : (a) Observations faites en mer, sur le pont de la corvette. Inclinaison magnétique, aiguille N.o 2 : 67° 45' / 67. 45. / 68. 0. / 67. 15. ; aiguille N.o 4 : 69° 30' / 70. 0. / 70. 15. / 70. 0. Inclinaison moyenne : 67° 41' 15"" et 69° 56' 15"". Inclinaison moyenne des deux aiguilles : 68° 48' 45""."
502,524,"15 - Routes du Géographe, de la Terre Napoléon au port Jackson, en passant au S. de la Terre de Diémen",le Géographe,1802-06-02,13 prairial an X,1802-06-02,"-41,7000","149,4742","147,1369",41.42.0,Sud,0147.8.13,Orientales,*,*,"10,0",28,"2,5","763,6",1018,//,"Calme ; ENE. NE. Bon frais par rafales ; grains et grosse pluie, tonnerres et grêle.",λ,,//,,,,,Points lunaires : accolade « Constitution boréale » se poursuit. Points solaires : accolade « Automne austral » se poursuit.
503,525,"15 - Routes du Géographe, de la Terre Napoléon au port Jackson, en passant au S. de la Terre de Diémen",le Géographe,1802-06-03,14 prairial an X,1802-06-03,"-42,3614","150,0914","147,7542",42.21.41,Sud,147.45.15,Orientales,*,*,"10,0",27,"11,0","755,7",1008,//,E. ESE. SE. SSE. Grand frais par rafales ; grains et pluie ; temps sombre.,,,//,,,,,Colonne Thermomètre : en-tête « + ». Colonne DÉCLINAISON : en-tête « NE. ». Points lunaires : accolade « Constitution boréale » en cours. Points solaires : accolade « Automne austral » en cours.
503,525,"15 - Routes du Géographe, de la Terre Napoléon au port Jackson, en passant au S. de la Terre de Diémen",le Géographe,1802-06-04,15 prairial an X,1802-06-04,"-41,1578","150,7736","148,4364",41.9.28,Sud,148.26.11,Orientales,,*,"11,0",27,"9,0","751,2",1002,//,SSE. Grand frais par violentes rafales ; temps humide et par grains.,,,//,Mis en route pour le port Jackson.,,,,
503,525,"15 - Routes du Géographe, de la Terre Napoléon au port Jackson, en passant au S. de la Terre de Diémen",le Géographe,1802-06-05,16 prairial an X,1802-06-05,"-38,6833","153,1706","150,8333",38.41.0,Sud,150.50.0,Orientales,,*,"10,0",27,"11,5","756,8",1009,//,"S. Grand frais par rafales, mollissant par degrés ; grains avec pluie.",,,//,,,,,
503,525,"15 - Routes du Géographe, de la Terre Napoléon au port Jackson, en passant au S. de la Terre de Diémen",le Géographe,1802-06-06,17 prairial an X,1802-06-06,"-36,6286","153,7783","151,4411",36.37.43,Sud,151.26.28,Orientales,,,"11,5",28,"3,0","764,7",1020,//,S. SSO. Joli frais par grains avec pluie ; ciel nuageux.,A,,//,,,,,
503,525,"15 - Routes du Géographe, de la Terre Napoléon au port Jackson, en passant au S. de la Terre de Diémen",le Géographe,1802-06-07,18 prairial an X,1802-06-07,"-34,3978","152,7872","150,4500",34.23.52,Sud,150.27.0,Orientales,,*,"12,4",28,"4,5","768,1",1024,//,S. SE. Bon frais par grains avec pluie ; ciel nuageux.,,,//,,,,,
503,525,"15 - Routes du Géographe, de la Terre Napoléon au port Jackson, en passant au S. de la Terre de Diémen",le Géographe,1802-06-08,19 prairial an X,1802-06-08,"-33,7333","152,2039","149,8667",33.44.0,Sud,149.52.0,Orientales,*,*,"13,0",28,"4,0","767,0",1023,//,ESE. E. Bon frais par rafales ; grains et pluie ; ciel nuag.,☾.♉,,//,,,,,Points lunaires : fin de l'accolade « Constitution boréale ».
503,525,"15 - Routes du Géographe, de la Terre Napoléon au port Jackson, en passant au S. de la Terre de Diémen",le Géographe,1802-06-09,20 prairial an X,1802-06-09,"-33,8297","152,8667","150,5294",33.49.47,Sud,150.31.46,Orientales,,,"14,5",28,"1,0","760,2",1014,//,"SE. SSE. S. Bon frais ; grains, rafales et pluie ; ciel nuag.",D,,//,,,,saut_position,Points lunaires : début de l'accolade « Constitution australe ».
503,525,"15 - Routes du Géographe, de la Terre Napoléon au port Jackson, en passant au S. de la Terre de Diémen",le Géographe,1802-06-10,21 prairial an X,1802-06-10,"-33,8333","151,9039","149,5667",33.50.0,Sud,149.34.0,Orientales,*,*,"13,6",28,"1,5","761,3",1015,//,"S. Bon frais et joli fr. ; grains, rafales et pluie ; temps sombre.",,,//,En vue des terres de l'entrée de Botany-Bay.,,,saut_position,
503,525,"15 - Routes du Géographe, de la Terre Napoléon au port Jackson, en passant au S. de la Terre de Diémen",le Géographe,1802-06-11,22 prairial an X,1802-06-11,"-33,4469","151,8800","149,5428",33.26.49,Sud,149.32.34,Orientales,,,"12,4",28,"1,0","760,2",1014,//,S. SSO. Bon frais par rafales ; grains et pluie par intervalles ; ciel nuageux.,,,//,,,,saut_position,
503,525,"15 - Routes du Géographe, de la Terre Napoléon au port Jackson, en passant au S. de la Terre de Diémen",le Géographe,1802-06-12,23 prairial an X,1802-06-12,"-33,4156","151,9486","149,6114",33.24.56,Sud,149.36.41,Orientales,,,"12,0",28,"1,5","761,3",1015,//,"SSO. SO. Joli frais ; b. temps, ciel nuageux.",,,9° 56',Les courans nous portent de 8 milles au N.,,,,
503,525,"15 - Routes du Géographe, de la Terre Napoléon au port Jackson, en passant au S. de la Terre de Diémen",le Géographe,1802-06-13,24 prairial an X,1802-06-13,"-34,0586","152,0039","149,6667",34.3.31,Sud,149.40.0,Orientales,,,"11,2",28,"0,0","758,0",1011,//,SO. SSO. Bonne brise par grains. Le temps s'est embelli sur le soir ; le vent petit frais et variable.,,,10. 48.,Les courans nous portent de 6 milles au N.,,,,
503,525,"15 - Routes du Géographe, de la Terre Napoléon au port Jackson, en passant au S. de la Terre de Diémen",le Géographe,1802-06-14,25 prairial an X,1802-06-14,"-33,7906","151,5039","149,1667",33.47.26,Sud,149.10.0,Orientales,,*,"11,0",28,"1,5","761,3",1015,//,SO. SSO. Petit frais ; SE. E. Foible brise ; calme plat ; beau temps.,,,//,,,,,
503,525,"15 - Routes du Géographe, de la Terre Napoléon au port Jackson, en passant au S. de la Terre de Diémen",le Géographe,1802-06-15,26 prairial an X,1802-06-15,"-33,7717","151,6372","149,3000",33.46.18,Sud,149.18.0,Orientales,,*,"11,7",28,"1,5","761,3",1015,//,"ENE. SSO. O. Variable ; orage avec forte pluie, grêle et tonnerre ; calme ; fraîcheurs de l'E. au SE. ; ciel nuag. ; éclairs au SSO.",,,//,Les courans nous portent de 8 milles au N.,,,,
503,525,"15 - Routes du Géographe, de la Terre Napoléon au port Jackson, en passant au S. de la Terre de Diémen",le Géographe,1802-06-16,27 prairial an X,1802-06-16,"-33,5217","151,8372","149,5000",33.31.18,Sud,149.30.0,Orientales,,*,"10,5",28,"3,0","764,7",1020,//,SSE. SO. OSO. Brise inégale et variable ; grains et pluie ; ciel nuageux.,○.L,,//,Les courans nous portent de 7 milles au N.,,,,
503,525,"15 - Routes du Géographe, de la Terre Napoléon au port Jackson, en passant au S. de la Terre de Diémen",le Géographe,1802-06-17,28 prairial an X,1802-06-17,"-34,1086","152,0039","149,6667",34.6.31,Sud,149.40.0,Orientales,,*,"9,5",28,"0,5","759,1",1012,//,"OSO. Bon frais inégal ; beau temps, ciel nuageux.",,,//,Les courans nous portent de 10 milles au N.,,,,
503,525,"15 - Routes du Géographe, de la Terre Napoléon au port Jackson, en passant au S. de la Terre de Diémen",le Géographe,1802-06-18,29 prairial an X,1802-06-18,"-33,5883","151,5372","149,2000",33.35.18,Sud,149.12.0,Orientales,,*,"10,0",27,"11,0","755,7",1008,//,"OSO. O. Bonne brise inégale ; beau temps, ciel nuageux.",,,//,Les courans nous portent de 11 milles au N.,,,,
503,525,"15 - Routes du Géographe, de la Terre Napoléon au port Jackson, en passant au S. de la Terre de Diémen",le Géographe,1802-06-19,30 prairial an X,1802-06-19,"-33,7667","151,4372","149,1000",33.46.0,Sud,149.6.0,Orientales,△,△,"11,0",28,"1,5","761,3",1015,//,SO. SSO. Bon frais inégal ; quelques rafales ; temps sombre et couvert.,P,,//,En vue de l'entrée du port Jackson. Les courans nous portent de 12 milles au N.,,,,
503,525,"15 - Routes du Géographe, de la Terre Napoléon au port Jackson, en passant au S. de la Terre de Diémen",le Géographe,1802-06-20,1er messidor an X,1802-06-20,"-33,7958","151,3372","149,0000",33.47.45,Sud,149.0.0,Orientales,△,△,"10,5",28,"3,0","764,7",1020,//,"S. OSO. S. Petit frais, calmissant ; beau temps.",,,//,"Mouillé à l'entrée du port Jackson, à 5 h. 45' du soir.",,,,
503,525,"15 - Routes du Géographe, de la Terre Napoléon au port Jackson, en passant au S. de la Terre de Diémen",le Géographe,1802-06-21,2 messidor an X,1802-06-21,"-33,8333","151,1978","148,8606",33.50.0,Sud,148.51.38,Orientales,△,△,"10,0",28,"2,5","763,6",1018,//,SO. OSO. Foibles et très-variables ; beau temps.,☊,,//,"Mis sous voiles à 10 h. du matin pour gagner le fond du port, où l'on a mouillé à 4 h. du soir.",,,,Points lunaires : fin de l'accolade « Constitution australe ». Points solaires : fin de l'accolade « Automne austral ». Signature « SSS 2 » en bas de page.
504,526,16 - Séjour au port Jackson (Nouvelle-Galles du Sud),les corvettes,1802-06-22,3 messidor an X,1802-06-22,"-33,8486","151,1597","148,8225",33.50.55,Sud,148.49.21,Orientales,△,△,"9,0",28,"3,8","766,5",1022,//,OSO. SO. Petit frais ; beau temps.,♌,♋,,"Au mouillage au S. de Sirius-Cove, à l'entrée de Neutral-Harbour.",,,,Table sans colonne DÉCLINAISON de la Boussole. Colonne Thermomètre : en-tête « + ». Symbole d'ancre après la date grégorienne. Points lunaires : début de l'accolade « Constitution boréale ». Points solaires : début de l'accolade « Hiver austral ».
504,526,16 - Séjour au port Jackson (Nouvelle-Galles du Sud),les corvettes,1802-06-23,4 messidor an X,1802-06-23,,,,,Sud,,Orientales,,,"10,0",28,"4,0","767,0",1023,//,O. SO. Foible ; beau temps.,☽,,,,,oui,,Accolade « SÉJOUR AU PORT JACKSON » en travers des colonnes LATITUDES et LONGITUDES (4 messidor - 25 messidor).
504,526,16 - Séjour au port Jackson (Nouvelle-Galles du Sud),les corvettes,1802-06-24,5 messidor an X,1802-06-24,,,,,Sud,,Orientales,,,"8,5",28,"3,4","765,6",1021,//,O. SO. Foible et variable ; b. temps.,,,,,,oui,,Accolade « SÉJOUR AU PORT JACKSON » en travers des colonnes LATITUDES et LONGITUDES (4 messidor - 25 messidor).
504,526,16 - Séjour au port Jackson (Nouvelle-Galles du Sud),les corvettes,1802-06-25,6 messidor an X,1802-06-25,,,,,Sud,,Orientales,,,//,//,//,,,//,N. NNE. NNO. NO. Petit frais ; pluie le soir.,,,,Notre observatoire a été établi sur la pointe Banelong.,,oui,,Accolade « SÉJOUR AU PORT JACKSON » en travers des colonnes LATITUDES et LONGITUDES (4 messidor - 25 messidor). Thermomètre et baromètre : //
504,526,16 - Séjour au port Jackson (Nouvelle-Galles du Sud),les corvettes,1802-06-26,7 messidor an X,1802-06-26,,,,,Sud,,Orientales,,,"9,9",28,"2,5","763,6",1018,//,"O. SSO. SO. Par risées ; grains, et pluie presque continuelle.",,,,,,oui,,Accolade « SÉJOUR AU PORT JACKSON » en travers des colonnes LATITUDES et LONGITUDES (4 messidor - 25 messidor).
504,526,16 - Séjour au port Jackson (Nouvelle-Galles du Sud),les corvettes,1802-06-27,8 messidor an X,1802-06-27,,,,,Sud,,Orientales,,,"9,8",28,"6,0","771,5",1029,//,"SSO. OSO. SO. S. SE. Petit frais dans la nuit ; grains, beaucoup de pluie, et de la grêle.",,,,,,oui,,Accolade « SÉJOUR AU PORT JACKSON » en travers des colonnes LATITUDES et LONGITUDES (4 messidor - 25 messidor).
504,526,16 - Séjour au port Jackson (Nouvelle-Galles du Sud),les corvettes,1802-06-28,9 messidor an X,1802-06-28,,,,,Sud,,Orientales,,,"9,8",//,//,,,//,ESE. Bon frais par rafales ; grains ; pluie dans la nuit.,,,,"Le 28 juin, la corvette le Naturaliste est entrée dans le port, et a opéré sa réunion avec le Géographe, après une séparation de cent quatorze jours.",,oui,,Accolade « SÉJOUR AU PORT JACKSON » en travers des colonnes LATITUDES et LONGITUDES (4 messidor - 25 messidor). Baromètre : //
504,526,16 - Séjour au port Jackson (Nouvelle-Galles du Sud),les corvettes,1802-06-29,10 messidor an X,1802-06-29,,,,,Sud,,Orientales,,,"12,0",//,//,,,99,SSO. Bon frais ; temps à grains avec pluie.,λ,,,,,oui,,Accolade « SÉJOUR AU PORT JACKSON » en travers des colonnes LATITUDES et LONGITUDES (4 messidor - 25 messidor). Baromètre : //
504,526,16 - Séjour au port Jackson (Nouvelle-Galles du Sud),les corvettes,1802-06-30,11 messidor an X,1802-06-30,,,,,Sud,,Orientales,,,"12,5",28,"2,0","762,5",1017,"88,5",SO. OSO. Forte brise inégale ; temps à grains.,●,,,,,oui,,Accolade « SÉJOUR AU PORT JACKSON » en travers des colonnes LATITUDES et LONGITUDES (4 messidor - 25 messidor).
504,526,16 - Séjour au port Jackson (Nouvelle-Galles du Sud),les corvettes,1802-07-01,12 messidor an X,1802-07-01,,,,,Sud,,Orientales,,,"11,0",28,"3,5","765,9",1021,//,SO. OSO. Forte brise ; ciel couvert ; temps humide.,,,,,,oui,,Accolade « SÉJOUR AU PORT JACKSON » en travers des colonnes LATITUDES et LONGITUDES (4 messidor - 25 messidor).
504,526,16 - Séjour au port Jackson (Nouvelle-Galles du Sud),les corvettes,1802-07-02,13 messidor an X,1802-07-02,,,,,Sud,,Orientales,,,"12,3",28,"4,0","767,0",1023,"98,5",OSO. S. SO. Variable ; ciel couvert ; pluie.,,,,,,oui,,Accolade « SÉJOUR AU PORT JACKSON » en travers des colonnes LATITUDES et LONGITUDES (4 messidor - 25 messidor).
504,526,16 - Séjour au port Jackson (Nouvelle-Galles du Sud),les corvettes,1802-07-03,14 messidor an X,1802-07-03,,,,,Sud,,Orientales,,,"19,0",//,//,,,"89,5",S. SO. Presque calme ; beau temps.,,,,,,oui,,Accolade « SÉJOUR AU PORT JACKSON » en travers des colonnes LATITUDES et LONGITUDES (4 messidor - 25 messidor). Baromètre : //
504,526,16 - Séjour au port Jackson (Nouvelle-Galles du Sud),les corvettes,1802-07-04,15 messidor an X,1802-07-04,,,,,Sud,,Orientales,,,"16,0",//,//,,,"81,5",S. SO. Petit frais par risées légères ; ciel couvert.,A,,,,,oui,,Accolade « SÉJOUR AU PORT JACKSON » en travers des colonnes LATITUDES et LONGITUDES (4 messidor - 25 messidor). Baromètre : //
504,526,16 - Séjour au port Jackson (Nouvelle-Galles du Sud),les corvettes,1802-07-05,16 messidor an X,1802-07-05,,,,,Sud,,Orientales,,,"13,0",//,//,,,87,S. OSO. Par rafales ; temps variable ; ciel nuageux.,,,,,,oui,,Accolade « SÉJOUR AU PORT JACKSON » en travers des colonnes LATITUDES et LONGITUDES (4 messidor - 25 messidor). Baromètre : //
504,526,16 - Séjour au port Jackson (Nouvelle-Galles du Sud),les corvettes,1802-07-06,17 messidor an X,1802-07-06,,,,,Sud,,Orientales,,,"12,5",//,//,,,"99,5",O. NO. N. Petit frais ; ciel couvert ; petite pluie de temps en temps.,♉,,,,,oui,,Accolade « SÉJOUR AU PORT JACKSON » en travers des colonnes LATITUDES et LONGITUDES (4 messidor - 25 messidor). Baromètre : //. Points lunaires : fin de l'accolade « Constitution boréale ».
504,526,16 - Séjour au port Jackson (Nouvelle-Galles du Sud),les corvettes,1802-07-07,18 messidor an X,1802-07-07,,,,,Sud,,Orientales,,,"17,6",//,//,,,96,"NO. ONO. Brise inégale ; brouillard le mat., ensuite b. temps depuis 9 h.",D,,,,,oui,,Accolade « SÉJOUR AU PORT JACKSON » en travers des colonnes LATITUDES et LONGITUDES (4 messidor - 25 messidor). Baromètre : //. Points lunaires : début de l'accolade « Constitution australe ».
504,526,16 - Séjour au port Jackson (Nouvelle-Galles du Sud),les corvettes,1802-07-08,19 messidor an X,1802-07-08,,,,,Sud,,Orientales,,,"11,0",//,//,,,95,SO. OSO. Presque calme ; ciel couv. ; grosse pluie à l'entrée de la nuit.,☾,,,,,oui,,Accolade « SÉJOUR AU PORT JACKSON » en travers des colonnes LATITUDES et LONGITUDES (4 messidor - 25 messidor). Baromètre : //
504,526,16 - Séjour au port Jackson (Nouvelle-Galles du Sud),les corvettes,1802-07-09,20 messidor an X,1802-07-09,,,,,Sud,,Orientales,,,"11,2",27,"11,5","756,8",1009,82,OSO. Petit frais ; beau temps ; ciel serein.,,,,,,oui,,Accolade « SÉJOUR AU PORT JACKSON » en travers des colonnes LATITUDES et LONGITUDES (4 messidor - 25 messidor).
504,526,16 - Séjour au port Jackson (Nouvelle-Galles du Sud),les corvettes,1802-07-10,21 messidor an X,1802-07-10,,,,,Sud,,Orientales,,,"12,8",28,"1,2","760,7",1014,92,"OSO. SO. Petite brise, par rafales ; beau temps.",,,,,,oui,,Accolade « SÉJOUR AU PORT JACKSON » en travers des colonnes LATITUDES et LONGITUDES (4 messidor - 25 messidor).
504,526,16 - Séjour au port Jackson (Nouvelle-Galles du Sud),les corvettes,1802-07-11,22 messidor an X,1802-07-11,,,,,Sud,,Orientales,,,"10,5",28,"0,7","759,5",1013,"80,5","SO. OSO. Jolie brise, par rafales ; beau temps.",,,,"Le matin, on a vu de la glace d'une ligne d'épaisseur ; à 8 h. du matin, le thermomètre de R. se soutenoit à + 5d,8 à l'observat.",,oui,,Accolade « SÉJOUR AU PORT JACKSON » en travers des colonnes LATITUDES et LONGITUDES (4 messidor - 25 messidor).
504,526,16 - Séjour au port Jackson (Nouvelle-Galles du Sud),les corvettes,1802-07-12,23 messidor an X,1802-07-12,,,,,Sud,,Orientales,,,"13,3",28,"2,0","762,5",1017,"86,5","S. SO. Jolie brise ; le soir, calme ; beau temps.",,,,,,oui,,Accolade « SÉJOUR AU PORT JACKSON » en travers des colonnes LATITUDES et LONGITUDES (4 messidor - 25 messidor).
504,526,16 - Séjour au port Jackson (Nouvelle-Galles du Sud),les corvettes,1802-07-13,24 messidor an X,1802-07-13,,,,,Sud,,Orientales,,,"13,8",28,"2,3","763,2",1017,87,OSO. O. Joli frais ; il a foibli le soir ; beau temps.,L,,,"La corvette le Géographe a été halée dans Sydney-Cove, pour y être abattue en carène.",,oui,,Accolade « SÉJOUR AU PORT JACKSON » en travers des colonnes LATITUDES et LONGITUDES (4 messidor - 25 messidor).
504,526,16 - Séjour au port Jackson (Nouvelle-Galles du Sud),les corvettes,1802-07-14,25 messidor an X,1802-07-14,,,,,Sud,,Orientales,,,"16,2",28,"4,2","767,4",1023,84,"Calme ; beau temps ; à 9 h. du soir, brouillard épais qui dure toute la nuit.",,,,,,oui,,Accolade « SÉJOUR AU PORT JACKSON » en travers des colonnes LATITUDES et LONGITUDES (4 messidor - 25 messidor). Points lunaires : accolade « Constitution australe » se poursuit. Points solaires : accolade « Hiver austral » se poursuit.
505,527,16 - Séjour au port Jackson (Nouvelle-Galles du Sud),les corvettes,1802-07-15,26 messidor an X,1802-07-15,,,,,Sud,,Orientales,,,"14,0",28,"2,3","763,2",1017,"86,5",Calme ; le brouillard s'est dissipé ce matin ; beau temps.,○,,,,,oui,,Accolade « SÉJOUR AU PORT JACKSON » en travers des colonnes LATITUDES et LONGITUDES (26 messidor - 17 thermidor). Suite de la table 16. Table sans colonne DÉCLINAISON de la Boussole. Colonne Thermomètre : en-tête « + ». Points lunaires : accolade « Constit. aust.e » en cours. Points solaires : accolade « Hiver austral » en cours.
505,527,16 - Séjour au port Jackson (Nouvelle-Galles du Sud),les corvettes,1802-07-16,27 messidor an X,1802-07-16,,,,,Sud,,Orientales,,,"11,8",28,"4,4","767,9",1024,85,O. S. Foible ; temps vaporeux.,P,,,,,oui,,Accolade « SÉJOUR AU PORT JACKSON » en travers des colonnes LATITUDES et LONGITUDES (26 messidor - 17 thermidor).
505,527,16 - Séjour au port Jackson (Nouvelle-Galles du Sud),les corvettes,1802-07-17,28 messidor an X,1802-07-17,,,,,Sud,,Orientales,,,"11,0",28,"3,3","765,4",1021,100,SO. S. Presque calme ; pluie abondante.,,,,,,oui,,Accolade « SÉJOUR AU PORT JACKSON » en travers des colonnes LATITUDES et LONGITUDES (26 messidor - 17 thermidor).
505,527,16 - Séjour au port Jackson (Nouvelle-Galles du Sud),les corvettes,1802-07-18,29 messidor an X,1802-07-18,,,,,Sud,,Orientales,,,//,28,"2,3","763,2",1017,//,Calme ; petite pluie dans la matinée ; le ciel s'éclaircit le soir.,♌,,,,,oui,,Accolade « SÉJOUR AU PORT JACKSON » en travers des colonnes LATITUDES et LONGITUDES (26 messidor - 17 thermidor).
505,527,16 - Séjour au port Jackson (Nouvelle-Galles du Sud),les corvettes,1802-07-19,30 messidor an X,1802-07-19,,,,,Sud,,Orientales,,,"13,5",28,"2,9","764,5",1019,91,Calme ; beau temps ; ciel pur.,,,,,,oui,,Accolade « SÉJOUR AU PORT JACKSON » en travers des colonnes LATITUDES et LONGITUDES (26 messidor - 17 thermidor). Points lunaires : fin de l'accolade « Constit. aust.e ».
505,527,16 - Séjour au port Jackson (Nouvelle-Galles du Sud),les corvettes,1802-07-20,1er thermidor an X,1802-07-20,,,,,Sud,,Orientales,,,"9,5",28,"1,8","762,0",1016,97,O. Presque calme ; le ciel se couvre et s'éclaircit alternativement.,λ,,,,,oui,,Accolade « SÉJOUR AU PORT JACKSON » en travers des colonnes LATITUDES et LONGITUDES (26 messidor - 17 thermidor). Points lunaires : début de l'accolade « Constitution boréale ».
505,527,16 - Séjour au port Jackson (Nouvelle-Galles du Sud),les corvettes,1802-07-21,2 thermidor an X,1802-07-21,,,,,Sud,,Orientales,,,"14,2",28,"1,0","760,2",1014,82,"S. OSO. Presque calme ; ciel nuageux, éclairs et tonnerre par intervalles.",,,,Inclinaison moyenne de trois aiguilles = 61° 17' 1/2.,,oui,,Accolade « SÉJOUR AU PORT JACKSON » en travers des colonnes LATITUDES et LONGITUDES (26 messidor - 17 thermidor).
505,527,16 - Séjour au port Jackson (Nouvelle-Galles du Sud),les corvettes,1802-07-22,3 thermidor an X,1802-07-22,,,,,Sud,,Orientales,,,"11,2",28,"2,3","763,2",1017,80,O. SO. ESE. Petit frais ; ciel nuag.,☽,,,"Le capitaine FLINDERS, commandant la corvette l'Investigator et le brick la Lady Nelson, est parti aujourd'hui du port Jackson pour continuer son exploration des côtes de la Nouvelle-Hollande.",,oui,,Accolade « SÉJOUR AU PORT JACKSON » en travers des colonnes LATITUDES et LONGITUDES (26 messidor - 17 thermidor).
505,527,16 - Séjour au port Jackson (Nouvelle-Galles du Sud),les corvettes,1802-07-23,4 thermidor an X,1802-07-23,,,,,Sud,,Orientales,,,"12,3",28,"2,2","762,9",1017,82,OSO. O. SO. Foible ; ciel nuageux ; petite pluie le soir.,,,,,,oui,,Accolade « SÉJOUR AU PORT JACKSON » en travers des colonnes LATITUDES et LONGITUDES (26 messidor - 17 thermidor).
505,527,16 - Séjour au port Jackson (Nouvelle-Galles du Sud),les corvettes,1802-07-24,5 thermidor an X,1802-07-24,,,,,Sud,,Orientales,,,"10,5",28,"3,6","766,1",1021,89,O. S. Foible ; calme ; ciel couvert le matin ; tonnerre dans le SE. ; beau temps dans l'après-midi.,,♌,,,,oui,,Accolade « SÉJOUR AU PORT JACKSON » en travers des colonnes LATITUDES et LONGITUDES (26 messidor - 17 thermidor).
505,527,16 - Séjour au port Jackson (Nouvelle-Galles du Sud),les corvettes,1802-07-25,6 thermidor an X,1802-07-25,,,,,Sud,,Orientales,,,"15,8",28,"3,4","765,6",1021,81,OSO. O. Presque calme ; b. temps ; le ciel se couvre à l'entrée de la nuit.,,,,,,oui,,Accolade « SÉJOUR AU PORT JACKSON » en travers des colonnes LATITUDES et LONGITUDES (26 messidor - 17 thermidor).
505,527,16 - Séjour au port Jackson (Nouvelle-Galles du Sud),les corvettes,1802-07-26,7 thermidor an X,1802-07-26,,,,,Sud,,Orientales,,,"12,2",28,"2,7","764,1",1019,86,"OSO. NO. Foible ; beau temps, ciel couvert.",λ,,,,,oui,,Accolade « SÉJOUR AU PORT JACKSON » en travers des colonnes LATITUDES et LONGITUDES (26 messidor - 17 thermidor).
505,527,16 - Séjour au port Jackson (Nouvelle-Galles du Sud),les corvettes,1802-07-27,8 thermidor an X,1802-07-27,,,,,Sud,,Orientales,,,"14,5",28,"1,3","760,9",1014,87,"NNE. Presque calme ; beau temps ; nuages à l'horizon ; le soir, éclairs dans l'E.",,,,,,oui,,Accolade « SÉJOUR AU PORT JACKSON » en travers des colonnes LATITUDES et LONGITUDES (26 messidor - 17 thermidor).
505,527,16 - Séjour au port Jackson (Nouvelle-Galles du Sud),les corvettes,1802-07-28,9 thermidor an X,1802-07-28,,,,,Sud,,Orientales,,,"12,4",27,"11,7","757,3",1010,77,NO. O. Joli frais ; ciel un peu nuageux ; éclairs dans l'E.,,,,,,oui,,Accolade « SÉJOUR AU PORT JACKSON » en travers des colonnes LATITUDES et LONGITUDES (26 messidor - 17 thermidor).
505,527,16 - Séjour au port Jackson (Nouvelle-Galles du Sud),les corvettes,1802-07-29,10 thermidor an X,1802-07-29,,,,,Sud,,Orientales,,,"14,0",28,"0,2","758,4",1011,75,"O. ONO. O. Joli fr., par rafales ; ciel pur ; à l'entrée de la nuit, éclairs dans le SE.",,,,,,oui,,Accolade « SÉJOUR AU PORT JACKSON » en travers des colonnes LATITUDES et LONGITUDES (26 messidor - 17 thermidor).
505,527,16 - Séjour au port Jackson (Nouvelle-Galles du Sud),les corvettes,1802-07-30,11 thermidor an X,1802-07-30,,,,,Sud,,Orientales,,,"11,5",28,"0,5","759,1",1012,80,"O. ONO. O. Bon fr., par rafales ; ciel couvert : il s'éclaircit un peu le soir ; dans la nuit, tonnerre et éclairs.",●,,,,,oui,,Accolade « SÉJOUR AU PORT JACKSON » en travers des colonnes LATITUDES et LONGITUDES (26 messidor - 17 thermidor).
505,527,16 - Séjour au port Jackson (Nouvelle-Galles du Sud),les corvettes,1802-07-31,12 thermidor an X,1802-07-31,,,,,Sud,,Orientales,,,"13,0",28,"3,7","766,3",1022,81,"O. SO. S. Bon frais, par rafales impétueuses ; pluie abondante, double arc-en-ciel.",,,,,,oui,,Accolade « SÉJOUR AU PORT JACKSON » en travers des colonnes LATITUDES et LONGITUDES (26 messidor - 17 thermidor).
505,527,16 - Séjour au port Jackson (Nouvelle-Galles du Sud),les corvettes,1802-08-01,13 thermidor an X,1802-08-01,,,,,Sud,,Orientales,,,"11,5",28,"7,0","773,8",1032,91,SSO. S. SSE. Par fortes rafales ; ciel nuageux ; pluie dans la matinée.,A,,,,,oui,,Accolade « SÉJOUR AU PORT JACKSON » en travers des colonnes LATITUDES et LONGITUDES (26 messidor - 17 thermidor).
505,527,16 - Séjour au port Jackson (Nouvelle-Galles du Sud),les corvettes,1802-08-02,14 thermidor an X,1802-08-02,,,,,Sud,,Orientales,,,"14,6",28,"4,3","767,7",1024,83,"SO. NO. NNE. Petit frais ; ciel couvert ; le soir, beau temps.",♋,,,,,oui,,Accolade « SÉJOUR AU PORT JACKSON » en travers des colonnes LATITUDES et LONGITUDES (26 messidor - 17 thermidor). Points lunaires : fin de l'accolade « Constitution boréale ».
505,527,16 - Séjour au port Jackson (Nouvelle-Galles du Sud),les corvettes,1802-08-03,15 thermidor an X,1802-08-03,,,,,Sud,,Orientales,,,"10,4",27,"9,7","752,8",1004,97,"NE. NNE. O. SO. O. Par fortes rafales ; pluie dans la matinée ; le soir, éclairs dans le NE.",D,,,,,oui,,Accolade « SÉJOUR AU PORT JACKSON » en travers des colonnes LATITUDES et LONGITUDES (26 messidor - 17 thermidor). Points lunaires : début de l'accolade « Const. aust.e ».
505,527,16 - Séjour au port Jackson (Nouvelle-Galles du Sud),les corvettes,1802-08-04,16 thermidor an X,1802-08-04,,,,,Sud,,Orientales,,,"13,5",27,"9,7","752,8",1004,73,"ONO. N. O. Par fortes rafales ; beau temps, ciel nuageux.",,,,,,oui,,Accolade « SÉJOUR AU PORT JACKSON » en travers des colonnes LATITUDES et LONGITUDES (26 messidor - 17 thermidor).
505,527,16 - Séjour au port Jackson (Nouvelle-Galles du Sud),les corvettes,1802-08-05,17 thermidor an X,1802-08-05,,,,,Sud,,Orientales,,,"14,7",27,"11,2","756,2",1008,72,"NO. O. Par fortes rafales ; ciel serein ; le soir, éclairs dans l'E.",,,,,,oui,,Accolade « SÉJOUR AU PORT JACKSON » en travers des colonnes LATITUDES et LONGITUDES (26 messidor - 17 thermidor).
506,528,16 - Séjour au port Jackson (Nouvelle-Galles du Sud),les corvettes,1802-08-06,18 thermidor an X,1802-08-06,,,,,Sud,,Orientales,,,"14,8",28,"1,3","760,9",1014,75,OSO. O. Par risées ; ciel couvert.,,,,"Avant le lever du soleil, nous avons vu un arc-en-ciel ; la couleur rouge étoit large et très-vive ; les autres couleurs se distinguoient à peine.",,oui,,Latitudes et longitudes : cellule unique « SÉJOUR AU PORT JACKSON ». Colonne Thermomètre : en-tête « + ». Points lunaires : accolade « Constitution australe ». Points solaires : accolade « Hiver austral ».
506,528,16 - Séjour au port Jackson (Nouvelle-Galles du Sud),les corvettes,1802-08-07,19 thermidor an X,1802-08-07,,,,,Sud,,Orientales,,,"15,0",28,"3,6","766,1",1021,71,"O. Presque calme ; S. Bon frais ; beau temps, ciel nuageux.",☾,,,"A l'entrée de la nuit, un grand cercle blanchâtre entoure la lune.",,oui,,Latitudes et longitudes : cellule unique « SÉJOUR AU PORT JACKSON ». Points lunaires : accolade « Constitution australe ». Points solaires : accolade « Hiver austral ».
506,528,16 - Séjour au port Jackson (Nouvelle-Galles du Sud),les corvettes,1802-08-08,20 thermidor an X,1802-08-08,,,,,Sud,,Orientales,,,"13,0",28,"4,8","768,8",1025,85,"O. SO. S. SSE. Par fortes risées ; beau temps, ciel nuageux ; le soir, petite pluie fine.",,,,,,oui,,Latitudes et longitudes : cellule unique « SÉJOUR AU PORT JACKSON ». Points lunaires : accolade « Constitution australe ». Points solaires : accolade « Hiver austral ».
506,528,16 - Séjour au port Jackson (Nouvelle-Galles du Sud),les corvettes,1802-08-09,21 thermidor an X,1802-08-09,,,,,Sud,,Orientales,,,"11,8",28,"5,8","771,0",1028,96,"O. SSO. S. Joli frais ; temps variable, pluie par intervalles.",,,,,,oui,,Latitudes et longitudes : cellule unique « SÉJOUR AU PORT JACKSON ». Points lunaires : accolade « Constitution australe ». Points solaires : accolade « Hiver austral ».
506,528,16 - Séjour au port Jackson (Nouvelle-Galles du Sud),les corvettes,1802-08-10,22 thermidor an X,1802-08-10,,,,,Sud,,Orientales,,,"11,2",28,"6,0","771,5",1029,99,"NO. SO. S. SE. Bon frais, par rafales ; pluie.",L,,,,,oui,,Latitudes et longitudes : cellule unique « SÉJOUR AU PORT JACKSON ». Points lunaires : accolade « Constitution australe ». Points solaires : accolade « Hiver austral ».
506,528,16 - Séjour au port Jackson (Nouvelle-Galles du Sud),les corvettes,1802-08-11,23 thermidor an X,1802-08-11,,,,,Sud,,Orientales,,,"14,8",28,"5,7","770,8",1028,92,O. NE. Très-foible ; SO. Par risées ; ciel nuageux : il s'éclaircit le soir.,,,,"Les nuages, avant de se dissiper, se sont formés en longues bandes qui, se réunissant aux pôles de l'horizon, formoient l'apparence de méridiens tracés sur un globe.",,oui,,Latitudes et longitudes : cellule unique « SÉJOUR AU PORT JACKSON ». Points lunaires : accolade « Constitution australe ». Points solaires : accolade « Hiver austral ».
506,528,16 - Séjour au port Jackson (Nouvelle-Galles du Sud),les corvettes,1802-08-12,24 thermidor an X,1802-08-12,,,,,Sud,,Orientales,,,"14,7",28,"5,1","769,5",1026,90,"ONO. SO. O. Foible ; brouillard le matin, ensuite beau temps.",,,,,,oui,,Latitudes et longitudes : cellule unique « SÉJOUR AU PORT JACKSON ». Points lunaires : accolade « Constitution australe ». Points solaires : accolade « Hiver austral ».
506,528,16 - Séjour au port Jackson (Nouvelle-Galles du Sud),les corvettes,1802-08-13,25 thermidor an X,1802-08-13,,,,,Sud,,Orientales,,,"15,3",28,"3,5","765,9",1021,91,O. Calme ; E. O. Foible ; beau temps quelques nuages ; le ciel est pommelé.,,,,"A la tombée de la nuit, un cercle jaunâtre de 5 à 6° de rayon entoure la lune.",,oui,,Latitudes et longitudes : cellule unique « SÉJOUR AU PORT JACKSON ». Points lunaires : accolade « Constitution australe ». Points solaires : accolade « Hiver austral ».
506,528,16 - Séjour au port Jackson (Nouvelle-Galles du Sud),les corvettes,1802-08-14,26 thermidor an X,1802-08-14,,,,,Sud,,Orientales,,,"13,3",28,"2,1","762,7",1017,90,"N. E. Preque calme et par risées ; beau temps ; dans la nuit, vent NNO. par grains ; pluie.",P.○,,,,,oui,,Latitudes et longitudes : cellule unique « SÉJOUR AU PORT JACKSON ». Points lunaires : accolade « Constitution australe ». Points solaires : accolade « Hiver austral ».
506,528,16 - Séjour au port Jackson (Nouvelle-Galles du Sud),les corvettes,1802-08-15,27 thermidor an X,1802-08-15,,,,,Sud,,Orientales,,,"16,5",28,"1,1","760,4",1014,90,Calme ; O. Foible ; beau temps.,☊,,,,,oui,,Latitudes et longitudes : cellule unique « SÉJOUR AU PORT JACKSON ». Points lunaires : accolade « Constitution australe ». Points solaires : accolade « Hiver austral ».
506,528,16 - Séjour au port Jackson (Nouvelle-Galles du Sud),les corvettes,1802-08-16,28 thermidor an X,1802-08-16,,,,,Sud,,Orientales,,,"16,0",27,"11,6","757,1",1009,74,"O. NO. O. Forte brise, par rafales violentes ; beau temps ; le soir, éclairs dans l'E.",♌,,,,,oui,,Latitudes et longitudes : cellule unique « SÉJOUR AU PORT JACKSON ». Points lunaires : accolade « Constitution boréale ». Points solaires : accolade « Hiver austral ».
506,528,16 - Séjour au port Jackson (Nouvelle-Galles du Sud),les corvettes,1802-08-17,29 thermidor an X,1802-08-17,,,,,Sud,,Orientales,,,"13,8",27,"11,5","756,8",1009,73,"O. SO. OSO. Calme d'abord, ensuite vent par rafales ; beau temps.",,,,Le Géographe est venu reprendre son ancien mouillage en rade devant Neutral-Harbour.,,oui,,Latitudes et longitudes : cellule unique « SÉJOUR AU PORT JACKSON ». Points lunaires : accolade « Constitution boréale ». Points solaires : accolade « Hiver austral ».
506,528,16 - Séjour au port Jackson (Nouvelle-Galles du Sud),les corvettes,1802-08-18,30 thermidor an X,1802-08-18,,,,,Sud,,Orientales,,,"15,3",28,"0,0","758,0",1011,76,OSO. O. Calme ; beau temps.,,,,,,oui,,Latitudes et longitudes : cellule unique « SÉJOUR AU PORT JACKSON ». Points lunaires : accolade « Constitution boréale ». Points solaires : accolade « Hiver austral ».
506,528,16 - Séjour au port Jackson (Nouvelle-Galles du Sud),les corvettes,1802-08-19,1er fructidor an X,1802-08-19,,,,,Sud,,Orientales,,,"12,5",27,"11,2","756,2",1008,85,"ONO. E. O. Petit frais ; beau temps ; dans l'après-midi, pluie.",,,,,,oui,,Latitudes et longitudes : cellule unique « SÉJOUR AU PORT JACKSON ». Points lunaires : accolade « Constitution boréale ». Points solaires : accolade « Hiver austral ».
506,528,16 - Séjour au port Jackson (Nouvelle-Galles du Sud),les corvettes,1802-08-20,2 fructidor an X,1802-08-20,,,,,Sud,,Orientales,,,"15,0",27,"11,0","755,7",1008,82,"SO. ONO. Foible, ensuite par rafales et par tourbillons ; b. temps, pluie dans l'après-midi.",☽,,,,,oui,,Latitudes et longitudes : cellule unique « SÉJOUR AU PORT JACKSON ». Points lunaires : accolade « Constitution boréale ». Points solaires : accolade « Hiver austral ».
506,528,16 - Séjour au port Jackson (Nouvelle-Galles du Sud),les corvettes,1802-08-21,3 fructidor an X,1802-08-21,,,,,Sud,,Orientales,,,"15,5",27,"11,6","757,1",1009,83,"Calme ; beau temps ; dans l'après-midi, grain violent de l'ONO. ; tourbillons avec pluie et tonn. ; calme ensuite.",,,,,,oui,,Latitudes et longitudes : cellule unique « SÉJOUR AU PORT JACKSON ». Points lunaires : accolade « Constitution boréale ». Points solaires : accolade « Hiver austral ».
506,528,16 - Séjour au port Jackson (Nouvelle-Galles du Sud),les corvettes,1802-08-22,4 fructidor an X,1802-08-22,,,,,Sud,,Orientales,,,"13,5",28,"1,4","761,1",1015,93,NO. Presque calme ; E. O. Foibles ; beau temps.,,,,,,oui,,Latitudes et longitudes : cellule unique « SÉJOUR AU PORT JACKSON ». Points lunaires : accolade « Constitution boréale ». Points solaires : accolade « Hiver austral ».
506,528,16 - Séjour au port Jackson (Nouvelle-Galles du Sud),les corvettes,1802-08-23,5 fructidor an X,1802-08-23,,,,,Sud,,Orientales,,,"13,8",28,"0,0","758,0",1011,86,NO. E. O. Presque calme ; b. temps.,λ,,,,,oui,,Latitudes et longitudes : cellule unique « SÉJOUR AU PORT JACKSON ». Points lunaires : accolade « Constitution boréale ». Points solaires : accolade « Hiver austral ».
506,528,16 - Séjour au port Jackson (Nouvelle-Galles du Sud),les corvettes,1802-08-24,6 fructidor an X,1802-08-24,,,,,Sud,,Orientales,,,"12,0",27,"11,8","757,5",1010,83,NNO. N. E. Foibles ; beau temps ; ciel couvert.,,♍,,,,oui,,Latitudes et longitudes : cellule unique « SÉJOUR AU PORT JACKSON ». Points lunaires : accolade « Constitution boréale ». Points solaires : accolade « Hiver austral ».
506,528,16 - Séjour au port Jackson (Nouvelle-Galles du Sud),les corvettes,1802-08-25,7 fructidor an X,1802-08-25,,,,,Sud,,Orientales,,,"15,7",27,"10,2","753,9",1005,57,"Calme ; NO. Foible ; à midi, grains de peu de durée par rafales et tourbill. ; le soir, éclairs dans l'E. ; b. temps.",,,,,,oui,,Latitudes et longitudes : cellule unique « SÉJOUR AU PORT JACKSON ». Points lunaires : accolade « Constitution boréale ». Points solaires : accolade « Hiver austral ».
507,529,16 - Séjour au port Jackson (Nouvelle-Galles du Sud),les corvettes,1802-08-26,8 fructidor an X,1802-08-26,,,,,Sud,,Orientales,,,"17,0",28,"0,5","759,1",1012,58,Calme ; beau temps.,,,,,,oui,,Latitudes et longitudes : cellule unique « SÉJOUR AU PORT JACKSON ». Colonne Thermomètre : en-tête « + ». Points lunaires : accolade « Const. bor.e ». Points solaires : accolade « Hiver austral ».
507,529,16 - Séjour au port Jackson (Nouvelle-Galles du Sud),les corvettes,1802-08-27,9 fructidor an X,1802-08-27,,,,,Sud,,Orientales,,,"15,8",28,"2,3","763,2",1017,65,"Presque calme ; à midi, petit fr. d'ESE. au SE ; beau temps.",A,,,,,oui,,Latitudes et longitudes : cellule unique « SÉJOUR AU PORT JACKSON ». Points lunaires : accolade « Const. bor.e ». Points solaires : accolade « Hiver austral ».
507,529,16 - Séjour au port Jackson (Nouvelle-Galles du Sud),les corvettes,1802-08-28,10 fructidor an X,1802-08-28,,,,,Sud,,Orientales,,,"17,5",28,"1,3","760,9",1014,63,N. ONO. Brise fraîche et inégale ; beau temps.,●.☋,,,,,oui,,Latitudes et longitudes : cellule unique « SÉJOUR AU PORT JACKSON ». Points lunaires : accolade « Const. bor.e ». Points solaires : accolade « Hiver austral ».
507,529,16 - Séjour au port Jackson (Nouvelle-Galles du Sud),les corvettes,1802-08-29,11 fructidor an X,1802-08-29,,,,,Sud,,Orientales,,,"20,0",27,"11,7","757,3",1010,55,Calme plat ; beau temps.,,,,,,oui,,Latitudes et longitudes : cellule unique « SÉJOUR AU PORT JACKSON ». Points lunaires : accolade « Const. bor.e ». Points solaires : accolade « Hiver austral ».
507,529,16 - Séjour au port Jackson (Nouvelle-Galles du Sud),les corvettes,1802-08-30,12 fructidor an X,1802-08-30,,,,,Sud,,Orientales,,,"16,7",27,"11,7","757,3",1010,80,"Calme ; à midi, souffle de l'E. au N. ; beau temps. A la nuit, le ciel se couvre et devient très-sombre : il éclaire beaucoup dans le N. et l'O. ; la nuit, vent par rafales de l'ONO ; pluie.",D,,,,,oui,,Latitudes et longitudes : cellule unique « SÉJOUR AU PORT JACKSON ». Points lunaires : accolade « Constitution australe ». Points solaires : accolade « Hiver austral ».
507,529,16 - Séjour au port Jackson (Nouvelle-Galles du Sud),les corvettes,1802-08-31,13 fructidor an X,1802-08-31,,,,,Sud,,Orientales,,,"19,0",27,"9,4","752,1",1003,75,"NNO. NO. Joli frais ; beau temps. Le soir, grain violent de l'OSO. ; pluie la nuit.",,,,,,oui,,Latitudes et longitudes : cellule unique « SÉJOUR AU PORT JACKSON ». Points lunaires : accolade « Constitution australe ». Points solaires : accolade « Hiver austral ».
507,529,16 - Séjour au port Jackson (Nouvelle-Galles du Sud),les corvettes,1802-09-01,14 fructidor an X,1802-09-01,,,,,Sud,,Orientales,,,"12,5",27,"7,0","746,7",996,76,"OSO. Par fortes rafales ; ciel serein. Le soir, éclairs à l'horizon.",,,,,,oui,,Latitudes et longitudes : cellule unique « SÉJOUR AU PORT JACKSON ». Points lunaires : accolade « Constitution australe ». Points solaires : accolade « Hiver austral ».
507,529,16 - Séjour au port Jackson (Nouvelle-Galles du Sud),les corvettes,1802-09-02,15 fructidor an X,1802-09-02,,,,,Sud,,Orientales,,,"14,8",28,"0,5","759,1",1012,70,"O. Variable au N. petite brise, mollissant par degrés ; beau temps. Il éclaire un peu le soir.",,,,,,oui,,Latitudes et longitudes : cellule unique « SÉJOUR AU PORT JACKSON ». Points lunaires : accolade « Constitution australe ». Points solaires : accolade « Hiver austral ».
507,529,16 - Séjour au port Jackson (Nouvelle-Galles du Sud),les corvettes,1802-09-03,16 fructidor an X,1802-09-03,,,,,Sud,,Orientales,,,"17,0",28,"1,6","761,6",1015,67,"Calme ; légère brise de l'O. au N. Dans la nuit, jolie brise d'O. ; beau temps. Sur le soir, quelques nuages.",,,,,,oui,,Latitudes et longitudes : cellule unique « SÉJOUR AU PORT JACKSON ». Points lunaires : accolade « Constitution australe ». Points solaires : accolade « Hiver austral ».
507,529,16 - Séjour au port Jackson (Nouvelle-Galles du Sud),les corvettes,1802-09-04,17 fructidor an X,1802-09-04,,,,,Sud,,Orientales,,,"15,7",28,"1,7","761,8",1016,73,ONO. Jolie brise ; temps un peu couvert.,,,,,,oui,,Latitudes et longitudes : cellule unique « SÉJOUR AU PORT JACKSON ». Points lunaires : accolade « Constitution australe ». Points solaires : accolade « Hiver austral ».
507,529,16 - Séjour au port Jackson (Nouvelle-Galles du Sud),les corvettes,1802-09-05,18 fructidor an X,1802-09-05,,,,,Sud,,Orientales,,,"18,0",27,"9,8","753,0",1004,65,"OSO. Joli frais. Dans la nuit, bon frais du S. ; ciel nuageux ; à 2 h. du soir, petite pluie de peu de durée.",☾,,,,,oui,,Latitudes et longitudes : cellule unique « SÉJOUR AU PORT JACKSON ». Points lunaires : accolade « Constitution australe ». Points solaires : accolade « Hiver austral ».
507,529,16 - Séjour au port Jackson (Nouvelle-Galles du Sud),les corvettes,1802-09-06,19 fructidor an X,1802-09-06,,,,,Sud,,Orientales,,,"18,3",28,"4,1","767,2",1023,80,SO. SSE. Bon frais par rafales ; temps graineux.,L,,,,,oui,,Latitudes et longitudes : cellule unique « SÉJOUR AU PORT JACKSON ». Points lunaires : accolade « Constitution australe ». Points solaires : accolade « Hiver austral ».
507,529,16 - Séjour au port Jackson (Nouvelle-Galles du Sud),les corvettes,1802-09-07,20 fructidor an X,1802-09-07,,,,,Sud,,Orientales,,,"14,0",28,"5,0","769,2",1026,86,"ENE. NE. Joli frais avec rafales ; beau temps, ciel couvert.",,,,,,oui,,Latitudes et longitudes : cellule unique « SÉJOUR AU PORT JACKSON ». Points lunaires : accolade « Constitution australe ». Points solaires : accolade « Hiver austral ».
507,529,16 - Séjour au port Jackson (Nouvelle-Galles du Sud),les corvettes,1802-09-08,21 fructidor an X,1802-09-08,,,,,Sud,,Orientales,,,"14,2",28,"2,5","763,6",1018,96,ENE. Petite brise ; ciel nuag. ; éclairs à 9 h. du soir.,,,,,,oui,,Latitudes et longitudes : cellule unique « SÉJOUR AU PORT JACKSON ». Points lunaires : accolade « Constitution australe ». Points solaires : accolade « Hiver austral ».
507,529,16 - Séjour au port Jackson (Nouvelle-Galles du Sud),les corvettes,1802-09-09,22 fructidor an X,1802-09-09,,,,,Sud,,Orientales,,,//,//,//,,,//,OSO. Jolie brise inégale ; ciel serein.,,,,,,oui,,Latitudes et longitudes : cellule unique « SÉJOUR AU PORT JACKSON ». Points lunaires : accolade « Constitution australe ». Points solaires : accolade « Hiver austral ».
507,529,16 - Séjour au port Jackson (Nouvelle-Galles du Sud),les corvettes,1802-09-10,23 fructidor an X,1802-09-10,,,,,Sud,,Orientales,,,"14,0",28,"4,3","767,7",1024,75,Calme ; légère brise d'OSO. ; beau temps.,,,,,,oui,,Latitudes et longitudes : cellule unique « SÉJOUR AU PORT JACKSON ». Points lunaires : accolade « Constitution australe ». Points solaires : accolade « Hiver austral ».
507,529,16 - Séjour au port Jackson (Nouvelle-Galles du Sud),les corvettes,1802-09-11,24 fructidor an X,1802-09-11,,,,,Sud,,Orientales,,,"16,0",28,"3,7","766,3",1022,83,NE. ENE. Petite brise ; très-beau temps.,P.☊,,,,,oui,,Latitudes et longitudes : cellule unique « SÉJOUR AU PORT JACKSON ». Points lunaires : accolade « Constitution australe ». Points solaires : accolade « Hiver austral ».
507,529,16 - Séjour au port Jackson (Nouvelle-Galles du Sud),les corvettes,1802-09-12,25 fructidor an X,1802-09-12,,,,,Sud,,Orientales,,,"13,0",28,"0,2","758,4",1011,85,Calme ; ciel couvert ; beau temps.,○.♌,,,,,oui,,Latitudes et longitudes : cellule unique « SÉJOUR AU PORT JACKSON ». Points lunaires : accolade « Constit. bor.e ». Points solaires : accolade « Hiver austral ».
507,529,16 - Séjour au port Jackson (Nouvelle-Galles du Sud),les corvettes,1802-09-13,26 fructidor an X,1802-09-13,,,,,Sud,,Orientales,,,"16,0",27,"9,4","752,1",1003,94,"NE. Petit frais ; à la nuit, NNO. par grains avec tonnerre et pluie, ensuite calme ; beau temps.",,,,,,oui,,Latitudes et longitudes : cellule unique « SÉJOUR AU PORT JACKSON ». Points lunaires : accolade « Constit. bor.e ». Points solaires : accolade « Hiver austral ».
507,529,16 - Séjour au port Jackson (Nouvelle-Galles du Sud),les corvettes,1802-09-14,27 fructidor an X,1802-09-14,,,,,Sud,,Orientales,,,"17,8",28,"0,5","759,1",1012,69,NO. OSO. E. Petit frais ; beau temps.,,,,,,oui,,Latitudes et longitudes : cellule unique « SÉJOUR AU PORT JACKSON ». Points lunaires : accolade « Constit. bor.e ». Points solaires : accolade « Hiver austral ».
508,530,16 - Séjour au port Jackson (Nouvelle-Galles du Sud),les corvettes,1802-09-15,28 fructidor an X,1802-09-15,,,,,Sud,,Orientales,,,"15,5",27,"8,6","750,3",1000,85,"O. OSO. NO. Forte brise par rafales ; nuages épais, tonnerre et pluie ; à 4 h. du soir, tout est dissipé.",,,,,,oui,,Latitudes et longitudes : cellule unique « SÉJOUR AU PORT JACKSON ». Colonne Thermomètre : en-tête « + ». Points lunaires : accolade « Constitution boréale ». Points solaires : accolade « Hiver austral ».
508,530,16 - Séjour au port Jackson (Nouvelle-Galles du Sud),les corvettes,1802-09-16,29 fructidor an X,1802-09-16,,,,,Sud,,Orientales,,,"17,3",28,"2,4","763,4",1018,60,NNO. Jolie brise ; E. Bon frais ; beau temps.,,,,,,oui,,Latitudes et longitudes : cellule unique « SÉJOUR AU PORT JACKSON ». Points lunaires : accolade « Constitution boréale ». Points solaires : accolade « Hiver austral ».
508,530,16 - Séjour au port Jackson (Nouvelle-Galles du Sud),les corvettes,1802-09-17,30 fructidor an X,1802-09-17,,,,,Sud,,Orientales,,,"19,6",28,"1,6","761,6",1015,58,"NE. Variables au N. par foibles risées ; dans l'après-midi, NNE. Variable au NE. Jolie brise inégale ; beau temps.",,,,,,oui,,Latitudes et longitudes : cellule unique « SÉJOUR AU PORT JACKSON ». Points lunaires : accolade « Constitution boréale ». Points solaires : accolade « Hiver austral ».
508,530,16 - Séjour au port Jackson (Nouvelle-Galles du Sud),les corvettes,1802-09-18,1er jour complémentaire an X,1802-09-18,,,,,Sud,,Orientales,,,"15,6",27,"10,5","754,6",1006,54,O. SO. Brise carabinée ; il calmit le soir ; beau temps.,,,,,,oui,,Latitudes et longitudes : cellule unique « SÉJOUR AU PORT JACKSON ». Points lunaires : accolade « Constitution boréale ». Points solaires : accolade « Hiver austral ».
508,530,16 - Séjour au port Jackson (Nouvelle-Galles du Sud),les corvettes,1802-09-19,2e jour complémentaire an X,1802-09-19,,,,,Sud,,Orientales,,,"17,0",27,"11,3","756,4",1008,49,O. Bonne brise ; beau temps.,☽.λ,,,,,oui,,Latitudes et longitudes : cellule unique « SÉJOUR AU PORT JACKSON ». Points lunaires : accolade « Constitution boréale ». Points solaires : accolade « Hiver austral ».
508,530,16 - Séjour au port Jackson (Nouvelle-Galles du Sud),les corvettes,1802-09-20,3e jour complémentaire an X,1802-09-20,,,,,Sud,,Orientales,,,"15,5",28,"0,9","760,0",1013,51,ONO. E. Joli frais variable ; beau temps.,,,,,,oui,,Latitudes et longitudes : cellule unique « SÉJOUR AU PORT JACKSON ». Points lunaires : accolade « Constitution boréale ». Points solaires : accolade « Hiver austral ».
508,530,16 - Séjour au port Jackson (Nouvelle-Galles du Sud),les corvettes,1802-09-21,4e jour complémentaire an X,1802-09-21,,,,,Sud,,Orientales,,,"12,6",28,"3,8","766,5",1022,75,OSO. Variable au NE. Jolie brise ; beau temps ; quelques nuages.,,,,,,oui,,Latitudes et longitudes : cellule unique « SÉJOUR AU PORT JACKSON ». Points lunaires : accolade « Constitution boréale ». Points solaires : accolade « Hiver austral ».
508,530,16 - Séjour au port Jackson (Nouvelle-Galles du Sud),les corvettes,1802-09-22,5e jour complémentaire an X,1802-09-22,,,,,Sud,,Orientales,,,"14,3",28,"2,3","763,2",1017,82,Calme ; NE. Joli frais ; calme le soir ; beau temps.,,,,,,oui,,Latitudes et longitudes : cellule unique « SÉJOUR AU PORT JACKSON ». Points lunaires : accolade « Constitution boréale ». Points solaires : accolade « Hiver austral ».
508,530,16 - Séjour au port Jackson (Nouvelle-Galles du Sud),les corvettes,1802-09-23,1er vendémiaire an XI,1802-09-23,,,,,Sud,,Orientales,,,"20,0",28,"0,7","759,5",1013,54,NE. N. Petite brise inégale ; S. par fortes risées ; beau temps.,,♎,,,,oui,,Latitudes et longitudes : cellule unique « SÉJOUR AU PORT JACKSON ». Points lunaires : accolade « Constitution boréale ». Points solaires : accolade « Printemps austral ».
508,530,16 - Séjour au port Jackson (Nouvelle-Galles du Sud),les corvettes,1802-09-24,2 vendémiaire an XI,1802-09-24,,,,,Sud,,Orientales,,,"15,3",28,"1,7","761,8",1016,75,OSO. SSO. Variable ; bon frais ; ciel couvert ; pluie dans l'après-midi.,,,,,,oui,,Latitudes et longitudes : cellule unique « SÉJOUR AU PORT JACKSON ». Points lunaires : accolade « Constitution boréale ». Points solaires : accolade « Printemps austral ».
508,530,16 - Séjour au port Jackson (Nouvelle-Galles du Sud),les corvettes,1802-09-25,3 vendémiaire an XI,1802-09-25,,,,,Sud,,Orientales,,,"13,8",28,"2,3","763,2",1017,90,O. SE. Variable ; foible brise ; beau temps.,☋,,,,,oui,,Latitudes et longitudes : cellule unique « SÉJOUR AU PORT JACKSON ». Points lunaires : accolade « Constitution boréale ». Points solaires : accolade « Printemps austral ».
508,530,16 - Séjour au port Jackson (Nouvelle-Galles du Sud),les corvettes,1802-09-26,4 vendémiaire an XI,1802-09-26,,,,,Sud,,Orientales,,,"14,6",28,"0,5","759,1",1012,93,Presque calme ; ciel couvert.,D,,,,,oui,,Latitudes et longitudes : cellule unique « SÉJOUR AU PORT JACKSON ». Points lunaires : accolade « Constitution australe ». Points solaires : accolade « Printemps austral ».
508,530,16 - Séjour au port Jackson (Nouvelle-Galles du Sud),les corvettes,1802-09-27,5 vendémiaire an XI,1802-09-27,,,,,Sud,,Orientales,,,"16,0",28,"1,3","760,9",1014,76,E. Petite brise ; beau temps.,●,,,,,oui,,Latitudes et longitudes : cellule unique « SÉJOUR AU PORT JACKSON ». Points lunaires : accolade « Constitution australe ». Points solaires : accolade « Printemps austral ».
508,530,16 - Séjour au port Jackson (Nouvelle-Galles du Sud),les corvettes,1802-09-28,6 vendémiaire an XI,1802-09-28,,,,,Sud,,Orientales,,,"16,5",//,//,,,//,"NE. Brise inégale, foible et variable ; beau temps.",,,,,,oui,,Latitudes et longitudes : cellule unique « SÉJOUR AU PORT JACKSON ». Points lunaires : accolade « Constitution australe ». Points solaires : accolade « Printemps austral ».
508,530,16 - Séjour au port Jackson (Nouvelle-Galles du Sud),les corvettes,1802-09-29,7 vendémiaire an XI,1802-09-29,,,,,Sud,,Orientales,,,"16,5",28,"3,3","765,4",1021,89,SO. S. SE. Foible et inégale ; beau temps.,,,,,,oui,,Latitudes et longitudes : cellule unique « SÉJOUR AU PORT JACKSON ». Points lunaires : accolade « Constitution australe ». Points solaires : accolade « Printemps austral ».
508,530,16 - Séjour au port Jackson (Nouvelle-Galles du Sud),les corvettes,1802-09-30,8 vendémiaire an XI,1802-09-30,,,,,Sud,,Orientales,,,"13,8",28,"3,8","766,5",1022,85,O. E. Variable ; beau temps.,,,,,,oui,,Latitudes et longitudes : cellule unique « SÉJOUR AU PORT JACKSON ». Points lunaires : accolade « Constitution australe ». Points solaires : accolade « Printemps austral ».
508,530,16 - Séjour au port Jackson (Nouvelle-Galles du Sud),les corvettes,1802-10-01,9 vendémiaire an XI,1802-10-01,,,,,Sud,,Orientales,,,"17,3",28,"0,1","758,2",1011,86,"SO. NE. Presque calme ; beau temps ; à 6 h. 1/2 du soir, grain violent du S., accompagné de pluie.",,,,"La goëlette le Casuarina, nouvellement acquise pour être l'un des bâtimens de l'expédition, est venue aujourd'hui mouiller en rade auprès du Géographe.",,oui,,Latitudes et longitudes : cellule unique « SÉJOUR AU PORT JACKSON ». Points lunaires : accolade « Constitution australe ». Points solaires : accolade « Printemps austral ».
508,530,16 - Séjour au port Jackson (Nouvelle-Galles du Sud),les corvettes,1802-10-02,10 vendémiaire an XI,1802-10-02,,,,,Sud,,Orientales,,,//,//,//,,,//,"S. Bon frais par fortes rafales, mollissant le soir ; ciel nuageux.",,,,,,oui,,Latitudes et longitudes : cellule unique « SÉJOUR AU PORT JACKSON ». Points lunaires : accolade « Constitution australe ». Points solaires : accolade « Printemps austral ».
508,530,16 - Séjour au port Jackson (Nouvelle-Galles du Sud),les corvettes,1802-10-03,11 vendémiaire an XI,1802-10-03,,,,,Sud,,Orientales,,,//,//,//,,,//,"Calme ; S. Foible brise, variable à l'E. ; beau temps.",,,,,,oui,,Latitudes et longitudes : cellule unique « SÉJOUR AU PORT JACKSON ». Points lunaires : accolade « Constitution australe ». Points solaires : accolade « Printemps austral ».
508,530,16 - Séjour au port Jackson (Nouvelle-Galles du Sud),les corvettes,1802-10-04,12 vendémiaire an XI,1802-10-04,,,,,Sud,,Orientales,,,//,//,//,,,//,Calme ; beau temps.,L,,,,,oui,,Latitudes et longitudes : cellule unique « SÉJOUR AU PORT JACKSON ». Points lunaires : accolade « Constitution australe ». Points solaires : accolade « Printemps austral ».
508,530,16 - Séjour au port Jackson (Nouvelle-Galles du Sud),les corvettes,1802-10-05,13 vendémiaire an XI,1802-10-05,,,,,Sud,,Orientales,,,"15,0",28,"3,5","765,9",1021,96,NE. Petit frais ; ciel nuageux.,☾,,,,,oui,,Latitudes et longitudes : cellule unique « SÉJOUR AU PORT JACKSON ». Points lunaires : accolade « Constitution australe ». Points solaires : accolade « Printemps austral ».
508,530,16 - Séjour au port Jackson (Nouvelle-Galles du Sud),les corvettes,1802-10-06,14 vendémiaire an XI,1802-10-06,,,,,Sud,,Orientales,,,"15,5",28,"2,4","763,4",1018,94,NE. ENE. Jolie brise inégale ; temps sombre et pluvieux.,,,,,,oui,,Latitudes et longitudes : cellule unique « SÉJOUR AU PORT JACKSON ». Points lunaires : accolade « Constitution australe ». Points solaires : accolade « Printemps austral ».
509,531,16 - Séjour au Port Jackson (Nouvelle-Galles du Sud),les corvettes,1802-10-07,15 vendémiaire an XI,1802-10-07,,,,,Sud,,Orientales,,,"16,0",28,"0,1","758,2",1011,92,"Calme; NE. Foible brise ; dans l'après-midi , N. Bon frais, par rafales ; ciel nuageux, pluie par grains. A 3 h. du soir , NO. très-fort, chaleur étouffante , ouragan. Les vents font le tour du compas. Gros nuages noirs , éclairs et tonnerre, grêle abondante. A la nuit, SO. foible brise ; beau temps.",,,,"A l'instant où les vents de NO. commencèrent à souffler , le thermomètre de R. passa de 18 à 27 degrés. La grêle , qui tomba pendant cette tempête , étoit remarquable par sa forme irrégulièrement prismatique. Quelques-uns des morceaux les plus volumineux pesoient une once [ 3 décagrammes ].",,oui,,Séjour au Port Jackson. Points lunaires : Constitution australe. Points solaires : Printemps austral.
509,531,16 - Séjour au Port Jackson (Nouvelle-Galles du Sud),les corvettes,1802-10-08,16 vendémiaire an XI,1802-10-08,,,,,Sud,,Orientales,,,"16,5",28,"1,5","761,3",1015,68,NE. N. Variable et foible ; ciel couvert.,☊,,,,,oui,,Séjour au Port Jackson. Points lunaires : Constitution australe. Points solaires : Printemps austral.
509,531,16 - Séjour au Port Jackson (Nouvelle-Galles du Sud),les corvettes,1802-10-09,17 vendémiaire an XI,1802-10-09,,,,,Sud,,Orientales,,,"17,0",28,"4,1","767,2",1023,66,"NE. Variable ; beau temps , ciel un peu nuageux.",,,,,,oui,,Séjour au Port Jackson. Points lunaires : Constitution australe. Points solaires : Printemps austral.
509,531,16 - Séjour au Port Jackson (Nouvelle-Galles du Sud),les corvettes,1802-10-10,18 vendémiaire an XI,1802-10-10,,,,,Sud,,Orientales,,,"17,0",28,"1,8","762,0",1016,88,Brise très-foible du NE. ; souvent calme ; beau temps.,☾. P,,,,,oui,,Séjour au Port Jackson. Points lunaires : Constitution boréale. Points solaires : Printemps austral.
509,531,16 - Séjour au Port Jackson (Nouvelle-Galles du Sud),les corvettes,1802-10-11,19 vendémiaire an XI,1802-10-11,,,,,Sud,,Orientales,,,"21,0",28,"0,4","758,9",1012,"54,5","N. Variable à 'E. ; calme par intervalles ; le soir, brise du S. Joli frais ; beau temps , ciel un peu nuageux.",☉,,,,,oui,,Séjour au Port Jackson. Points lunaires : Constitution boréale. Points solaires : Printemps austral.
509,531,16 - Séjour au Port Jackson (Nouvelle-Galles du Sud),les corvettes,1802-10-12,20 vendémiaire an XI,1802-10-12,,,,,Sud,,Orientales,,,"16,5",28,"1,2","760,7",1014,"83,5",S. SE. Foible et variable ; temps sombre et couvert.,,,,,,oui,,Séjour au Port Jackson. Points lunaires : Constitution boréale. Points solaires : Printemps austral.
509,531,16 - Séjour au Port Jackson (Nouvelle-Galles du Sud),les corvettes,1802-10-13,21 vendémiaire an XI,1802-10-13,,,,,Sud,,Orientales,,,"13,2",28,"2,1","762,7",1017,91,"E. ESE.; à la nuit, O. OSO. Bon frais ; beau temps.",,,,,,oui,,Séjour au Port Jackson. Points lunaires : Constitution boréale. Points solaires : Printemps austral.
509,531,16 - Séjour au Port Jackson (Nouvelle-Galles du Sud),les corvettes,1802-10-14,22 vendémiaire an XI,1802-10-14,,,,,Sud,,Orientales,,,"15,0",27,"11,0","755,7",1008,60,"O. OSO. ONO. Forte brise inégale , par rafales ; beau temps.",,,,,,oui,,Séjour au Port Jackson. Points lunaires : Constitution boréale. Points solaires : Printemps austral.
509,531,16 - Séjour au Port Jackson (Nouvelle-Galles du Sud),les corvettes,1802-10-15,23 vendémiaire an XI,1802-10-15,,,,,Sud,,Orientales,,,"14,5",28,"0,7","759,5",1013,63,"Vent variable du SO. au SE. ; pendant la nuit , calme ; beau temps.",,,,,,oui,,Séjour au Port Jackson. Points lunaires : Constitution boréale. Points solaires : Printemps austral.
509,531,16 - Séjour au Port Jackson (Nouvelle-Galles du Sud),les corvettes,1802-10-16,24 vendémiaire an XI,1802-10-16,,,,,Sud,,Orientales,,,//,//,,,,//,ESE. SSE. Foible et variable ; beau temps.,?,,,,,oui,,Séjour au Port Jackson. Points lunaires : Constitution boréale. Points solaires : Printemps austral.
509,531,16 - Séjour au Port Jackson (Nouvelle-Galles du Sud),les corvettes,1802-10-17,25 vendémiaire an XI,1802-10-17,,,,,Sud,,Orientales,,,"15,0",28,"2,3","763,2",1017,94,Brise variable de l'E. au NE. Petit fr. ; beau temps.,,,,,,oui,,Séjour au Port Jackson. Points lunaires : Constitution boréale. Points solaires : Printemps austral.
509,531,16 - Séjour au Port Jackson (Nouvelle-Galles du Sud),les corvettes,1802-10-18,26 vendémiaire an XI,1802-10-18,,,,,Sud,,Orientales,,,"16,5",28,"3,3","765,4",1021,97,Brise variable et inégale du NE. à l'E. ; beau temps.,☽,,,,,oui,pression,Séjour au Port Jackson. Points lunaires : Constitution boréale. Points solaires : Printemps austral.
509,531,16 - Séjour au Port Jackson (Nouvelle-Galles du Sud),les corvettes,1802-10-19,27 vendémiaire an XI,1802-10-19,,,,,Sud,,Orientales,,,"16,8",28,"3,6","766,1",1021,96,Le vent de l'E. au NE. Joli frais ; beau temps.,,,,,,oui,,Séjour au Port Jackson. Points lunaires : Constitution boréale. Points solaires : Printemps austral.
509,531,16 - Séjour au Port Jackson (Nouvelle-Galles du Sud),les corvettes,1802-10-20,28 vendémiaire an XI,1802-10-20,,,,,Sud,,Orientales,,,"17,5",28,"2,8","764,3",1019,89,"E.NE. Bon frais, par rafales ; b. temps. A 2 h. du soir , pluie , éclairs et tonn.",,,,,,oui,,Séjour au Port Jackson. Points lunaires : Constitution boréale. Points solaires : Printemps austral.
509,531,16 - Séjour au Port Jackson (Nouvelle-Galles du Sud),les corvettes,1802-10-21,29 vendémiaire an XI,1802-10-21,,,,,Sud,,Orientales,,,"18,0",28,"1,6","761,6",1015,95,E. Presque calme ; ciel couvert.,,,,La goëlette le Casuarina a mis sous voiles pour aller essayer sa marche jusqu'à Botany-Bay ; elle est revenue à son premier mouillage le 24 octobre.,,oui,,Séjour au Port Jackson. Points lunaires : Constitution boréale. Points solaires : Printemps austral.
509,531,16 - Séjour au Port Jackson (Nouvelle-Galles du Sud),les corvettes,1802-10-22,30 vendémiaire an XI,1802-10-22,,,,,Sud,,Orientales,,,"17,0",//,,,,//,"NE. E. Foible et variable ; dans la nuit, calme ; temps couv. et pluv.",A. ☋,,,,,oui,,Séjour au Port Jackson. Points lunaires : Constitution boréale. Points solaires : Printemps austral.
509,531,16 - Séjour au Port Jackson (Nouvelle-Galles du Sud),les corvettes,1802-10-23,1er brumaire an XI,1802-10-23,,,,,Sud,,Orientales,,,"23,0",28,"0,1","758,2",1011,88,NE. SE. Foible brise ; calme dans la nuit ; beau temps.,,,,,,oui,,Séjour au Port Jackson. Points lunaires : Constitution boréale. Points solaires : Printemps austral.
509,531,16 - Séjour au Port Jackson (Nouvelle-Galles du Sud),les corvettes,1802-10-24,2 brumaire an XI,1802-10-24,,,,,Sud,,Orientales,,,"16,2",28,"2,2","762,9",1017,93,Calme ; NNE. Foibles risées ; beau temps.,D,♏,,,,oui,,Séjour au Port Jackson. Points lunaires : Constit. austr.. Points solaires : Printemps austral.
509,531,16 - Séjour au Port Jackson (Nouvelle-Galles du Sud),les corvettes,1802-10-25,3 brumaire an XI,1802-10-25,,,,,Sud,,Orientales,,,"17,3",28,"1,2","760,7",1014,85,"NE. Petit frais ; ONO. Bon frais , dans la nuit ; beau temps.",,,,,,oui,,Séjour au Port Jackson. Points lunaires : Constit. austr.. Points solaires : Printemps austral.
509,531,16 - Séjour au Port Jackson (Nouvelle-Galles du Sud),les corvettes,1802-10-26,4 brumaire an XI,1802-10-26,,,,,Sud,,Orientales,,,"18,3",27,"7,7","748,3",998,//,"ONO. Bonne brise , par fortes rafales ; temps graineux.",,,,,,oui,,Séjour au Port Jackson. Points lunaires : Constit. austr.. Points solaires : Printemps austral.
509,531,16 - Séjour au Port Jackson (Nouvelle-Galles du Sud),les corvettes,1802-10-27,5 brumaire an XI,1802-10-27,,,,,Sud,,Orientales,,,"16,5",28,"0,8","759,8",1013,65,Variable du NO. au SO. par risées ; beau temps.,●,,,,,oui,,Séjour au Port Jackson. Points lunaires : Constit. austr.. Points solaires : Printemps austral.
509,531,16 - Séjour au Port Jackson (Nouvelle-Galles du Sud),les corvettes,1802-10-28,6 brumaire an XI,1802-10-28,,,,,Sud,,Orientales,,,"16,0",28,"3,0","764,7",1020,82,NE. Presque calme; E. Joli frais ; beau temps.,,,,,,oui,,Séjour au Port Jackson. Points lunaires : Constit. austr.. Points solaires : Printemps austral.
509,531,16 - Séjour au Port Jackson (Nouvelle-Galles du Sud),les corvettes,1802-10-29,7 brumaire an XI,1802-10-29,,,,,Sud,,Orientales,,,"15,5",28,"3,3","765,4",1021,85,NE. Petit frais variable ; beau temps.,,,,,,oui,,Séjour au Port Jackson. Points lunaires : Constit. austr.. Points solaires : Printemps austral.
510,532,Suite de la TABLE 16.e - Séjour au Port Jackson (Nouvelle-Galles du Sud.),les corvettes,1802-10-30,8 brumaire an XI,1802-10-30,,,,,Sud,,Orientales,,,//,//,//,,,//,"Petite brise du S. ; dans la nuit, calme ; beau temps.",,,,,,oui,,SÉJOUR AU PORT JACKSON ; Constitution australe ; Printemps austral
510,532,Suite de la TABLE 16.e - Séjour au Port Jackson (Nouvelle-Galles du Sud.),les corvettes,1802-10-31,9 brumaire an XI,1802-10-31,,,,,Sud,,Orientales,,,"15,8",28,"3,6","766,1",1021,86,SO. SE. Presque calme ; beau temps.,L,,,,,oui,,SÉJOUR AU PORT JACKSON ; Constitution australe ; Printemps austral
510,532,Suite de la TABLE 16.e - Séjour au Port Jackson (Nouvelle-Galles du Sud.),les corvettes,1802-11-01,10 brumaire an XI,1802-11-01,,,,,Sud,,Orientales,,,"15,0",28,"4,1","767,2",1023,88,NE. Joli frais ; beau temps.,,,,,,oui,,SÉJOUR AU PORT JACKSON ; Constitution australe ; Printemps austral
510,532,Suite de la TABLE 16.e - Séjour au Port Jackson (Nouvelle-Galles du Sud.),les corvettes,1802-11-02,11 brumaire an XI,1802-11-02,,,,,Sud,,Orientales,,,//,//,//,,,//,"NE. Joli frais, mollissant le soir ; b. temps, ciel couvert.",,,,,,oui,,SÉJOUR AU PORT JACKSON ; Constitution australe ; Printemps austral
510,532,Suite de la TABLE 16.e - Séjour au Port Jackson (Nouvelle-Galles du Sud.),les corvettes,1802-11-03,12 brumaire an XI,1802-11-03,,,,,Sud,,Orientales,,,//,//,//,,,//,"Calme dans la matinée ; sur le soir, petite brise du NNE. ; beau temps.",☾,,,,,oui,,SÉJOUR AU PORT JACKSON ; Constitution australe ; Printemps austral
510,532,Suite de la TABLE 16.e - Séjour au Port Jackson (Nouvelle-Galles du Sud.),les corvettes,1802-11-04,13 brumaire an XI,1802-11-04,,,,,Sud,,Orientales,,,//,//,//,,,//,"ONO. Foible et variable ; beau temps. A 9 h. du soir, grain avec pluie : les vents ont sauté au S.",,,,,,oui,,SÉJOUR AU PORT JACKSON ; Constitution australe ; Printemps austral
510,532,Suite de la TABLE 16.e - Séjour au Port Jackson (Nouvelle-Galles du Sud.),les corvettes,1802-11-05,14 brumaire an XI,1802-11-05,,,,,Sud,,Orientales,,,"15,0",27,"11,7","757,3",1010,93,"NE. Variable à l'ESE. Petite brise ; beau temps. A 1 heure après midi, grain du NO. avec pluie, suivi de coups de tonnerre. Pendant le grain, les vents ont fait le tour du compas, et sont ensuite revenus à l'E., foible brise.",☊,,,"A l'Observatoire des corvettes Françoises sur la pointe Banelong. — Latitude S. 33° 51' 21"",8. Longit. E. P. 148. 48. 32 ,0. Déviations magnétiques. Déclinaison 12° 11' 21"" NE. Inclinaison 61. 6. 0.",,oui,,SÉJOUR AU PORT JACKSON ; Constitution australe ; Printemps austral
510,532,Suite de la TABLE 16.e - Séjour au Port Jackson (Nouvelle-Galles du Sud.),les corvettes,1802-11-06,15 brumaire an XI,1802-11-06,,,,,Sud,,Orientales,,,//,//,//,,,//,SE. E. Joli frais ; variable ; ciel couvert.,♌,,,,,oui,,SÉJOUR AU PORT JACKSON ; Constitution boréale ; Printemps austral
510,532,Suite de la TABLE 16.e - Séjour au Port Jackson (Nouvelle-Galles du Sud.),les corvettes,1802-11-07,16 brumaire an XI,1802-11-07,,,,,Sud,,Orientales,,,"15,5",28,"4,5","768,1",1024,90,Calme ; petite brise du NE. ; bon frais dans la nuit ; beau temps.,P,,,,,oui,,SÉJOUR AU PORT JACKSON ; Constitution boréale ; Printemps austral
510,532,Suite de la TABLE 16.e - Séjour au Port Jackson (Nouvelle-Galles du Sud.),les corvettes,1802-11-08,17 brumaire an XI,1802-11-08,,,,,Sud,,Orientales,,,"17,5",28,"3,8","766,5",1022,89,Calme ; NE. Bon frais ; joli frais ; b. temps.,,,,,,oui,,SÉJOUR AU PORT JACKSON ; Constitution boréale ; Printemps austral
510,532,Suite de la TABLE 16.e - Séjour au Port Jackson (Nouvelle-Galles du Sud.),les corvettes,1802-11-09,18 brumaire an XI,1802-11-09,,,,,Sud,,Orientales,,,"17,0",28,"3,8","766,5",1022,90,"SSE. Petite brise inégale ; à la nuit, elle a fraîchi du S. ; temps sombre et pluvieux avec quelques embellies.",,,,,,oui,,SÉJOUR AU PORT JACKSON ; Constitution boréale ; Printemps austral
510,532,Suite de la TABLE 16.e - Séjour au Port Jackson (Nouvelle-Galles du Sud.),les corvettes,1802-11-10,19 brumaire an XI,1802-11-10,,,,,Sud,,Orientales,,,"16,0",28,"4,0","767,0",1023,98,E. ESE. Petit frais ; ciel couvert.,○,,,,,oui,,SÉJOUR AU PORT JACKSON ; Constitution boréale ; Printemps austral
510,532,Suite de la TABLE 16.e - Séjour au Port Jackson (Nouvelle-Galles du Sud.),les corvettes,1802-11-11,20 brumaire an XI,1802-11-11,,,,,Sud,,Orientales,,,//,//,//,,,//,SE. Petite brise inégale ; temps couvert.,,,,,,oui,,SÉJOUR AU PORT JACKSON ; Constitution boréale ; Printemps austral
510,532,Suite de la TABLE 16.e - Séjour au Port Jackson (Nouvelle-Galles du Sud.),les corvettes,1802-11-12,21 brumaire an XI,1802-11-12,,,,,Sud,,Orientales,,,"14,7",28,"4,0","767,0",1023,86,"S. SSE. Variable, joli frais ; temps sombre et pluvieux.",,,,,,oui,,SÉJOUR AU PORT JACKSON ; Constitution boréale ; Printemps austral
510,532,Suite de la TABLE 16.e - Séjour au Port Jackson (Nouvelle-Galles du Sud.),les corvettes,1802-11-13,22 brumaire an XI,1802-11-13,,,,,Sud,,Orientales,,,"14,1",28,"3,6","766,1",1021,78,"SE. ESE. Petite brise ; ciel couvert ; dans la nuit, presque calme.",λ,,,,,oui,,SÉJOUR AU PORT JACKSON ; Constitution boréale ; Printemps austral
510,532,Suite de la TABLE 16.e - Séjour au Port Jackson (Nouvelle-Galles du Sud.),les corvettes,1802-11-14,23 brumaire an XI,1802-11-14,,,,,Sud,,Orientales,,,"17,0",28,"2,6","763,8",1018,77,NE. ESE. Petit frais variable ; ciel couvert.,,,,,,oui,,SÉJOUR AU PORT JACKSON ; Constitution boréale ; Printemps austral
510,532,Suite de la TABLE 16.e - Séjour au Port Jackson (Nouvelle-Galles du Sud.),les corvettes,1802-11-15,24 brumaire an XI,1802-11-15,,,,,Sud,,Orientales,,,"15,0",28,"4,8","768,8",1025,86,SE. Petite brise inégale ; temps sombre et pluvieux.,,,,"A 4 h. du matin, le Géographe, le Naturaliste et le Casuarina ont mis sous voiles pour sortir du port Jackson. A 8 heures, après avoir doublé la pointe Bradley et l'île Rose, la marée contraire et la foiblesse du vent les ont obligés de jeter l'ancre.",24-26 brumaire,oui,,SÉJOUR AU PORT JACKSON ; Constitution boréale ; Printemps austral
510,532,Suite de la TABLE 16.e - Séjour au Port Jackson (Nouvelle-Galles du Sud.),les corvettes,1802-11-16,25 brumaire an XI,1802-11-16,,,,,Sud,,Orientales,,,//,//,//,,,//,"SO. Variable à l'ESE. ; petite brise ; temps somb. ; pend. la nuit, calme.",,,,"A 4 h. du matin, le Géographe, le Naturaliste et le Casuarina ont mis sous voiles pour sortir du port Jackson. A 8 heures, après avoir doublé la pointe Bradley et l'île Rose, la marée contraire et la foiblesse du vent les ont obligés de jeter l'ancre.",24-26 brumaire,oui,,SÉJOUR AU PORT JACKSON ; Constitution boréale ; Printemps austral
510,532,Suite de la TABLE 16.e - Séjour au Port Jackson (Nouvelle-Galles du Sud.),les corvettes,1802-11-17,26 brumaire an XI,1802-11-17,,,,,Sud,,Orientales,,,//,//,//,,,//,"Fraîcheur d'OSO, ; l'après-midi, NE. forte brise, mollissant sur le soir ; beau temps.",,,,"A 4 h. du matin, le Géographe, le Naturaliste et le Casuarina ont mis sous voiles pour sortir du port Jackson. A 8 heures, après avoir doublé la pointe Bradley et l'île Rose, la marée contraire et la foiblesse du vent les ont obligés de jeter l'ancre.",24-26 brumaire,oui,,SÉJOUR AU PORT JACKSON ; Constitution boréale ; Printemps austral
511,533,TABLE 17.e - Routes des corvettes françoises du port Jackson à l'île King et dans le détroit de Bass.,les corvettes,1802-11-18,27 brumaire an XI,1802-11-18,"-33,8667","151,1461","148,8089",33.52.0,Sud,148.48.32,Orientales,*,,"15,5",28,"?,0",,,//,O. SO. Foible ; S. variable au SSE. Bon frais ; temps orageux ; pluie ; éclairs et tonnerre de tous les points de l'horizon.,A,,//,Sorti du port Jackson à 4 heures du matin.,,,,Constit. boréale. ; Printemps austral.
511,533,TABLE 17.e - Routes des corvettes françoises du port Jackson à l'île King et dans le détroit de Bass.,les corvettes,1802-11-19,28 brumaire an XI,1802-11-19,"-33,7900","151,6289","149,2917",33.47.24,Sud,149.17.30,Orientales,*,*,"13,8",28,"3,0","764,7",1020,//,S. SE. Joli frais ; SSE. ESE. NE. Foible brise ; temps sombre et couvert.,☋,,//,,,,,Constit. boréale. ; Printemps austral.
511,533,TABLE 17.e - Routes des corvettes françoises du port Jackson à l'île King et dans le détroit de Bass.,les corvettes,1802-11-20,29 brumaire an XI,1802-11-20,"-36,0847","150,6425","148,3053",36.5.5,Sud,148.18.19,Orientales,,,"15,5",28,"1,5","761,3",1015,//,NE. NNE. N. Bon frais ; temps couvert.,D,,8° 44',En vue du mont Dromadaire : c'est une montagne isolée et très-élevée qui forme un excellent point de reconnaissance.,,,,Constitution australe. ; Printemps austral.
511,533,TABLE 17.e - Routes des corvettes françoises du port Jackson à l'île King et dans le détroit de Bass.,les corvettes,1802-11-21,30 brumaire an XI,1802-11-21,"-37,4914","150,7625","148,4253",37.29.29,Sud,148.25.31,Orientales,*,*,"13,5",27,"11,5","756,8",1009,//,OSO. SO. Bon frais ; temps couvert et graineux.,,,7. 10.,,,,,Constitution australe. ; Printemps austral.
511,533,TABLE 17.e - Routes des corvettes françoises du port Jackson à l'île King et dans le détroit de Bass.,les corvettes,1802-11-22,1.er frimaire an XI,1802-11-22,"-38,5292","151,1142","148,7769",38.31.45,Sud,148.46.37,Orientales,,*,"13,3",28,"1,5","761,3",1015,98,SO. OSO. S. Petit frais ; temps sombre ; pluie par intervalles.,,,9. 0.,,,,,Constitution australe. ; Printemps austral.
511,533,TABLE 17.e - Routes des corvettes françoises du port Jackson à l'île King et dans le détroit de Bass.,les corvettes,1802-11-23,2 frimaire an XI,1802-11-23,"-38,6186","150,2814","147,9442",38.37.7,Sud,147.56.39,Orientales,,,"14,8",28,"1,5","761,3",1015,96,S. SSE. E. NE. Foible brise ; beau temps ; ciel nuageux.,,→,9. 3.,,,,,Constitution australe. ; Printemps austral.
511,533,TABLE 17.e - Routes des corvettes françoises du port Jackson à l'île King et dans le détroit de Bass.,les corvettes,1802-11-24,3 frimaire an XI,1802-11-24,"-39,5725","148,8525","146,5153",39.34.21,Sud,146.30.55,Orientales,,*,"15,5",27,"11,0","755,7",1008,99,NE. Variable au N. Foible brise ; calme ; ciel nuageux ; pluie.,,,9. 1.,,,,,Constitution australe. ; Printemps austral.
511,533,TABLE 17.e - Routes des corvettes françoises du port Jackson à l'île King et dans le détroit de Bass.,les corvettes,1802-11-25,4 frimaire an XI,1802-11-25,"-38,9506","148,1494","145,8122",38.57.2,Sud,145.48.44,Orientales,*,*,"15,2",27,"7,0","746,7",996,97,SSO. ENE. NE. NE. Presque calme ; O. Grand frais ; temps couvert ; pluie abondante.,●,,8. 39.,,,,,Constitution australe. ; Printemps austral.
511,533,TABLE 17.e - Routes des corvettes françoises du port Jackson à l'île King et dans le détroit de Bass.,les corvettes,1802-11-26,5 frimaire an XI,1802-11-26,"-38,9525","147,8967","145,5594",38.57.9,Sud,145.33.34,Orientales,*,*,"12,2",27,"6,0","744,4",993,//,O. ONO. Grand frais ; temps couvert ; un peu de pluie.,,,//,,,,,Constitution australe. ; Printemps austral.
511,533,TABLE 17.e - Routes des corvettes françoises du port Jackson à l'île King et dans le détroit de Bass.,les corvettes,1802-11-27,6 frimaire an XI,1802-11-27,"-39,1375","148,4594","146,1222",39.8.15,Sud,0146.7.20,Orientales,,,"13,0",27,"10,0","753,5",1005,91,OSO. ONO. NO. O. SO. Joli frais ; temps sombre et humide.,L,,//,,,,,Constitution australe. ; Printemps austral.
511,533,TABLE 17.e - Routes des corvettes françoises du port Jackson à l'île King et dans le détroit de Bass.,les corvettes,1802-11-28,7 frimaire an XI,1802-11-28,"-38,9633","148,7178","146,3806",38.57.48,Sud,146.22.50,Orientales,,,"11,5",28,"0,5","759,1",1012,//,OSO. O. Grand frais et bon frais ; grains et pluie.,,,//,,,,,Constitution australe. ; Printemps austral.
511,533,TABLE 17.e - Routes des corvettes françoises du port Jackson à l'île King et dans le détroit de Bass.,les corvettes,1802-11-29,8 frimaire an XI,1802-11-29,"-38,8339","148,9472","146,6100",38.50.2,Sud,146.36.36,Orientales,,,"12,0",28,"2,0","762,5",1017,//,O. Joli frais et petit frais ; beau temps.,,,6. 58.,,,,,Constitution australe. ; Printemps austral.
511,533,TABLE 17.e - Routes des corvettes françoises du port Jackson à l'île King et dans le détroit de Bass.,les corvettes,1802-11-30,9 frimaire an XI,1802-11-30,"-39,6303","148,6847","146,3475",39.37.49,Sud,146.20.51,Orientales,,,"12,0",28,"3,0","764,7",1020,//,O. ONO. OSO. O. Joli frais ; petit frais ; ciel couvert ; un peu de pluie.,,,8. 53.,"Le 1.er décembre, inclinaison de l'aimant : Aiguille..... N.° 2 = 68° / N.° 3 = 70. / N.° 4 = 70. Inclinaison moy. = 69° 20'",9-10 frimaire,,,Constitution australe. ; Printemps austral.
511,533,TABLE 17.e - Routes des corvettes françoises du port Jackson à l'île King et dans le détroit de Bass.,les corvettes,1802-12-01,10 frimaire an XI,1802-12-01,"-39,5619","148,6778","146,3406",39.33.43,Sud,146.20.26,Orientales,,,"13,0",28,"2,0","762,5",1017,//,OSO. O. OSO. Petite brise ; très-beau temps.,,,7. 40.,"Le 1.er décembre, inclinaison de l'aimant : Aiguille..... N.° 2 = 68° / N.° 3 = 70. / N.° 4 = 70. Inclinaison moy. = 69° 20'",9-10 frimaire,,,Constitution australe. ; Printemps austral.
511,533,TABLE 17.e - Routes des corvettes françoises du port Jackson à l'île King et dans le détroit de Bass.,les corvettes,1802-12-02,11 frimaire an XI,1802-12-02,"-39,4775","148,3567","146,0194",39.28.39,Sud,0146.1.10,Orientales,,,"15,0",28,"2,5","763,6",1018,//,Calme ; ENE. NNE. Brise très-foible ; beau temps.,☾.☊,,8. 15.,"Inclinaison de l'aimant, observée le 2 déc. ; aiguille N.° 2 = 66° / N.° 3 = 68. / N.° 4 = 68. Inclin. moyenne = 67° 20'",11-13 frimaire,,,Constitution australe. ; Printemps austral.
511,533,TABLE 17.e - Routes des corvettes françoises du port Jackson à l'île King et dans le détroit de Bass.,les corvettes,1802-12-03,12 frimaire an XI,1802-12-03,"-39,4056","146,8442","144,5069",39.24.20,Sud,144.30.25,Orientales,,,"14,0",28,"0,5","759,1",1012,96,NNE. E. SE. SO. Foible brise ; OSO. O. Joli frais ; b. temps.,♌.P,,7. 32.,"Inclinaison de l'aimant, observée le 2 déc. ; aiguille N.° 2 = 66° / N.° 3 = 68. / N.° 4 = 68. Inclin. moyenne = 67° 20'",11-13 frimaire,,,C. bor. ; Printemps austral.
511,533,TABLE 17.e - Routes des corvettes françoises du port Jackson à l'île King et dans le détroit de Bass.,les corvettes,1802-12-04,13 frimaire an XI,1802-12-04,"-39,7975","146,6550","144,3178",39.47.51,Sud,144.19.4,Orientales,,,"11,7",28,"2,0","762,5",1017,//,OSO. SO. O. Joli frais ; ciel nuageux ; beau temps.,,,6. 35.,"Inclinaison de l'aimant, observée le 2 déc. ; aiguille N.° 2 = 66° / N.° 3 = 68. / N.° 4 = 68. Inclin. moyenne = 67° 20'",11-13 frimaire,,,C. bor. ; Printemps austral.
512,534,Suite de la TABLE 17.e - Routes des corvettes françoises du port Jackson à l'île King et dans le détroit de Bass.,les corvettes,1802-12-05,14 frimaire an XI,1802-12-05,"-40,1783","146,0186","143,6814",40.10.42,Sud,143.40.53,Orientales,,,"14,0",28,"3,7","766,3",1022,//,SSE. Presque calme ; NE. ENE. E. Joli frais ; beau temps.,,,7° 10',Inclin. de l'aimant observée le 5 ; aiguille N.° 2 = 68° / N.° 3 = 70. / N.° 4 = 70. Inclin. moyenne = 69° 20',14-15 frimaire,,,Constit. boréale. ; Printemps austral.
512,534,Suite de la TABLE 17.e - Routes des corvettes françoises du port Jackson à l'île King et dans le détroit de Bass.,les corvettes,1802-12-06,15 frimaire an XI,1802-12-06,"-40,1650","144,5717","142,2344",40.9.54,Sud,142.14.4,Orientales,,,"12,0",27,"10,0","753,5",1005,//,"ENE. Bon frais ; SO. Grand frais, par rafales ; joli frais ; temps couvert.",,,//,Inclin. de l'aimant observée le 5 ; aiguille N.° 2 = 68° / N.° 3 = 70. / N.° 4 = 70. Inclin. moyenne = 69° 20',14-15 frimaire,,,Constit. boréale. ; Printemps austral.
512,534,Suite de la TABLE 17.e - Routes des corvettes françoises du port Jackson à l'île King et dans le détroit de Bass.,les corvettes,1802-12-07,16 frimaire an XI,1802-12-07,"-39,8833","144,4781","142,1408",39.53.0,Sud,0142.8.27,Orientales,,,"13,0",28,"3,0","764,7",1020,//,SO. S. Joli brise ; beau temps.,,,4. 16.,Le 7 décembre le Casuarina est parti pour aller faire la géographie des îles Hunter.,,,,⚓ (en regard de la date) ; Constit. boréale. ; Printemps austral.
512,534,Suite de la TABLE 17.e - Routes des corvettes françoises du port Jackson à l'île King et dans le détroit de Bass.,les corvettes,1802-12-08,17 frimaire an XI,1802-12-08,,,,,Sud,,Orientales,,,"13,5",28,"2,0","762,5",1017,//,S. SE. Petit frais ; beau temps.,,,//,"A l'Observatoire du Géographe sur le rocher des Eléphans. — Latitude S. 39° 49' 30"". Long. E. P. 142. 7. 2. Déviations magnétiques. Inclinaison 68° 10' 0"" Déclinaison 4. 2. 0. NE.",17-21 frimaire,oui,,N.B. Les routes du 13 au 27 décembre appartiennent exclusivement à la corvette le Géographe. ; Au mouillage devant l'île King ; Constitution boréale. ; Printemps austral.
512,534,Suite de la TABLE 17.e - Routes des corvettes françoises du port Jackson à l'île King et dans le détroit de Bass.,les corvettes,1802-12-09,18 frimaire an XI,1802-12-09,,,,,Sud,,Orientales,,,"15,6",28,"2,5","763,6",1018,78,SSE. Petit frais ; beau temps.,○,,//,"A l'Observatoire du Géographe sur le rocher des Eléphans. — Latitude S. 39° 49' 30"". Long. E. P. 142. 7. 2. Déviations magnétiques. Inclinaison 68° 10' 0"" Déclinaison 4. 2. 0. NE.",17-21 frimaire,oui,,Au mouillage devant l'île King ; Constitution boréale. ; Printemps austral.
512,534,Suite de la TABLE 17.e - Routes des corvettes françoises du port Jackson à l'île King et dans le détroit de Bass.,les corvettes,1802-12-10,19 frimaire an XI,1802-12-10,,,,,Sud,,Orientales,,,"15,0",28,"3,3","765,4",1021,89,SO. SSO. Foible brise ; temps couvert ; beau temps.,λ,,//,"A l'Observatoire du Géographe sur le rocher des Eléphans. — Latitude S. 39° 49' 30"". Long. E. P. 142. 7. 2. Déviations magnétiques. Inclinaison 68° 10' 0"" Déclinaison 4. 2. 0. NE.",17-21 frimaire,oui,,Au mouillage devant l'île King ; Constitution boréale. ; Printemps austral.
512,534,Suite de la TABLE 17.e - Routes des corvettes françoises du port Jackson à l'île King et dans le détroit de Bass.,les corvettes,1802-12-11,20 frimaire an XI,1802-12-11,,,,,Sud,,Orientales,,,"19,0",28,"3,0","764,7",1020,78,SSE. SE. Bonne brise ; b. temps.,,,4. 2.,"A l'Observatoire du Géographe sur le rocher des Eléphans. — Latitude S. 39° 49' 30"". Long. E. P. 142. 7. 2. Déviations magnétiques. Inclinaison 68° 10' 0"" Déclinaison 4. 2. 0. NE.",17-21 frimaire,oui,,Au mouillage devant l'île King ; Constitution boréale. ; Printemps austral.
512,534,Suite de la TABLE 17.e - Routes des corvettes françoises du port Jackson à l'île King et dans le détroit de Bass.,les corvettes,1802-12-12,21 frimaire an XI,1802-12-12,,,,,Sud,,Orientales,,,"14,0",28,"1,5","761,3",1015,//,E. ENE. ESE. Joli brise ; ciel couvert.,,,//,"A l'Observatoire du Géographe sur le rocher des Eléphans. — Latitude S. 39° 49' 30"". Long. E. P. 142. 7. 2. Déviations magnétiques. Inclinaison 68° 10' 0"" Déclinaison 4. 2. 0. NE.",17-21 frimaire,oui,,Au mouillage devant l'île King ; Constitution boréale. ; Printemps austral.
512,534,Suite de la TABLE 17.e - Routes des corvettes françoises du port Jackson à l'île King et dans le détroit de Bass.,les corvettes,1802-12-13,22 frimaire an XI,1802-12-13,"-39,8333","144,6550","142,3178",39.50.0,Sud,142.19.4,Orientales,,*,"15,0",27,"11,0","755,7",1008,//,"SE. E. N. OSO. Jolie brise, mollissant par intervalles ; grains et pluie le soir.",,,//,"A 8 h. du matin la brume s'est dissipée tout-à-coup, ainsi que les nuages qui couvroient l'horizon. Nous avons eu plusieurs fois dans les mêmes parages des exemples d'un changement de temps aussi subit.",,,,"N.B. Le 8 décembre, à 9 heures du soir, la corvette le Naturaliste a mis sous voiles pour retourner en France ; elle y est arrivée le 7 juin suivant. ; Constit. boréale. ; Printemps austral."
512,534,Suite de la TABLE 17.e - Routes des corvettes françoises du port Jackson à l'île King et dans le détroit de Bass.,les corvettes,1802-12-14,23 frimaire an XI,1802-12-14,"-39,8925","144,4322","142,0950",39.53.33,Sud,142.5.42,Orientales,,,"15,0",27,"11,0","755,7",1008,//,O. SO. NE. NNE. Petit frais et bon frais ; temps brumeux ; pluie.,,,//,,,,,⚓ (en regard de la date) ; Constit. boréale. ; Printemps austral.
512,534,Suite de la TABLE 17.e - Routes des corvettes françoises du port Jackson à l'île King et dans le détroit de Bass.,les corvettes,1802-12-15,24 frimaire an XI,1802-12-15,"-39,5947","144,9031","142,5658",39.35.41,Sud,142.33.57,Orientales,,*,"13,5",27,"9,0","751,2",1002,//,NNE. NNO. O. OSO. Bon frais par fortes rafales ; ciel couvert ; pluie le soir.,,,//,"Après le lever du soleil, le vent souffla avec une telle force, que les extrémités des lames étoient enlevées en l'air, et formoient une quantité de vapeurs si considérable que l'on eût pu croire qu'il pleuvoit continuellement autour de la corvette. Cette bourasque dura jusqu'à midi que les vents halèrent l'Ouest.",,,,Constit. boréale. ; Printemps austral.
512,534,Suite de la TABLE 17.e - Routes des corvettes françoises du port Jackson à l'île King et dans le détroit de Bass.,les corvettes,1802-12-16,25 frimaire an XI,1802-12-16,"-39,4258","145,2975","142,9603",39.25.33,Sud,142.57.37,Orientales,,*,"13,3",27,"10,0","753,5",1005,//,O. OSO. Joli frais inégal ; ciel nuageux ; beau temps.,A.☋,,//,,,,,Constit. boréale. ; Printemps austral.
512,534,Suite de la TABLE 17.e - Routes des corvettes françoises du port Jackson à l'île King et dans le détroit de Bass.,les corvettes,1802-12-17,26 frimaire an XI,1802-12-17,"-39,7056","145,2417","142,9044",39.42.20,Sud,142.54.16,Orientales,*,*,"10,5",27,"6,0","744,4",993,//,OSO. NO. O. Grand frais ; grains violens ; pluie ; nuages épais ; éclairs de tous les points de l'horizon.,D,,//,,,,,Constitution australe. ; Printemps austral.
512,534,Suite de la TABLE 17.e - Routes des corvettes françoises du port Jackson à l'île King et dans le détroit de Bass.,les corvettes,1802-12-18,27 frimaire an XI,1802-12-18,"-39,2472","145,7331","143,3958",39.14.50,Sud,143.23.45,Orientales,,*,"13,0",27,"10,0","753,5",1005,//,OSO. O. Bon frais par rafales ; grains ; pluie et grêle.,,,//,,,,,Constitution australe. ; Printemps austral.
512,534,Suite de la TABLE 17.e - Routes des corvettes françoises du port Jackson à l'île King et dans le détroit de Bass.,les corvettes,1802-12-19,28 frimaire an XI,1802-12-19,"-39,5814","146,2697","143,9325",39.34.53,Sud,143.55.57,Orientales,△,△,"13,0",27,"9,0","751,2",1002,//,O. OSO. Bon frais ; grains ; brume ; pluie.,,,//,,,,,Constitution australe. ; Printemps austral.
512,534,Suite de la TABLE 17.e - Routes des corvettes françoises du port Jackson à l'île King et dans le détroit de Bass.,les corvettes,1802-12-20,29 frimaire an XI,1802-12-20,"-40,0450","146,2806","143,9433",40.2.42,Sud,143.56.36,Orientales,*,*,"10,5",27,"8,5","750,1",1000,//,"OSO. Grand frais par rafales ; grains fréquens, avec grêle et pluie.",,,//,,,,,Constitution australe. ; Printemps austral.
513,535,Suite de la TABLE 17.e - Routes des corvettes françoises du port Jackson à l'île King et dans le détroit de Bass.,les corvettes,1802-12-21,30 frimaire an XI,1802-12-21,"-39,0950","145,6372","143,3000",39.5.42,Sud,143.18.0,Orientales,△,*,"11,0",28,"1,8","762,0",1016,//,SO. OSO. Joli frais ; presque calme sur le soir ; ciel nuageux ; beau temps.,,,//,,,,,Constitution australe. ; Print. austr.
513,535,Suite de la TABLE 17.e - Routes des corvettes françoises du port Jackson à l'île King et dans le détroit de Bass.,les corvettes,1802-12-22,1.er nivôse an XI,1802-12-22,"-39,3750","145,2825","142,9453",39.22.30,Sud,142.56.43,Orientales,*,*,"11,8",27,"11,5","756,8",1009,//,Calme ; NE. Foible ; ESE. Joli frais ; ciel nuag. ; petite pluie.,,♑,//,,,,,Constitution australe. ; Été austral.
513,535,Suite de la TABLE 17.e - Routes des corvettes françoises du port Jackson à l'île King et dans le détroit de Bass.,les corvettes,1802-12-23,2 nivôse an XI,1802-12-23,"-39,8861","144,4400","142,1028",39.53.10,Sud,0142.6.10,Orientales,,,"14,0",28,"2,0","762,5",1017,//,SE. ESE. SSE. S. Joli frais ; beau temps.,,,//,,,,,⚓ (en regard de la date) ; Constitution australe. ; Été austral.
513,535,Suite de la TABLE 17.e - Routes des corvettes françoises du port Jackson à l'île King et dans le détroit de Bass.,les corvettes,1802-12-24,3 nivôse an XI,1802-12-24,,,,,Sud,,Orientales,,,"14,0",28,"2,5","763,6",1018,//,S. SSO. Foible ; SSE. Petit frais ; S. SSE. Jolie brise ; b. temps.,L,,4° 9',,,oui,,Au mouillage devant l'île King. ; Constitution australe. ; Été austral.
513,535,Suite de la TABLE 17.e - Routes des corvettes françoises du port Jackson à l'île King et dans le détroit de Bass.,les corvettes,1802-12-25,4 nivôse an XI,1802-12-25,"-40,1658","145,0311","142,6939",40.9.57,Sud,142.41.38,Orientales,*,*,"14,0",28,"1,0","760,2",1014,//,SE. E. Petit fr. ; presque calme ; O. OSO. Petit frais ; temps brumeux.,●,,//,,,,,Constitution australe. ; Été austral.
513,535,Suite de la TABLE 17.e - Routes des corvettes françoises du port Jackson à l'île King et dans le détroit de Bass.,les corvettes,1802-12-26,5 nivôse an XI,1802-12-26,"-40,3150","145,2408","142,9036",40.18.54,Sud,142.54.13,Orientales,,,"14,0",28,"1,5","761,3",1015,//,SO. O. SSO. Jolie brise inégale ; SSE. Presque calme ; beau temps,,,4. 0.,,,,,Constitution australe. ; Été austral.
513,535,Suite de la TABLE 17.e - Routes des corvettes françoises du port Jackson à l'île King et dans le détroit de Bass.,les corvettes,1802-12-27,6 nivôse an XI,1802-12-27,"-39,8989","144,4758","142,1386",39.53.56,Sud,0142.8.19,Orientales,,,"15,0",28,"2,0","762,5",1017,//,SSE. E. ENE. NE. Foible et variable ; beau temps.,,,8. 1.,,,,,Constitution australe. ; Été austral.
513,535,"TABLE 18.e - Route des corvettes françoises à la Terre Napoléon, 2.e campagne",les corvettes,1802-12-28,7 nivôse an XI,1802-12-28,"-40,2419","143,8608","141,5236",40.14.31,Sud,141.31.25,Orientales,,,"16,6",27,"8,5","750,1",1000,//,ENE. NE. O. SO. Bonne brise ; brume épaisse ; ciel couvert.,,,//,,,,,Const. australe. ; Été austral.
513,535,"TABLE 18.e - Route des corvettes françoises à la Terre Napoléon, 2.e campagne",les corvettes,1802-12-29,8 nivôse an XI,1802-12-29,"-39,9978","143,3228","140,9856",39.59.52,Sud,140.59.8,Orientales,,,"12,5",28,"3,0","764,7",1020,//,OSO. SSO. S. SSE. Petit frais ; beau temps.,P.☋,,//,,,,,Const. australe. ; Été austral.
513,535,"TABLE 18.e - Route des corvettes françoises à la Terre Napoléon, 2.e campagne",les corvettes,1802-12-30,9 nivôse an XI,1802-12-30,"-38,8500","141,0883","138,7511",38.51.0,Sud,138.45.4,Orientales,,,"14,5",28,"5,0","769,2",1026,//,SE. Jolie brise ; beau temps.,,,//,,,,,Const. australe. ; Été austral.
513,535,"TABLE 18.e - Route des corvettes françoises à la Terre Napoléon, 2.e campagne",les corvettes,1802-12-31,10 nivôse an XI,1802-12-31,"-37,7531","140,0108","137,6736",37.45.11,Sud,137.40.25,Orientales,,*,"16,0",28,"2,5","763,6",1018,//,ESE. SE. S. Jolie brise mollissant graduellement. SO. SSO. Petit frais ; b. temps ; ciel couvert.,♌,,//,"Le 31 décembre, dans l'après-midi, une immense écharpe de vapeurs, fixée à l'horizon, présentoit si parfaitement l'apparence d'une terre, que tout le monde à bord y fut trompé ; de toute part en croyoit distinguer les caps, les pitons et les enfoncemens divers qui constituent un grand développement de côtes ; nous ne reconnûmes notre erreur qu'après avoir couru, pendant plusieurs heures, vers ces rivages fantastiques.",10-12 nivôse,,,Constitution boréale. ; Été austral.
513,535,"TABLE 18.e - Route des corvettes françoises à la Terre Napoléon, 2.e campagne",les corvettes,1803-01-01,11 nivôse an XI,1803-01-01,"-36,8153","138,8739","136,5367",36.48.55,Sud,136.32.12,Orientales,,,"15,5",28,"0,0","758,0",1011,//,ESE. S. SSE. Foible brise ; beau temps.,☾,,//,"Le 31 décembre, dans l'après-midi, une immense écharpe de vapeurs, fixée à l'horizon, présentoit si parfaitement l'apparence d'une terre, que tout le monde à bord y fut trompé ; de toute part en croyoit distinguer les caps, les pitons et les enfoncemens divers qui constituent un grand développement de côtes ; nous ne reconnûmes notre erreur qu'après avoir couru, pendant plusieurs heures, vers ces rivages fantastiques.",10-12 nivôse,,,Constitution boréale. ; Été austral.
513,535,"TABLE 18.e - Route des corvettes françoises à la Terre Napoléon, 2.e campagne",les corvettes,1803-01-02,12 nivôse an XI,1803-01-02,"-35,8747","137,9286","135,5914",35.52.29,Sud,135.35.29,Orientales,,,"14,8",28,"0,5","759,1",1012,//,S. SE. SO. S. Joli frais ; beau temps ; ciel nuageux.,,,2. 11.,"Le 31 décembre, dans l'après-midi, une immense écharpe de vapeurs, fixée à l'horizon, présentoit si parfaitement l'apparence d'une terre, que tout le monde à bord y fut trompé ; de toute part en croyoit distinguer les caps, les pitons et les enfoncemens divers qui constituent un grand développement de côtes ; nous ne reconnûmes notre erreur qu'après avoir couru, pendant plusieurs heures, vers ces rivages fantastiques.",10-12 nivôse,,,Constitution boréale. ; Été austral.
513,535,"TABLE 18.e - Route des corvettes françoises à la Terre Napoléon, 2.e campagne",les corvettes,1803-01-03,13 nivôse an XI,1803-01-03,"-36,1039","137,4828","135,1456",36.6.14,Sud,135.8.44,Orientales,,,"14,5",28,"4,0","767,0",1023,//,SSE. SE. Joli frais ; b. temps ; ciel nuageux.,,,//,"Inclin. de l'aiguille, moyenne de deux observat. = 63° 30'",,,,Constitution boréale. ; Été austral.
513,535,"TABLE 18.e - Route des corvettes françoises à la Terre Napoléon, 2.e campagne",les corvettes,1803-01-04,14 nivôse an XI,1803-01-04,"-35,6653","136,6928","134,3556",35.39.55,Sud,134.21.20,Orientales,,,"15,0",28,"3,5","765,9",1021,//,SSE. SE. Bonne brise ; b. temps.,,,//,,,,,Constitution boréale. ; Été austral.
513,535,"TABLE 18.e - Route des corvettes françoises à la Terre Napoléon, 2.e campagne",les corvettes,1803-01-05,15 nivôse an XI,1803-01-05,"-35,4475","137,6622","135,3250",35.26.51,Sud,135.19.30,Orientales,,,"16,0",28,"1,7","761,8",1016,//,SSE. SE. S. Joli frais ; beau temps.,,,//,,,,,Constitution boréale. ; Été austral.
514,536,"18 - Routes des corvettes françoises à la Terre Napoléon, 2e campagne",les corvettes,1803-01-06,16 nivôse an XI,1803-01-06,"-35,7211","137,8744","135,5372",35.43.16,Sud,135.32.14,Orientales,,△,"19,0",27,"11,0","755,7",1008,87,SSE. ESE. Foible brise; NNE. SSO. Joli frais par rafales ; beau temps.,λ,,//,"Mouillé dans la baie Bougainville, sur l'île Decrès, à 8 h. et demie du matin.",,,calendrier,Constitution boréale ; Été austral.
514,536,"18 - Routes des corvettes françoises à la Terre Napoléon, 2e campagne",les corvettes,1803-01-07,17 nivôse an XI,1803-01-07,,,,,Sud,,Orientales,,,"16,8",27,"11,0","755,7",1008,83,OSO. O. NO. Bonne brise par rafales ; temps à grains.,,,//,,,oui,calendrier,"Au mouillage dans la baie Bougainville, sur l'île Decrès. Constitution boréale ; Été austral."
514,536,"18 - Routes des corvettes françoises à la Terre Napoléon, 2e campagne",les corvettes,1803-01-08,18 nivôse an XI,1803-01-08,,,,,Sud,,Orientales,,,"15,3",27,"10,5","754,6",1006,90,"NO. ONO. O. SO. ONO. Joli frais, par grains ; pluie.",○,,//,,,oui,calendrier,"Au mouillage dans la baie Bougainville, sur l'île Decrès. Constitution boréale ; Été austral."
514,536,"18 - Routes des corvettes françoises à la Terre Napoléon, 2e campagne",les corvettes,1803-01-09,19 nivôse an XI,1803-01-09,,,,,Sud,,Orientales,,,"16,0",27,"11,0","755,7",1008,94,NO. SO. OSO. SSO. Joli frais ; pluie et grains.,,,//,,,oui,calendrier,"Au mouillage dans la baie Bougainville, sur l'île Decrès. Constitution boréale ; Été austral."
514,536,"18 - Routes des corvettes françoises à la Terre Napoléon, 2e campagne",les corvettes,1803-01-10,20 nivôse an XI,1803-01-10,,,,,Sud,,Orientales,,,"13,0",28,"0,5","759,1",1012,89,SO. SSO. SSE. S. Joli frais inégal ; b. temps ; ciel nuageux.,,,//,,,oui,calendrier,"Au mouillage dans la baie Bougainville, sur l'île Decrès. Constitution boréale ; Été austral."
514,536,"18 - Routes des corvettes françoises à la Terre Napoléon, 2e campagne",les corvettes,1803-01-11,21 nivôse an XI,1803-01-11,,,,,Sud,,Orientales,,,"15,8",28,"2,7","764,1",1019,82,"SE. ESE. SSE. Foible brise et joli frais ; beau temps, ciel nuageux.",,,//,Le Casuarina met sous voiles à 10 h. du soir pour aller compléter la géographie des golfes de la Terre Napoléon.,,oui,calendrier,"Au mouillage dans la baie Bougainville, sur l'île Decrès. Constitution boréale ; Été austral."
514,536,"18 - Routes des corvettes françoises à la Terre Napoléon, 2e campagne",les corvettes,1803-01-12,22 nivôse an XI,1803-01-12,,,,,Sud,,Orientales,,,"15,5",28,"3,0","764,7",1020,//,ESE. ENE. SSE. Bon frais par rafales ; petit frais le soir ; beau temps.,☋,,//,,,oui,calendrier,"Au mouillage dans la baie Bougainville, sur l'île Decrès. Constitution boréale ; Été austral."
514,536,"18 - Routes des corvettes françoises à la Terre Napoléon, 2e campagne",les corvettes,1803-01-13,23 nivôse an XI,1803-01-13,,,,,Sud,,Orientales,,,"15,5",28,"2,0","762,5",1017,//,Calme ; NO. NE. Foible brise ; beau temps.,A,,//,,,oui,calendrier,"Au mouillage dans la baie Bougainville, sur l'île Decrès. Constitution boréale ; Été austral."
514,536,"18 - Routes des corvettes françoises à la Terre Napoléon, 2e campagne",les corvettes,1803-01-14,24 nivôse an XI,1803-01-14,,,,,Sud,,Orientales,,,"16,0",28,"1,0","760,2",1014,//,S. SSE. SSO. S. Petit frais ; beau temps.,D,,//,,,oui,calendrier,"Au mouillage dans la baie Bougainville, sur l'île Decrès. Constitution boréale ; Été austral."
514,536,"18 - Routes des corvettes françoises à la Terre Napoléon, 2e campagne",les corvettes,1803-01-15,25 nivôse an XI,1803-01-15,,,,,Sud,,Orientales,,,"14,5",28,"2,0","762,5",1017,//,SSE. SSO. O. N. NE. Foible brise ; jolie brise ; b. temps ; sur le soir temps couvert et nuageux ; éclairs fréquens ; jolie brise d'ENE.,,,//,,,oui,calendrier,"Au mouillage dans la baie Bougainville, sur l'île Decrès. Constitution boréale ; Été austral."
514,536,"18 - Routes des corvettes françoises à la Terre Napoléon, 2e campagne",les corvettes,1803-01-16,26 nivôse an XI,1803-01-16,,,,,Sud,,Orientales,,,"18,0",27,"11,0","755,7",1008,82,"SO. O. Bon frais, calmissant le soir ; ciel nuageux.",☽,,//,,,oui,calendrier,"Au mouillage dans la baie Bougainville, sur l'île Decrès. Constitution australe ; Été austral."
514,536,"18 - Routes des corvettes françoises à la Terre Napoléon, 2e campagne",les corvettes,1803-01-17,27 nivôse an XI,1803-01-17,,,,,Sud,,Orientales,,,"15,5",28,"3,0","764,7",1020,82,SSE. S. SO. SSO. Petit frais ; le soir calme plat ; b. temps.,,,//,,,oui,calendrier,"Au mouillage dans la baie Bougainville, sur l'île Decrès. Constitution australe ; Été austral."
514,536,"18 - Routes des corvettes françoises à la Terre Napoléon, 2e campagne",les corvettes,1803-01-18,28 nivôse an XI,1803-01-18,,,,,Sud,,Orientales,,,"16,0",28,"3,5","765,9",1021,//,"SE. E. ESE. Jolie brise, calmissant le soir ; beau temps.",,,//,,,oui,calendrier,"Au mouillage dans la baie Bougainville, sur l'île Decrès. Constitution australe ; Été austral."
514,536,"18 - Routes des corvettes françoises à la Terre Napoléon, 2e campagne",les corvettes,1803-01-19,29 nivôse an XI,1803-01-19,,,,,Sud,,Orientales,,,"18,0",28,"1,0","760,2",1014,92,ENE. Jolie brise ; b. temps.,,,//,,,oui,calendrier,"Au mouillage dans la baie Bougainville, sur l'île Decrès. Constitution australe ; Été austral."
514,536,"18 - Routes des corvettes françoises à la Terre Napoléon, 2e campagne",les corvettes,1803-01-20,30 nivôse an XI,1803-01-20,,,,,Sud,,Orientales,,,"20,3",28,"0,0","758,0",1011,89,ENE. N. NO. SSO. Bon frais par rafales ; NE. NNE. Presque calme ; SO. Par rafales ; joli frais ; beau temps.,,,//,,,oui,calendrier,"Au mouillage dans la baie Bougainville, sur l'île Decrès. Constitution australe ; Été austral."
514,536,"18 - Routes des corvettes françoises à la Terre Napoléon, 2e campagne",les corvettes,1803-01-21,1.er pluviôse an XI,1803-01-21,,,,,Sud,,Orientales,,,"16,0",28,"5,0","769,2",1026,80,"SO. SSO. S. Joli frais, calmissant par interval. ; b. temps.",L,♒,//,,,oui,calendrier,"Au mouillage dans la baie Bougainville, sur l'île Decrès. Constitution australe ; Été austral."
514,536,"18 - Routes des corvettes françoises à la Terre Napoléon, 2e campagne",les corvettes,1803-01-22,2 pluviôse an XI,1803-01-22,,,,,Sud,,Orientales,,,"16,0",28,"6,0","771,5",1029,//,SSO. S. SSE. SE. Petit frais ; beau temps.,,,//,,,oui,calendrier,"Au mouillage dans la baie Bougainville, sur l'île Decrès. Constitution australe ; Été austral."
514,536,"18 - Routes des corvettes françoises à la Terre Napoléon, 2e campagne",les corvettes,1803-01-23,3 pluviôse an XI,1803-01-23,,,,,Sud,,Orientales,,,"18,0",28,"5,5","770,4",1027,82,"SE. SSE. Foible brise, forçant par degrés ; beau temps.",●,,//,,,oui,calendrier,"Au mouillage dans la baie Bougainville, sur l'île Decrès. Constitution australe ; Été austral."
514,536,"18 - Routes des corvettes françoises à la Terre Napoléon, 2e campagne",les corvettes,1803-01-24,4 pluviôse an XI,1803-01-24,,,,,Sud,,Orientales,,,"18,5",28,"3,0","764,7",1020,86,E. Presque calme ; SE. E. Joli frais ; beau temps.,,,//,,,oui,calendrier,"Au mouillage dans la baie Bougainville, sur l'île Decrès. Constitution australe ; Été austral."
515,537,"18 - Routes des corvettes françoises à la Terre Napoléon, 2e campagne",les corvettes,1803-01-25,5 pluviôse an XI,1803-01-25,,,,,Sud,,Orientales,,,"21,6",28,"1,5","761,3",1015,//,ENE. Bonne brise ; ESE. NE. Foible et variable ; horizon brumeux ; beau temps.,P. ♌,,//,"A l'observatoire du Géographe, sur le cap Delambre de l'île Decrès. Latitude S.... 35°43'28"". Longitude E.P. 135.33.13. Déviations magnétiques. Déclinaison.. 4° 11' 0"" NE. Inclinaison... 65.21.20.",,oui,,"Au mouillage dans la baie Bougainville, sur l'île Decrès. Const. austr. ; Été austral."
515,537,"18 - Routes des corvettes françoises à la Terre Napoléon, 2e campagne",les corvettes,1803-01-26,6 pluviôse an XI,1803-01-26,,,,,Sud,,Orientales,,,"22,0",28,"1,5","761,3",1015,80,NE. ENE. S. Foible brise ; calme par intervalles ; beau temps.,,,//,,,oui,,"Au mouillage dans la baie Bougainville, sur l'île Decrès. Const. austr. ; Été austral."
515,537,"18 - Routes des corvettes françoises à la Terre Napoléon, 2e campagne",les corvettes,1803-01-27,7 pluviôse an XI,1803-01-27,,,,,Sud,,Orientales,,,"20,0",27,"11,5","756,8",1009,88,"NE. NNE. S. Jolie brise, inégale, interrompue par des calmes ; beau temps. Le soir, temps orageux et à grains ; pluie ; éclairs de tous les points de l'horizon.",?,,//,,,oui,,"Au mouillage dans la baie Bougainville, sur l'île Decrès. Été austral."
515,537,"18 - Routes des corvettes françoises à la Terre Napoléon, 2e campagne",les corvettes,1803-01-28,8 pluviôse an XI,1803-01-28,,,,,Sud,,Orientales,,,"18,0",28,"3,0","764,7",1020,//,S. SSO. Jolie brise ; beau temps.,,,//,,,oui,,"Au mouillage dans la baie Bougainville, sur l'île Decrès. Été austral."
515,537,"18 - Routes des corvettes françoises à la Terre Napoléon, 2e campagne",les corvettes,1803-01-29,9 pluviôse an XI,1803-01-29,,,,,Sud,,Orientales,,,"15,5",28,"2,5","763,6",1018,//,Calme ; brise très-foible et variable du SSO. au SE. et NE. ; beau temps.,,,//,,,oui,,"Au mouillage dans la baie Bougainville, sur l'île Decrès. Été austral."
515,537,"18 - Routes des corvettes françoises à la Terre Napoléon, 2e campagne",les corvettes,1803-01-30,10 pluviôse an XI,1803-01-30,,,,,Sud,,Orientales,,,"20,5",28,"2,5","763,6",1018,70,S. SSO. SO. Foible brise et variable ; presque calme ; S. SSE. Jolie brise ; beau temps.,☾,,//,"Le thermomètre placé à l'ombre, à terre, marquoit 25° à 2 h. après midi.",,oui,,"Au mouillage dans la baie Bougainville, sur l'île Decrès. Été austral."
515,537,"18 - Routes des corvettes françoises à la Terre Napoléon, 2e campagne",les corvettes,1803-01-31,11 pluviôse an XI,1803-01-31,,,,,Sud,,Orientales,,,"19,5",28,"3,0","764,7",1020,87,"SSE. SE. SSO. Foible brise, très-variable ; presque calme ; beau temps ; ciel nuageux.",,,1° 44',Cette déclinaison est moyenne de plusieurs observations peu satisfaisantes. L'inclinaison moyenne observée à terre a donné 65° 21',,oui,,"Au mouillage dans la baie Bougainville, sur l'île Decrès. Été austral."
515,537,"18 - Routes des corvettes françoises à la Terre Napoléon, 2e campagne",les corvettes,1803-02-01,12 pluviôse an XI,1803-02-01,"-35,5075","137,6917","135,3544",35.30.27,Sud,135.21.16,Orientales,*,*,"20,0",28,"1,5","761,3",1015,97,SSE. Foible brise ; presque calme ; S. SSE. Bon frais ; beau temps ; ciel nuageux.,,,//,"Le Géographe et le Casuarina sont partis de l'île Decrès, le 1.er février, à 8 h. du matin.",,,,Constitution boréale ; Été austral.
515,537,"18 - Routes des corvettes françoises à la Terre Napoléon, 2e campagne",les corvettes,1803-02-02,13 pluviôse an XI,1803-02-02,"-35,9050","136,3417","134,0044",35.54.18,Sud,134.0.16,Orientales,*,*,"16,4",28,"1,3","760,9",1014,//,NE. O. SO. ESE. SSE. E. NNO. Très-variable et inégal ; temps brumeux ; ciel couvert ; pluie orageuse ; éclairs dans le SE.,λ,,//,,,,,Constitution boréale ; Été austral.
515,537,"18 - Routes des corvettes françoises à la Terre Napoléon, 2e campagne",les corvettes,1803-02-03,14 pluviôse an XI,1803-02-03,"-36,1589","135,4042","133,0669",36.9.32,Sud,0133.4.1,Orientales,*,*,"17,3",27,"11,0","755,7",1008,//,"Fraîcheur très-variable. S. SE. Petit frais ; SSE. SSO. S. Jolie brise ; pluie, avec grêle.",,,//,"Nous avons éprouvé une forte houle du SO., qui nous a fait craindre des vents de cette partie.",,,,Constitution boréale ; Été austral.
515,537,"18 - Routes des corvettes françoises à la Terre Napoléon, 2e campagne",les corvettes,1803-02-04,15 pluviôse an XI,1803-02-04,"-34,9247","133,7656","131,4283",34.55.29,Sud,131.25.42,Orientales,,*,"16,0",28,"1,5","761,3",1015,//,"OSO. SO. S. Grand frais, inégal par rafales ; ciel nuageux.",,,//,,,,,Constitution boréale ; Été austral.
515,537,"18 - Routes des corvettes françoises à la Terre Napoléon, 2e campagne",les corvettes,1803-02-05,16 pluviôse an XI,1803-02-05,"-33,6083","133,7539","131,4167",33.36.30,Sud,131.25.0,Orientales,*,*,"16,0",28,"4,0","767,0",1023,//,SSO. SSE. S. SE. Petit frais ; temps couvert et graineux.,,,//,,,,,Constitution boréale ; Été austral.
515,537,"18 - Routes des corvettes françoises à la Terre Napoléon, 2e campagne",les corvettes,1803-02-06,17 pluviôse an XI,1803-02-06,"-32,7269","133,8756","131,5383",32.43.37,Sud,131.32.18,Orientales,*,*,"15,4",28,"5,0","769,2",1026,//,SE. SSE. Petit frais et bon frais ; ciel couvert ; beau temps.,○,,//,,,,,Constitution boréale ; Été austral.
515,537,"18 - Routes des corvettes françoises à la Terre Napoléon, 2e campagne",les corvettes,1803-02-07,18 pluviôse an XI,1803-02-07,"-32,1500","133,5375","131,2003",32.9.0,Sud,0131.12.1,Orientales,,,"17,0",28,"4,0","767,0",1023,//,"SE. SSE. Joli frais, par risées ; brise carabinée, par rafales ; beau temps.",☋,,//,Mouillé dans la baie Murat.,,,,Constitution boréale ; Été austral.
515,537,"18 - Routes des corvettes françoises à la Terre Napoléon, 2e campagne",les corvettes,1803-02-08,19 pluviôse an XI,1803-02-08,,,,,Sud,,Orientales,,,"15,2",28,"4,0","767,0",1023,//,SSE. SE. Bonne brise ; beau temps.,,,0. 47.,,,oui,,Au mouillage dans la baie Murat. Constitution boréale ; Été austral.
515,537,"18 - Routes des corvettes françoises à la Terre Napoléon, 2e campagne",les corvettes,1803-02-09,20 pluviôse an XI,1803-02-09,,,,,Sud,,Orientales,,,"16,3",28,"3,5","765,9",1021,//,SSE. S. Bonne brise ; b. temps.,,,//,,,oui,,Au mouillage dans la baie Murat. Constitution boréale ; Été austral.
515,537,"18 - Routes des corvettes françoises à la Terre Napoléon, 2e campagne",les corvettes,1803-02-10,21 pluviôse an XI,1803-02-10,,,,,Sud,,Orientales,,,"17,0",28,"3,0","764,7",1020,//,SSE. Bon frais par rafales ; beau temps.,D.A,,//,,,oui,,Au mouillage dans la baie Murat. C. aus. ; Été austral.
516,538,19 - Routes du Géographe à la Terre de Nuyts et à la Terre de Leuwin. Séjour au port du Roi-George,le Géographe,1803-02-11,22 pluviôse an XI,1803-02-11,"-32,0786","132,8475","130,5103",32.4.43,Sud,130.30.37,Orientales,,,"17,0",28,"3,5","765,9",1021,//,SSE. SE. E. Joli frais ; le temps humide et beau.,,,//,"Appareillé à 6 h. 30' du m., et fait route pour le port du Roi-George.",,,,Été austral.
516,538,19 - Routes du Géographe à la Terre de Nuyts et à la Terre de Leuwin. Séjour au port du Roi-George,le Géographe,1803-02-12,23 pluviôse an XI,1803-02-12,"-33,8897","130,7897","128,4525",33.53.23,Sud,128.27.9,Orientales,,,"16,8",28,"4,0","767,0",1023,//,E. SE. Jolie brise ; beau temps.,,,//,,,,,Été austral.
516,538,19 - Routes du Géographe à la Terre de Nuyts et à la Terre de Leuwin. Séjour au port du Roi-George,le Géographe,1803-02-13,24 pluviôse an XI,1803-02-13,"-35,1806","127,1839","124,8467",35.10.50,Sud,124.50.48,Orientales,,,"16,0",28,"3,0","764,7",1020,//,ESE. SE. E. Bonne brise ; beau temps ; ciel nuageux.,,,3° 17',,,,,Été austral.
516,538,19 - Routes du Géographe à la Terre de Nuyts et à la Terre de Leuwin. Séjour au port du Roi-George,le Géographe,1803-02-14,25 pluviôse an XI,1803-02-14,"-35,7383","125,5769","123,2397",35.44.18,Sud,123.14.23,Orientales,*,*,"16,0",28,"5,0","769,2",1026,//,E. ENE. ESE. E. SE. Jol. brise inégale ; ciel nuageux ; pluie.,,,//,,,,,Été austral.
516,538,19 - Routes du Géographe à la Terre de Nuyts et à la Terre de Leuwin. Séjour au port du Roi-George,le Géographe,1803-02-15,26 pluviôse an XI,1803-02-15,"-35,8722","122,8603","120,5231",35.52.20,Sud,120.31.23,Orientales,,*,"17,0",28,"1,0","760,2",1014,82,SE. ESE. SSE. S. Jolie brise inégale ; temps sombre ; pluie.,☾,,//,,,,,Constitution australe ; Été austral.
516,538,19 - Routes du Géographe à la Terre de Nuyts et à la Terre de Leuwin. Séjour au port du Roi-George,le Géographe,1803-02-16,27 pluviôse an XI,1803-02-16,"-35,4478","120,2894","117,9522",35.26.52,Sud,117.57.8,Orientales,,*,"16,8",28,"2,5","763,6",1018,82,SSE. S. ESE. SO. Petite brise ; calme ; ciel couv. ; b. temps.,,,//,,,,,Constitution australe ; Été austral.
516,538,19 - Routes du Géographe à la Terre de Nuyts et à la Terre de Leuwin. Séjour au port du Roi-George,le Géographe,1803-02-17,28 pluviôse an XI,1803-02-17,"-35,0333","119,6394","117,3022",35.2.0,Sud,117.18.8,Orientales,,*,"15,5",28,"3,0","764,7",1020,//,S. Foible brise ; ciel couvert ; beau temps.,L,,//,"Mouillé dans le port du Roi-George, le 17 février, à 7 h. du soir.",,,,Constitution australe ; Été austral.
516,538,19 - Routes du Géographe à la Terre de Nuyts et à la Terre de Leuwin. Séjour au port du Roi-George,le Géographe,1803-02-18,29 pluviôse an XI,1803-02-18,"-35,0686","118,0036","115,6664",35.4.7,Sud,115.39.59,Orientales,△,△,"17,0",27,"11,5","756,8",1009,92,"ONO. OSO. Grand frais, par rafales ; pluie ; temps brum.",,,5. 30.,,,,,Constitution australe ; Été austral.
516,538,19 - Routes du Géographe à la Terre de Nuyts et à la Terre de Leuwin. Séjour au port du Roi-George,le Géographe,1803-02-19,30 pluviôse an XI,1803-02-19,,,,,Sud,,Orientales,,,//,//,,,,89,"NO. O. OSO. Bonne brise, fortes rafales ; ciel nuageux ; grains.",,♓,//,,,oui,,Au mouillage dans le port du Roi-George. Constitution australe ; Été austral.
516,538,19 - Routes du Géographe à la Terre de Nuyts et à la Terre de Leuwin. Séjour au port du Roi-George,le Géographe,1803-02-20,1.er ventôse an XI,1803-02-20,,,,,Sud,,Orientales,,,"15,0",28,"3,0","764,7",1020,80,OSO. SO. Foible brise ; temps couvert et sombre.,,,//,,,oui,,Au mouillage dans le port du Roi-George. Constitution australe ; Été austral.
516,538,19 - Routes du Géographe à la Terre de Nuyts et à la Terre de Leuwin. Séjour au port du Roi-George,le Géographe,1803-02-21,2 ventôse an XI,1803-02-21,,,,,Sud,,Orientales,,,"16,0",28,"3,0","764,7",1020,87,SE. ESE. Foible brise ; temps brum. ; pluie ; joli fr. ; b. temps.,♌,,//,,,oui,,Au mouillage dans le port du Roi-George. Constitution australe ; Été austral.
516,538,19 - Routes du Géographe à la Terre de Nuyts et à la Terre de Leuwin. Séjour au port du Roi-George,le Géographe,1803-02-22,3 ventôse an XI,1803-02-22,,,,,Sud,,Orientales,,,"15,0",28,"3,0","764,7",1020,82,E. ENE. Forte brise ; b. temps.,●.P,,//,,,oui,,Au mouillage dans le port du Roi-George. Constitution australe ; Été austral.
516,538,19 - Routes du Géographe à la Terre de Nuyts et à la Terre de Leuwin. Séjour au port du Roi-George,le Géographe,1803-02-23,4 ventôse an XI,1803-02-23,,,,,Sud,,Orientales,,,"18,0",28,"1,5","761,3",1015,86,ENE. ESE. Petite brise ; bonne brise ; beau temps.,☽,,//,"A l'observatoire des corvettes. Latitude S.... 35° 3' 30"". Longitude E.P. 115.38.6. Déviations magnétiques. Déclinaison.. 6° 49' 0"" NO. Inclinaison.. 63.50.0.",,oui,,Au mouillage dans le port du Roi-George. Constitution boréale ; Été austral.
516,538,19 - Routes du Géographe à la Terre de Nuyts et à la Terre de Leuwin. Séjour au port du Roi-George,le Géographe,1803-02-24,5 ventôse an XI,1803-02-24,,,,,Sud,,Orientales,,,"16,0",27,"11,0","755,7",1008,//,ENE. NNE. N. OSO. SO. Foibles ; bon frais ; temps sombre ; pluie le soir.,,,//,,,oui,,Au mouillage dans le port du Roi-George. Constitution boréale ; Été austral.
516,538,19 - Routes du Géographe à la Terre de Nuyts et à la Terre de Leuwin. Séjour au port du Roi-George,le Géographe,1803-02-25,6 ventôse an XI,1803-02-25,,,,,Sud,,Orientales,,,"15,0",28,"1,0","760,2",1014,80,"SO. SSO. O. SO. Bon frais ; temps à grains, avec pluie.",,,//,,,oui,,Au mouillage dans le port du Roi-George. Constitution boréale ; Été austral.
516,538,19 - Routes du Géographe à la Terre de Nuyts et à la Terre de Leuwin. Séjour au port du Roi-George,le Géographe,1803-02-26,7 ventôse an XI,1803-02-26,,,,,Sud,,Orientales,,,"15,0",28,"2,5","763,6",1018,87,OSO. SSO. Bon frais et petit frais ; grains et pluie.,,,//,,,oui,,Au mouillage dans le port du Roi-George. Constitution boréale ; Été austral.
516,538,19 - Routes du Géographe à la Terre de Nuyts et à la Terre de Leuwin. Séjour au port du Roi-George,le Géographe,1803-02-27,8 ventôse an XI,1803-02-27,,,,,Sud,,Orientales,,,"19,0",28,"4,0","767,0",1023,88,SE. ESE. Foible brise ; E. joli frais ; beau temps.,,,//,,,oui,,Au mouillage dans le port du Roi-George. Constitution boréale ; Été austral.
516,538,19 - Routes du Géographe à la Terre de Nuyts et à la Terre de Leuwin. Séjour au port du Roi-George,le Géographe,1803-02-28,9 ventôse an XI,1803-02-28,,,,,Sud,,Orientales,,,"17,2",28,"1,5","761,3",1015,//,NE. E. Bonne brise ; temps embrumé.,☾,,6. 49.,Cette déclinaison est la moyenne de plusieurs observations dont les extrêmes donnent 10° 48' et 4° 0' NO.,,oui,,Au mouillage dans le port du Roi-George. Constitution boréale ; Été austral.
516,538,19 - Routes du Géographe à la Terre de Nuyts et à la Terre de Leuwin. Séjour au port du Roi-George,le Géographe,1803-03-01,10 ventôse an XI,1803-03-01,"-35,3294","118,3164","115,9792",35.19.46,Sud,115.58.45,Orientales,,*,"17,0",28,"0,0","758,0",1011,//,NO. O. SO. OSO. O. Bon frais ; temps à grains ; brume ; pluie.,,,7. 11.,"Appareillé du port du Roi-George, le 1.er mars, à 6 h. du matin.",,,,Constitution boréale ; Été austral.
516,538,19 - Routes du Géographe à la Terre de Nuyts et à la Terre de Leuwin. Séjour au port du Roi-George,le Géographe,1803-03-02,11 ventôse an XI,1803-03-02,"-35,4178","117,8897","115,5525",35.25.4,Sud,115.33.9,Orientales,,,"18,0",28,"2,0","762,5",1017,87,O. SO. S. SO. O. Bon frais ; petit frais ; temps à grains : il s'est embelli le soir.,λ,,5. 21.,,,,,Constitution boréale ; Été austral.
516,538,19 - Routes du Géographe à la Terre de Nuyts et à la Terre de Leuwin. Séjour au port du Roi-George,le Géographe,1803-03-03,12 ventôse an XI,1803-03-03,"-35,4703","117,5928","115,2556",35.28.13,Sud,115.15.20,Orientales,,,"16,0",28,"2,5","763,6",1018,97,"O. ONO. OSO. SO. Joli frais, par rafales ; ciel nuageux.",,,6. 41.,"Les courans, dans la journée, nous ont portés 12 milles au NO.",,,,Constitution boréale ; Été austral.
517,539,19 - Routes du Géographe à la Terre de Nuyts et à la Terre de Leuwin. Séjour au port du Roi-George,le Géographe,1803-03-04,13 ventôse an XI,1803-03-04,"-35,2453","116,6794","114,3422",35.14.43,Sud,114.20.32,Orientales,,*,"13,5",28,"3,0","764,7",1020,100,SO. S. Foible brise ; grains et pluie ; ciel nuageux.,,,//,,,,,Constitution boréale ; Été austral.
517,539,19 - Routes du Géographe à la Terre de Nuyts et à la Terre de Leuwin. Séjour au port du Roi-George,le Géographe,1803-03-05,14 ventôse an XI,1803-03-05,"-35,2269","116,2822","113,9450",35.13.37,Sud,113.56.42,Orientales,*,*,"17,0",28,"4,5","768,1",1024,100,Presque calme ; folles ventes de tous les points du compas ; beau temps.,,,//,,,,,Constitution boréale ; Été austral.
517,539,19 - Routes du Géographe à la Terre de Nuyts et à la Terre de Leuwin. Séjour au port du Roi-George,le Géographe,1803-03-06,15 ventôse an XI,1803-03-06,"-35,1631","116,8819","114,5447",35.9.47,Sud,114.32.41,Orientales,,,"15,3",28,"4,0","767,0",1023,//,"NE. ESE. Joli frais ; b. temps ; l'après-midi, bon frais ; brume épaisse.",,,//,,,,,Constitution boréale ; Été austral.
517,539,19 - Routes du Géographe à la Terre de Nuyts et à la Terre de Leuwin. Séjour au port du Roi-George,le Géographe,1803-03-07,16 ventôse an XI,1803-03-07,"-35,3153","116,7897","114,4525",35.18.55,Sud,114.27.9,Orientales,,,"17,5",28,"1,0","760,2",1014,91,E. ENE. Jolie brise ; calme ; S. SSE. Joli frais ; b. temps ; ciel nuageux.,☋,,5° 54',,,,,Constitution boréale ; Été austral.
517,539,19 - Routes du Géographe à la Terre de Nuyts et à la Terre de Leuwin. Séjour au port du Roi-George,le Géographe,1803-03-08,17 ventôse an XI,1803-03-08,"-35,0750","116,1389","113,8017",35.4.30,Sud,113.48.6,Orientales,,,"17,0",28,"2,7","764,1",1019,94,SSE. SE. Bon frais ; temps couvert.,,,//,,,,,Constitution boréale ; Été austral.
517,539,19 - Routes du Géographe à la Terre de Nuyts et à la Terre de Leuwin. Séjour au port du Roi-George,le Géographe,1803-03-09,18 ventôse an XI,1803-03-09,"-33,8269","114,9175","112,5803",33.49.37,Sud,112.34.49,Orientales,,,"15,5",28,"3,0","764,7",1020,//,"SE. SSE. Bon frais, mollissant sur le soir ; beau temps.",A.D,,8. 28.,,,,,Été austral.
517,539,19 - Routes du Géographe à la Terre de Nuyts et à la Terre de Leuwin. Séjour au port du Roi-George,le Géographe,1803-03-10,19 ventôse an XI,1803-03-10,"-33,3469","115,1108","112,7736",33.20.49,Sud,112.46.25,Orientales,,,"18,5",28,"3,0","764,7",1020,//,"ESE. ENE. N. NO. Joli frais, mollissant sur le soir ; ciel nuag. ; grains et pl. ; orages.",,,8. 10.,"A l'ancre dans la baie du Géographe, pendant la nuit du 10 au 11 mars.",,,,Constitution australe ; Été austral.
517,539,19 - Routes du Géographe à la Terre de Nuyts et à la Terre de Leuwin. Séjour au port du Roi-George,le Géographe,1803-03-11,20 ventôse an XI,1803-03-11,"-33,2647","115,5892","113,2519",33.15.53,Sud,113.15.7,Orientales,,,"18,0",28,"3,0","764,7",1020,//,"OSO. Jolie brise, fraîchissant graduellement ; b. temps.",,,6. 32.,"A l'ancre, devant le port Leschenault jusqu'au 12 au matin.",,,,Constitution australe ; Été austral.
517,539,19 - Routes du Géographe à la Terre de Nuyts et à la Terre de Leuwin. Séjour au port du Roi-George,le Géographe,1803-03-12,21 ventôse an XI,1803-03-12,"-32,8139","115,5797","113,2425",32.48.50,Sud,113.14.33,Orientales,,,"17,0",28,"3,5","765,9",1021,//,"SSE. SO. Jolie brise, fraîchissant sur le soir ; b. temps.",,,7. 23.,,,,,Constitution australe ; Été austral.
517,539,"20 - Routes des corvettes françoises à la Terre d'Édels et à la Terre d'Endracht, 2e campagne",les corvettes,1803-03-13,22 ventôse an XI,1803-03-13,"-31,5464","115,4222","113,0850",31.32.47,Sud,0113.5.6,Orientales,,,"16,8",28,"3,0","764,7",1020,//,S. SSE. SSO. Bon frais ; beau temps.,,,4. 37.,,,,,Constitution australe ; Été austral.
517,539,"20 - Routes des corvettes françoises à la Terre d'Édels et à la Terre d'Endracht, 2e campagne",les corvettes,1803-03-14,23 ventôse an XI,1803-03-14,"-29,8594","113,9294","111,5922",29.51.34,Sud,111.35.32,Orientales,,,"17,5",28,"1,5","761,3",1015,//,S. SSO. Bon frais ; beau temps.,,,4. 42.,,,,,Constitution australe ; Été austral.
517,539,"20 - Routes des corvettes françoises à la Terre d'Édels et à la Terre d'Endracht, 2e campagne",les corvettes,1803-03-15,24 ventôse an XI,1803-03-15,"-28,0053","113,3142","110,9769",28.0.19,Sud,110.58.37,Orientales,,,"19,0",28,"4,0","767,0",1023,//,SE. SSE. Joli frais ; beau temps.,,,5. 11.,,,,,Constitution australe ; Été austral.
517,539,"20 - Routes des corvettes françoises à la Terre d'Édels et à la Terre d'Endracht, 2e campagne",les corvettes,1803-03-16,25 ventôse an XI,1803-03-16,"-25,5722","112,8931","110,5558",25.34.20,Sud,110.33.21,Orientales,,,"20,0",28,"2,5","763,6",1018,//,SSE. S. SO. Joli frais ; beau temps.,L,,5. 0.,"Mouillé dans la baie des Chiens-Marins, à 6 h. du soir.",,,,Constitution australe ; Été austral.
517,539,"20 - Routes des corvettes françoises à la Terre d'Édels et à la Terre d'Endracht, 2e campagne",les corvettes,1803-03-17,26 ventôse an XI,1803-03-17,"-25,5139","113,4556","111,1183",25.30.50,Sud,0111.7.6,Orientales,,,"19,0",28,"2,5","763,6",1018,//,S. SSO. Petit frais ; beau temps.,,,//,,,,,Constitution australe ; Été austral.
517,539,"20 - Routes des corvettes françoises à la Terre d'Édels et à la Terre d'Endracht, 2e campagne",les corvettes,1803-03-18,27 ventôse an XI,1803-03-18,,,,,Sud,,Orientales,,,"20,5",28,"3,0","764,7",1020,//,SSO. S. Jolie brise ; b. temps.,,,//,,,oui,,Au mouillage dans la baie des Chiens-Marins. Constitution australe ; Été austral.
517,539,"20 - Routes des corvettes françoises à la Terre d'Édels et à la Terre d'Endracht, 2e campagne",les corvettes,1803-03-19,28 ventôse an XI,1803-03-19,,,,,Sud,,Orientales,,,"19,0",28,"3,0","764,7",1020,//,S. SE. SO. Joli frais ; b. temps.,,,//,,,oui,,Au mouillage dans la baie des Chiens-Marins. Constitution australe ; Été austral.
517,539,"20 - Routes des corvettes françoises à la Terre d'Édels et à la Terre d'Endracht, 2e campagne",les corvettes,1803-03-20,29 ventôse an XI,1803-03-20,,,,,Sud,,Orientales,,,"21,0",28,"1,5","761,3",1015,//,S. SSO. Petite brise ; b. temps.,,,//,,,oui,,Au mouillage dans la baie des Chiens-Marins. Constitution australe ; Été austral.
517,539,"20 - Routes des corvettes françoises à la Terre d'Édels et à la Terre d'Endracht, 2e campagne",les corvettes,1803-03-21,30 ventôse an XI,1803-03-21,,,,,Sud,,Orientales,,,"20,0",28,"2,0","762,5",1017,//,S. SSO. Joli frais ; temps brumeux et humide.,♌,♉,//,,,oui,,Au mouillage dans la baie des Chiens-Marins. Constitution australe ; Aut. austr.
517,539,"20 - Routes des corvettes françoises à la Terre d'Édels et à la Terre d'Endracht, 2e campagne",les corvettes,1803-03-22,1.er germinal an XI,1803-03-22,,,,,Sud,,Orientales,,,"19,0",28,"2,0","762,5",1017,//,SSO. Joli frais ; beau temps.,P,,4. 42.,,,oui,,Au mouillage dans la baie des Chiens-Marins. Constitution australe ; Aut. austr.
518,540,"20 - Routes des corvettes françoises à la Terre d'Édels et à la Terre d'Endracht, 2e campagne",les corvettes,1803-03-23,2 germinal an XI,1803-03-23,"-25,4639","113,0414","110,7042",25.27.50,Sud,110.42.15,Orientales,,,"19,5",28,"3,0","764,7",1020,,SE. S. Joli frais ; bon frais ; beau temps.,♌ ●,,4° 42',"Appareillé à 7 h. du matin, et sorti de la baie des Chiens-Marins, par le Passage du Naturaliste.",,,,NO. Constit. bor. ; Automne austral.
518,540,"20 - Routes des corvettes françoises à la Terre d'Édels et à la Terre d'Endracht, 2e campagne",les corvettes,1803-03-24,3 germinal an XI,1803-03-24,"-23,3714","112,4222","110,0850",23.22.17,Sud,0110.5.6,Orientales,,,"21,0",28,"2,5","763,6",1018,,S. SSO. Joli frais ; beau temps.,,,4. 14.,,,,,Constit. bor. ; Automne austral.
518,540,"20 - Routes des corvettes françoises à la Terre d'Édels et à la Terre d'Endracht, 2e campagne",les corvettes,1803-03-25,4 germinal an XI,1803-03-25,"-21,2806","113,7911","111,4539",21.16.50,Sud,111.27.14,Orientales,,,"21,0",28,"1,5","761,3",1015,,SSO. S. SO. Joli frais ; beau temps.,,,//,,,,,Constit. bor. ; Automne austral.
518,540,"21 - Routes des corvettes françoises à la Terre de Witt, 2e campagne",les corvettes,1803-03-26,5 germinal an XI,1803-03-26,"-21,5253","114,3011","111,9639",21.31.31,Sud,111.57.50,Orientales,,,"21,0",28,"1,5","761,3",1015,,SSO. Joli frais ; beau temps.,,,//,En vue du cap Murat et des îles de Rivoli.,,,,Constitution boréale ; Automne austral.
518,540,"21 - Routes des corvettes françoises à la Terre de Witt, 2e campagne",les corvettes,1803-03-27,6 germinal an XI,1803-03-27,"-20,5311","115,3322","112,9950",20.31.52,Sud,112.59.42,Orientales,,,"19,8",28,"1,5","761,3",1015,,SSO. SO. Bonne brise ; petite brise ; beau temps.,,,//,En vue des îles de Montebello.,,,,Constitution boréale ; Automne austral.
518,540,"21 - Routes des corvettes françoises à la Terre de Witt, 2e campagne",les corvettes,1803-03-28,7 germinal an XI,1803-03-28,"-20,2819","115,9775","113,6403",20.16.55,Sud,113.38.25,Orientales,,,"23,0",28,"1,0","760,2",1014,,"SSO. OSO. Joli frais, mollissant par intervalles ; b. temps.",,,4. 5.,,,,,Constitution boréale ; Automne austral.
518,540,"21 - Routes des corvettes françoises à la Terre de Witt, 2e campagne",les corvettes,1803-03-29,8 germinal an XI,1803-03-29,"-20,4167","116,5072","114,1700",20.25.0,Sud,0114.10.12,Orientales,,,"23,3",28,"2,0","762,5",1017,,"SO. OSO. O. Petit frais ; joli frais ; beau temps. Dans la nuit, la brise a fraîchi.",λ,,//,"En vue de l'archipel de Dampier. Mouillé à 6 h. 40' du soir, dans le NE. de l'île Delambre.",,,,Constitution boréale ; Automne austral.
518,540,"21 - Routes des corvettes françoises à la Terre de Witt, 2e campagne",les corvettes,1803-03-30,9 germinal an XI,1803-03-30,"-20,4778","117,3267","114,9894",20.28.40,Sud,114.59.22,Orientales,,,"24,8",28,"1,5","761,3",1015,,"SO. O. ONO. OSO. Petit frais, variable en force ; b. temps.",☾,,//,En vue des îles Forestier. Appareillé à 6 h. du matin ; mis à l'ancre à 7. h. 30' du matin.,,,,Constitution boréale ; Automne austral.
518,540,"21 - Routes des corvettes françoises à la Terre de Witt, 2e campagne",les corvettes,1803-03-31,10 germinal an XI,1803-03-31,"-20,0728","118,0192","115,6819",20.4.22,Sud,115.40.55,Orientales,,,"23,0",28,"1,0","760,2",1014,,OSO. Petit frais; SE. Bon frais ; E. NE. N. ONO. Petit frais ; beau temps.,,,4. 55.,Appareillé à 6 h. 15' du matin ; mis à l'ancre à 7 h. du soir.,,,,Constitution boréale ; Automne austral.
518,540,"21 - Routes des corvettes françoises à la Terre de Witt, 2e campagne",les corvettes,1803-04-01,11 germinal an XI,1803-04-01,"-19,8567","117,9853","115,6481",19.51.24,Sud,115.38.53,Orientales,,,"24,7",28,"2,0","762,5",1017,,"Brise foible et très-variable du S. au N., par l'E. ; beau temps.",,,//,Appareillé à 6 h. du matin ; mouillé à 9 h. du soir.,,,,Constitution boréale ; Automne austral.
518,540,"21 - Routes des corvettes françoises à la Terre de Witt, 2e campagne",les corvettes,1803-04-02,12 germinal an XI,1803-04-02,"-19,8369","118,7339","116,3967",19.50.13,Sud,116.23.48,Orientales,,,"25,0",28,"3,0","764,7",1020,,"O. SO. ONO. Fraîcheur très-variable ; b. temps. Le soir, la brise a fraîchi.",,,//,En vue des îles des Tortues. Appareillé à 6 h. du matin ; mouillé à 10 h. du soir.,,,,Constitution boréale ; Automne austral.
518,540,"21 - Routes des corvettes françoises à la Terre de Witt, 2e campagne",les corvettes,1803-04-03,13 germinal an XI,1803-04-03,"-19,6919","119,3939","117,0567",19.41.31,Sud,0117.3.24,Orientales,,,"25,0",28,"1,5","761,3",1015,,S. Joli frais ; calme plat; NNO. SO. Foible brise ; b. temps.,♋,,//,Appareillé à 6 h. du matin ; mouillé à 8 h. du soir.,,,,Constitution boréale ; Automne austral.
518,540,"21 - Routes des corvettes françoises à la Terre de Witt, 2e campagne",les corvettes,1803-04-04,14 germinal an XI,1803-04-04,"-19,5192","119,8456","117,5083",19.31.9,Sud,117.30.30,Orientales,,,"25,5",28,"1,0","760,2",1014,,SO. SSE. ESE. Jolie brise ; calme ; NNO. O. Petit frais ; beau temps.,,,//,,,,,Constitution boréale ; Automne austral.
518,540,"21 - Routes des corvettes françoises à la Terre de Witt, 2e campagne",les corvettes,1803-04-05,15 germinal an XI,1803-04-05,"-19,4500","120,4300","118,0928",19.27.0,Sud,118.5.34,Orientales,,,"25,0",28,"1,0","760,2",1014,,SO. SSO. Joli fr.; ESE. Presque calme; N. NNO. Petit frais ; beau temps.,D.☉.A,,//,,,,,Constit. australe ; Automne austral.
518,540,"21 - Routes des corvettes françoises à la Terre de Witt, 2e campagne",les corvettes,1803-04-06,16 germinal an XI,1803-04-06,"-19,0781","120,9917","118,6544",19.4.41,Sud,118.39.16,Orientales,,,"26,0",28,"1,0","760,2",1014,,O. SE. ESE. Foible brise ; calm. NNO. N. Petit fr. ; b. temps.,,,4. 27.,Le Casuarina traverse le récif attenant au cap Bossut.,,,,Constit. australe ; Automne austral.
518,540,"21 - Routes des corvettes françoises à la Terre de Witt, 2e campagne",les corvettes,1803-04-07,17 germinal an XI,1803-04-07,"-18,8586","121,4139","119,0767",18.51.31,Sud,119.4.36,Orientales,,,"25,5",28,"1,0","760,2",1014,,NO. SSO. SE. Presque calme. O.Petit fr. ; SO. NE. Presque calme ; beau temps.,,,3. 8.,"Les 4, 5, 6 et 7 avril, on a mouillé à la nuit, et appareillé à la pointe du jour.",,,,Constit. australe ; Automne austral.
519,541,"21 - Routes des corvettes françoises à la Terre de Witt, 2e campagne",les corvettes,1803-04-08,18 germinal an XI,1803-04-08,"-18,3258","121,6964","119,3592",18.19.33,Sud,119.21.33,Orientales,,,"25,0",28,"1,0","760,2",1014,,"Calme plat ; SSE. Petit frais ; SO. O. ONO. variable ; E. SE. Jolie brise par risée ; temps orageux, tonnerre et éclairs.",,,3° 33',En vue de l'île Gantheaume. Au mouillage pendant la nuit.,,,,Constitution australe ; Automne austral.
519,541,"21 - Routes des corvettes françoises à la Terre de Witt, 2e campagne",les corvettes,1803-04-09,19 germinal an XI,1803-04-09,"-17,6575","122,0094","119,6722",17.39.27,Sud,119.40.20,Orientales,,,"25,0",28,"0,5","759,1",1012,,"Calme ; SE. E. Bonne brise, mollissant par degrés. A midi, calme plat ; O. Foible brise ; beau temps.",,,2. 37.,Au mouillage pendant la nuit.,,,,Constitution australe ; Automne austral.
519,541,"21 - Routes des corvettes françoises à la Terre de Witt, 2e campagne",les corvettes,1803-04-10,20 germinal an XI,1803-04-10,"-17,2792","121,9397","119,6025",17.16.45,Sud,119.36.9,Orientales,,,"25,0",28,"1,5","761,3",1015,,SO. S. SE. SO. Petit frais ; temps orageux.,,,3. 13.,En vue de l'île Carnot et des îles Lacepède. Au mouillage pendant la nuit.,,,,Constitution australe ; Automne austral.
519,541,"21 - Routes des corvettes françoises à la Terre de Witt, 2e campagne",les corvettes,1803-04-11,21 germinal an XI,1803-04-11,"-16,7189","121,9950","119,6578",16.43.8,Sud,119.39.28,Orientales,,,"25,5",28,"0,7","759,5",1013,,SE. S. Jolie brise ; SSO. SO. Foible brise ; beau temps.,,,2. 58.,Au mouillage pendant la nuit.,,,,Constitution australe ; Automne austral.
519,541,"21 - Routes des corvettes françoises à la Terre de Witt, 2e campagne",les corvettes,1803-04-12,22 germinal an XI,1803-04-12,"-16,4556","122,1172","119,7800",16.27.20,Sud,119.46.48,Orientales,,,"24,5",28,"1,0","760,2",1014,,"SSO. S. ESE. Foible brise, fraîchissant par intervalles ; beau temps.",,,3. 18.,En vue des îles Émériau. Au mouillage pendant la nuit.,,,,Constitution australe ; Automne austral.
519,541,"21 - Routes des corvettes françoises à la Terre de Witt, 2e campagne",les corvettes,1803-04-13,23 germinal an XI,1803-04-13,"-16,3717","122,4289","120,0917",16.22.18,Sud,0120.5.30,Orientales,*,*,"24,0",28,"1,0","760,2",1014,,ENE. S. E. OSO. Foible brise ; calme par intervalles ; temps couvert et orageux.,L,,//,,,,,Constitution australe ; Automne austral.
519,541,"21 - Routes des corvettes françoises à la Terre de Witt, 2e campagne",les corvettes,1803-04-14,24 germinal an XI,1803-04-14,"-16,2881","122,7003","120,3631",16.17.17,Sud,120.21.47,Orientales,,,"24,0",28,"0,5","759,1",1012,,SSO. SE. ESE. S. Petit frais ; calme ; O. Foible brise ; beau temps ; ciel nuageux.,,,2. 54.,Au mouillage pendant la nuit.,,,,Constitution australe ; Automne austral.
519,541,"21 - Routes des corvettes françoises à la Terre de Witt, 2e campagne",les corvettes,1803-04-15,25 germinal an XI,1803-04-15,"-15,8411","123,9667","121,6294",15.50.28,Sud,121.37.46,Orientales,*,*,"24,0",28,"1,0","760,2",1014,,"SE. E. Petit frais ; temps orageux ; grain, tonnerre, éclairs et pluie.",☽,,2. 46.,En vue de l'île Caffarelli et de l'île Adèle.,,,,Constitution australe ; Automne austral.
519,541,"21 - Routes des corvettes françoises à la Terre de Witt, 2e campagne",les corvettes,1803-04-16,26 germinal an XI,1803-04-16,"-15,1528","122,6889","120,3517",15.9.10,Sud,120.21.6,Orientales,,,"24,0",28,"1,5","761,3",1015,,NNE. E. N. Brise foible et inégale ; beau temps.,,,1. 53.,,,,,Constitution australe ; Automne austral.
519,541,"21 - Routes des corvettes françoises à la Terre de Witt, 2e campagne",les corvettes,1803-04-17,27 germinal an XI,1803-04-17,"-14,9378","122,6056","120,2683",14.56.16,Sud,120.16.6,Orientales,,,"24,7",28,"1,0","760,2",1014,,Calme plat jusqu'à midi ; SSO. OSO. Petit frais ; joli frais ; beau temps.,☊,,2. 49.,,,,,Constitution australe ; Automne austral.
519,541,"21 - Routes des corvettes françoises à la Terre de Witt, 2e campagne",les corvettes,1803-04-18,28 germinal an XI,1803-04-18,"-15,1767","123,8256","121,4883",15.10.36,Sud,121.29.18,Orientales,,,"25,0",28,"2,0","762,5",1017,,"SO. Jolie brise inégale ; OSO. Petit frais ; beau temps. Le soir, temps orageux, tonnerre, éclairs et pluie. Vent par fortes rafales, du O. au NO.",,,1. 28.,"Du 18 au 28 avril, en vue des îles de l'archipel Bonaparte.",,,,Constitution australe ; Automne austral.
519,541,"21 - Routes des corvettes françoises à la Terre de Witt, 2e campagne",les corvettes,1803-04-19,29 germinal an XI,1803-04-19,"-14,9656","124,0533","121,7161",14.57.56,Sud,121.42.58,Orientales,,,"25,0",28,"1,0","760,2",1014,,"NO. S. OSO. Foible brise et calme. Le temps, d'abord orageux, s'est embelli.",♌,,1. 50.,,,,,Constitution boréale ; Automne austral.
519,541,"21 - Routes des corvettes françoises à la Terre de Witt, 2e campagne",les corvettes,1803-04-20,30 germinal an XI,1803-04-20,"-14,6233","124,7406","122,4033",14.37.24,Sud,122.24.12,Orientales,,,"25,0",28,"2,0","762,5",1017,,OSO. Brise foible et inégale ; calme ; ciel nuageux.,P,,//,Mouillé à 8 h. du soir dans le NNO. des îles Maret ; remis sous voiles à 5 h. 30' du matin.,,,,Constitution boréale ; Automne austral.
519,541,"21 - Routes des corvettes françoises à la Terre de Witt, 2e campagne",les corvettes,1803-04-21,1.er floréal an XI,1803-04-21,"-14,3339","124,9556","122,6183",14.20.2,Sud,122.37.6,Orientales,,,"25,0",28,"1,0","760,2",1014,,SO. ONO. O. Presque calme ; beau temps.,●,♉,//,A l'ancre pendant la nuit.,,,,Constitution boréale ; Automne austral.
519,541,"21 - Routes des corvettes françoises à la Terre de Witt, 2e campagne",les corvettes,1803-04-22,2 floréal an XI,1803-04-22,"-14,1092","125,3500","123,0128",14.6.33,Sud,123.0.46,Orientales,,,"24,0",28,"2,3","763,2",1017,,SSO. SSE. NNO. Brise légère ; calme plat ; beau temps.,,,2. 8.,A l'ancre pendant la nuit.,,,,Constitution boréale ; Automne austral.
519,541,"21 - Routes des corvettes françoises à la Terre de Witt, 2e campagne",les corvettes,1803-04-23,3 floréal an XI,1803-04-23,"-13,9839","125,4706","123,1333",13.59.2,Sud,123.8.0,Orientales,,,"24,8",28,"2,0","762,5",1017,,S. OSO. O. Presque calme ; b. temps.,,,1. 41.,"Mis à l'ancre au NO. de l'île Cassini, à 8 h. du soir.",,,,Constitution boréale ; Automne austral.
520,542,"21 - Routes des corvettes françoises à la Terre de Witt, 2e campagne",les corvettes,1803-04-24,4 floréal an XI,1803-04-24,"-13,8486","125,5775","123,2403",13.50.55,Sud,123.14.25,Orientales,,,"24,5",28,"2,5","763,6",1018,,Calme plat ; fraîcheur légère du NO. ; beau temps.,,,1° 52',A l'ancre.,,,,Constitution boréal ; Automne austral.
520,542,"21 - Routes des corvettes françoises à la Terre de Witt, 2e campagne",les corvettes,1803-04-25,5 floréal an XI,1803-04-25,,,,,Sud,,Orientales,,,"24,0",28,"2,0","762,5",1017,,Calme ; fraîcheurs du S. à l'O. ; beau temps.,λ,,//,Le Casuarina met sous voiles pour aller reconnoître une flottille de pros Malais ; il revient au mouillage le 27 avril au matin.,,oui,,Au mouillage devant l'île Cassini. Constitution boréal ; Automne austral.
520,542,"21 - Routes des corvettes françoises à la Terre de Witt, 2e campagne",les corvettes,1803-04-26,6 floréal an XI,1803-04-26,,,,,Sud,,Orientales,,,"25,0",28,"2,0","762,5",1017,,SSO. O. Presque calme ; beau temps.,,,1. 55.,,,oui,,Au mouillage devant l'île Cassini. Constitution boréal ; Automne austral.
520,542,"21 - Routes des corvettes françoises à la Terre de Witt, 2e campagne",les corvettes,1803-04-27,7 floréal an XI,1803-04-27,"-13,8342","125,6408","123,3036",13.50.3,Sud,123.18.13,Orientales,,,"24,8",28,"2,5","763,6",1018,,S. SSO. ESE. NNE. NE. Petite brise inégale ; beau temps.,,,1. 55.,"Mis sous voiles à 11 h. du matin, et prolongé les bancs des Holothuries ; mouillé à 6 h. 30' du soir.",,,,Constitution boréal ; Automne austral.
520,542,"21 - Routes des corvettes françoises à la Terre de Witt, 2e campagne",les corvettes,1803-04-28,8 floréal an XI,1803-04-28,"-13,5561","125,7467","123,4094",13.33.22,Sud,123.24.34,Orientales,,,"25,0",28,"2,0","762,5",1017,,Calme ; SO. Très-foible brise ; beau temps.,,,//,Appareillé à 6 h. du matin ; mouillé à 8 h. 10' du soir.,,,,Constitution boréal ; Automne austral.
520,542,"21 - Routes des corvettes françoises à la Terre de Witt, 2e campagne",les corvettes,1803-04-29,9 floréal an XI,1803-04-29,"-13,3500","125,6961","123,3589",13.21.0,Sud,123.21.32,Orientales,,,"25,0",28,"2,0","762,5",1017,,OSO. Petit frais ; calme plat ; folles ventes du SO. au NO. ; beau temps.,☾,,2. 15.,A l'ancre.,,,,Constitution boréal ; Automne austral.
520,542,"22 - Routes des corvettes françoises de la Nouvelle-Hollande à Timor, 2e campagne",les corvettes,1803-04-30,10 floréal an XI,1803-04-30,"-13,0017","125,6906","123,3533",13.0.6,Sud,123.21.12,Orientales,,,"24,5",28,"1,0","760,2",1014,,ONO. SO. Petit frais inégal ; calme ; beau temps.,♋,,//,"Appareillé à 5 h. 45' du matin, et mis le cap en route pour Timor.",,,,Constitution boréale ; Automne austral.
520,542,"22 - Routes des corvettes françoises de la Nouvelle-Hollande à Timor, 2e campagne",les corvettes,1803-05-01,11 floréal an XI,1803-05-01,"-12,1219","125,6761","123,3389",12.7.19,Sud,123.20.20,Orientales,,,"25,2",28,"1,7","761,8",1016,,SO. S. SE. ESE. Petit frais ; beau temps ; ciel nuageux.,,,//,,,,,Constitution boréale ; Automne austral.
520,542,"22 - Routes des corvettes françoises de la Nouvelle-Hollande à Timor, 2e campagne",les corvettes,1803-05-02,12 floréal an XI,1803-05-02,"-11,1375","125,4600","123,1228",11.8.15,Sud,0123.7.22,Orientales,,,"25,5",28,"2,0","762,5",1017,,E. ESE. ENE. SE. Petite brise inégale ; calme ; ciel nuageux ; horizon embrumé.,,,//,"Au coucher du soleil, aperçu la côte de Timor.",,,,Constitution boréale ; Automne austral.
520,542,"22 - Routes des corvettes françoises de la Nouvelle-Hollande à Timor, 2e campagne",les corvettes,1803-05-03,13 floréal an XI,1803-05-03,"-10,3603","124,7228","122,3856",10.21.37,Sud,122.23.8,Orientales,,,"23,5",28,"1,0","760,2",1014,,ESE. SE. NNE. SE. Petit frais ; beau temps ; ciel nuageux.,A.D,,//,,,,,Constitution australe ; Automne austral.
520,542,"22 - Routes des corvettes françoises de la Nouvelle-Hollande à Timor, 2e campagne",les corvettes,1803-05-04,14 floréal an XI,1803-05-04,"-10,3603","124,0686","121,7314",10.21.37,Sud,121.43.53,Orientales,,*,"23,0",28,"1,5","761,3",1015,,N. E. ESE. SE. Petit frais ; calme ; beau temps.,,,//,,,,,Constitution australe ; Automne austral.
520,542,"22 - Routes des corvettes françoises de la Nouvelle-Hollande à Timor, 2e campagne",les corvettes,1803-05-05,15 floréal an XI,1803-05-05,"-10,4089","123,5619","121,2247",10.24.32,Sud,121.13.29,Orientales,,*,"24,5",28,"1,5","761,3",1015,,ESE. NNE. ESSE. SE. Petit frais et joli frais ; beau temps.,,,//,Traversé le détroit de Rottie et tourné par l'O. l'île de Simâô.,,,,Constitution australe ; Automne austral.
520,542,"22 - Routes des corvettes françoises de la Nouvelle-Hollande à Timor, 2e campagne",les corvettes,1803-05-06,16 floréal an XI,1803-05-06,"-9,9936","123,2675","120,9303",9.59.37,Sud,120.55.49,Orientales,*,*,"24,0",28,"2,0","762,5",1017,,SE. ESE. Petit frais ; SO. NO. SE. E. Foible et variable ; beau temps.,,,//,"Mouillé sur la rade de Coupang (île Timor), à 10 h. 1/2 du soir.",,,,Constitution australe ; Automne austral.
521,543,23 - Deuxième séjour à Timor,les corvettes,1803-05-07,17 floréal an XI,1803-05-07,"-10,1500","123,5958","121,2586",10.9.0,Sud,121.15.31,Orientales,△,△,"24,0",28,"2,0","762,5",1017,,Calme ; N. NNE. Foible ; E. SE. Joli frais ; calme ; beau temps.,☉,,,Au mouillage sur la rade de Coupang (île Timor).,,,saut_position,Constitution australe ; Automne austral.
521,543,23 - Deuxième séjour à Timor,les corvettes,1803-05-08,18 floréal an XI,1803-05-08,,,,,Sud,,Orientales,,,"23,3",28,"2,5","763,6",1018,,E. NE. Presque calme ; NE. SE. Petit frais ; beau temps.,,,,,,oui,,Deuxième séjour à Timor. Constitution australe ; Automne austral.
521,543,23 - Deuxième séjour à Timor,les corvettes,1803-05-09,19 floréal an XI,1803-05-09,,,,,Sud,,Orientales,,,"22,5",28,"2,0","762,5",1017,,Calme ; E. SE. Foible ; calme la nuit ; beau temps.,,,,,,oui,,Deuxième séjour à Timor. Constitution australe ; Automne austral.
521,543,23 - Deuxième séjour à Timor,les corvettes,1803-05-10,20 floréal an XI,1803-05-10,,,,,Sud,,Orientales,,,"23,0",28,"2,0","762,5",1017,,"NO. Petit frais et joli frais ; SE. Joli frais ; calme la nuit ; beau temps, ciel couvert.",L,,,,,oui,,Deuxième séjour à Timor. Constitution australe ; Automne austral.
521,543,23 - Deuxième séjour à Timor,les corvettes,1803-05-11,21 floréal an XI,1803-05-11,,,,,Sud,,Orientales,,,"23,0",28,"2,5","763,6",1018,,"ESE. E. Joli frais ; à midi, ENE. variable au SE. Bon frais ; ciel couvert, un peu de pluie ; calme la nuit.",,,,,,oui,,Deuxième séjour à Timor. Constitution australe ; Automne austral.
521,543,23 - Deuxième séjour à Timor,les corvettes,1803-05-12,22 floréal an XI,1803-05-12,,,,,Sud,,Orientales,,,"23,0",28,"1,5","761,3",1015,,ESE. Bon frais par rafales ; ciel nuageux ; beau temps.,,,,,,oui,,Deuxième séjour à Timor. Constitution australe ; Automne austral.
521,543,23 - Deuxième séjour à Timor,les corvettes,1803-05-13,23 floréal an XI,1803-05-13,,,,,Sud,,Orientales,,,"23,5",28,"2,5","763,6",1018,,SE. Petit frais d'abord ; bon frais à midi ; calme le soir ; beau temps.,,,,,,oui,,Deuxième séjour à Timor. Constitution australe ; Automne austral.
521,543,23 - Deuxième séjour à Timor,les corvettes,1803-05-14,24 floréal an XI,1803-05-14,,,,,Sud,,Orientales,,,"23,8",28,"2,0","762,5",1017,,"Calme ; ESE. NE. E. SE. ESE. Joli frais, mollissant le soir ; beau temps.",☽,,,,,oui,,Deuxième séjour à Timor. Constitution australe ; Automne austral.
521,543,23 - Deuxième séjour à Timor,les corvettes,1803-05-15,25 floréal an XI,1803-05-15,,,,,Sud,,Orientales,,,"24,0",28,"1,5","761,3",1015,,E. SE. Joli frais ; calme ; b. temps.,☊,,,,,oui,,Deuxième séjour à Timor. Constitution australe ; Automne austral.
521,543,23 - Deuxième séjour à Timor,les corvettes,1803-05-16,26 floréal an XI,1803-05-16,,,,,Sud,,Orientales,,,"22,5",28,"2,0","762,5",1017,,Calme ; SE. Petit frais ; E. NNE. Joli frais ; SE. Petit frais ; beau temps.,♌,,,,,oui,,Deuxième séjour à Timor. Constitution boréale ; Automne austral.
521,543,23 - Deuxième séjour à Timor,les corvettes,1803-05-17,27 floréal an XI,1803-05-17,,,,,Sud,,Orientales,,,"24,0",28,"1,7","761,8",1016,,SE. E. ESE. Bon frais ; SE. Petit frais ; beau temps.,,,,,,oui,,Deuxième séjour à Timor. Constitution boréale ; Automne austral.
521,543,23 - Deuxième séjour à Timor,les corvettes,1803-05-18,28 floréal an XI,1803-05-18,,,,,Sud,,Orientales,,,"23,1",28,"2,5","763,6",1018,,SE. Joli frais ; calme à la fin du jour ; beau temps.,P,,,,,oui,,Deuxième séjour à Timor. Constitution boréale ; Automne austral.
521,543,23 - Deuxième séjour à Timor,les corvettes,1803-05-19,29 floréal an XI,1803-05-19,,,,,Sud,,Orientales,,,"24,0",28,"2,0","762,5",1017,,ESE. Bon frais ; SE. mollissant le soir ; beau temps.,,,,,,oui,,Deuxième séjour à Timor. Constitution boréale ; Automne austral.
521,543,23 - Deuxième séjour à Timor,les corvettes,1803-05-20,30 floréal an XI,1803-05-20,,,,,Sud,,Orientales,,,"23,5",28,"2,0","762,5",1017,,Calme ; ESE. Bon frais ; calme la nuit ; beau temps.,,,,,,oui,,Deuxième séjour à Timor. Constitution boréale ; Automne austral.
521,543,23 - Deuxième séjour à Timor,les corvettes,1803-05-21,1.er prairial an XI,1803-05-21,,,,,Sud,,Orientales,,,"24,0",28,"1,0","760,2",1014,,E. NE. NNO. NO. Joli frais ; ciel nuageux ; beau temps.,●,,,,,oui,,Deuxième séjour à Timor. Constitution boréale ; Automne austral.
521,543,23 - Deuxième séjour à Timor,les corvettes,1803-05-22,2 prairial an XI,1803-05-22,,,,,Sud,,Orientales,,,"24,0",28,"2,0","762,5",1017,,N. NNE. Bon frais ; E. Petit frais ; beau temps.,,♊,,,,oui,,Deuxième séjour à Timor. Constitution boréale ; Automne austral.
521,543,23 - Deuxième séjour à Timor,les corvettes,1803-05-23,3 prairial an XI,1803-05-23,,,,,Sud,,Orientales,,,"24,0",28,"2,0","762,5",1017,,ENE. N. NNO. Joli frais ; ENE. Petit frais ; ciel nuageux ; beau temps.,λ,,,,,oui,,Deuxième séjour à Timor. Constitution boréale ; Automne austral.
521,543,23 - Deuxième séjour à Timor,les corvettes,1803-05-24,4 prairial an XI,1803-05-24,,,,,Sud,,Orientales,,,"22,0",28,"2,0","762,5",1017,,ENE. E. N. NE. E. Joli frais ; ESE. Petit frais ; ciel nuageux ; pluie abondante le soir.,,,,,,oui,,Deuxième séjour à Timor. Constitution boréale ; Automne austral.
521,543,23 - Deuxième séjour à Timor,les corvettes,1803-05-25,5 prairial an XI,1803-05-25,,,,,Sud,,Orientales,,,"23,5",28,"2,0","762,5",1017,,ESE. Bon frais ; beau temps.,,,,,,oui,,Deuxième séjour à Timor. Constitution boréale ; Automne austral.
522,544,23 - Deuxième séjour à Timor,les corvettes,1803-05-26,6 prairial an XI,1803-05-26,,,,,Sud,,Orientales,,,//,,//,,,,"SE. ENE. Bon frais par rafales, calmissant le soir ; b. temps.",,,//,,,oui,,Deuxième séjour à Timor. Constitution boréale ; Automne austral.
522,544,23 - Deuxième séjour à Timor,les corvettes,1803-05-27,7 prairial an XI,1803-05-27,,,,,Sud,,Orientales,,,"22,5",28,"1,5","761,3",1015,,"E. SE. Joli frais et bon frais par risées ; dans la nuit, calme plat ; ciel couvert.",,,//,,,oui,,Deuxième séjour à Timor. Constitution boréale ; Automne austral.
522,544,23 - Deuxième séjour à Timor,les corvettes,1803-05-28,8 prairial an XI,1803-05-28,,,,,Sud,,Orientales,,,"22,3",28,"2,0","762,5",1017,,E. ESE. Petit frais inégal ; ciel couvert.,☾.☋,,//,,,oui,,Deuxième séjour à Timor. Constitution boréale ; Automne austral.
522,544,23 - Deuxième séjour à Timor,les corvettes,1803-05-29,9 prairial an XI,1803-05-29,,,,,Sud,,Orientales,,,"22,3",28,"2,5","763,6",1018,,Calme ; E. Variable au SE. Jolie brise par risées ; ciel nuageux ; beau temps.,,,//,,,oui,,Deuxième séjour à Timor. Constitution boréale ; Automne austral.
522,544,23 - Deuxième séjour à Timor,les corvettes,1803-05-30,10 prairial an XI,1803-05-30,,,,,Sud,,Orientales,,,"23,3",28,"2,0","762,5",1017,,"SE. Petite brise ; ciel nuageux. Dans l'après-midi, fraîcheur de l'E. à l'ENE. ; pluie par intervalles ; calme la nuit.",A.D,,//,"Nota. Pour la position de notre observatoire à Coupang, voyez la table N.° 9.",,oui,,Deuxième séjour à Timor. Constitution australe ; Automne austral.
522,544,23 - Deuxième séjour à Timor,les corvettes,1803-05-31,11 prairial an XI,1803-05-31,,,,,Sud,,Orientales,,,"24,0",28,"2,0","762,5",1017,,"Calme ; E. SE. Variable, jolie brise ; ciel nuageux ; calme pendant la nuit.",,,//,,,oui,,Deuxième séjour à Timor. Constitution australe ; Automne austral.
522,544,23 - Deuxième séjour à Timor,les corvettes,1803-06-01,12 prairial an XI,1803-06-01,,,,,Sud,,Orientales,,,"23,0",28,"2,0","762,5",1017,,"ENE. SE. SSE. Variable, petit frais ; beau temps.",,,//,,,oui,,Deuxième séjour à Timor. Constitution australe ; Automne austral.
522,544,23 - Deuxième séjour à Timor,les corvettes,1803-06-02,13 prairial an XI,1803-06-02,,,,,Sud,,Orientales,,,"23,0",28,"1,7","761,8",1016,,ENE. Variable au NNE. Petit frais ; beau temps ; calme pendant la nuit.,,,//,,,oui,,Deuxième séjour à Timor. Constitution australe ; Automne austral.
522,544,24 - Routes des corvettes françoises de Timor à la Terre de Witt,les corvettes,1803-06-03,14 prairial an XI,1803-06-03,"-10,0683","123,4108","121,0736",10.4.6,Sud,0121.4.25,Orientales,*,*,"22,7",28,"1,5","761,3",1015,,"E. Petit frais ; l'après-midi, calme ; une brise très-vari., prend faveur au SSE. ; ciel nuageux ; beau temps.",,,,Parti de Timor à 9 h. du matin.,,,,Constitution australe ; Automne austral.
522,544,24 - Routes des corvettes françoises de Timor à la Terre de Witt,les corvettes,1803-06-04,15 prairial an XI,1803-06-04,"-10,7383","122,8881","120,5508",10.44.18,Sud,120.33.3,Orientales,,,"23,0",28,"2,0","762,5",1017,,"ESE. Joli frais ; SE. S. ESE. ENE. N. SO. SE. Foible et très-variable ; au coucher du soleil, ESE. E. Bon frais ; beau temps.",,,//,,,,,Constitution australe ; Automne austral.
522,544,24 - Routes des corvettes françoises de Timor à la Terre de Witt,les corvettes,1803-06-05,16 prairial an XI,1803-06-05,"-11,5392","122,6572","120,3200",11.32.21,Sud,120.19.12,Orientales,,,"23,0",28,"2,0","762,5",1017,,E. Joli frais ; beau temps.,☉,,0°30',,,,,Constitution australe ; Automne austral.
522,544,24 - Routes des corvettes françoises de Timor à la Terre de Witt,les corvettes,1803-06-06,17 prairial an XI,1803-06-06,"-12,3908","122,7622","120,4250",12.23.27,Sud,120.25.30,Orientales,,,"22,0",28,"2,5","763,6",1018,,ENE. Jolie brise inégale ; petite brise ; beau temps.,L,,2. 44.,,,,,Constitution australe ; Automne austral.
522,544,24 - Routes des corvettes françoises de Timor à la Terre de Witt,les corvettes,1803-06-07,18 prairial an XI,1803-06-07,"-13,0458","122,8036","120,4664",13.2.45,Sud,120.27.59,Orientales,,,"22,5",28,"2,5","763,6",1018,,E. ESE. SE. Petit frais ; beau temps.,,,0. 25.,,,,,Constitution australe ; Automne austral.
522,544,24 - Routes des corvettes françoises de Timor à la Terre de Witt,les corvettes,1803-06-08,19 prairial an XI,1803-06-08,"-13,2825","123,0044","120,6672",13.16.57,Sud,120.40.2,Orientales,,,"22,0",28,"2,5","763,6",1018,,S. SSE. S. SSO. Jolie brise et foible brise ; beau temps.,,,2. 9.,,,,,Constitution australe ; Automne austral.
522,544,24 - Routes des corvettes françoises de Timor à la Terre de Witt,les corvettes,1803-06-09,20 prairial an XI,1803-06-09,"-13,0181","123,9347","121,5975",13.1.5,Sud,121.35.51,Orientales,,,"22,0",28,"2,5","763,6",1018,,SSO. SO. Petit frais ; calme ; S. Jolie brise ; beau temps.,,,0. 35.,,,,,Constitution australe ; Automne austral.
522,544,24 - Routes des corvettes françoises de Timor à la Terre de Witt,les corvettes,1803-06-10,21 prairial an XI,1803-06-10,"-13,0214","125,5350","123,1978",13.1.17,Sud,123.11.52,Orientales,,,"23,0",28,"2,3","763,2",1017,,"SSO. Joli frais et petit frais, variable ; beau temps.",,,//,,,,,Constitution australe ; Automne austral.
522,544,24 - Routes des corvettes françoises de Timor à la Terre de Witt,les corvettes,1803-06-11,22 prairial an XI,1803-06-11,"-12,9117","126,4892","124,1519",12.54.42,Sud,0124.9.7,Orientales,,,"22,5",28,"2,5","763,6",1018,,OSO. SO. SSO. Jolie brise et petite brise ; calme ; b. temps.,,,1. 13.,,,,,Constitution australe ; Automne austral.
523,545,"25 - Routes des corvettes françoises à la Terre de Witt, 3e campagne",les corvettes,1803-06-12,23 prairial an XI,1803-06-12,"-13,4350","127,2453","124,9081",13.26.6,Sud,124.54.29,Orientales,,*,"22,8",28,"2,0","762,5",1017,,"OSO. SO. SSE. ESE. E. Jolie brise ; petit frais, ensuite calme le soir ; beau temps.",☾,,//,"Mouillé une ancre à jet à 7 h. du soir, dans le NE. des îles Lesueur.",,,,Constitution australe ; Automne austral.
523,545,"25 - Routes des corvettes françoises à la Terre de Witt, 3e campagne",les corvettes,1803-06-13,24 prairial an XI,1803-06-13,"-12,8606","127,3981","125,0608",12.51.38,Sud,125.3.39,Orientales,,*,"22,5",28,"2,0","762,5",1017,,"Calme ; SO. NO. Fraîcheur variable ; NNO. NNE. Petit frais ; à la nuit, calme ; beau temps.",♌,,2° 0',"Appareillé à 6 h. du matin ; mouillé à 8 h. du soir, à 3 lieues de la côte.",,,,Constitution boréale ; Automne austral.
523,545,"25 - Routes des corvettes françoises à la Terre de Witt, 3e campagne",les corvettes,1803-06-14,25 prairial an XI,1803-06-14,"-14,0783","127,8172","125,4800",14.4.42,Sud,125.28.48,Orientales,,,"22,8",28,"1,3","760,9",1014,,O. ONO. SO. SSE. ESE. NO. Brise foible et variable ; beau temps.,P,,//,Appareillé à 6 h. du matin.,,,,Constitution boréale ; Automne austral.
523,545,"25 - Routes des corvettes françoises à la Terre de Witt, 3e campagne",les corvettes,1803-06-15,26 prairial an XI,1803-06-15,"-13,9972","128,2650","125,9278",13.59.50,Sud,125.55.40,Orientales,,,"20,5",28,"1,5","761,3",1015,,NO. O. SSE. SE. Joli frais ; bon fr. ; mollissant un peu à la nuit ; beau temps.,,,//,,,,,Constitution boréale ; Automne austral.
523,545,"25 - Routes des corvettes françoises à la Terre de Witt, 3e campagne",les corvettes,1803-06-16,27 prairial an XI,1803-06-16,"-14,3319","127,9781","125,6408",14.19.55,Sud,125.38.27,Orientales,,,"21,0",28,"2,0","762,5",1017,,SE. Joli frais inégal ; après midi SE. E. Petit frais ; calme à la nuit ; beau temps.,,,1. 2.,"A 8 h. du soir, mis à l'ancre dans l'ESE. de la montagne du Casuarina.",,,,Constitution boréale ; Automne austral.
523,545,"25 - Routes des corvettes françoises à la Terre de Witt, 3e campagne",les corvettes,1803-06-17,28 prairial an XI,1803-06-17,"-14,1044","128,2794","125,9422",14.6.16,Sud,125.56.32,Orientales,,,"21,0",28,"2,5","763,6",1018,,Calme ; SO. SE. Petit fr. ; ESE. SO. SE. Presque calme ; beau temps.,,,//,Mis sous voiles à 5 h. du matin ; mouillé à 7 h. du soir dans le N. du banc des Méduses.,,,,Constitution boréale ; Automne austral.
523,545,"25 - Routes des corvettes françoises à la Terre de Witt, 3e campagne",les corvettes,1803-06-18,29 prairial an XI,1803-06-18,"-14,4053","128,2997","125,9625",14.24.19,Sud,125.57.45,Orientales,,,"20,6",28,"2,5","763,6",1018,,"SSE. ESE. Bon frais, par rafales ; le soir la brise mollissant beaucoup ; b. temps.",,,0. 3.,Mis sous voiles à 1 h. du matin.,,,,Constitution boréale ; Automne austral.
523,545,"25 - Routes des corvettes françoises à la Terre de Witt, 3e campagne",les corvettes,1803-06-19,30 prairial an XI,1803-06-19,"-13,8717","128,7547","126,4175",13.52.18,Sud,126.25.3,Orientales,,,"20,0",28,"3,0","764,7",1020,,SE. ESE. Bon frais ; SE. SSE. Joli frais inégal ; beau temps.,●.λ,,1. 21.,,,,,Constitution boréale ; Automne austral.
523,545,"25 - Routes des corvettes françoises à la Terre de Witt, 3e campagne",les corvettes,1803-06-20,1.er messidor an XI,1803-06-20,"-13,1408","129,2222","126,8850",13.8.27,Sud,126.53.6,Orientales,,,"19,0",28,"3,0","764,7",1020,,"SE. Bon frais par rafales ; à midi, ESE. NE. E. Foible et variable ; beau temps.",,,0. 26.,,,,,Constitution boréale ; Automne austral.
523,545,"25 - Routes des corvettes françoises à la Terre de Witt, 3e campagne",les corvettes,1803-06-21,2 messidor an XI,1803-06-21,"-13,5875","129,3089","126,9717",13.35.15,Sud,126.58.18,Orientales,,,"21,0",28,"2,5","763,6",1018,,"ESE. E. NE. Joli frais ; après midi, N. O. OSO. Très-foible ; à la nuit, calme plat ; beau temps.",,,1. 4.,Navigué à vue des îles Barthelemy ; mouillé le soir à 3 lieues de la côte.,,,,Constitution boréale ; Automne austral.
523,545,"25 - Routes des corvettes françoises à la Terre de Witt, 3e campagne",les corvettes,1803-06-22,3 messidor an XI,1803-06-22,"-13,4486","129,4789","127,1417",13.26.55,Sud,0127.8.30,Orientales,,,"23,0",28,"2,5","763,6",1018,,ESE. ENE. Petit frais ; calme à midi ; le soir foible brise du N. au NNO. ; b. temps.,,♋,1. 3.,Appareillé à 6 h. matin ; mouillé à 7 h. du soir.,,,,Constitution boréale ; Hiver austral.
523,545,"25 - Routes des corvettes françoises à la Terre de Witt, 3e campagne",les corvettes,1803-06-23,4 messidor an XI,1803-06-23,"-13,2519","129,5994","127,2622",13.15.7,Sud,127.15.44,Orientales,*,*,"21,5",28,"2,5","763,6",1018,,"NNO. SO. Joli frais ; au jour, calme ; NO. NNO. NNE. à midi, joli frais ; NNO. S. SSO. SSE. petit fr. mêlé de calme ; temps couvert ; petite pluie par intervalles.",,,//,"Appareillé à 5 h. matin ; mouillé à 8 h. du soir dans l'O. de l'île Péron, à 3 lieues de distance.",,,,Constitution boréale ; Hiver austral.
523,545,"25 - Routes des corvettes françoises à la Terre de Witt, 3e campagne",les corvettes,1803-06-24,5 messidor an XI,1803-06-24,"-12,7511","129,9511","127,6139",12.45.4,Sud,127.36.50,Orientales,,,"21,0",28,"2,0","762,5",1017,,"Calme ; SSE. SE. E. Joli frais et petit frais ; après midi, calme et légère brise très-variable ; beau temps.",☋,,0. 3.,Appareillé à 4 h. 30' matin ; jeté l'ancre à 10 h. du soir à grande distance de terre ; c'est notre dernier mouillage sur les côtes de la Nouvelle-Hollande.,,,,Constitution boréale ; Hiver austral.
523,545,"25 - Routes des corvettes françoises à la Terre de Witt, 3e campagne",les corvettes,1803-06-25,6 messidor an XI,1803-06-25,"-12,4167","130,0975","127,7603",12.25.0,Sud,127.45.37,Orientales,,,"22,0",28,"2,0","762,5",1017,,"Calme ; S. SSE. SE. Joli frais, petit frais ; à midi, calme ; N. NO. OSO. Petit frais ; E. ENE. NNE. Foible et varia. ; b. temps, horizon brumeux.",,,0. 3.,Appareillé à 6 h. du matin.,,,,Constitution boréale ; Hiver austral.
524,546,"25 - Routes des corvettes françoises à la Terre de Witt, 3e campagne",les corvettes,1803-06-26,7 messidor an XI,1803-06-26,"-12,0531","130,0108","127,6736",12.3.11,Sud,127.40.25,Orientales,,*,"22,5",28,"2,5","763,6",1018,,"NE. NNE. ENE. ESE. NNO. Joli frais et petit fr. ; l'après-midi, SO. Bon fr. et joli fr. ; ciel couv. et pluie ; le soir, S. ESE. ENE. Joli fr. inégal, par grains avec pluie.",D,,//,"A la nuit, perdu de vue les côtes de la Nouvelle-Hollande, et pris notre dernier relèvement au cap Helvétius.",,,,Constitution australe ; Hiver austral.
524,546,"25 - Routes des corvettes françoises à la Terre de Witt, 3e campagne",les corvettes,1803-06-27,8 messidor an XI,1803-06-27,"-11,3408","129,6867","127,3494",11.20.27,Sud,127.20.58,Orientales,,,"21,5",28,"2,3","763,2",1017,,"ESE. E. ENE. E. NE. Petit fr. et joli fr., mollissant le soir ; beau temps, ciel nuageux ; grains à l'horizon ; pluie le soir.",☾.A,,//,,,,,Constitution australe ; Hiver austral.
524,546,"25 - Routes des corvettes françoises à la Terre de Witt, 3e campagne",les corvettes,1803-06-28,9 messidor an XI,1803-06-28,"-10,4186","129,8744","127,5372",10.25.7,Sud,127.32.14,Orientales,,,"21,0",28,"2,5","763,6",1018,,"E. SE. SSE. Bon frais, ensuite calme ; SE. Bon frais ; ciel couvert ; pluie le matin.",,,//,,,,,Constitution australe ; Hiver austral.
524,546,26 - Routes des corvettes françoises au nord de la Terre d'Arnheim,les corvettes,1803-06-29,10 messidor an XI,1803-06-29,"-9,8108","130,1789","127,8417",9.48.39,Sud,127.50.30,Orientales,*,*,"21,0",28,"2,0","762,5",1017,,SE. SSE. ESE. Bon frais et joli frais ; ciel couvert.,,,//,,,,,Constitution australe ; Hiver austral.
524,546,26 - Routes des corvettes françoises au nord de la Terre d'Arnheim,les corvettes,1803-06-30,11 messidor an XI,1803-06-30,"-9,7258","130,0128","127,6756",9.43.33,Sud,127.40.32,Orientales,,*,"20,5",28,"2,0","762,5",1017,,SE. ESE. SE. S. Bon frais par rafales inégales ; temps sombre et couvert.,,,//,,,,,Constitution australe ; Hiver austral.
524,546,26 - Routes des corvettes françoises au nord de la Terre d'Arnheim,les corvettes,1803-07-01,12 messidor an XI,1803-07-01,"-9,6000","129,6772","127,3400",9.36.0,Sud,127.20.24,Orientales,,*,"20,5",28,"2,5","763,6",1018,,S. SSE. SE. Bon frais et grand frais par rafales ; temps couv. ; forte pluie presque continuelle.,,,//,,,,,Constitution australe ; Hiver austral.
524,546,26 - Routes des corvettes françoises au nord de la Terre d'Arnheim,les corvettes,1803-07-02,13 messidor an XI,1803-07-02,"-9,6703","129,4333","127,0961",9.40.13,Sud,127.5.46,Orientales,,,"19,0",28,"1,5","761,3",1015,,"SSE. SE. ESE. SE. Bon frais et joli frais, inégal et variable ; temps couv. ; pluie le matin.",,,//,,,,,Constitution australe ; Hiver austral.
524,546,26 - Routes des corvettes françoises au nord de la Terre d'Arnheim,les corvettes,1803-07-03,14 messidor an XI,1803-07-03,"-9,9808","130,4397","128,1025",9.58.51,Sud,0128.6.9,Orientales,,,"19,5",28,"3,0","764,7",1020,,"S. SSE. SE. Joli fr. et bon fr. inégal ; le soir, SE. Petit fr. ; ciel nuageux.",L,,2° 0',,,,,Constitution australe ; Hiver austral.
524,546,26 - Routes des corvettes françoises au nord de la Terre d'Arnheim,les corvettes,1803-07-04,15 messidor an XI,1803-07-04,"-9,7361","131,0544","128,7172",9.44.10,Sud,128.43.2,Orientales,,,"19,0",28,"2,5","763,6",1018,,"SE. Brise inégale et calme ; le matin, joli frais par rafales ; SSE. SE. Joli frais ; ciel nuageux.",,,//,,,,,Constitution australe ; Hiver austral.
524,546,26 - Routes des corvettes françoises au nord de la Terre d'Arnheim,les corvettes,1803-07-05,16 messidor an XI,1803-07-05,"-8,9300","132,0911","129,7539",8.55.48,Sud,129.45.14,Orientales,,,"20,8",28,"2,3","763,2",1017,,"SE. SSE. SE. Joli frais, par risées ; ciel nuageux.",☉,,//,,,,,Constitution australe ; Hiver austral.
524,546,26 - Routes des corvettes françoises au nord de la Terre d'Arnheim,les corvettes,1803-07-06,17 messidor an XI,1803-07-06,"-8,9803","132,3458","130,0086",8.58.49,Sud,130.0.31,Orientales,,,"20,7",28,"2,0","762,5",1017,,SE. S. SE. SSE. SE. Joli frais ; ciel nuageux.,,,1. 37.,,,,,Constitution australe ; Hiver austral.
524,546,26 - Routes des corvettes françoises au nord de la Terre d'Arnheim,les corvettes,1803-07-07,18 messidor an XI,1803-07-07,"-8,4425","133,5036","131,1664",8.26.33,Sud,131.9.59,Orientales,,,"20,0",28,"2,0","762,5",1017,,SE. SSE. SE. Joli frais ; temps couvert.,,,//,"A 10 h. du soir, mis en route pour l'île de France.",,,,Constitution australe ; Hiver austral.
525,547,27 - Retour des corvettes françoises à l'Ile-de-France,les corvettes,1803-07-08,19 messidor an XI,1803-07-08,"-9,1789","132,9603","130,6231",9.10.44,Sud,130.37.23,Orientales,,,"22,0",28,"2,5","763,6",1018,,SE. ESE. Bon frais et joli frais ; ciel nuageux.,☋,,//,,,,,Constit. aust. ; Hiver austral.
525,547,27 - Retour des corvettes françoises à l'Ile-de-France,les corvettes,1803-07-09,20 messidor an XI,1803-07-09,"-9,6839","129,8042","127,4669",9.41.2,Sud,127.28.1,Orientales,,,"21,5",28,"2,0","762,5",1017,,ESE. Forte brise inégale ; temps couvert ; grains et pluie.,,,//,,,,,Constit. aust. ; Hiver austral.
525,547,27 - Retour des corvettes françoises à l'Ile-de-France,les corvettes,1803-07-10,21 messidor an XI,1803-07-10,"-10,1989","127,5267","125,1894",10.11.56,Sud,0125.11.22,Orientales,,,"22,0",28,"2,5","763,6",1018,,E. ESE. Joli frais ; beau temps.,P.♌,,1° 0',,,,,Constitution boréale ; Hiver austral.
525,547,27 - Retour des corvettes françoises à l'Ile-de-France,les corvettes,1803-07-11,22 messidor an XI,1803-07-11,"-10,4167","125,4383","123,1011",10.25.0,Sud,0123.6.4,Orientales,,,"21,7",28,"2,5","763,6",1018,,ESE. E. SE. ESE. Joli frais ; beau temps.,,,0. 0.,A 6 h. en vue de la côte SE. de l'île Timor.,,,,Constitution boréale ; Hiver austral.
525,547,27 - Retour des corvettes françoises à l'Ile-de-France,les corvettes,1803-07-12,23 messidor an XI,1803-07-12,"-10,2708","124,4500","122,1128",10.16.15,Sud,122.6.46,Orientales,,,"22,0",28,"2,0","762,5",1017,,ESE. E. Petit frais et joli frais ; beau temps.,☽,,0. 30.,"En vue de la côte de Timor, et ensuite de celle de Rottie.",,,,Constitution boréale ; Hiver austral.
525,547,27 - Retour des corvettes françoises à l'Ile-de-France,les corvettes,1803-07-13,24 messidor an XI,1803-07-13,"-10,4264","123,0686","120,7314",10.25.35,Sud,120.43.53,Orientales,,,"22,4",28,"2,3","763,2",1017,,ESE. ENE. E. ESE. SE. Petit frais et joli frais.,,,//,"Traversé le détroit de Rottie dans la matinée ; à midi, la pointe Occid. de l'île Cambi nous restoit au N. 13° E.",,,,Constitution boréale ; Hiver austral.
525,547,27 - Retour des corvettes françoises à l'Ile-de-France,les corvettes,1803-07-14,25 messidor an XI,1803-07-14,"-11,1142","121,1967","118,8594",11.6.51,Sud,118.51.34,Orientales,,,"22,5",28,"3,0","764,7",1020,,SE. ESE. SE. Joli frais et petit frais ; beau temps.,,,//,"Doublé l'île Savu au S., à 9 lieues de distance.",,,,Constitution boréale ; Hiver austral.
525,547,27 - Retour des corvettes françoises à l'Ile-de-France,les corvettes,1803-07-15,26 messidor an XI,1803-07-15,"-12,0206","118,9722","116,6350",12.1.14,Sud,116.38.6,Orientales,,,"21,5",28,"3,0","764,7",1020,,SE. ESE. E. Joli frais ; beau temps.,,,//,,,,,Constitution boréale ; Hiver austral.
525,547,27 - Retour des corvettes françoises à l'Ile-de-France,les corvettes,1803-07-16,27 messidor an XI,1803-07-16,"-13,5650","116,9836","114,6464",13.33.54,Sud,114.38.47,Orientales,,,"21,5",28,"2,7","764,1",1019,,E. ESE. SE. E. Joli frais et petit frais ; beau temps.,λ,,2. 0.,,,,,Constitution boréale ; Hiver austral.
525,547,27 - Retour des corvettes françoises à l'Ile-de-France,les corvettes,1803-07-17,28 messidor an XI,1803-07-17,"-12,3481","114,8011","112,4639",12.20.53,Sud,112.27.50,Orientales,,,"21,7",28,"2,5","763,6",1018,,E. Bon frais et joli frais ; beau temps.,,,2. 0.,,,,,Constitution boréale ; Hiver austral.
525,547,27 - Retour des corvettes françoises à l'Ile-de-France,les corvettes,1803-07-18,29 messidor an XI,1803-07-18,"-12,4636","112,5622","110,2250",12.27.49,Sud,110.13.30,Orientales,,,"22,5",28,"2,5","763,6",1018,,ESE. E. Bonne brise ; ciel couvert ; temps à grains ; pluie l'après-midi.,,,//,,,,,Constitution boréale ; Hiver austral.
525,547,27 - Retour des corvettes françoises à l'Ile-de-France,les corvettes,1803-07-19,30 messidor an XI,1803-07-19,"-12,5125","109,9892","107,6519",12.30.45,Sud,107.39.7,Orientales,,,"21,5",28,"2,0","762,5",1017,,E. Bonne brise et joli frais par risée ; beau temps.,●,,1. 0.,,,,,Constitution boréale ; Hiver austral.
525,547,27 - Retour des corvettes françoises à l'Ile-de-France,les corvettes,1803-07-20,1.er thermidor an XI,1803-07-20,"-12,6458","107,5900","105,2528",12.38.45,Sud,105.15.10,Orientales,,,"22,5",28,"2,0","762,5",1017,,E. Joli frais inégal ; b. temps.,,,0. 0.,,,,,Constitution boréale ; Hiver austral.
525,547,27 - Retour des corvettes françoises à l'Ile-de-France,les corvettes,1803-07-21,2 thermidor an XI,1803-07-21,"-12,7231","105,1369","102,7997",12.43.23,Sud,102.47.59,Orientales,,,"22,3",28,"2,3","763,2",1017,,E. SE. ESE. Joli frais et bon frais ; temps nuageux.,☋,,1. 0.,,,,,Constitution boréale ; Hiver austral.
525,547,27 - Retour des corvettes françoises à l'Ile-de-France,les corvettes,1803-07-22,3 thermidor an XI,1803-07-22,"-13,2500","102,5158","100,1786",13.15.0,Sud,100.10.43,Orientales,,,"22,0",28,"1,5","761,3",1015,,E. Joli frais inégal ; ciel nuageux.,,,1. 0.,,,,,Constitution boréale ; Hiver austral.
525,547,27 - Retour des corvettes françoises à l'Ile-de-France,les corvettes,1803-07-23,4 thermidor an XI,1803-07-23,"-13,7500","100,5036","98,1664",13.45.0,Sud,98.9.59,Orientales,,,"21,7",28,"2,0","762,5",1017,,"E. Joli frais et petit frais ; pluie l'après-midi ; à la nuit, ESE. SSE. NO. NNE. foible ; temps à grains ; pluie et orage ; temps couvert.",,,//,,,,,Constitution boréale ; Hiver austral.
525,547,27 - Retour des corvettes françoises à l'Ile-de-France,les corvettes,1803-07-24,5 thermidor an XI,1803-07-24,"-14,1433","99,1303","96,7931",14.8.36,Sud,96.47.35,Orientales,*,*,"22,0",28,"0,5","759,1",1012,,"N. NNE. E. SE. SSE. S. Variable en force ; bon frais et joli frais, ensuite grand frais ; temps à grains ; pluie ; rafales.",D,♌,//,"A 9 h. du soir, le Géographe et le Casuarina se sont perdus de vue, et ne se sont plus rejoints qu'à l'Ile-de France. Les routes suivantes, depuis le 25 juillet jusqu'au 7 août sont donc exclusivement celles du Géographe.",,,,Hiver austral.
525,547,27 - Retour des corvettes françoises à l'Ile-de-France,les corvettes,1803-07-25,6 thermidor an XI,1803-07-25,"-14,2433","96,5597","94,2225",14.14.36,Sud,94.13.21,Orientales,*,,"21,0",28,"2,0","762,5",1017,,SSE. Grand frais par fortes rafales ; grains ; pluie ; temps sombre.,A,,//,,,,,Hiver austral.
526,548,27 - Retour des corvettes françoises à l'Ile-de-France,les corvettes,1803-07-26,7 thermidor an XI,1803-07-26,"-14,5008","94,2200","91,8828",14.30.3,Sud,91.52.58,Orientales,,,"20,5",28,"2,5","763,6",1018,,SSE. Bon frais par rafales ; temps à grains ; pluie.,,,//,,,,,Accolade Points lunaires : Constitution australe ; accolade Points solaires : Hiver austral.
526,548,27 - Retour des corvettes françoises à l'Ile-de-France,les corvettes,1803-07-27,8 thermidor an XI,1803-07-27,"-15,0553","90,6000","88,2628",15.3.19,Sud,88.15.46,Orientales,,,"20,5",28,"2,5","763,6",1018,,SE. Grand frais par rafales ; temps sombre et couvert ; pluie.,☾,,//,,,,,
526,548,27 - Retour des corvettes françoises à l'Ile-de-France,les corvettes,1803-07-28,9 thermidor an XI,1803-07-28,"-15,6578","87,0678","84,7306",15.39.28,Sud,84.43.50,Orientales,,,"20,0",28,"3,0","764,7",1020,,SE. ESE. SSE. Bon frais par risées ; ciel nuageux ; pluie avant le jour.,,,//,,,,,
526,548,27 - Retour des corvettes françoises à l'Ile-de-France,les corvettes,1803-07-29,10 thermidor an XI,1803-07-29,"-16,3119","83,5411","81,2039",16.18.43,Sud,81.12.14,Orientales,,,"20,0",28,"4,0","767,0",1023,,SE. Bon frais et joli frais inégal ; ciel nuageux ; le soir légères grenasses avec quelques gouttes de pluie.,,,NO. 2°30',,,,,
526,548,27 - Retour des corvettes françoises à l'Ile-de-France,les corvettes,1803-07-30,11 thermidor an XI,1803-07-30,"-16,9761","80,4114","78,0742",16.58.34,Sud,78.4.27,Orientales,,,"20,0",28,"3,7","766,3",1022,,ESE. SSE. SE. Joli frais ; ciel nuageux ; pluie par intervalles.,,,2. 30.,,,,,
526,548,27 - Retour des corvettes françoises à l'Ile-de-France,les corvettes,1803-07-31,12 thermidor an XI,1803-07-31,"-17,7928","76,9044","74,5672",17.47.34,Sud,74.34.2,Orientales,*,,"19,0",28,"3,0","764,7",1020,,SE. ESE. Vent bon frais ; temps couvert ; grains et pluie.,L,,//,,,,,
526,548,27 - Retour des corvettes françoises à l'Ile-de-France,les corvettes,1803-08-01,13 thermidor an XI,1803-08-01,"-18,5117","73,6403","71,3031",18.30.42,Sud,71.18.11,Orientales,,,"19,0",28,"4,0","767,0",1023,,E. ESE. Bon frais ; temps à grains ; pluie le matin.,,,//,,,,,
526,548,27 - Retour des corvettes françoises à l'Ile-de-France,les corvettes,1803-08-02,14 thermidor an XI,1803-08-02,"-19,4467","70,3403","68,0031",19.26.48,Sud,68.0.11,Orientales,,,"19,2",28,"4,5","768,1",1024,,E. SE. E. Bon frais et joli frais ; temps à grains et pluie le matin.,,,6. 58.,,,,,
526,548,27 - Retour des corvettes françoises à l'Ile-de-France,les corvettes,1803-08-03,15 thermidor an XI,1803-08-03,"-20,1361","67,5617","65,2244",20.8.10,Sud,65.13.28,Orientales,,,"19,3",28,"4,0","767,0",1023,,E. ESE. SE. Joli frais ; beau temps ; ciel nuageux.,☉,,6. 38.,,,,,
526,548,27 - Retour des corvettes françoises à l'Ile-de-France,les corvettes,1803-08-04,16 thermidor an XI,1803-08-04,"-20,0500","64,8106","62,4733",20.3.0,Sud,62.28.24,Orientales,,,"19,0",28,"5,0","769,2",1026,,ESE. SE. S. SSE. SE. Ciel nuageux ; pluie le soir.,☋,,//,"A 6 h. du soir, vu l'île Rodrigue dans le N. 60° O.",,,,
526,548,27 - Retour des corvettes françoises à l'Ile-de-France,les corvettes,1803-08-05,17 thermidor an XI,1803-08-05,"-19,8122","61,1325","58,7953",19.48.44,Sud,58.47.43,Orientales,,,"19,0",28,"5,0","769,2",1026,,"Jusqu'à midi, SE ESE. SE. Bon frais inégal ; grains et pluie.",,,//,"A midi, fait la remise de tous nos journaux entre les mains du Commandant.",,,,
526,548,27 - Retour des corvettes françoises à l'Ile-de-France,les corvettes,1803-08-06,18 thermidor an XI,1803-08-06,"-19,9375","59,2039","56,8667",19.56.15,Sud,56.52.0,Orientales,*,*,//,//,,,,,.........................,P. ♌,,//,,,,,Accolade Points lunaires à partir de cette ligne : Constit. bor.
526,548,27 - Retour des corvettes françoises à l'Ile-de-France,les corvettes,1803-08-07,19 thermidor an XI,1803-08-07,"-20,1417","57,4456","55,1083",20.8.30,Sud,55.6.30,Orientales,△,△,//,//,,,,,.........................,,,//,"Arrivé à l'Ile-de-France, et mouillé à l'entrée du port Nord-Ouest.",,,,"N.B. La connaissance des routes d'un vaisseau n'est intéressante qu'autant qu'on peut y rattacher des observations utiles, soit aux progrès de la géographie, soit à ceux de la physique ou de la navigation. La traversée de la corvette le Géographe, de l'Ile-de-France en France, n'offrant aucun fait de ce genre, il m'a paru convenable de terminer ici le tableau des routes de ce bâtiment."
528,550,28 - Routes du Naturaliste à la Terre d'Édels,le Naturaliste,1801-06-28,9 messidor an IX,1801-06-28,"-31,8331","115,5164","113,1792",31.49.59,Sud,113.10.45,Orientales,*,*,"14,8",28,"3,0","764,7",1020,,NE. ENE. NNE. ESE. SE. Joli frais ; temps nébuleux et par grains.,P,,//,"Appareillé à 9 h. 30' du matin de la rade de l'île Rottnest, où nous étions mouillés, par 31° 58' 27"" de latitude S. et 113° 15' 40"" de long. Orient.",,,,En-tête de la colonne DÉCLINAISON : NO. Accolade Points lunaires : Constitution australe ; accolade Points solaires : Hiver austral.
528,550,28 - Routes du Naturaliste à la Terre d'Édels,le Naturaliste,1801-06-29,10 messidor an IX,1801-06-29,"-31,1711","115,4294","113,0922",31.10.16,Sud,113.5.32,Orientales,,△,"15,0",28,"3,0","764,7",1020,,"SSE. S. SSE. SE. ENE. Joli frais le matin, ensuite petit frais ; beau temps.",,,//,En vue de l'île Lancelin et du continent de la Nouvelle-Hollande.,,,,
528,550,28 - Routes du Naturaliste à la Terre d'Édels,le Naturaliste,1801-06-30,11 messidor an IX,1801-06-30,"-30,8031","115,0506","112,7133",30.48.11,Sud,112.42.48,Orientales,*,△,"16,0",28,"3,0","764,7",1020,,ENE. N. NNE. NNO. Joli frais et bon frais par rafales ; temps à grains le soir.,,,4° 49',,,,,
528,550,28 - Routes du Naturaliste à la Terre d'Édels,le Naturaliste,1801-07-01,12 messidor an IX,1801-07-01,"-30,6608","115,2406","112,9033",30.39.39,Sud,112.54.12,Orientales,,△,"16,0",28,"2,5","763,6",1018,,NO. OSO. O. ONO. Petit frais ; calme le soir ; temps couvert.,,,//,En vue de l'île Boullanger et du continent voisin.,,,,
528,550,28 - Routes du Naturaliste à la Terre d'Édels,le Naturaliste,1801-07-02,13 messidor an IX,1801-07-02,"-31,1667","114,6250","112,2878",31.10.0,Sud,112.17.16,Orientales,,*,"16,0",28,"1,0","760,2",1014,,NO. NNO. NNE. NNO. N. Par rafales bon frais et joli frais ; temps couvert.,♌. ☋,,5. 22.,,,,,Accolade Points lunaires à partir de cette ligne : Constitution boréale.
528,550,28 - Routes du Naturaliste à la Terre d'Édels,le Naturaliste,1801-07-03,14 messidor an IX,1801-07-03,"-31,9450","113,7081","111,3708",31.56.42,Sud,111.22.15,Orientales,*,*,"12,0",27,"7,0","746,7",996,,N. NNO. N. ONO. O. Grand frais par rafales ; grains et pluie.,☽,,//,,,,,
528,550,28 - Routes du Naturaliste à la Terre d'Édels,le Naturaliste,1801-07-04,15 messidor an IX,1801-07-04,"-32,0167","113,8136","111,4764",32.1.0,Sud,111.28.35,Orientales,,*,"14,0",27,"10,0","753,5",1005,,O. OSO. SO. Grand frais et bon frais par rafales ; temps à grains.,,,//,,,,,
528,550,28 - Routes du Naturaliste à la Terre d'Édels,le Naturaliste,1801-07-05,16 messidor an IX,1801-07-05,"-31,0167","114,3478","112,0106",31.1.0,Sud,112.0.38,Orientales,,*,"16,0",28,"2,0","762,5",1017,,"O. NNO. NO. ONO. Joli frais ; le soir, vent petit frais du NO. ; temps nuageux.",,,//,,,,,
528,550,28 - Routes du Naturaliste à la Terre d'Édels,le Naturaliste,1801-07-06,17 messidor an IX,1801-07-06,"-30,5167","114,9306","112,5933",30.31.0,Sud,112.35.36,Orientales,,△,"16,0",28,"2,0","762,5",1017,,NO. N. O. ONO. NO. Joli frais par rafales ; temps à grains ; pluie.,,,7. 15.,,,,,
528,550,28 - Routes du Naturaliste à la Terre d'Édels,le Naturaliste,1801-07-07,18 messidor an IX,1801-07-07,"-30,2131","114,5344","112,1972",30.12.47,Sud,112.11.50,Orientales,*,*,"15,0",28,"0,0","758,0",1011,,NO. ONO. O. OSO. Bon frais et joli frais ; rafales ; grains ; pluie.,,,7. 19.,,,,,
528,550,28 - Routes du Naturaliste à la Terre d'Édels,le Naturaliste,1801-07-08,19 messidor an IX,1801-07-08,"-29,4111","114,0478","111,7106",29.24.40,Sud,111.42.38,Orientales,,△,"17,0",28,"5,0","769,2",1026,,"OSO. SO. SSO. SE. Joli frais ; à la nuit, petit frais ; ciel couvert.",,,//,En vue des Abrolhos.,,,,
528,550,28 - Routes du Naturaliste à la Terre d'Édels,le Naturaliste,1801-07-09,20 messidor an IX,1801-07-09,"-28,8544","114,0856","111,7483",28.51.16,Sud,111.44.54,Orientales,,△,"15,0",28,"5,0","769,2",1026,,SSO. OSO. ESE. E. ENE. ESE. Petit frais ; beau temps.,?,,7. 0.,"L'amplitude ortive a donné 5° 50', et l'amplitude occase 8° 13' de déclinaison NO., celle que l'on a notée ici est la moyenne des deux.",,,,
528,550,28 - Routes du Naturaliste à la Terre d'Édels,le Naturaliste,1801-07-10,21 messidor an IX,1801-07-10,"-28,1953","113,6753","111,3381",28.11.43,Sud,111.20.17,Orientales,,△,"16,0",28,"5,0","769,2",1026,,ESE. E. SE. ESE. Petit frais ; beau temps.,A,,5. 54.,Cette déclinaison est moyenne de plusieurs observations.,,,,
528,550,28 - Routes du Naturaliste à la Terre d'Édels,le Naturaliste,1801-07-11,22 messidor an IX,1801-07-11,"-27,7000","113,8297","111,4925",27.42.0,Sud,111.29.33,Orientales,,△,"17,0",28,"3,5","765,9",1021,,E. ENE. N. NNE. Joli frais et petit frais ; beau temps.,●,,5. 48.,En vue de la pointe Rouge et de la baie Gantheaume.,,,,
528,550,28 - Routes du Naturaliste à la Terre d'Édels,le Naturaliste,1801-07-12,23 messidor an IX,1801-07-12,"-27,6389","113,3250","110,9878",27.38.20,Sud,110.59.16,Orientales,*,△,"17,5",28,"0,0","758,0",1011,,NE. NNE. N. NNO. O. SO. Bon frais ; grains et pluie.,,,//,,,,,
529,551,28 - Routes du Naturaliste à la Terre d'Édels,le Naturaliste,1801-07-13,24 messidor an IX,1801-07-13,"-27,5908","113,0044","110,6672",27.35.27,Sud,110.40.2,Orientales,*,*,"17,0",27,"11,0","755,7",1008,,"Calme ; folles ventes ; NNE. NE. Bon frais par grains ; le soir, calme ; pluie continuelle.",,,//,,,,,En-tête de la colonne DÉCLINAISON : NO. Accolade Points lunaires : Constitution boréale ; accolade Points solaires : Hiver austral.
529,551,28 - Routes du Naturaliste à la Terre d'Édels,le Naturaliste,1801-07-14,25 messidor an IX,1801-07-14,"-27,8444","113,5322","111,1950",27.50.40,Sud,111.11.42,Orientales,*,△,"16,0",27,"11,0","755,7",1008,,"Calme plat ; le soir, SO. OSO. Petit frais ; pluie continuelle.",,,//,,,,,
529,551,28 - Routes du Naturaliste à la Terre d'Édels,le Naturaliste,1801-07-15,26 messidor an IX,1801-07-15,"-27,0333","113,4261","111,0889",27.2.0,Sud,0111.5.20,Orientales,,△,"17,7",28,"3,0","764,7",1020,,OSO. SO. SSO. Petit frais ; joli frais ; ciel couvert.,,,5° 45',"Depuis quatre jours, les courans nous ont poussés d'environ 50 milles dans le Sud.",,,,
529,551,28 - Routes du Naturaliste à la Terre d'Édels,le Naturaliste,1801-07-16,27 messidor an IX,1801-07-16,"-25,6778","112,8539","110,5167",25.40.40,Sud,110.31.0,Orientales,,△,"16,0",28,"3,0","764,7",1020,,SE. ESE. E. SSO. SSE. Joli frais ; beau temps.,,,6. 40.,En vue de l'île Dirck-Hartighs.,,,,
529,551,28 - Routes du Naturaliste à la Terre d'Édels,le Naturaliste,1801-07-17,28 messidor an IX,1801-07-17,"-25,4500","113,1094","110,7722",25.27.0,Sud,110.46.20,Orientales,,△,//,//,,,,,SE. ESE. S. Joli frais ; petit frais le soir ; beau temps.,D. ☋,,//,"Mouillé à la baie des Chiens-Marins, le 17 juillet à 8 h. du soir.",,,,Accolade Points lunaires à partir de cette ligne : C. austr.
529,551,29 - Séjour du Naturaliste à la Baie des Chiens-Marins,le Naturaliste,1801-07-18,29 messidor an IX,1801-07-18,"-25,4692","113,1286","110,7914",25.28.9,Sud,110.47.29,Orientales,,△,//,//,,,,,"Calme ; N. NNO. Petit frais ; beau temps ; le soir, grain du SO. au NO., joli frais par rafales ; horizon noir et chargé de nuages.",,,//,"Latitude moyenne conclue de cinq hauteurs méridiennes du soleil observées à bord. Dans la journée du 18 juillet, on a changé de mouillage.",,,,En-tête de la colonne DÉCLINAISON : NO. Accolade Points lunaires : Constitution australe ; accolade Points solaires : Hiver austral.
529,551,29 - Séjour du Naturaliste à la Baie des Chiens-Marins,le Naturaliste,1801-07-19,30 messidor an IX,1801-07-19,,,,,Sud,,Orientales,,,//,28,"0,0","758,0",1011,,O. OSO. Joli frais ; temps à grains avec pluie.,☾,,//,,,oui,,Accolade en travers des colonnes LATITUDES et LONGITUDES : À l'ancre dans la baie des Chiens-Marins.
529,551,29 - Séjour du Naturaliste à la Baie des Chiens-Marins,le Naturaliste,1801-07-20,1er thermidor an IX,1801-07-20,,,,,Sud,,Orientales,,,"15,0",28,"1,7","761,8",1016,,O. SSO. ONO. S. SSO. ESE. Bon frais par rafales ; horizon gras ; temps à grains.,,,//,,,oui,,À l'ancre dans la baie des Chiens-Marins.
529,551,29 - Séjour du Naturaliste à la Baie des Chiens-Marins,le Naturaliste,1801-07-21,2 thermidor an IX,1801-07-21,,,,,Sud,,Orientales,,,"14,2",28,"3,0","764,7",1020,,ESE. SE. SSE. Joli frais ; beau temps.,,,//,,,oui,,À l'ancre dans la baie des Chiens-Marins.
529,551,29 - Séjour du Naturaliste à la Baie des Chiens-Marins,le Naturaliste,1801-07-22,3 thermidor an IX,1801-07-22,,,,,Sud,,Orientales,,,//,//,,,,,ESE. SSE. SE. Joli frais ; beau temps.,,,//,,,oui,,À l'ancre dans la baie des Chiens-Marins.
529,551,29 - Séjour du Naturaliste à la Baie des Chiens-Marins,le Naturaliste,1801-07-23,4 thermidor an IX,1801-07-23,,,,,Sud,,Orientales,,,"16,8",28,"3,5","765,9",1021,,"ESE. Joli frais ; à midi ESE. et SE., presque calme ; beau temps.",,☋,//,,,oui,,À l'ancre dans la baie des Chiens-Marins.
529,551,29 - Séjour du Naturaliste à la Baie des Chiens-Marins,le Naturaliste,1801-07-24,5 thermidor an IX,1801-07-24,,,,,Sud,,Orientales,,,"17,8",28,"3,0","764,7",1020,,"SE. ESE. Joli frais ; à midi, SO. presque calme ; beau temps.",J.,,//,,,oui,,À l'ancre dans la baie des Chiens-Marins.
529,551,29 - Séjour du Naturaliste à la Baie des Chiens-Marins,le Naturaliste,1801-07-25,6 thermidor an IX,1801-07-25,,,,,Sud,,Orientales,,,//,//,,,,,Calme plat ; NE. SO. O. Petit frais ; ciel nébuleux.,☉. P,,//,,,oui,,À l'ancre dans la baie des Chiens-Marins.
529,551,29 - Séjour du Naturaliste à la Baie des Chiens-Marins,le Naturaliste,1801-07-26,7 thermidor an IX,1801-07-26,,,,,Sud,,Orientales,,,"19,0",28,"2,3","763,2",1017,,O. Petit frais ; NE. Joli frais ; calme plat le soir ; ciel nébuleux ; pluie le soir.,,,//,,,oui,,À l'ancre dans la baie des Chiens-Marins.
529,551,29 - Séjour du Naturaliste à la Baie des Chiens-Marins,le Naturaliste,1801-07-27,8 thermidor an IX,1801-07-27,,,,,Sud,,Orientales,,,//,28,"1,5","761,3",1015,,E. SSE. SO. Joli frais ; temps couvert ; grains avec pluie.,,,//,,,oui,,À l'ancre dans la baie des Chiens-Marins.
530,552,29 - Séjour du Naturaliste à la Baie des Chiens-Marins,le Naturaliste,1801-07-28,9 thermidor an IX,1801-07-28,,,,,Sud,,Orientales,,,"16,0",28,"3,5","765,9",1021,,SO. SE. SSE. Joli frais ; ciel nuageux.,,,//,,,oui,,"En-tête de la colonne DÉCLINAISON : NO. Accolade Points lunaires : C. aust., puis Constitution boréale ; accolade Points solaires : Hiver austral. Accolade en travers des colonnes LATITUDES et LONGITUDES : À l'ancre."
530,552,29 - Séjour du Naturaliste à la Baie des Chiens-Marins,le Naturaliste,1801-07-29,10 thermidor an IX,1801-07-29,,,,,Sud,,Orientales,,,"16,0",28,"3,6","766,1",1021,,ESE. ENE. Petit frais ; presque calme le soir ; beau temps ; ciel nuageux.,♌. ☊,,//,,,oui,,Accolade en travers des colonnes LATITUDES et LONGITUDES : À l'ancre.
530,552,29 - Séjour du Naturaliste à la Baie des Chiens-Marins,le Naturaliste,1801-07-30,11 thermidor an IX,1801-07-30,,,,,Sud,,Orientales,,,"16,5",28,"1,0","760,2",1014,,Calme ; N. NO. Petit frais ; OSO. SO. Bon frais par fortes rafales ; ciel couvert ; horizon brumeux.,,,//,,,oui,,Accolade en travers des colonnes LATITUDES et LONGITUDES : À l'ancre.
530,552,29 - Séjour du Naturaliste à la Baie des Chiens-Marins,le Naturaliste,1801-07-31,12 thermidor an IX,1801-07-31,"-25,4850","113,1914","110,8542",25.29.6,Sud,110.51.15,Orientales,*,*,//,//,,,,,SO. S. Bon frais par rafales ; SSO. Joli frais ; SO. S. SSE. temps à grains avec pluie.,,,//,Changé de mouillage.,,,,
530,552,29 - Séjour du Naturaliste à la Baie des Chiens-Marins,le Naturaliste,1801-08-01,13 thermidor an IX,1801-08-01,,,,,Sud,,Orientales,,,//,//,,,,,ESE. S. Petit frais ; calme ; beau temps.,☽,,//,,,oui,,Accolade en travers des colonnes LATITUDES et LONGITUDES : À l'ancre.
530,552,29 - Séjour du Naturaliste à la Baie des Chiens-Marins,le Naturaliste,1801-08-02,14 thermidor an IX,1801-08-02,,,,,Sud,,Orientales,,,"16,8",28,"6,0","771,5",1029,,SE. Petit frais ; calme ; SSE. Joli frais ; beau temps.,,,//,,,oui,,Accolade en travers des colonnes LATITUDES et LONGITUDES : À l'ancre.
530,552,29 - Séjour du Naturaliste à la Baie des Chiens-Marins,le Naturaliste,1801-08-03,15 thermidor an IX,1801-08-03,"-25,5783","113,3678","111,0306",25.34.42,Sud,111.1.50,Orientales,*,*,"16,0",28,"5,0","769,2",1026,,SSE. SE. ESE. E. Joli frais ; E. ESE. S. SSE. Petit frais ; beau temps.,,,//,Changé de mouillage.,,,,
530,552,29 - Séjour du Naturaliste à la Baie des Chiens-Marins,le Naturaliste,1801-08-04,16 thermidor an IX,1801-08-04,"-25,5431","113,4761","111,1389",25.32.35,Sud,0111.8.20,Orientales,,△,//,//,,,,,SSE. Petit frais ; calme ; SO. O. ONO. Petit frais ; beau temps.,,,//,Changé de mouillage pour nous rapprocher de la presqu'île Péron.,,,,
530,552,29 - Séjour du Naturaliste à la Baie des Chiens-Marins,le Naturaliste,1801-08-05,17 thermidor an IX,1801-08-05,,,,,Sud,,Orientales,,,//,//,,,,,ONO. N. Petit frais ; presque calme ; beau temps.,,,//,"L'eau de la mer est d'une telle transparence, qu'on voit très-distinctement l'ancre qui est sur le fond, malgré que la profondeur soit de 6 brasses.",,oui,,"Accolade en travers des colonnes LATITUDES et LONGITUDES : À l'ancre dans la baie de Dampier, sur la presqu'île Péron."
530,552,29 - Séjour du Naturaliste à la Baie des Chiens-Marins,le Naturaliste,1801-08-06,18 thermidor an IX,1801-08-06,,,,,Sud,,Orientales,,,//,//,,,,,NO. Foible ; SO. SSE. Bon frais ; S. SSE. Petit frais ; b. temps.,λ,,//,,,oui,,"Accolade en travers des colonnes LATITUDES et LONGITUDES : À l'ancre dans la baie de Dampier, sur la presqu'île Péron."
530,552,29 - Séjour du Naturaliste à la Baie des Chiens-Marins,le Naturaliste,1801-08-07,19 thermidor an IX,1801-08-07,,,,,Sud,,Orientales,,,"17,0",28,"3,0","764,7",1020,,"SSE. Petit frais ; calme ; beau temps. Le soir, OSO. SO. par légères rafales ; temps à grains.",A,,//,,,oui,,"Accolade en travers des colonnes LATITUDES et LONGITUDES : À l'ancre dans la baie de Dampier, sur la presqu'île Péron."
530,552,29 - Séjour du Naturaliste à la Baie des Chiens-Marins,le Naturaliste,1801-08-08,20 thermidor an IX,1801-08-08,,,,,Sud,,Orientales,,,//,28,"3,0","764,7",1020,,"SO. SSO. ESE. SSO. Petit frais ; temps nuageux ; le soir, calme plat ; beau temps.",,,//,,,oui,,"Accolade en travers des colonnes LATITUDES et LONGITUDES : À l'ancre dans la baie de Dampier, sur la presqu'île Péron."
530,552,29 - Séjour du Naturaliste à la Baie des Chiens-Marins,le Naturaliste,1801-08-09,21 thermidor an IX,1801-08-09,,,,,Sud,,Orientales,,,//,//,,,,,"SE. Petit frais ; à midi, calme ; le soir, SSO. et S. Joli frais ; ciel nuageux.",,,//,,,oui,,"Accolade en travers des colonnes LATITUDES et LONGITUDES : À l'ancre dans la baie de Dampier, sur la presqu'île Péron."
530,552,29 - Séjour du Naturaliste à la Baie des Chiens-Marins,le Naturaliste,1801-08-10,22 thermidor an IX,1801-08-10,,,,,Sud,,Orientales,,,"16,0",28,"5,0","769,2",1026,,S. SSE. Joli frais ; ciel nuageux.,●,,//,,,oui,,"Accolade en travers des colonnes LATITUDES et LONGITUDES : À l'ancre dans la baie de Dampier, sur la presqu'île Péron."
530,552,29 - Séjour du Naturaliste à la Baie des Chiens-Marins,le Naturaliste,1801-08-11,23 thermidor an IX,1801-08-11,,,,,Sud,,Orientales,,,//,//,,,,,SE. S. SSE. Joli frais et petit frais ; beau temps.,,,//,,,oui,,"Accolade en travers des colonnes LATITUDES et LONGITUDES : À l'ancre dans la baie de Dampier, sur la presqu'île Péron."
530,552,29 - Séjour du Naturaliste à la Baie des Chiens-Marins,le Naturaliste,1801-08-12,24 thermidor an IX,1801-08-12,,,,,Sud,,Orientales,,,//,28,"3,0","764,7",1020,,SSE. ESE. S. Petit frais ; joli frais ; beau temps.,,,//,,,oui,,"Accolade en travers des colonnes LATITUDES et LONGITUDES : À l'ancre dans la baie de Dampier, sur la presqu'île Péron."
530,552,29 - Séjour du Naturaliste à la Baie des Chiens-Marins,le Naturaliste,1801-08-13,25 thermidor an IX,1801-08-13,,,,,Sud,,Orientales,,,"16,5",28,"2,5","763,6",1018,,SSE. SE. S. SSO. Petit frais ; S. SSE. Joli frais ; bon frais ; beau temps ; ciel nuageux.,D. ☋,,//,,,oui,,"Accolade en travers des colonnes LATITUDES et LONGITUDES : À l'ancre dans la baie de Dampier, sur la presqu'île Péron. Accolade Points lunaires à partir de cette ligne : Constit. australe."
530,552,29 - Séjour du Naturaliste à la Baie des Chiens-Marins,le Naturaliste,1801-08-14,26 thermidor an IX,1801-08-14,,,,,Sud,,Orientales,,,"13,5",28,"5,0","769,2",1026,,SSE. Joli frais et bon frais par rafales ; beau temps.,,,//,,,oui,,"Accolade en travers des colonnes LATITUDES et LONGITUDES : À l'ancre dans la baie de Dampier, sur la presqu'île Péron."
530,552,29 - Séjour du Naturaliste à la Baie des Chiens-Marins,le Naturaliste,1801-08-15,27 thermidor an IX,1801-08-15,,,,,Sud,,Orientales,,,//,//,,,,,SSE. SE. Bon frais par rafales ; beau temps.,,,//,,,oui,,"Accolade en travers des colonnes LATITUDES et LONGITUDES : À l'ancre dans la baie de Dampier, sur la presqu'île Péron."
531,553,Suite de la TABLE 29.e Séjour du Naturaliste à la baie des Chiens-Marins,le Naturaliste,1801-08-16,28 thermidor an IX,1801-08-16,,,,,Sud,,Orientales,,,//,//,,,,,SE. Joli frais par rafales ; beau temps.,,,//,,,oui,,"À l'ancre dans la baie de Dampier, sur la presqu'île Péron. Constitution australe. Hiver austral."
531,553,Suite de la TABLE 29.e Séjour du Naturaliste à la baie des Chiens-Marins,le Naturaliste,1801-08-17,29 thermidor an IX,1801-08-17,,,,,Sud,,Orientales,,,"14,0",28,"4,5","768,1",1024,,"SE. ESE. SE. Bon frais, joli frais et petit frais ; b. temps.",☾,,//,,,oui,,"À l'ancre dans la baie de Dampier, sur la presqu'île Péron. Constitution australe. Hiver austral."
531,553,Suite de la TABLE 29.e Séjour du Naturaliste à la baie des Chiens-Marins,le Naturaliste,1801-08-18,30 thermidor an IX,1801-08-18,,,,,Sud,,Orientales,,,//,28,"4,5","768,1",1024,,SE. E. SE. ENE. Petit frais ; beau temps.,,,//,,,oui,,"À l'ancre dans la baie de Dampier, sur la presqu'île Péron. Constitution australe. Hiver austral."
531,553,Suite de la TABLE 29.e Séjour du Naturaliste à la baie des Chiens-Marins,le Naturaliste,1801-08-19,1er fructidor an IX,1801-08-19,,,,,Sud,,Orientales,,,"16,0",28,"4,0","767,0",1023,,NE. N. NO. O. Petit frais ; beau temps.,,,//,,,oui,,"À l'ancre dans la baie de Dampier, sur la presqu'île Péron. Constitution australe. Hiver austral."
531,553,Suite de la TABLE 29.e Séjour du Naturaliste à la baie des Chiens-Marins,le Naturaliste,1801-08-20,2 fructidor an IX,1801-08-20,,,,,Sud,,Orientales,,,//,//,,,,,"O. OSO. Petit frais ; SO. Bonne brise ; à midi, calme ; le soir, petite fraîcheur de NE. ; beau temps.",L,,//,,,oui,,"À l'ancre dans la baie de Dampier, sur la presqu'île Péron. Constitution australe. Hiver austral."
531,553,Suite de la TABLE 29.e Séjour du Naturaliste à la baie des Chiens-Marins,le Naturaliste,1801-08-21,3 fructidor an IX,1801-08-21,,,,,Sud,,Orientales,,,//,//,,,,,"S. SE. Joli frais ; à midi, calme ; SE. S. Petit frais ; SSO. S. Joli frais ; beau temps ; ciel nuageux.",,,//,,,oui,,"À l'ancre dans la baie de Dampier, sur la presqu'île Péron. Constitution australe. Hiver austral."
531,553,Suite de la TABLE 29.e Séjour du Naturaliste à la baie des Chiens-Marins,le Naturaliste,1801-08-22,4 fructidor an IX,1801-08-22,,,,,Sud,,Orientales,,,"16,0",28,"2,5","763,6",1018,,Calme ; petit frais de l'E. à l'O. par le N. ; beau temps.,P,,//,,,oui,,"À l'ancre dans la baie de Dampier, sur la presqu'île Péron. Constitution australe. Hiver austral."
531,553,Suite de la TABLE 29.e Séjour du Naturaliste à la baie des Chiens-Marins,le Naturaliste,1801-08-23,5 fructidor an IX,1801-08-23,,,,,Sud,,Orientales,,,//,//,,,,,"SE. SSO. S. ENE. NE. Petit frais ; SO. Joli frais ; temps couvert dans la matinée, ensuite beau temps.",,,//,,,oui,,"À l'ancre dans la baie de Dampier, sur la presqu'île Péron. Constitution australe. Hiver austral."
531,553,Suite de la TABLE 29.e Séjour du Naturaliste à la baie des Chiens-Marins,le Naturaliste,1801-08-24,6 fructidor an IX,1801-08-24,,,,,Sud,,Orientales,,,//,//,,,,,SSO. S. SE. Petit frais jusqu'à midi ; S. SO. Joli frais ; beau temps.,○,♍,//,,,oui,,"À l'ancre dans la baie de Dampier, sur la presqu'île Péron. Constitution australe. Hiver austral."
531,553,Suite de la TABLE 29.e Séjour du Naturaliste à la baie des Chiens-Marins,le Naturaliste,1801-08-25,7 fructidor an IX,1801-08-25,,,,,Sud,,Orientales,,,//,//,,,,,"S. SE. SSO. Joli frais ; le soir, vent par rafales ; beau temps.",☊,,//,,,oui,,"À l'ancre dans la baie de Dampier, sur la presqu'île Péron. Constitution australe. Hiver austral."
531,553,Suite de la TABLE 29.e Séjour du Naturaliste à la baie des Chiens-Marins,le Naturaliste,1801-08-26,8 fructidor an IX,1801-08-26,,,,,Sud,,Orientales,,,"17,5",28,"4,0","767,0",1023,,SSO. SSE. SO. S. Joli frais ; beau temps.,♌,,//,,,oui,,"À l'ancre dans la baie de Dampier, sur la presqu'île Péron. Constitution boréale. Hiver austral."
531,553,Suite de la TABLE 29.e Séjour du Naturaliste à la baie des Chiens-Marins,le Naturaliste,1801-08-27,9 fructidor an IX,1801-08-27,,,,,Sud,,Orientales,,,"17,5",28,"2,0","762,5",1017,,SSO. S. SSO. Joli frais ; temps brumeux.,,,//,,,oui,,"À l'ancre dans la baie de Dampier, sur la presqu'île Péron. Constitution boréale. Hiver austral."
531,553,Suite de la TABLE 29.e Séjour du Naturaliste à la baie des Chiens-Marins,le Naturaliste,1801-08-28,10 fructidor an IX,1801-08-28,,,,,Sud,,Orientales,,,"16,0",28,"3,0","764,7",1020,,SSO. Joli frais ; beau temps.,,,5° 31',Cette déclinaison observée à bord est moyenne d'un grand nombre de résultats obtenus pendant notre séjour au mouillage.,,oui,,"À l'ancre dans la baie de Dampier, sur la presqu'île Péron. Constitution boréale. Hiver austral."
531,553,Suite de la TABLE 29.e Séjour du Naturaliste à la baie des Chiens-Marins,le Naturaliste,1801-08-29,11 fructidor an IX,1801-08-29,,,,,Sud,,Orientales,,,//,//,,,,,SSO. Joli frais ; beau temps.,,,//,,,oui,,"À l'ancre dans la baie de Dampier, sur la presqu'île Péron. Constitution boréale. Hiver austral."
531,553,Suite de la TABLE 29.e Séjour du Naturaliste à la baie des Chiens-Marins,le Naturaliste,1801-08-30,12 fructidor an IX,1801-08-30,,,,,Sud,,Orientales,,,"16,0",28,"4,0","767,0",1023,,"S. Bon frais ; temps couvert, avec pluie le matin.",,,//,,,oui,,"À l'ancre dans la baie de Dampier, sur la presqu'île Péron. Constitution boréale. Hiver austral."
531,553,Suite de la TABLE 29.e Séjour du Naturaliste à la baie des Chiens-Marins,le Naturaliste,1801-08-31,13 fructidor an IX,1801-08-31,,,,,Sud,,Orientales,,,"17,0",28,"5,0","769,2",1026,,SSE. SE. S. Bon frais ; joli frais ; petit frais ; ciel nuageux.,☽,,//,,,oui,,"À l'ancre dans la baie de Dampier, sur la presqu'île Péron. Constitution boréale. Hiver austral. Encadré : « A l'observatoire du Naturaliste, sur la presqu'île Péron. — Latitude S... 25° 35' 5"" ; Longitude E. P. 111. 14. 37. — Déviations magnétiques. Déclinaison... 5° 58' 10"" NO. ; Inclinaison.... 52. 30. 0. »"
531,553,Suite de la TABLE 29.e Séjour du Naturaliste à la baie des Chiens-Marins,le Naturaliste,1801-09-01,14 fructidor an IX,1801-09-01,,,,,Sud,,Orientales,,,"16,0",28,"3,5","765,9",1021,,E. Bon frais ; calme à midi ; OSO. SSO. Foible ; beau temps.,,,//,,,oui,,"À l'ancre dans la baie de Dampier, sur la presqu'île Péron. Constitution boréale. Hiver austral."
531,553,Suite de la TABLE 29.e Séjour du Naturaliste à la baie des Chiens-Marins,le Naturaliste,1801-09-02,15 fructidor an IX,1801-09-02,,,,,Sud,,Orientales,,,"19,0",28,"2,5","763,6",1018,,SO. OSO. Petit frais ; beau temps.,λ,,//,,,oui,,"À l'ancre dans la baie de Dampier, sur la presqu'île Péron. Constitution boréale. Hiver austral."
531,553,Suite de la TABLE 29.e Séjour du Naturaliste à la baie des Chiens-Marins,le Naturaliste,1801-09-03,16 fructidor an IX,1801-09-03,,,,,Sud,,Orientales,,,"18,0",28,"1,0","760,2",1014,,"SO. OSO. O. Petit frais ; OSO. Bon frais par grains, avec pluie.",A,,//,,,oui,,"À l'ancre dans la baie de Dampier, sur la presqu'île Péron. Constitution boréale. Hiver austral."
532,554,TABLE 30.e Traversée du Naturaliste de la baie des Chiens-Marins à Timor,le Naturaliste,1801-09-04,17 fructidor an IX,1801-09-04,"-25,5333","113,3206","110,9833",25.32.0,Sud,110.59.0,Orientales,△,△,"16,0",28,"3,0","764,7",1020,,SO. SSO. Bon frais par rafales ; S. Joli fr. ; temps par grains ; il s'est embelli le soir.,,,//,Appareillé de la baie des Chiens-Marins à 10. h du matin.,,,,Constitution boréale. Hiver austral.
532,554,TABLE 30.e Traversée du Naturaliste de la baie des Chiens-Marins à Timor,le Naturaliste,1801-09-05,18 fructidor an IX,1801-09-05,"-23,4594","112,7219","110,3847",23.27.34,Sud,110.23.5,Orientales,,,"19,0",28,"3,0","764,7",1020,,S. SE. Joli frais ; S. SSE. Bon frais ; ciel nuageux.,,,5° 5',Coupé le tropique du capricorne à midi 6'.,,,,Constitution boréale. Hiver austral.
532,554,TABLE 30.e Traversée du Naturaliste de la baie des Chiens-Marins à Timor,le Naturaliste,1801-09-06,19 fructidor an IX,1801-09-06,"-20,7239","113,0094","110,6722",20.43.26,Sud,110.40.20,Orientales,,,"18,5",28,"4,0","767,0",1023,,SSE. SE. Bon frais ; ESE. Joli frais ; beau temps.,,,//,,,,,Constitution boréale. Hiver austral.
532,554,TABLE 30.e Traversée du Naturaliste de la baie des Chiens-Marins à Timor,le Naturaliste,1801-09-07,20 fructidor an IX,1801-09-07,"-18,5833","114,2108","111,8736",18.35.0,Sud,111.52.25,Orientales,,,"19,5",28,"2,0","762,5",1017,,"ESE. SSE. SE. Bon frais, mollissant graduellement jusqu'au soir ; à minuit, calme plat.",,,//,,,,,Constitution boréale. Hiver austral.
532,554,TABLE 30.e Traversée du Naturaliste de la baie des Chiens-Marins à Timor,le Naturaliste,1801-09-08,21 fructidor an IX,1801-09-08,"-17,5500","115,0003","112,6631",17.33.0,Sud,112.39.47,Orientales,,,"20,0",28,"3,0","764,7",1020,,Calme ; SSE. Foible brise ; beau temps.,●,,//,,,,,Constitution boréale. Hiver austral.
532,554,TABLE 30.e Traversée du Naturaliste de la baie des Chiens-Marins à Timor,le Naturaliste,1801-09-09,22 fructidor an IX,1801-09-09,"-17,0667","115,8392","113,5019",17.4.0,Sud,113.30.7,Orientales,,,"20,7",28,"2,0","762,5",1017,,"Calme ; SSE. S. SE. Petit frais, mollissant le soir ; b. temps.",D. ☋,,5. 0.,,,,,Constitution australe. Hiver austral.
532,554,TABLE 30.e Traversée du Naturaliste de la baie des Chiens-Marins à Timor,le Naturaliste,1801-09-10,23 fructidor an IX,1801-09-10,"-16,4167","116,6569","114,3197",16.25.0,Sud,114.19.11,Orientales,,,"21,3",28,"3,0","764,7",1020,,SE. Variable au SSE. ; presque calme ; beau temps.,,,3. 50.,,,,,Constitution australe. Hiver austral.
532,554,TABLE 30.e Traversée du Naturaliste de la baie des Chiens-Marins à Timor,le Naturaliste,1801-09-11,24 fructidor an IX,1801-09-11,"-15,5333","118,1753","115,8381",15.32.0,Sud,115.50.17,Orientales,,,"21,0",28,"3,0","764,7",1020,,"SE. SSE. Petit frais ; SSE. Joli frais ; le soir bon frais ; à minuit, petit frais ; b. temps.",,,2. 55.,,,,,Constitution australe. Hiver austral.
532,554,TABLE 30.e Traversée du Naturaliste de la baie des Chiens-Marins à Timor,le Naturaliste,1801-09-12,25 fructidor an IX,1801-09-12,"-14,5000","119,5622","117,2250",14.30.0,Sud,117.13.30,Orientales,,,"21,0",28,"3,0","764,7",1020,,SE. ESE. SE. Joli frais ; variable en force ; beau temps ; ciel nuageux.,,,2. 49.,,,,,Constitution australe. Hiver austral.
532,554,TABLE 30.e Traversée du Naturaliste de la baie des Chiens-Marins à Timor,le Naturaliste,1801-09-13,26 fructidor an IX,1801-09-13,"-13,1167","120,4136","118,0764",13.7.0,Sud,118.4.35,Orientales,,,"21,9",28,"2,5","763,6",1018,,"SE. ESE. Bon frais, ensuite joli frais ; beau temps.",,,2. 30.,,,,,Constitution australe. Hiver austral.
532,554,TABLE 30.e Traversée du Naturaliste de la baie des Chiens-Marins à Timor,le Naturaliste,1801-09-14,27 fructidor an IX,1801-09-14,"-11,9000","120,8356","118,4983",11.54.0,Sud,118.29.54,Orientales,,,"22,2",28,"2,5","763,6",1018,,E. ESE. SE. Joli frais ; beau temps.,,,//,,,,,Constitution australe. Hiver austral.
532,554,TABLE 30.e Traversée du Naturaliste de la baie des Chiens-Marins à Timor,le Naturaliste,1801-09-15,28 fructidor an IX,1801-09-15,"-10,9500","121,1372","118,8000",10.57.0,Sud,118.48.0,Orientales,*,△,"22,4",28,"2,0","762,5",1017,,SE. ESE. SE. Joli frais ; beau temps.,☾,,2. 0.,"A midi on étoit dans le SSO. du Nouveau-Savu, à six ou sept milles de distance.",,,,Constitution australe. Hiver austral.
532,554,TABLE 30.e Traversée du Naturaliste de la baie des Chiens-Marins à Timor,le Naturaliste,1801-09-16,29 fructidor an IX,1801-09-16,"-10,4208","121,6081","119,2708",10.25.15,Sud,119.16.15,Orientales,,△,"22,5",28,"2,5","763,6",1018,,SE. ENE. ESE. E. Foible brise ; SE. Joli frais ; beau temps.,L,,1. 30.,Passé dans le détroit qui sépare l'île Savu de l'île Benjoar. Nous y avons trouvé un fort courant venant du Nord.,,,,Constitution australe. Hiver austral.
532,554,TABLE 30.e Traversée du Naturaliste de la baie des Chiens-Marins à Timor,le Naturaliste,1801-09-17,30 fructidor an IX,1801-09-17,"-9,8500","122,3725","120,0353",9.51.0,Sud,0120.2.7,Orientales,,,"22,8",28,"2,0","762,5",1017,,"SE. ESE. Petit frais ; avant midi, calme ; SE. S. SSE. Petit frais ; beau temps.",,,//,,,,,Constitution australe. Hiver austral.
532,554,TABLE 30.e Traversée du Naturaliste de la baie des Chiens-Marins à Timor,le Naturaliste,1801-09-18,1er jour complémentaire an IX,1801-09-18,"-9,8667","122,3739","120,0367",9.52.0,Sud,0120.2.12,Orientales,,,"22,8",28,"1,5","761,3",1015,,SE. E. Petit frais ; NO. ONO. S. Presque calme ; SE. SSE. Petit frais ; beau temps.,,,0. 3.,,,,,Constitution australe. Hiver austral.
532,554,TABLE 30.e Traversée du Naturaliste de la baie des Chiens-Marins à Timor,le Naturaliste,1801-09-19,2 jour complémentaire an IX,1801-09-19,"-10,2833","122,5094","120,1722",10.17.0,Sud,0120.10.20,Orientales,,,"22,3",28,"2,5","763,6",1018,,SE. ENE. ESE. ENE. NE. Presque calme ; le soir SSE. SE. joli frais ; beau temps.,P,,0. 0. NE.,,,,,Constitution australe. Hiver austral. La colonne DÉCLINAISON passe de NO. à NE. à partir de cette ligne.
532,554,TABLE 30.e Traversée du Naturaliste de la baie des Chiens-Marins à Timor,le Naturaliste,1801-09-20,3 jour complémentaire an IX,1801-09-20,"-10,1833","122,9706","120,6333",10.11.0,Sud,120.38.0,Orientales,,*,"21,8",28,"1,0","760,2",1014,,"SE. ESE. Joli frais ; au jour, E. très-foible brise ; à midi, calme plat ; ONO. SO. SE. Presque calme ; NO. Joli frais ; le soir, calme.",,,0. 5.,"En vue des îles Rottie, Simâô et Timor.",,,,Constitution australe. Hiver austral.
532,554,TABLE 30.e Traversée du Naturaliste de la baie des Chiens-Marins à Timor,le Naturaliste,1801-09-21,4 jour complémentaire an IX,1801-09-21,"-10,1467","123,5917","121,2544",10.8.48,Sud,121.15.16,Orientales,△,△,//,//,,,,,"E. ESE. SE. NE. SSO. SE, ENE. E. Petit frais ; beau temps.",,,//,"Mouillé dans la baie de Coupang, sur l'île de Timor, à une heure du soir.",,,,Constitution australe. Hiver austral.
533,555,TABLE 31.e Routes du Naturaliste dans le détroit de Banks et dans celui de Bass. 1re Campagne,le Naturaliste,1802-03-08,17 ventôse an X,1802-03-08,"-41,1375","148,6706","146,3333",41.8.15,Sud,146.20.0,Orientales,△,△,"13,7",28,"3,0","764,7",1020,,"SSO. SO. Bon frais ; joli frais ; S. SE. ENE. Petit frais ; après midi, NE. N. NNO. NO. O. Joli frais ; beau temps.",,,//,,,,,Constitution boréale. Été austral.
533,555,TABLE 31.e Routes du Naturaliste dans le détroit de Banks et dans celui de Bass. 1re Campagne,le Naturaliste,1802-03-09,18 ventôse an X,1802-03-09,"-40,4167","148,7822","146,4450",40.25.0,Sud,146.26.42,Orientales,,,"13,3",27,"11,0","755,7",1008,,"O. OSO. SO. O. Bon frais ; le soir, SE. SSO. Petit frais et joli frais ; ciel nuageux.",,,7° 46',,,,,Constitution boréale. Été austral.
533,555,TABLE 31.e Routes du Naturaliste dans le détroit de Banks et dans celui de Bass. 1re Campagne,le Naturaliste,1802-03-10,19 ventôse an X,1802-03-10,"-40,7117","148,4106","146,0733",40.42.42,Sud,0146.4.24,Orientales,△,△,//,//,,,,,"SSO. S. SE. Bon frais ; à la pointe du jour, presq. calme ; le soir, NNE. N. Jolie brise ; beau temps.",,,//,"Mis à l'ancre auprès de l'île Swan, à 2 h. après midi.",,,,Constitution boréale. Été austral.
533,555,TABLE 31.e Routes du Naturaliste dans le détroit de Banks et dans celui de Bass. 1re Campagne,le Naturaliste,1802-03-11,20 ventôse an X,1802-03-11,"-40,6500","148,2639","145,9267",40.39.0,Sud,145.55.36,Orientales,,,//,//,,,,,N. NNO. NNE. Joli frais ; NNO. NNE. NE. N. Bon frais ; beau temps.,☾,,//,"Le vent a fraîchi à minuit, au revirement de la marée.",,,,Constitution boréale. Été austral. Un signe en forme de flèche est imprimé en regard de la date.
533,555,TABLE 31.e Routes du Naturaliste dans le détroit de Banks et dans celui de Bass. 1re Campagne,le Naturaliste,1802-03-12,21 ventôse an X,1802-03-12,,,,,Sud,,Orientales,,,//,//,,,,,"N. NO. Bon frais ; SSO. ESE. NE. Petit frais ; N. NO. Joli fr. ; après midi, ONO. O. NO. Petit frais, mollissant le soir graduellement ; beau temps.",λ,,//,,,oui,,À l'ancre dans le détroit de Banks. Constitution boréale. Été austral.
533,555,TABLE 31.e Routes du Naturaliste dans le détroit de Banks et dans celui de Bass. 1re Campagne,le Naturaliste,1802-03-13,22 ventôse an X,1802-03-13,,,,,Sud,,Orientales,,,//,//,,,,,Calme presque toute la journée ; légères fraîcheurs du NNE. à l'E. ; beau temps.,,,11. 13.,"Cette variation de la boussole, observée par M. HAMELIN, quoique moyenne entre sept observations azimuthales, me paroît un peu forte ; M. BRETON, dans le même lieu, n'a trouvé que 9° 59'.",22-23 ventôse,oui,,À l'ancre dans le détroit de Banks. Constitution boréale. Été austral.
533,555,TABLE 31.e Routes du Naturaliste dans le détroit de Banks et dans celui de Bass. 1re Campagne,le Naturaliste,1802-03-14,23 ventôse an X,1802-03-14,,,,,Sud,,Orientales,,,"14,3",28,"1,0","760,2",1014,,"SE. ESE. Bon frais, par fortes rafales ; ciel nuageux.",,,9. 59.,"A 6 h. du soir, appareillé et mis à la cape, après avoir perdu deux ancres dont les câbles ont cassé. M. HAMELIN a trouvé seulement 8° 23' de déclinaison par l'amplitude occase.",,oui,,"À l'ancre dans le détroit de Banks. Constitution boréale. Été austral. La remarque accoladée des 22-23 ventôse s'applique aussi à cette ligne : Cette variation de la boussole, observée par M. HAMELIN, quoique moyenne entre sept observations azimuthales, me paroît un peu forte ; M. BRETON, dans le même lieu, n'a trouvé que 9° 59'."
533,555,TABLE 31.e Routes du Naturaliste dans le détroit de Banks et dans celui de Bass. 1re Campagne,le Naturaliste,1802-03-15,24 ventôse an X,1802-03-15,"-40,6033","147,9306","145,5933",40.36.12,Sud,145.35.36,Orientales,*,*,//,28,"1,0","760,2",1014,,"ESE. E. ESE. Bon frais et joli frais ; ciel couvert ; horizon gras ; grains fréquens ; temps orageux, tonnerre, pluie.",A,,//,Louvoyé dans le détroit de Banks jusqu'au 19 mars.,,,,Constitution boréale. Été austral.
533,555,TABLE 31.e Routes du Naturaliste dans le détroit de Banks et dans celui de Bass. 1re Campagne,le Naturaliste,1802-03-16,25 ventôse an X,1802-03-16,"-40,6728","147,3972","145,0600",40.40.22,Sud,145.3.36,Orientales,,,//,28,"1,0","760,2",1014,,ESE. SE. E. ENE. ESE. Bon frais et quelquefois joli frais ; ciel nuageux ; grains par intervalles.,,,//,"Le mauvais temps qui a eu lieu depuis le 14 mars jusqu'à ce jour, n'a pu faire varier le baromètre, qui s'est tenu constamment à 28 po. 1 lig.",,,,Constitution boréale. Été austral.
533,555,TABLE 31.e Routes du Naturaliste dans le détroit de Banks et dans celui de Bass. 1re Campagne,le Naturaliste,1802-03-17,26 ventôse an X,1802-03-17,"-40,6950","147,5256","145,1883",40.41.42,Sud,0145.11.18,Orientales,,△,"14,0",28,"5,0","769,2",1026,,"ESE. E. Bon frais et joli frais ; ciel nuageux ; à la nuit, grain avec pluie.",,,//,,,,,Constitution boréale. Été austral.
533,555,TABLE 31.e Routes du Naturaliste dans le détroit de Banks et dans celui de Bass. 1re Campagne,le Naturaliste,1802-03-18,27 ventôse an X,1803-03-18,"-40,7517","147,7406","145,4033",40.45.6,Sud,145.24.12,Orientales,△,△,"14,7",21,"3,0","575,2",767,,ENE. E. SE. ENE. ESE. Joli frais ; ciel nuageux ; grains et pluie par intervalles.,,,//,,,,pression,Constitution boréale. Été austral.
533,555,TABLE 31.e Routes du Naturaliste dans le détroit de Banks et dans celui de Bass. 1re Campagne,le Naturaliste,1802-03-19,28 ventôse an X,1802-03-19,"-40,6583","148,2339","145,8967",40.39.30,Sud,145.53.48,Orientales,△,△,"16,0",28,"1,0","760,2",1014,,"SE. ENE. Foible ; calme plat ; ONO. OSO. NO. O. Joli frais ; le soir, S. SSO. SE. Petit frais ; ciel nuageux.",○.D.☋,,//,,,,,Constitution australe. Été austral.
534,556,TABLE 32.e Suite des Routes du Naturaliste dans le détroit de Banks et dans celui de Bass. 1re Campagne,le Naturaliste,1802-03-30,9 germinal an X,1802-03-30,"-40,7200","148,5072","146,1700",40.43.12,Sud,0146.10.12,Orientales,△,△,"13,5",28,"8,0","776,0",1035,,SSE. S. E. NE. ESE. Foibles et presque calmes ; beau temps.,,,9° 12',En vue de l'île Swan.,,,,Constitution australe. Automne austral.
534,556,TABLE 32.e Suite des Routes du Naturaliste dans le détroit de Banks et dans celui de Bass. 1re Campagne,le Naturaliste,1802-03-31,10 germinal an X,1802-03-31,"-40,6911","148,5322","146,1950",40.41.28,Sud,146.11.42,Orientales,,△,"15,0",28,"8,0","776,0",1035,,Presque calme ; fraîcheurs de tous les points de l'horizon ; beau temps.,,,10. 6.,"A 7 h. du soir, mis à l'ancre auprès de l'île Swan.",,,,Constitution australe. Automne austral.
534,556,TABLE 32.e Suite des Routes du Naturaliste dans le détroit de Banks et dans celui de Bass. 1re Campagne,le Naturaliste,1802-04-01,11 germinal an X,1802-04-01,"-40,6833","148,0939","145,7567",40.41.0,Sud,145.45.24,Orientales,*,*,"14,7",28,"8,0","776,0",1035,,"Calme ; au jour, foible brise du SE. à l'ENE. ; l'après-midi, vent petit frais de l'E. au NNE. ; beau temps.",P. ☊,,9. 42.,"Appareillé à 6 h. 1/2 du matin, pour gagner le mouillage devant Waterhouse : nous y sommes arrivés à 6 h. du soir.",,,,Constitution australe. Automne austral.
534,556,TABLE 32.e Suite des Routes du Naturaliste dans le détroit de Banks et dans celui de Bass. 1re Campagne,le Naturaliste,1802-04-02,12 germinal an X,1802-04-02,"-40,7539","147,8406","145,5033",40.45.14,Sud,145.30.12,Orientales,,,//,//,,,,,N. ESE. ENE. Petit frais ; beau temps.,♌,,8. 51.,"L'amplitude ortive a donné 8° 34', et l'amplitude occase 9° 9' pour la déclinaison de l'aimant. On n'a porté ci-contre que la moyenne.",,,,Constitution boréale. Automne austral. Un signe en forme de flèche est imprimé en regard de la date.
534,556,TABLE 32.e Suite des Routes du Naturaliste dans le détroit de Banks et dans celui de Bass. 1re Campagne,le Naturaliste,1802-04-03,13 germinal an X,1802-04-03,,,,,Sud,,Orientales,,,"17,7",28,"6,0","771,5",1029,,E. ESE. ENE. E N. Petit frais ; beau temps.,●,,9. 58.,,,oui,,À l'ancre devant l'île Waterhouse. Constitution boréale. Automne austral.
534,556,TABLE 32.e Suite des Routes du Naturaliste dans le détroit de Banks et dans celui de Bass. 1re Campagne,le Naturaliste,1802-04-04,14 germinal an X,1802-04-04,,,,,Sud,,Orientales,,,//,//,,,,,N. NNO. NNE. N. NO. Presque calme et calme ; beau temps.,,,10. 0.,,,oui,,À l'ancre devant l'île Waterhouse. Constitution boréale. Automne austral.
534,556,TABLE 32.e Suite des Routes du Naturaliste dans le détroit de Banks et dans celui de Bass. 1re Campagne,le Naturaliste,1802-04-05,15 germinal an X,1802-04-05,,,,,Sud,,Orientales,,,//,//,,,,,Calme ; ENE. ESE. NNE. Foible brise ; ciel nuageux.,,,//,,,oui,,À l'ancre devant l'île Waterhouse. Constitution boréale. Automne austral.
534,556,TABLE 32.e Suite des Routes du Naturaliste dans le détroit de Banks et dans celui de Bass. 1re Campagne,le Naturaliste,1802-04-06,16 germinal an X,1802-04-06,"-40,7072","147,7619","145,4247",40.42.26,Sud,145.25.29,Orientales,*,*,"14,0",28,"1,0","760,2",1014,,Calme et folles ventes du N. à l'O. ; ciel couvert et temps brumeux ; pluie continuelle.,,,//,Apparcillé pour nous rendre devant le port Western.,,,,Constitution boréale. Automne austral.
534,556,TABLE 32.e Suite des Routes du Naturaliste dans le détroit de Banks et dans celui de Bass. 1re Campagne,le Naturaliste,1802-04-07,17 germinal an X,1802-04-07,"-40,8469","146,9769","144,6397",40.50.49,Sud,144.38.23,Orientales,*,*,//,28,"2,0","762,5",1017,,S. SE. ESE. Joli frais ; temps couvert ; pluie dans l'après-midi.,,,//,,,,,Constitution boréale. Automne austral.
534,556,TABLE 32.e Suite des Routes du Naturaliste dans le détroit de Banks et dans celui de Bass. 1re Campagne,le Naturaliste,1802-04-08,18 germinal an X,1802-04-08,"-39,3500","146,4789","144,1417",39.21.0,Sud,0144.8.30,Orientales,△,△,//,//,,,,,"ESE. ENE. E. Joli frais et bon frais ; ciel nuageux, temps gras.",λ,,8. 36.,,,,,Constitution boréale. Automne austral.
534,556,TABLE 32.e Suite des Routes du Naturaliste dans le détroit de Banks et dans celui de Bass. 1re Campagne,le Naturaliste,1802-04-09,19 germinal an X,1802-04-09,"-38,7833","145,5256","143,1883",38.47.0,Sud,0143.11.18,Orientales,,△,//,27,"11,0","755,7",1008,,"ESE. NNE. Joli frais ; à midi, calme plat ; fraîcheurs du SSE. au S. et à l'E. ; temps couvert et pluie le matin, ensuite beau temps.",,,//,"Arrivé devant le port Western, en vue duquel nous avons louvoyé jusqu'au 17 avril au soir.",,,,Constitution boréale. Automne austral.
534,556,TABLE 32.e Suite des Routes du Naturaliste dans le détroit de Banks et dans celui de Bass. 1re Campagne,le Naturaliste,1802-04-10,20 germinal an X,1802-04-10,"-38,6500","145,3117","142,9744",38.39.0,Sud,142.58.28,Orientales,,△,//,//,,,,,"Calme ; petites fraîcheurs de différens points du compas ; l'après-midi, ONO. SO. S. petit frais ; beau temps ; le soir, éclairs dans le NE. ; horizon un peu brumeux.",☾,,8. 55.,Cette variation de la boussole est moyenne entre quatre observations d'azimuth.,,,,Constitution boréale. Automne austral.
535,557,Suite de la TABLE 32.e Routes du Naturaliste dans le détroit de Banks et dans celui de Bass. 1re Campagne,le Naturaliste,1802-04-11,21 germinal an X,1802-04-11,"-38,9283","145,4772","143,1400",38.55.42,Sud,0143.8.24,Orientales,,△,//,//,,,,,"Petit frais du SSO. à l'O., interrompu par des calmes fréquens ; beau temps ; ciel nuageux.",,,8° 6',,,,,Constitution boréale. Automne austral.
535,557,Suite de la TABLE 32.e Routes du Naturaliste dans le détroit de Banks et dans celui de Bass. 1re Campagne,le Naturaliste,1802-04-12,22 germinal an X,1802-04-12,"-38,6500","145,2556","142,9183",38.39.0,Sud,142.55.6,Orientales,,△,//,//,,,,,"Petit frais du OSO. NNO. NO. O. S. SSE., interrompu par des calmes ; temps couvert ; pluie ; le soir, éclairs et tonnerre dans le NE.",A,,7. 24.,,,,,Constitution boréale. Automne austral.
535,557,Suite de la TABLE 32.e Routes du Naturaliste dans le détroit de Banks et dans celui de Bass. 1re Campagne,le Naturaliste,1802-04-13,23 germinal an X,1802-04-13,"-38,7500","145,4639","143,1267",38.45.0,Sud,143.7.36,Orientales,△,△,//,//,,,,,S. SSO. Bon frais par risées ; joli frais le soir ; ciel nuageux.,,,7. 24.,,,,,Constitution boréale. Automne austral.
535,557,Suite de la TABLE 32.e Routes du Naturaliste dans le détroit de Banks et dans celui de Bass. 1re Campagne,le Naturaliste,1802-04-14,24 germinal an X,1802-04-14,"-38,6917","145,3706","143,0333",38.41.30,Sud,143.2.0,Orientales,△,△,//,28,"4,0","767,0",1023,,"S. SO. Petit frais et foible brise ; l'après-midi, calme ; beau temps, ciel nuageux.",,,8. 10.,,,,,Constitution boréale. Automne austral.
535,557,Suite de la TABLE 32.e Routes du Naturaliste dans le détroit de Banks et dans celui de Bass. 1re Campagne,le Naturaliste,1802-04-15,25 germinal an X,1802-04-15,"-38,6050","145,2589","142,9217",38.36.18,Sud,142.55.18,Orientales,△,△,//,28,"3,0","764,7",1020,,Calme ; ESE. SE. E. Joli fr. ; temps couvert.,☋,,8. 0.,,,,,Constitution boréale. Automne austral.
535,557,Suite de la TABLE 32.e Routes du Naturaliste dans le détroit de Banks et dans celui de Bass. 1re Campagne,le Naturaliste,1802-04-16,26 germinal an X,1802-04-16,"-38,7500","145,3106","142,9733",38.45.0,Sud,142.58.24,Orientales,,△,//,//,,,,,NE. E. ENE. Bon frais ; joli frais le soir ; beau temps.,D,,7. 2.,,,,,Constitution australe. Automne austral.
535,557,Suite de la TABLE 32.e Routes du Naturaliste dans le détroit de Banks et dans celui de Bass. 1re Campagne,le Naturaliste,1802-04-17,27 germinal an X,1802-04-17,"-38,7047","145,5039","143,1667",38.42.17,Sud,143.10.0,Orientales,,△,"13,1",28,"3,0","764,7",1020,,ENE. NE. Petit frais ; ONO. NO. OSO. Bon fr. ; O. SO. Joli frais ; beau temps.,,,7. 11.,"A 8 h. du soir, mis en route pour le Port Jackson.",,,,Constitution australe. Automne austral.
535,557,Suite de la TABLE 32.e Routes du Naturaliste dans le détroit de Banks et dans celui de Bass. 1re Campagne,le Naturaliste,1802-04-18,28 germinal an X,1802-04-18,"-39,1256","146,2661","143,9289",39.7.32,Sud,143.55.44,Orientales,*,*,//,28,"3,0","764,7",1020,,"SO. SSO. Petit frais ; dans la matinée, calme jusqu'au soir ; ciel nuageux.",○,,7. 14.,,,,,Constitution australe. Automne austral.
535,557,Suite de la TABLE 32.e Routes du Naturaliste dans le détroit de Banks et dans celui de Bass. 1re Campagne,le Naturaliste,1802-04-19,29 germinal an X,1802-04-19,"-39,2403","146,7939","144,4567",39.14.25,Sud,144.27.24,Orientales,,△,//,28,"0,0","758,0",1011,,N. NE. NO. NE. O. SO. Joli frais ; beau temps ; ciel nuageux.,,,7. 30.,"A 11 h. du matin, doublé le promontoire de Wilson, à une lieue de distance.",,,,Constitution australe. Automne austral.
535,557,Suite de la TABLE 32.e Routes du Naturaliste dans le détroit de Banks et dans celui de Bass. 1re Campagne,le Naturaliste,1802-04-20,30 germinal an X,1802-04-20,"-37,9500","149,0039","146,6667",37.57.0,Sud,146.40.0,Orientales,,△,//,27,"9,0","751,2",1002,,SO. NO. ONO. OSO. NO. Grand frais et bon fr. ; temps couvert et à grains.,,,7. 26.,"A 6 h. du soir, en vue du cap Howe.",,,,Constitution australe. Automne austral.
537,559,TABLE 33.e Routes du Casuarina dans le détroit de Bass et aux îles Hunter.,le Casuarina,1802-12-02,11 frimaire an XI,1802-12-02,"-39,4775","148,3567","146,0194",39.28.39,Sud,0146.1.10,Orientales,,,,,,,,,NE. Joli frais ; calme la nuit; ciel nuageux.,☾.☋,,,En vue de la partie N. des îles Furneaux.,,,,Constitution australe. Printemps austral.
537,559,TABLE 33.e Routes du Casuarina dans le détroit de Bass et aux îles Hunter.,le Casuarina,1802-12-03,12 frimaire an XI,1802-12-03,"-39,4125","147,1606","144,8233",39.24.45,Sud,144.49.24,Orientales,*,*,,,,,,,Presque calme; fraîcheurs variables; SSE. SSO. Petit frais ; SO. OSO. Bon fr. ; temps couvert.,♂.P,,,,,,,Constitution boréale. Printemps austral.
537,559,TABLE 33.e Routes du Casuarina dans le détroit de Bass et aux îles Hunter.,le Casuarina,1802-12-04,13 frimaire an XI,1802-12-04,"-39,1833","146,9256","144,5883",39.11.0,Sud,144.35.18,Orientales,*,*,,,,,,,OSO. Bon frais et joli frais ; ciel nuageux.,,,,A 10 h. du soir passé à l'O. au vent et à un jet de pierre de l'îlot du Coin-de-Mire ; les courans nous portoient fortement à l'O.,,,,Constitution boréale. Printemps austral.
537,559,TABLE 33.e Routes du Casuarina dans le détroit de Bass et aux îles Hunter.,le Casuarina,1802-12-05,14 frimaire an XI,1802-12-05,"-39,6933","146,4839","144,1467",39.41.36,Sud,144.8.48,Orientales,*,*,,,,,,,SO. S. SSE. Joli frais ; au jour calme; E. ENE. NE. Joli frais; ciel nuageux ; horizon gras.,,,,,,,,Constitution boréale. Printemps austral.
537,559,TABLE 33.e Routes du Casuarina dans le détroit de Bass et aux îles Hunter.,le Casuarina,1802-12-06,15 frimaire an XI,1802-12-06,"-40,2450","144,2928","141,9556",40.14.42,Sud,141.57.20,Orientales,*,*,,,,,,,ENE. ONO. OSO. NO. SO. Bon frais ; temps à grains ; pluie.,,,,"A 6 h. du matin, découvert un îlot de roches qui gît dans l'E. et par la latitude de la partie S. de l'île King. Mouillé devant l'île King à 7 h. du soir.",,,,Constitution boréale. Printemps austral.
537,559,TABLE 33.e Routes du Casuarina dans le détroit de Bass et aux îles Hunter.,le Casuarina,1802-12-07,16 frimaire an XI,1802-12-07,"-39,8833","144,4781","142,1408",39.53.0,Sud,0142.8.27,Orientales,,,,,,,,,"Calme ; à midi, SSO. et S. Petit frais ; beau temps.",,,,Au mouillage dans la baie des Éléphans sur l'île King. Appareillé à 1 h. après midi pour aller aux îles Hunter. A 7 h. du soir nous en avons eu connoissance dans le SSE.,,,,Constitution boréale. Printemps austral. Colonne DATES (style grégorien) : symbole ⚓.
537,559,TABLE 33.e Routes du Casuarina dans le détroit de Bass et aux îles Hunter.,le Casuarina,1802-12-08,17 frimaire an XI,1802-12-08,"-40,0828","145,1050","142,7678",40.4.58,Sud,142.46.4,Orientales,*,*,,,,,,,Calme et fraîcheurs du S. au SSE. ; ciel nuageux.,,,,,,,,Constitution boréale. Printemps austral.
537,559,TABLE 33.e Routes du Casuarina dans le détroit de Bass et aux îles Hunter.,le Casuarina,1802-12-09,18 frimaire an XI,1802-12-09,"-40,2883","144,7242","142,3869",40.17.18,Sud,142.23.13,Orientales,△,△,,,,,,,Calme; SSO. S. Joli frais; temps couvert; horizon gras.,○,,,,,,,Constitution boréale. Printemps austral.
537,559,TABLE 33.e Routes du Casuarina dans le détroit de Bass et aux îles Hunter.,le Casuarina,1802-12-10,19 frimaire an XI,1802-12-10,"-40,4106","145,0083","142,6711",40.24.38,Sud,142.40.16,Orientales,*,*,,,,,,,SSO. OSO. S. Bon frais et joli frais ; temps couvert.,λ,,,"Mouillé à 3 h. du soir dans l'E. du cap Kéraudren, sur l'île Fleurieu.",,,,Constitution boréale. Printemps austral.
537,559,TABLE 33.e Routes du Casuarina dans le détroit de Bass et aux îles Hunter.,le Casuarina,1802-12-11,20 frimaire an XI,1802-12-11,"-40,4278","144,9939","142,6567",40.25.40,Sud,142.39.24,Orientales,,,,,,,,,S. OSO. SO. Bon frais; joli frais et petit frais ; beau temps.,,,,"A l'ancre dans l'E. du cap Kéraudren. Appareillé à 1 h. après midi ; mouillé dans la baie Coulomb, sur l'île Three Hummock, à 6 h. 30' du soir.",,,,Constitution boréale. Printemps austral. Colonne DATES (style grégorien) : symbole ⚓.
537,559,TABLE 33.e Routes du Casuarina dans le détroit de Bass et aux îles Hunter.,le Casuarina,1802-12-12,21 frimaire an XI,1802-12-12,"-40,6750","144,8089","142,4717",40.40.30,Sud,142.28.18,Orientales,*,*,,,,,,,"ENE. Joli frais , bon frais et grand frais par rafales ; temps couvert ; pluie le soir.",,,,Remis sous voiles à 4 h. du matin.,,,,Constitution boréale. Printemps austral.
537,559,TABLE 33.e Routes du Casuarina dans le détroit de Bass et aux îles Hunter.,le Casuarina,1802-12-13,22 frimaire an XI,1802-12-13,"-41,4267","144,7706","142,4333",41.25.36,Sud,142.26.0,Orientales,*,*,,,,,,,ENE. NNE. Joli frais ; NNO. ONO. Petit frais le soir; pluie.,,,,"A vue de la côte Occidentale de la Terre de Diémen, depuis le 13 jusqu'au 14 décemb.",,,,Constitution boréale. Printemps austral.
537,559,TABLE 33.e Routes du Casuarina dans le détroit de Bass et aux îles Hunter.,le Casuarina,1802-12-14,23 frimaire an XI,1802-12-14,"-41,1750","144,7272","142,3900",41.10.30,Sud,142.23.24,Orientales,*,*,,,,,,,"SO. OSO. Foible brise ; après midi, calme; le soir, fraîcheurs du N. à l'ENE.; temps couvert et brumeux ; pluie.",,,,,,,,Constitution boréale. Printemps austral.
537,559,TABLE 33.e Routes du Casuarina dans le détroit de Bass et aux îles Hunter.,le Casuarina,1802-12-15,24 frimaire an XI,1802-12-15,"-40,9200","144,5831","142,2458",40.55.12,Sud,142.14.45,Orientales,*,*,,,,,,,NE. ONO. OSO. Bon fr. et grand fr. ; temps par grains ; pluie; les nuages se croisent avec une vîtesse extrême.,,,,,,,,Constitution boréale. Printemps austral.
537,559,TABLE 33.e Routes du Casuarina dans le détroit de Bass et aux îles Hunter.,le Casuarina,1802-12-16,25 frimaire an XI,1802-12-16,"-40,6625","144,6189","142,2817",40.39.45,Sud,142.16.54,Orientales,*,*,,,,,,,OSO. ONO. NO. Bon frais par rafales ; ciel couvert; pluie ; temps à grains.,A.☋,,,,,,,Constitution boréale. Printemps austral.
537,559,TABLE 33.e Routes du Casuarina dans le détroit de Bass et aux îles Hunter.,le Casuarina,1802-12-17,26 frimaire an XI,1802-12-17,"-40,7567","144,4222","142,0850",40.45.24,Sud,0142.5.6,Orientales,*,*,,,,,,,O. NO. OSO. Bon frais et grand frais par rafales; temps à grains ; pluie et grêle.,D.☽,,,,,,,Constitution australe. Printemps austral.
537,559,TABLE 33.e Routes du Casuarina dans le détroit de Bass et aux îles Hunter.,le Casuarina,1802-12-18,27 frimaire an XI,1802-12-18,"-40,3586","144,8569","142,5197",40.21.31,Sud,142.31.11,Orientales,△,△,,,,,,,OSO. SO. O. ONO. Grand frais; temps à grains ; pluie fréquente.,,,,En vue des îles Hunter.,,,,Constitution australe. Printemps austral.
538,560,Suite de la TABLE 32.e Routes du Casuarina dans le détroit de Bass et aux îles Hunter.,le Casuarina,1802-12-19,28 frimaire an XI,1802-12-19,"-40,5394","145,1183","142,7811",40.32.22,Sud,142.46.52,Orientales,△,△,,,,,,,OSO. SO. Bon frais et grand frais; temps à grains ; pluie.,,,,A l'ancre au S. de l'île Three Hummock.,,,,Constitution australe. Printemps austral. Colonne DATES (style grégorien) : symbole ⚓.
538,560,Suite de la TABLE 32.e Routes du Casuarina dans le détroit de Bass et aux îles Hunter.,le Casuarina,1802-12-20,29 frimaire an XI,1802-12-20,"-40,5306","145,1356","142,7983",40.31.50,Sud,142.47.54,Orientales,△,△,,,,,,,SO. OSO. SO. Grand frais ; temps à grains; pluie ; grêle.,,,,A l'ancre au S. de l'île Three Hummock.,,,,Constitution australe. Printemps austral. Colonne DATES (style grégorien) : symbole ⚓.
538,560,Suite de la TABLE 32.e Routes du Casuarina dans le détroit de Bass et aux îles Hunter.,le Casuarina,1802-12-21,30 frimaire an XI,1802-12-21,"-40,5942","145,0558","142,7186",40.35.39,Sud,142.43.7,Orientales,△,△,,,,,,,SO. Joli frais ; calme et petit frais ; b. temps.,,,,A l'ancre dans l'O. du cap Buache.,,,,Constitution australe. Printemps austral. Colonne DATES (style grégorien) : symbole ⚓.
538,560,Suite de la TABLE 32.e Routes du Casuarina dans le détroit de Bass et aux îles Hunter.,le Casuarina,1802-12-22,1er nivôse an XI,1802-12-22,"-40,6511","145,0356","142,6983",40.39.4,Sud,142.41.54,Orientales,△,△,,,,,,,"Calme ; ENE. NE. Petit fr., joli fr.; l'après-midi, E. Bon frais ; ciel couvert; à la nuit, petite pluie.",,♑,,Échoué sur le sable à 5 h. du soir; remis à flot à la marée montante 3 h. après. Mis à l'ancre à l'entrée de la baie Boullanger à 10 h. matin.,,,,Constitution australe. Été austral. Colonne DATES (style grégorien) : symbole ⚓.
538,560,Suite de la TABLE 32.e Routes du Casuarina dans le détroit de Bass et aux îles Hunter.,le Casuarina,1802-12-23,2 nivôse an XI,1802-12-23,"-40,5117","145,1611","142,8239",40.30.42,Sud,142.49.26,Orientales,△,△,,,,,,,"ESE. E. Joli frais; à midi, calme ; SO. OSO. SSO. Joli frais ; beau temps.",,,,A l'ancre au SE. de l'île Three Hummock.,,,,Constitution australe. Été austral. Colonne DATES (style grégorien) : symbole ⚓.
538,560,Suite de la TABLE 32.e Routes du Casuarina dans le détroit de Bass et aux îles Hunter.,le Casuarina,1802-12-24,3 nivôse an XI,1802-12-24,"-40,6314","145,1939","142,8567",40.37.53,Sud,142.51.24,Orientales,,△,,,,,,,"SSO. S. Petit frais ; au jour, calme; après midi, NO. O. SSO Petit frais; beau temps.",L,,,"A l'ancre dans la baie Ransonnet. Échoué sur le sable à 7 h. du soir ; remis à flot par la marée, une demi-heure après, dans l'entrée du Casuarina, où nous avons ensuite jeté l'ancre à 10 h. du soir.",,,,Constitution australe. Été austral. Colonne DATES (style grégorien) : symbole ⚓.
538,560,Suite de la TABLE 32.e Routes du Casuarina dans le détroit de Bass et aux îles Hunter.,le Casuarina,1802-12-25,4 nivôse an XI,1802-12-25,"-40,3717","144,9289","142,5917",40.22.18,Sud,142.35.30,Orientales,*,*,,,,,,,"Avant le jour, calme ; ENE. E. Joli frais; après midi, NE. Petite fraîcheur ; à la nuit, calme ; beau temps ; brume le soir.",●,,,"Appareillé à 4 h. du matin, et fait route pour l'île King.",,,,Constitution australe. Été austral.
538,560,Suite de la TABLE 32.e Routes du Casuarina dans le détroit de Bass et aux îles Hunter.,le Casuarina,1802-12-26,5 nivôse an XI,1802-12-26,"-39,8333","144,4372","142,1000",39.50.0,Sud,142.6.0,Orientales,△,△,,,,,,,"OSO. SO. SSO. Joli fr., petit fr.; à midi, calme; S. SSO. Bon fr. ; la nuit, calme; b. temps.",,,,"Mouillé dans la baie des Éléphans, sur l'île King, à 7 h. du soir.",,,,Constitution australe. Été austral.
538,560,Suite de la TABLE 32.e Routes du Casuarina dans le détroit de Bass et aux îles Hunter.,le Casuarina,1802-12-27,6 nivôse an XI,1802-12-27,,,,,Sud,,Orientales,,,,,,,,,"Calme; O. OSO. SO. ENE. Petit frais; le soir, ENE. Bon frais ; ciel nuageux.",,,,Appareillé pour rallier le Géographe sous voiles.,,oui,,Colonnes LATITUDES/LONGITUDES : « A l'ancre à l'île King. » Constitution australe. Été austral. Colonne DATES (style grégorien) : symbole ⚓.
538,560,Suite de la TABLE 32.e Routes du Casuarina dans le détroit de Bass et aux îles Hunter.,le Casuarina,1802-12-28,7 nivôse an XI,1802-12-28,"-40,4400","143,8189","141,4817",40.26.24,Sud,141.28.54,Orientales,*,*,,,,,,,"ENE. NE. Grand fr. et bon fr.; à midi, calme; ONO. OSO. Joli frais; temps brumeux et ciel couvert.",,,,"Fait route, de conserve avec le Géographe, pour nous rendre à l'île Decrès.",,,,Constitution australe. Été austral.
538,560,Suite de la TABLE 32.e Routes du Casuarina dans le détroit de Bass et aux îles Hunter.,le Casuarina,1802-12-29,8 nivôse an XI,1802-12-29,"-39,9978","143,3228","140,9856",39.59.52,Sud,140.59.8,Orientales,,,,,,,,,SO. SSO. S. SE. Joli frais ; beau temps.,P.☋,,,,,,,Constitution australe. Été austral.
538,560,TABLE 34.e Routes du Casuarina à la Terre Napoléon et à la Terre de Nuyts.,le Casuarina,1803-01-10,20 nivôse an XI,1803-01-10,"-35,7183","137,8828","135,5456",35.43.6,Sud,135.32.44,Orientales,△,△,,,,,,,SO. S. SE. Joli frais ; beau temps.,,,,Au mouillage dans la baie Bougainville sur l'île Decrès. Appareillé à 10 h. du soir pour nous rendre dans le golfe Joséphine.,,oui,,Constitut. boréale. Été austral.
538,560,TABLE 34.e Routes du Casuarina à la Terre Napoléon et à la Terre de Nuyts.,le Casuarina,1803-01-11,21 nivôse an XI,1803-01-11,"-34,8850","138,1283","135,7911",34.53.6,Sud,135.47.28,Orientales,,,,,,,,,ESE. SE. SSE. S. Joli frais et bon frais ; beau temps.,,,,En vue des côtes Orientales du golfe Joséphine.,,,,Constitut. boréale. Été austral.
538,560,TABLE 34.e Routes du Casuarina à la Terre Napoléon et à la Terre de Nuyts.,le Casuarina,1803-01-12,22 nivôse an XI,1803-01-12,"-34,2847","138,1222","135,7850",34.17.5,Sud,135.47.6,Orientales,,,,,,,,,ESE. SSE. S. Joli frais ; beau temps.,☋,,,,,,,Constitut. boréale. Été austral.
538,560,TABLE 34.e Routes du Casuarina à la Terre Napoléon et à la Terre de Nuyts.,le Casuarina,1803-01-13,23 nivôse an XI,1803-01-13,"-34,2872","138,0650","135,7278",34.17.14,Sud,135.43.40,Orientales,*,*,,,,,,,Calme ; SSE. SSO. Joli frais ; calme la nuit; beau temps.,A,,,,,,,Constitut. boréale. Été austral.
538,560,TABLE 34.e Routes du Casuarina à la Terre Napoléon et à la Terre de Nuyts.,le Casuarina,1803-01-14,24 nivôse an XI,1803-01-14,"-34,4103","138,1167","135,7794",34.24.37,Sud,135.46.46,Orientales,,,,,,,,,S. SO. Joli frais ; bon frais ; calme ; b. temps.,D,,,En vue des côtes Occidentales du golfe Joséphine.,,,,C. austr. Été austral.
538,560,TABLE 34.e Routes du Casuarina à la Terre Napoléon et à la Terre de Nuyts.,le Casuarina,1803-01-15,25 nivôse an XI,1803-01-15,"-34,5356","138,0511","135,7139",34.32.8,Sud,135.42.50,Orientales,,,,,,,,,S. SE. NE. O. E. NNE. Presque calme; temps disposé à l'orage.,,,,,,,,C. austr. Été austral.
539,561,Suite de la TABLE 34.e Routes du Casuarina à la Terre Napoléon et à la Terre de Nuyts.,le Casuarina,1803-01-16,26 nivôse an XI,1803-01-16,"-35,0161","137,8511","135,5139",35.0.58,Sud,135.30.50,Orientales,*,*,,,,,,,O. OSO. SSO. Bon frais ; ciel nuageux.,☽,,,,,,,Constitution australe. Été austral.
539,561,Suite de la TABLE 34.e Routes du Casuarina à la Terre Napoléon et à la Terre de Nuyts.,le Casuarina,1803-01-17,27 nivôse an XI,1803-01-17,"-35,1458","137,9372","135,6000",35.8.45,Sud,135.36.0,Orientales,,,,,,,,,SSO. Joli frais ; S. Petit frais ; SO. SSE. ESE. Joli frais ; beau temps.,,,,,,,,Constitution australe. Été austral.
539,561,Suite de la TABLE 34.e Routes du Casuarina à la Terre Napoléon et à la Terre de Nuyts.,le Casuarina,1803-01-18,28 nivôse an XI,1803-01-18,"-35,2528","137,4650","135,1278",35.15.10,Sud,135.7.40,Orientales,*,,,,,,,,SE. ENE. ESE. E. Joli frais ; beau temps.,,,,En vue de la côte Sud de la presqu'île Cambacérés ; passé entre les îles Vauban à 9 h. du soir.,,,,Constitution australe. Été austral.
539,561,Suite de la TABLE 34.e Routes du Casuarina à la Terre Napoléon et à la Terre de Nuyts.,le Casuarina,1803-01-19,29 nivôse an XI,1803-01-19,"-34,9872","136,8519","134,5147",34.59.14,Sud,134.30.53,Orientales,,*,,,,,,,E. ENE. NNE. ENE. Joli frais et petit frais ; calme le soir ; beau temps.,,,,A l'entrée du golfe Bonaparte.,,,,Constitution australe. Été austral.
539,561,Suite de la TABLE 34.e Routes du Casuarina à la Terre Napoléon et à la Terre de Nuyts.,le Casuarina,1803-01-20,30 nivôse an XI,1803-01-20,"-34,3628","136,8719","134,5347",34.21.46,Sud,134.32.5,Orientales,,*,,,,,,,"Calme; à 1 h. du matin, reçu un grain blanc du SO. ; NNO. ONO. NNO. Petit fr., presque calme ; l'après-midi, ESE. S. bon frais ; beau temps.",,,,En vue des côtes Orientales du golfe Bonaparte.,,,,Constitution australe. Été austral.
539,561,Suite de la TABLE 34.e Routes du Casuarina à la Terre Napoléon et à la Terre de Nuyts.,le Casuarina,1803-01-21,1er pluviôse an XI,1803-01-21,"-33,6403","137,7311","135,3939",33.38.25,Sud,135.23.38,Orientales,,△,,,,,,,S. SE. SO. S. Bon frais ; beau temps.,L,♒,,,,,,Constitution australe. Été austral.
539,561,Suite de la TABLE 34.e Routes du Casuarina à la Terre Napoléon et à la Terre de Nuyts.,le Casuarina,1803-01-22,2 pluviôse an XI,1803-01-22,"-32,7000","137,8269","135,4897",32.42.0,Sud,135.29.23,Orientales,*,*,,,,,,,SSE. S. SSO. S. Joli frais ; beau temps.,,,,A l'extrémité Nord du golfe Bonaparte.,,,,Constitution australe. Été austral.
539,561,Suite de la TABLE 34.e Routes du Casuarina à la Terre Napoléon et à la Terre de Nuyts.,le Casuarina,1803-01-23,3 pluviôse an XI,1803-01-23,"-32,8936","137,9294","135,5922",32.53.37,Sud,135.35.32,Orientales,,*,,,,,,,S. SSE. SSO. Joli frais et petit frais le soir ; beau temps.,●,,,En vue des côtes Occidentales du golfe Bonaparte.,,,,Constitution australe. Été austral.
539,561,Suite de la TABLE 34.e Routes du Casuarina à la Terre Napoléon et à la Terre de Nuyts.,le Casuarina,1803-01-24,4 pluviôse an XI,1803-01-24,"-33,0308","137,7572","135,4200",33.1.51,Sud,135.25.12,Orientales,,,,,,,,,SSE. S. SO. Presque calme ; SSO. Joli frais ; ensuite calme ; beau temps.,,,,,,,,Constitution australe. Été austral.
539,561,Suite de la TABLE 34.e Routes du Casuarina à la Terre Napoléon et à la Terre de Nuyts.,le Casuarina,1803-01-25,5 pluviôse an XI,1803-01-25,"-33,2656","137,5472","135,2100",33.15.56,Sud,135.12.36,Orientales,,,,,,,,,SSO. S. Petit frais et calme ; le soir SSO. S. SSE. Bon frais ; beau temps.,P.☋,,,,,,,Constitution australe. Été austral.
539,561,Suite de la TABLE 34.e Routes du Casuarina à la Terre Napoléon et à la Terre de Nuyts.,le Casuarina,1803-01-26,6 pluviôse an XI,1803-01-26,"-33,6789","137,4081","135,0708",33.40.44,Sud,0135.4.15,Orientales,,,,,,,,,Calme ; S. SO. OSO. SE. ESE. SSE. SSO. ESE. NE. Petit frais et joli frais ; beau temps.,,,,,,,,Constitution australe. Été austral.
539,561,Suite de la TABLE 34.e Routes du Casuarina à la Terre Napoléon et à la Terre de Nuyts.,le Casuarina,1803-01-27,7 pluviôse an XI,1803-01-27,"-34,1789","136,4408","134,1036",34.10.44,Sud,0134.6.13,Orientales,,*,,,,,,,NNE. NO. ONO. SSE. SE. S. Bon frais et joli frais ; ciel nuageux.,♂,,,La présence des vents de NO. nous a occasionné une chaleur étouffante et presque insupportable ; je l'attribue aux feux nombreux allumés sur la côte par les sauvages.,,,,Constitution boréale. Été austral.
539,561,Suite de la TABLE 34.e Routes du Casuarina à la Terre Napoléon et à la Terre de Nuyts.,le Casuarina,1803-01-28,8 pluviôse an XI,1803-01-28,"-34,5983","136,2000","133,8628",34.35.54,Sud,133.51.46,Orientales,,*,,,,,,,"S. SSE. Joli fr. ; ciel nuageux ; le matin, éclairs dans le SE. et le NO.",,,,En vue des îles de Léoben.,,,,Constitution boréale. Été austral.
539,561,Suite de la TABLE 34.e Routes du Casuarina à la Terre Napoléon et à la Terre de Nuyts.,le Casuarina,1803-01-29,9 pluviôse an XI,1803-01-29,"-34,7672","136,0897","133,7525",34.46.2,Sud,133.45.9,Orientales,*,*,,,,,,,E. ENE. SSE. SSO. S. Petit frais et joli frais ; beau temps.,,,,Dans le port Champagny.,,,,Constitution boréale. Été austral.
539,561,Suite de la TABLE 34.e Routes du Casuarina à la Terre Napoléon et à la Terre de Nuyts.,le Casuarina,1803-01-30,10 pluviôse an XI,1803-01-30,"-34,9917","136,6806","134,3433",34.59.30,Sud,134.20.36,Orientales,,*,,,,,,,S. SE. Presque calme et calme plat ; SSO. SSE. SSO. SE. Joli frais et petit frais.,☾,,,,,,,Constitution boréale. Été austral.
539,561,Suite de la TABLE 34.e Routes du Casuarina à la Terre Napoléon et à la Terre de Nuyts.,le Casuarina,1803-01-31,11 pluviôse an XI,1803-01-31,"-35,3061","136,5272","134,1900",35.18.22,Sud,0134.11.24,Orientales,,*,,,,,,,"ESE. SSE. SE. Foible brise ; à midi, calme ; le soir, légères fraîcheurs du S. à l'ESE. ; beau temps, ciel nuageux.",,,,,,,,Constitution boréale. Été austral.
539,561,Suite de la TABLE 34.e Routes du Casuarina à la Terre Napoléon et à la Terre de Nuyts.,le Casuarina,1803-02-01,12 pluviôse an XI,1803-02-01,"-35,5392","136,9864","134,6492",35.32.21,Sud,134.38.57,Orientales,,,,,,,,,"Calme plat ; au jour, SE. SSO. SO. Joli frais ; à midi, SSE. S. SE. ENE. Bon frais.",,,,"En vue de l'île Decrès ; manœuvré pour rallier le Géographe, qui a forcé de voiles et a bientôt été perdu de vue dans le SO.",,,,Constitution boréale. Été austral.
539,561,Suite de la TABLE 34.e Routes du Casuarina à la Terre Napoléon et à la Terre de Nuyts.,le Casuarina,1803-02-02,13 pluviôse an XI,1803-02-02,"-35,6053","135,8067","133,4694",35.36.19,Sud,133.28.10,Orientales,*,*,,,,,,,"NE. Bon frais ; au jour, calme ; ensuite SSO. S. SE. Joli frais ; E. ENE. ESE. E. foible brise; NE. Joli frais ; ciel couvert ; éclairs dans l'E. et le SE. ; horizon gras ; pluie.",λ,,,En vue des îles Laplace.,,,,Constitution boréale. Été austral.
540,562,34 - Routes du Casuarina à la Terre Napoléon et à la Terre de Nuyts (suite),le Casuarina,1803-02-03,14 pluviôse an XI,1803-02-03,"-34,6519","134,5761","132,2389",34.39.7,Sud,132.14.20,Orientales,*,*,,,,,,,"Calme ; SO. SSO. SSE. SE. Joli frais et petit fr. ; temps orageux, tonnerre dans le NO. ; pluie continuelle ; S. SSO. Bon frais le soir ; même temps.",,,,Découvert les îles du Vétéran.,,,,Points lunaires : Constitution boréale. ; Points solaires : Été austral.
540,562,34 - Routes du Casuarina à la Terre Napoléon et à la Terre de Nuyts (suite),le Casuarina,1803-02-04,15 pluviôse an XI,1803-02-04,"-33,0764","133,0089","130,6717",33.4.35,Sud,130.40.18,Orientales,,,,,,,,,SSO. SO. S. SSE. Bon frais ; temps à grains ; pluie.,,,,,,,,Points lunaires : Constitution boréale. ; Points solaires : Été austral.
540,562,34 - Routes du Casuarina à la Terre Napoléon et à la Terre de Nuyts (suite),le Casuarina,1803-02-05,16 pluviôse an XI,1803-02-05,"-32,4336","132,7669","130,4297",32.26.1,Sud,130.25.47,Orientales,*,,,,,,,,S. SE. SSE. Joli fr. et bon fr. ; ciel nuageux.,,,,,,,,Points lunaires : Constitution boréale. ; Points solaires : Été austral.
540,562,34 - Routes du Casuarina à la Terre Napoléon et à la Terre de Nuyts (suite),le Casuarina,1803-02-06,17 pluviôse an XI,1803-02-06,"-32,3114","132,9542","130,6169",32.18.41,Sud,130.37.1,Orientales,△,△,,,,,,,SE. ESE. SSE. SE. Bon frais et grand frais ; ciel couvert.,,,,En vue des îles du Géographe et du continent voisin.,,,,Points lunaires : Constitution boréale. ; Points solaires : Été austral.
540,562,34 - Routes du Casuarina à la Terre Napoléon et à la Terre de Nuyts (suite),le Casuarina,1803-02-07,18 pluviôse an XI,1803-02-07,"-32,4067","133,0469","130,7097",32.24.24,Sud,130.42.35,Orientales,,,,,,,,,SE. ESE. SE. Petit frais le matin ; ensuite bon frais ; ciel nuageux.,☉. ☋,,,,,,,Points lunaires : Constitution boréale. ; Points solaires : Été austral.
540,562,34 - Routes du Casuarina à la Terre Napoléon et à la Terre de Nuyts (suite),le Casuarina,1803-02-08,19 pluviôse an XI,1803-02-08,"-32,7347","132,6792","130,3419",32.44.5,Sud,130.20.31,Orientales,,,,,,,,,SE. SSE. Bon frais ; ciel nuageux.,,,,Mis en route pour le port du Roi-George.,,,,Points lunaires : Constitution boréale. ; Points solaires : Été austral.
540,562,34 - Routes du Casuarina à la Terre Napoléon et à la Terre de Nuyts (suite),le Casuarina,1803-02-09,20 pluviôse an XI,1803-02-09,"-33,1417","129,5078","127,1706",33.8.30,Sud,0127.10.14,Orientales,,*,,,,,,,SE. SSE. SE. Bon frais et joli frais ; ciel nuageux.,,,,,,,,Points lunaires : Constitution boréale. ; Points solaires : Été austral.
540,562,34 - Routes du Casuarina à la Terre Napoléon et à la Terre de Nuyts (suite),le Casuarina,1803-02-10,21 pluviôse an XI,1803-02-10,"-33,9833","126,3897","124,0525",33.59.0,Sud,0124.3.9,Orientales,*,*,,,,,,,SE. ESE. Bon frais ; ciel couvert ; temps à grains ; pluie.,D.A,,,,,,,Points lunaires : Constitution australe. ; Points solaires : Été austral.
540,562,34 - Routes du Casuarina à la Terre Napoléon et à la Terre de Nuyts (suite),le Casuarina,1803-02-11,22 pluviôse an XI,1803-02-11,"-34,9275","123,7450","121,4078",34.55.39,Sud,121.24.28,Orientales,,*,,,,,,,E. ENE. Bon frais ; ciel nuageux.,,,,,,,,Points lunaires : Constitution australe. ; Points solaires : Été austral.
540,562,34 - Routes du Casuarina à la Terre Napoléon et à la Terre de Nuyts (suite),le Casuarina,1803-02-12,23 pluviôse an XI,1803-02-12,"-34,5300","120,9225","118,5853",34.31.48,Sud,118.35.7,Orientales,,,,,,,,,ENE. NE. E. Grand frais et bon frais ; ciel couvert.,,,,,,,,Points lunaires : Constitution australe. ; Points solaires : Été austral.
540,562,34 - Routes du Casuarina à la Terre Napoléon et à la Terre de Nuyts (suite),le Casuarina,1803-02-13,24 pluviôse an XI,1803-02-13,"-35,0833","118,2539","115,9167",35.5.0,Sud,115.55.0,Orientales,*,,,,,,,,E. Bon frais ; ciel couvert ; temps brumeux.,,,,Aperçu la terre à 6 h. du matin ; mouillé dans le port du Roi-George à une heure et demie du soir.,,,,Points lunaires : Constitution australe. ; Points solaires : Été austral.