{"type": "FeatureCollection", "features": [{"type": "Feature", "geometry": {"type": "Point", "coordinates": [-0.07056, 49.51056]}, "properties": {"date": "1800-10-19", "date_republicaine": "27 vendémiaire an IX", "navire": "les corvettes", "table": "1 - Traversée du Havre à Ténériffe", "page": 475, "remarque": "Les corvettes le Géographe et le Naturaliste sont parties du port du Havre le 19 octobre 1800, à 10 heures du matin.", "vents_etat_du_ciel": "NE. E. SE. Joli frais ; beau temps, ciel nuageux.", "barometre_hpa": 1035.5, "obs_latitude": "△", "obs_longitude": "△", "alerte": "", "thermometre": "10,0", "journal_anonyme": "A 9h du matin appareillé sous nos huniers à 9h½ doublé la pointe du NO. Ensuite mis en panne pour attendre le Geographe qui nous suivoit. A 10h viré vent devant et passé à poupe du commandant qui nous à donné l’ordre de gouverner au NNO. A midi et demi mis en travers pour renvoyer le pilote ; et gouverné ensuite au NO. A 2h nous avons joint une frégatte anglaise, en vue depuis le matin. Un canot du Geographe fut envoyé à bord, et aussitot quil fut de retour un[e] des officiers de la frégatte se rendit à bord du Geographe ou il y resta lespace d’un quart d’heure. A 5h du soir la route fut signalé au NNO, le tems nébuleux le vent à lESE bon frais et par raffales. Relevemens de midi Le Cap de Grace au SE¼S 3º sud Le Cap Antifer au NE¼E 3ºN Le milieu de la Hêve à lE¼SE 4ºS Dives au SO¼S2ºO à 7h du soir. [Vu] Le feu des Casquets nous restant au SO¼S2ºS. Distance de 6 lieues", "journal_geographe": "nous appareillames du Havre de Grâce à la vue d’un peuple immense qui chacun en particulier regrettoit quelque parent ou quelqu’ami. Moi j’y laissais un tendre père. Nous avions les vents favorable et notre appareillage fut beau. Sur les onze heures nous eumes connaissance de la fregate anglaise qui était toujours en station devant le port du Havre et qui faisait toutes voiles pour nous joindre; nous gouvernames sur elle,2 Lorsque nous fûmes à portée de voix elle nous hela et, nous somma d’amener,3 nous menaçant sans cela de faire feu sur nous; En effet nous étions si près dans le moment que nous distinguions les canonniers anglais qui pointoient sur nous. On travailla sur le champ à mettre le canot à la mer, et le commandant s’embarqua dedans pour se rendre à bord. Pendant ce temps là nous avions mis en panne. Quelque temps après le commandant revint à bord et fut suivi du capitaine de la frégate anglaise et de son lieutenant. Le capitaine anglais se promena quelque temps sur le pont avec le commandant et demanda ensuite à voir l’intérieur du bâtiment, sans doute pour visiter s’assurer que nous n’etions pas armés en guerre. Son lieutenant resta sur le pont et nos officiers lui ayant demandé pourquoi ayant hissé pavillon parlementaire il nous avait menacé de faire feu sur nous, il répondit qu’ils craignoient quelque supercherie et que d’ailleurs beaucoup de bâtiments faisant la même manœuvre pour se sauver, et que d’ailleurs ils n’avoient aucune conna issance de notre départ. Nos officiers l’ayant un peu badiné sur le peu de bravoure qu’il y avoit à s’adresser à des bâtiments non armés en guerre, et lui ayant réproché qu’ils se mettoient toujours deux ou trois bâtiments vaisseaux sur un, il ne sût trop que repondre. Le capitaine anglais se rembarqua peu après dans son canot dans lequel le commandant avait fait mettre quelques raffraichissements et nous remîmes sur-le-champ le cap en route. Le Naturaliste était à peu de distance de nous. Nous avions voyons aussi la corvette americaine qui était sortie en même temps que nous du Havre, mais nous la perdimes de vue dans la nuit"}}, {"type": "Feature", "geometry": {"type": "Point", "coordinates": [-1.29306, 50.18333]}, "properties": {"date": "1800-10-20", "date_republicaine": "28 vendémiaire an IX", "navire": "les corvettes", "table": "1 - Traversée du Havre à Ténériffe", "page": 475, "remarque": "Vu l'île Aurigny et les Casquets.", "vents_etat_du_ciel": "S. Variable du SSE. au SSO. et calme ; ciel nuageux.", "barometre_hpa": 1034.6, "obs_latitude": "", "obs_longitude": "", "alerte": "", "thermometre": "11,5", "journal_anonyme": "Le vent au SO bon frais à calmi à midi. A 4h bon frais dONO pendant la nuit tems couvert et brumeux. Au jour apperçu une corvette américaine et un brick danois courant à contre bord", "journal_geographe": "Beau temps, Rien de nouveau"}}, {"type": "Feature", "geometry": {"type": "Point", "coordinates": [-2.41556, 49.96028]}, "properties": {"date": "1800-10-21", "date_republicaine": "29 vendémiaire an IX", "navire": "les corvettes", "table": "1 - Traversée du Havre à Ténériffe", "page": 475, "remarque": "En vue des côtes d'Angleterre.", "vents_etat_du_ciel": "De l'O. au N., grand frais ; temps couvert et brumeux.", "barometre_hpa": 1031.6, "obs_latitude": "△", "obs_longitude": "△", "alerte": "", "thermometre": "9,0", "journal_anonyme": "Les vents variables du SO à lO. Calme depuis 11h du matin jusquà 4h du soir, ou il s’est élevé une petite brise de l ’ONO, qui à soufflé pendant toute la nuit ; le ciel beau ; la mer houleuse"}}, {"type": "Feature", "geometry": {"type": "Point", "coordinates": [-3.74306, 49.6]}, "properties": {"date": "1800-10-22", "date_republicaine": "30 vendémiaire an IX", "navire": "les corvettes", "table": "1 - Traversée du Havre à Ténériffe", "page": 475, "remarque": "", "vents_etat_du_ciel": "NNO. NNE. NE. Joli frais ; ciel nuag., pet. pluie le soir.", "barometre_hpa": 1031.6, "obs_latitude": "", "obs_longitude": "*", "alerte": "", "thermometre": "10,0", "journal_anonyme": "Le vent à l’ONO le ciel couvert, la mer grosse. Courant basbord amures, augmenté de voiles à chaque [un mot illisible] pour suivre le commandant qui nous gagnoit ; plusieurs personnes1 non comprises sur le role déquipage ont été trouvé à bord", "journal_geographe": "De midy à 4 heures la mer belle. Beau temps. À 2 heures relevé du haut du mat le Cap Lézard au N.N.E. 5q 0 distant d’environ 8 lieues. De 8 à 2 la mer grosse"}}, {"type": "Feature", "geometry": {"type": "Point", "coordinates": [-5.73195, 48.31667]}, "properties": {"date": "1800-10-23", "date_republicaine": "1er brumaire an IX", "navire": "les corvettes", "table": "1 - Traversée du Havre à Ténériffe", "page": 475, "remarque": "", "vents_etat_du_ciel": "NNO. NNE. NE. E. SSE. S. NE. Petit fr. et très-var.; t. couv.", "barometre_hpa": 1031.6, "obs_latitude": "", "obs_longitude": "", "alerte": "", "thermometre": "13,0", "journal_anonyme": "Le vent à l’ONO joli frais lhorison gras. A 1h½ relevé les Casquets au SSO½S et la partie la plus est d’Aurigny au SSE. 1 Ce mot est partiellement illisible, dû vraisemblablement à une déchirure de la page. 2 Brumaire"}}, {"type": "Feature", "geometry": {"type": "Point", "coordinates": [-6.62528, 47.53333]}, "properties": {"date": "1800-10-24", "date_republicaine": "2 brumaire an IX", "navire": "les corvettes", "table": "1 - Traversée du Havre à Ténériffe", "page": 475, "remarque": "", "vents_etat_du_ciel": "SSO. Variable au SSE. Joli frais ; temps couvert.", "barometre_hpa": 1028.6, "obs_latitude": "*", "obs_longitude": "*", "alerte": "", "thermometre": "12,0", "journal_anonyme": "Le vent à lONO petit frais et presque calme dans la matinée. Forcé de voile dans laprès midi pour rallier le commandant. Le cap à lOSO la mer belle et un peu houleuse. Late esté 48º 35’ longe esté 9º 16’", "journal_geographe": "La mer belle presque calme"}}, {"type": "Feature", "geometry": {"type": "Point", "coordinates": [-9.09306, 46.965]}, "properties": {"date": "1800-10-25", "date_republicaine": "3 brumaire an IX", "navire": "les corvettes", "table": "1 - Traversée du Havre à Ténériffe", "page": 475, "remarque": "", "vents_etat_du_ciel": "S. SO. Joli frais ; SO. NO. Gr. frais ; pluie continuelle.", "barometre_hpa": 1022.6, "obs_latitude": "", "obs_longitude": "*", "alerte": "", "thermometre": "14,0", "journal_anonyme": "Le vent au sud joli frais, la mer belle, et le tems couvert. Le commandant de lavant à nous ; à 7h du soir le vent à passé au[x] SSO grand frais. Pris un ris dans les huniers et cargué la grande voile ; à minuit vu un feu dans lESE. Late esté. 47º 53’ longe 10º 30’ Ost", "journal_geographe": "De midi à 4 heures le ciel couvert vent très variable. A 6h. le vent faible et variable la mer belle le temps couvert et humide. A 9 h ½ nous avons diminué de voiles pour attendre le Naturaliste. oli frais. A 10h. nous avons rallié le Naturaliste qui paraissait sous le vent. De 12 à 4 temps couvert vent inégal. De 4 à 8 heures beau temps la mer assez belle"}}, {"type": "Feature", "geometry": {"type": "Point", "coordinates": [-10.19306, 43.38806]}, "properties": {"date": "1800-10-26", "date_republicaine": "4 brumaire an IX", "navire": "les corvettes", "table": "1 - Traversée du Havre à Ténériffe", "page": 475, "remarque": "", "vents_etat_du_ciel": "NO. NNO. Joli frais ; temps couvert.", "barometre_hpa": 1022.6, "obs_latitude": "", "obs_longitude": "", "alerte": "", "thermometre": "11,0", "journal_anonyme": "Le vent de NO joli frais la mer houleuse, à 10h du matin nous avons rejoint le commandant que nous avions perdu de vue la veille. A 4h viré de bord. Late obs. 45º 19. Longe esté 13º 24’ 0”", "journal_geographe": "A midi ½ apperçu un bâtiment dans le S.O. 11q. 0. Temps nébuleux ventant bon frais. A 4 h. le temps embrouillé tombant un peu de pluie. Bon frais de vent. A 8.h. le temps par grains"}}, {"type": "Feature", "geometry": {"type": "Point", "coordinates": [-11.75972, 42.66667]}, "properties": {"date": "1800-10-27", "date_republicaine": "5 brumaire an IX", "navire": "les corvettes", "table": "1 - Traversée du Havre à Ténériffe", "page": 475, "remarque": "Le passage des vents de NO. à ceux d'ENE., a été assez prompt, en accostant les parages des vents alizés.", "vents_etat_du_ciel": "NO. N. NE. ENE. Joli frais ; beau temps.", "barometre_hpa": 1028.6, "obs_latitude": "", "obs_longitude": "", "alerte": "", "thermometre": "12,4", "journal_anonyme": "Vent de NE petit frais, la mer clapoteuse le ciel couvert. A 4h½ la route à été signalé au SO. A 5h nous avons apperçu un navire courant au NNE et un autre au S¼SO courant comme nous. Le dit navire toujours en vue. Late obs. 45º 40’ longe 14º 35’", "journal_geographe": "De midi à 8 h minuit temps clair ventant par raffales. La mer un peu grosse. Nous avons diminué de voiles pour attendre le Naturaliste. A 7 heures nous avons apperçu un bâtiment. De 8. à midi beau temps"}}, {"type": "Feature", "geometry": {"type": "Point", "coordinates": [-11.39306, 39.78861]}, "properties": {"date": "1800-10-28", "date_republicaine": "6 brumaire an IX", "navire": "les corvettes", "table": "1 - Traversée du Havre à Ténériffe", "page": 475, "remarque": "", "vents_etat_du_ciel": "NE. ENE. Joli frais ; beau t. ; pluie le soir.", "barometre_hpa": 1028.6, "obs_latitude": "", "obs_longitude": "", "alerte": "", "thermometre": "13,2", "journal_anonyme": "Vent de NE bon frais ciel couvert, la mer grosse le commandant toujours de lavant et au vent à nous. A 10h du matin l’ itaque du grand hunier à cassé, la vergue à tombé sur ses balancines, ce qui à occasionné la rupture de la vergue de perroquet. Late obs 39º 38’ longe .15º 10’ Von NO 25º 20’", "journal_geographe": "De midi à 4 h. nous avons gouverné au S. 33q. 45c 0. et en avons fait le signal au Naturaliste; le temps assez beau, bon frais de vent et la mer belle. De 2h. à midi le temps très beau; le Naturaliste à peu de distance de nous"}}, {"type": "Feature", "geometry": {"type": "Point", "coordinates": [-11.84306, 36.25222]}, "properties": {"date": "1800-10-29", "date_republicaine": "7 brumaire an IX", "navire": "les corvettes", "table": "1 - Traversée du Havre à Ténériffe", "page": 475, "remarque": "", "vents_etat_du_ciel": "ENE. E. Joli fr.; beau temps.", "barometre_hpa": 1034.6, "obs_latitude": "", "obs_longitude": "", "alerte": "", "thermometre": "16,0", "journal_anonyme": "Vent de NE bon frais, le tems chargé le cap au SSO. On à travaillé à greer notre grand perroquet qui à été établi à 1h. A 2h 15 on à passé une itaque neuve au grand hunier. A 6h¾ du matin apperçu 3 voiles au vent à nous, nous avons parlé à un batiment danois venan de Malaga et allant à Hambourg ; il tenoit le vent strib. amures. Late 36º 12’ long. 14º 42’ Von NO 36º 30’"}}, {"type": "Feature", "geometry": {"type": "Point", "coordinates": [-11.90972, 33.3375]}, "properties": {"date": "1800-10-30", "date_republicaine": "8 brumaire an IX", "navire": "les corvettes", "table": "1 - Traversée du Havre à Ténériffe", "page": 475, "remarque": "", "vents_etat_du_ciel": "E. ENE. Joli frais ; beau temps.", "barometre_hpa": 1016.5, "obs_latitude": "", "obs_longitude": "", "alerte": "", "thermometre": "15,5", "journal_anonyme": "Bon frais de NE le ciel beau , le cap au SO sous toutes voiles dehors à 1h½ vu deux voiles dans le OSO distant de 4 lieues. A 3h les deux batimens étoient par notre travers. L’un à trois mats et lautre un brick tous deux américains . Ils tenoient le vent basb. amures ils mirent leurs pavillons et de suite nous hissames le notre. Late 33º 20’. 14º 42’. 3", "journal_geographe": "Beau temps; Bon frais. A 2 h ½ nous avons eu connaissance des deux bâtiments americains qui ont mis leurs pavillons; Nous avons hissé de suite le pavillon français. A 3h moins ¼ nous avons parlé au Naturaliste"}}, {"type": "Feature", "geometry": {"type": "Point", "coordinates": [-12.92639, 31.03333]}, "properties": {"date": "1800-10-31", "date_republicaine": "9 brumaire an IX", "navire": "les corvettes", "table": "1 - Traversée du Havre à Ténériffe", "page": 475, "remarque": "Plusieurs alouettes sont venues se reposer sur nos vergues.", "vents_etat_du_ciel": "ENE. Joli frais ; beau temps.", "barometre_hpa": 1022.6, "obs_latitude": "", "obs_longitude": "", "alerte": "", "thermometre": "18,0", "journal_anonyme": "Le vent à lest joli frais, beau tems, belle mer. A 11h du soir nous avons observée la hauteur méridienne de la lune à 64º 40’ son bord inferieure. Late. 31º 0’ longe 15º 52’. Von 22º 28’", "journal_geographe": "De midi à 4h. la mer belle. Beau temps. A 9h. ½ le temps nuageux. Joli frais, la mer houleuse. De 4 à 8 très beau temps la mer belle"}}, {"type": "Feature", "geometry": {"type": "Point", "coordinates": [-15.52945, 28.83333]}, "properties": {"date": "1800-11-01", "date_republicaine": "10 brumaire an IX", "navire": "les corvettes", "table": "1 - Traversée du Havre à Ténériffe", "page": 475, "remarque": "En vue des îles Canaries.", "vents_etat_du_ciel": "ENE. NE. Joli frais ; beau temps.", "barometre_hpa": 1025.6, "obs_latitude": "", "obs_longitude": "△", "alerte": "", "thermometre": "18,5", "journal_anonyme": "Le vent de lENE joli frais beau tems, belle mer. A 1h ¼ nous avons parlé au commandant. A 4h nous appercumes un cuter couran t au plus près basb. amures. A 4h¾ il étoit près du Geographe alors de lavant à nous. Le commandant mit en panne et hissa le hiack au mat de misaine et son pavillon à la corne. Le cutter après avoir viré de bord deux fois dans lespace de 25’ tira sur le Geographe un coup de canon à boulet. Puis il séloigna, le Geographe fit servir et continua sa route. Le lendemain nous revimes derrière nous à une distance de ¾ de lieues. Il nous suivit à cette distance jusqu’à midi ; alors il vira de bord et nous le perdimes de vue dans laprès midi. Late . 28º 46’ longe 17º 10’ Von NO21º 16’", "journal_geographe": "Beau temps, la mer belle et Joli frais pendant les 24 heures. Diminué de voiles pour attendre le Naturaliste. A 4h. et demie nous avons apperçu un Cotre. A 5 h. nous avons mis en panne et à 5 ¼ le Naturaliste nous a passé à poupe. Nous lui avons heslé de continuer sa Route. Au même instant nous avons hissé le pavillon national derrière et le pavillon Yak devant. À 5 h. ½ le Cotre nous a tiré un coup de canon. De suite nous avons mis en Panne et le petit canot à la mer. Quelque temps après il s’est éloigné et nous avons rembarqué le canot. Nous appercevions le Pic"}}, {"type": "Feature", "geometry": {"type": "Point", "coordinates": [-16.25695, 28.47694]}, "properties": {"date": "1800-11-02", "date_republicaine": "11 brumaire an IX", "navire": "les corvettes", "table": "1 - Traversée du Havre à Ténériffe", "page": 475, "remarque": "Mouillé sur la rade de Sainte-Croix de Ténériffe, à 10 h. du matin.", "vents_etat_du_ciel": "NE. Joli frais ; beau temps.", "barometre_hpa": "", "obs_latitude": "△", "obs_longitude": "△", "alerte": "", "journal_anonyme": "Le vent à lENE petit frais la mer belle à 2h½ relevé la partie la plus est de la gde Canarie au sud. Et la plus O au SO. A 4h nous lavons relevé à louest. A 7h du soir parlé au commandant et louvoyé toute la nuit pour nous tenir au vent de lisle. A 9h du matin nous avons relevé lisle et la pointe du sud de Ténériffe au SO ¼O et la pointe du nord au O. Sous toutes voiles dehors longeant lisle Ténériffe nous avons gouverné sur la ville avec une brise légère à 9h½ au matin le Geographe à tiré un coup de canon et à arboré… …le pavillon national. Nous avons de suite hissé le notre et nous nous sommes prépares au mouillage. A 10h nous laissames tomber l’ancre par vingt cinq brasses fond de vasse. La chaloupe du port est venu pour nous affourcher peu de tems après. Late 28º 28’ longe 19º 15’. Von NO 19º 5’. Pendant notre relache à Ste Croix Ténériffe nous nous sommes occuppés à faire de leau et à envoyer nos malades à lhopital et debarquer ceux qui étoient jugés incapable de faire la campagne ; nous recumes la visite du Consul français Broussonnet et de plus personnes distingués de la ville. Nous mimes chez le Consul francais des lettres pour France qui devoit partir sur la gabare la rena Loussa chargés de porter à Gibraltar des prisonniers anglais échangés. Le 17 [brumaire, an 9, 8 novembre 1800] nous apprimes que les anglais s’en étoient emparés , et qu’ils avoient envoyés dans une chaloupe les espagnols et les francais passager. Le 20 nous avons pavoisé pour célébrer lanniversaire de la naissance de sa majesté catholique le commandant 21 coups de canon. 4 Le 21 le commandant fit signal d’appareiller", "journal_geographe": "et durant le séjour que nous fimes à S.te Croix de Ténériffe. De midi à 4 h. Beau temps la mer belle. Le matin du 11 [brumaire, 2 novembre 1800] nous sommes arrivés à S.te Croix de Ténériffe. Nous avons jetté l’ancre sur la Rade après avoir hissé notre pavillon français et le yack anglais. Nous tirames un coup de canon pour assurer notre pavillon, et aussitôt une chaloupe se detacha du port pour nous amener un pilote; Nous étions en face de la ville et nous avions une belle vue du Pic qui se perdoit dans les nuages et de plusieurs forts. Nos dessinateurs qui le soir précédent l’avaient dessiné de loin, ne manquerent pas de profiter d’une si belle vue, belle pour un dessinateur, mais bien triste pour le naturaliste observateur. Les Botanistes n’y trouverent que [de beaux] quelques lauriers, des raquettes et d’autres plantes communes mais la pluspart brulées par le soleil. On trouva quelques minéraux et quelques insectes. Le sol est partout brulé, et n’offre que des matières volcaniques. Il produit du raisin, des oranges, des citrons, des figues et d’autres fruits de cette espèce. Le raisin, par exemple, y est d’une grosseur extraordinaire: chaque grain est aussi gros qu’une noix, mais il n’a pas la saveur de celui de notre pays. Tous les jours nos savans alloient à terre faire des excursions dans le pays: J’y allai aussi quelques fois mais mon devoir me retenant à bord, je ne pus pénétrer dans l’intérieur du pays: à la verité je ne perdis pas grand chose, car nos messieurs ne trouv erent partout que des montagnes arides et un peuple qui a l’air bien misérable, et des moines gros et gras aux dépens du malheureux peuple. Il venait continuellement à notre bord des embarcations amenant des fruits qu’on nous vendait trois ou quatre fois plus cher qu’à terre, ceux qui nous les apportaient ne venant le plus souvent que pour voler tout ce qui leur tombait sous leur main, mais on y mit bon ordre: il leur fut défendu de monter à bord. Quand je descendais à terre, la ville qui de loin m’avait paru assez jolie, me sembla bien triste. Les maisons sont sales, dégoutantes et mal faites: les rues sont pavées de petits cayoux inégaux rapprochés les uns des autres; ce qui n’est pas fort commode pour la marche. Le peuple y est triste et silentieux et nous examine d’un oeil scrutateur. Toutes les femmes, qui sont la plus part laides à faire peur, sont couvertes de voiles, les hommes sont enveloppés dans de longs manteaux. Les Eglises sont assez belles et l’on y sonne presque continuellement. La troupe parait bonne. Les savans de notre bord virent à quelques lieux de S.te Croix une autre ville nommée Lagoue qui est la capitale du pays: ils la trouverent un peu plus jolie, quant à moi, je ne pus y aller. Durant notre relache le brave citoyen Riedler, botaniste infatigable, ayant voulu monter sur un rocher trop escarpé, tomba d’environ trente pieds de haut sur un de ses aides qui le suivait, et blessa ce dernier à la tête. Dans sa chute, il se blessa assez considérablement aux reins et aux pieds, mais notre major assura qu’il n’y avait aucune fracture. Il se retablit peu à peu et ne conserva plus qu’une legere douleur. Nous laissames à Ténériffe trois ou quatre hommes: les uns étaient malades et les autres déserterent.4 Notre équipage frequenta un peu trop le sexe (on ne peut pas dire beau) qui est très corrompu. On s’en apperçu par les suites maladies venériennes que beaucoup de nos gens éprouverent. 4 Deux novices obtinrent leur débarquement; ils trouvaient le métier trop dur. Ils devaient repasser en France sur un bâtiment espagnol qui conduisoit des prisonniers anglais, mais ces derniers s’étant revoltés et ayant été les plus forts, ils s’emparerent du bâtiment. L’un de nos novices resta à bord, et l’autre revint à Ténériffe sur une chaloupe dans laquelle les Anglais avoient fait embarquer ceux qui ne vouloient point les suivre. Dans ce même bâtiment nous avions mis nos depêches, ainsi je doute fort qu’elles soient parvenues à leur destination. 5 Nous fimmes de l’eau à Ténériffe qui n’est point du tout de garde, et nous embarquames des rafraichissements tant en viande qu’en fruits et légumes. Nous primes aussi quelques hommes de bonne volonté à notre bord"}}, {"type": "Feature", "geometry": {"type": "Point", "coordinates": [-16.2569, 28.4769]}, "properties": {"date": "1800-11-13", "date_republicaine": "", "navire": "les corvettes", "table": "", "page": "", "remarque": "", "vents_etat_du_ciel": "", "barometre_hpa": "", "obs_latitude": "", "obs_longitude": "", "alerte": "point ajouté pour une entrée de journal ; position rade de Sainte-Croix de Ténériffe", "thermometre": "", "journal_anonyme": "", "journal_geographe": "le commandant ayant pris congé du consul nous levâmes l’ancre aidé par des chaloupes du port, et nous fimes voile pour l’isle de France. Durant notre relâche nous avons pavoisé à cause de la fête du Roi d’Espagne. Tous les forts de la ville tirerent plusieurs décharges. Le consul vint aussi à bord avec sa fille qui était très jolie, et son épouse", "extrapole": true}}, {"type": "Feature", "geometry": {"type": "Point", "coordinates": [-17.78167, 26.01667]}, "properties": {"date": "1800-11-14", "date_republicaine": "23 brumaire an IX", "navire": "les corvettes", "table": "2 - Traversée de Ténériffe à l'Ile-de-France", "page": 476, "remarque": "", "vents_etat_du_ciel": "ENE. Joli frais ; beau temps.", "barometre_hpa": 1025.6, "obs_latitude": "", "obs_longitude": "", "alerte": "", "thermometre": "17,8", "journal_anonyme": "nous mimes sous voile les vents étoient de la partie de lENE. On avoit manœuvré de maniere à abatre sur strib. lancre qui dabord déplanté reprit ensuite nous força dabatre sur basbord nous avions le cap sur la terre. Le Cen Milius officier de manœuvre fit virer lof pour lof. Après avoir couru pendant quelque tems nous ralliames le commandant et mimes le cap au SO. A 5h du soir nous avons relevé le pic Ténériffe au O 29º N distant de terre de 2 lieues et demi"}}, {"type": "Feature", "geometry": {"type": "Point", "coordinates": [-19.19945, 23.26667]}, "properties": {"date": "1800-11-15", "date_republicaine": "24 brumaire an IX", "navire": "les corvettes", "table": "2 - Traversée de Ténériffe à l'Ile-de-France", "page": 476, "remarque": "Coupé le tropique du Cancer, à 10 h. 45' du matin.", "vents_etat_du_ciel": "ENE. Joli frais ; beau temps.", "barometre_hpa": 1021.1, "obs_latitude": "", "obs_longitude": "", "alerte": "", "thermometre": "18,0", "journal_anonyme": "Les vents dENE joli frais , le tems beau la mer belle, nous nous sommes tenu à une petite distance du commandant ayant le cap au SO. Late obs. 26º 4’ longe 18º 58’ Von NO 17º 32’.2"}}, {"type": "Feature", "geometry": {"type": "Point", "coordinates": [-20.1725, 20.01667]}, "properties": {"date": "1800-11-16", "date_republicaine": "25 brumaire an IX", "navire": "les corvettes", "table": "2 - Traversée de Ténériffe à l'Ile-de-France", "page": 476, "remarque": "", "vents_etat_du_ciel": "ENE. Joli frais ; beau temps.", "barometre_hpa": 1019.6, "obs_latitude": "", "obs_longitude": "*", "alerte": "", "thermometre": "19,2", "journal_anonyme": "Le vent dENE joli frais, le tems beau la mer belle, nous avons passé le tropique de Cancer le 24 du dit à 2h de laprès midi par 21º 50’ de longe O. Vu quelques poissons volans. Late 23º 16’ longe 21º 31’"}}, {"type": "Feature", "geometry": {"type": "Point", "coordinates": [-19.84306, 16.75]}, "properties": {"date": "1800-11-17", "date_republicaine": "26 brumaire an IX", "navire": "les corvettes", "table": "2 - Traversée de Ténériffe à l'Ile-de-France", "page": 476, "remarque": "", "vents_etat_du_ciel": "ENE. NE. E. Joli fr. ; temps couvert.", "barometre_hpa": 1016.5, "obs_latitude": "", "obs_longitude": "*", "alerte": "", "thermometre": "20,0", "journal_anonyme": "Le vent dest variable à lENE. Chaud latmosphère épais et la mer un peu grosse. Vu beaucoup doiseaux connu sous le nom dhirondelle de mer. Late 16º 42’ longe. 22º 24’"}}, {"type": "Feature", "geometry": {"type": "Point", "coordinates": [-19.59667, 14.33333]}, "properties": {"date": "1800-11-18", "date_republicaine": "27 brumaire an IX", "navire": "les corvettes", "table": "2 - Traversée de Ténériffe à l'Ile-de-France", "page": 476, "remarque": "Passé dans plusieurs ras de marée, portant de l'ESE. au ONO. Doublé le Cap-Vert à 40 lieues de dist. environ.", "vents_etat_du_ciel": "NE. ENE. Joli frais ; temps couvert.", "barometre_hpa": 1016.5, "obs_latitude": "", "obs_longitude": "*", "alerte": "", "thermometre": "21,0", "journal_anonyme": "Les vents variables de lest à lENE. Le tems beau la mer belle. A 7h du matin nous gouvernions au sud. Et à 4h 45’ de laprès midi nous avons observé un lit de courant portant au NE. Late 14º 14’ 17” longe. 22º 10’ 0”"}}, {"type": "Feature", "geometry": {"type": "Point", "coordinates": [-19.64222, 13.21667]}, "properties": {"date": "1800-11-19", "date_republicaine": "28 brumaire an IX", "navire": "les corvettes", "table": "2 - Traversée de Ténériffe à l'Ile-de-France", "page": 476, "remarque": "Nous avons toujours navigué dans des ras de marée.", "vents_etat_du_ciel": "NE. ENE. Joli frais ; beau temps.", "barometre_hpa": 1013.5, "obs_latitude": "", "obs_longitude": "", "alerte": "", "thermometre": "22,0", "journal_anonyme": "Beau tems , belle mer et lhorison gras. Les vents variables de lest à lENE nous avons gouverné daprès lordre du commandant au S¼SE. Late 12º 11’ longe. 21º 46’ Von NO 16º 45’"}}, {"type": "Feature", "geometry": {"type": "Point", "coordinates": [-18.40445, 10.25]}, "properties": {"date": "1800-11-20", "date_republicaine": "29 brumaire an IX", "navire": "les corvettes", "table": "2 - Traversée de Ténériffe à l'Ile-de-France", "page": 476, "remarque": "Un épervier est venu se percher sur nos vergues.", "vents_etat_du_ciel": "ENE. NE. Joli frais ; beau temps.", "barometre_hpa": 1013.5, "obs_latitude": "", "obs_longitude": "", "alerte": "", "thermometre": "22,3", "journal_anonyme": "Vents petit frais la mer belle et la route au S¼SE. Late 10º 10’ longe. 20º 43. Von NO 16º 59’. 2 À partir de ce jour, et jusqu’au 15 frimaire an 9 [6 décembre 1800], les indications de latitude, de longitude et (le cas échéant) de variation se trouvent en marge du manuscrit, à côté du texte correspondant. 5"}}, {"type": "Feature", "geometry": {"type": "Point", "coordinates": [-17.52472, 8.95]}, "properties": {"date": "1800-11-21", "date_republicaine": "30 brumaire an IX", "navire": "les corvettes", "table": "2 - Traversée de Ténériffe à l'Ile-de-France", "page": 476, "remarque": "", "vents_etat_du_ciel": "ENE. NE. Petit frais ; beau temps.", "barometre_hpa": 1013.5, "obs_latitude": "*", "obs_longitude": "*", "alerte": "", "thermometre": "23,2", "journal_anonyme": "Vent dENE le cap au SSE la mer belle à 7h¼ du matin le commandant nous à ordonné de forcer de voile, le vent presque calme de la partie de lENE. Late 8º 50’ longe 19º 14’ Von NO 16º"}}, {"type": "Feature", "geometry": {"type": "Point", "coordinates": [-17.26195, 8.11667]}, "properties": {"date": "1800-11-22", "date_republicaine": "1er frimaire an IX", "navire": "les corvettes", "table": "2 - Traversée de Ténériffe à l'Ile-de-France", "page": 476, "remarque": "Vu quelques oiseaux des Tropiques, et un requin. Les courans nous ont portés dans l'OSO.", "vents_etat_du_ciel": "ENE. NE. Petit frais ; beau temps pendant la nuit; ton. et éclairs dans le S.", "barometre_hpa": 1013.5, "obs_latitude": "", "obs_longitude": "", "alerte": "", "thermometre": "23,0", "journal_anonyme": "Le vent extrêmement léger, le tems beau la mer un peu houleuse de lENE. frimaire an 9eme"}}, {"type": "Feature", "geometry": {"type": "Point", "coordinates": [-16.71556, 7.66667]}, "properties": {"date": "1800-11-23", "date_republicaine": "2 frimaire an IX", "navire": "les corvettes", "table": "2 - Traversée de Ténériffe à l'Ile-de-France", "page": 476, "remarque": "", "vents_etat_du_ciel": "NE. ENE. Foible fraîcheur du S. et du SE. ; beau temps.", "barometre_hpa": 1016.5, "obs_latitude": "", "obs_longitude": "", "alerte": "", "thermometre": "24,8", "journal_anonyme": "Le vent lENE le cap au SE¼S le tems beau la mer belle ; des éclairs partoient de tous les points de l’horison ils étoient suivis de coups de tonnere dont le bruit sourd annoncoient léloignement. A 6h½ du matin nous avons mis en panne pour attendre le canot du commandant qui nous apportoit de la viande fraiche . A 7h½ le commandant à fait signal d’envoyer un canot à son bord pour prendre nos officiers qui y étoient restés. Late 8º 5’ longe 19º 27’ Von 16º 33’"}}, {"type": "Feature", "geometry": {"type": "Point", "coordinates": [-16.71945, 7.7]}, "properties": {"date": "1800-11-24", "date_republicaine": "3 frimaire an IX", "navire": "les corvettes", "table": "2 - Traversée de Ténériffe à l'Ile-de-France", "page": 476, "remarque": "Les courans nous ont portés dans le N.", "vents_etat_du_ciel": "Calme; fraîcheurs variab. du SSO. au S. SSE. SO. OSO. et NO; b. temps; horizon brumeux.", "barometre_hpa": 1015.0, "obs_latitude": "", "obs_longitude": "", "alerte": "", "thermometre": "24,0", "journal_anonyme": "Meme tems et même vents le batiment ne gouvernant pas. A 5h le vent ayant un peu soufflé du sud nous avons pris strib. amures. Late 7º 43’ longe.18º 43’"}}, {"type": "Feature", "geometry": {"type": "Point", "coordinates": [-16.59, 7.65]}, "properties": {"date": "1800-11-25", "date_republicaine": "4 frimaire an IX", "navire": "les corvettes", "table": "2 - Traversée de Ténériffe à l'Ile-de-France", "page": 476, "remarque": "Vu beaucoup de dorades, bonites et marsouins.", "vents_etat_du_ciel": "NNE. NE. ENE. Petite brise; beau temps.", "barometre_hpa": 1018.0, "obs_latitude": "", "obs_longitude": "", "alerte": "", "thermometre": "24,0", "journal_anonyme": "Calme, tems couvert ; le batiment ne gouvernant pas. A 3h il à souflé un petit vent de NNO éclairant beaucoup et par intervalles dans lOuest. Late 7º 30’ longe.19º 1’"}}, {"type": "Feature", "geometry": {"type": "Point", "coordinates": [-16.27695, 7.11667]}, "properties": {"date": "1800-11-26", "date_republicaine": "5 frimaire an IX", "navire": "les corvettes", "table": "2 - Traversée de Ténériffe à l'Ile-de-France", "page": 476, "remarque": "", "vents_etat_du_ciel": "Calme interrompu de petit fr. et bon fr. ENE. et E ; temps couv. ; pluie le mat. ; tonn., éclairs.", "barometre_hpa": 1016.5, "obs_latitude": "*", "obs_longitude": "*", "alerte": "", "thermometre": "22,0", "journal_anonyme": "Petit vent dENE tems orageux et à grains le 5 à 10h du matin nous en avons essuyé cinq qui nous ont forcé de riser les huniers et damener le perroquet de fougue. Ils étoient accompagnés de coup de tonnerre il à tombé à une lieue et demi de nous dans le SE. Nous venions alors de prendre les amures à strib. Late 7º 0’ longe 18º 27’"}}, {"type": "Feature", "geometry": {"type": "Point", "coordinates": [-16.2975, 6.96667]}, "properties": {"date": "1800-11-27", "date_republicaine": "6 frimaire an IX", "navire": "les corvettes", "table": "2 - Traversée de Ténériffe à l'Ile-de-France", "page": 476, "remarque": "Les courans nous portent constamment vers le Nord.", "vents_etat_du_ciel": "Calme et fraîcheurs très-var. ; t. couv. et à grains ; pluie.", "barometre_hpa": 1016.5, "obs_latitude": "", "obs_longitude": "", "alerte": "", "thermometre": "23,8", "journal_anonyme": "Vent dENE tems orageux et pluvieux ; à 2h il s’est éclairci, et mis toutes voiles dehors. Virés de bord vent devant à 6h½ et le cap au SSE. Late 6º 48’ longe.17º 56’. 6"}}, {"type": "Feature", "geometry": {"type": "Point", "coordinates": [-16.08445, 6.81667]}, "properties": {"date": "1800-11-28", "date_republicaine": "7 frimaire an IX", "navire": "les corvettes", "table": "2 - Traversée de Ténériffe à l'Ile-de-France", "page": 476, "remarque": "", "vents_etat_du_ciel": "Calme plat ; temps couvert.", "barometre_hpa": 1019.6, "obs_latitude": "", "obs_longitude": "*", "alerte": "", "thermometre": "22,5", "journal_anonyme": "Beau tems, la mer belle, lhorison chargé de toutes parts éclairant dans le SO. A 6h½ la brise s’étant déclaré au sud nous avons pris strib. amures. A 7h pris vent devant basbord amures pour ralier le commandant. Late 6º 36’ longe.17º 56’"}}, {"type": "Feature", "geometry": {"type": "Point", "coordinates": [-16.11056, 6.68333]}, "properties": {"date": "1800-11-29", "date_republicaine": "8 frimaire an IX", "navire": "les corvettes", "table": "2 - Traversée de Ténériffe à l'Ile-de-France", "page": 476, "remarque": "Vu beaucoup de bonites, dorades et poissons volans. Les courans nous portent toujours au N.", "vents_etat_du_ciel": "Calme et fraîcheurs très-var. ; temps couvert.", "barometre_hpa": 1016.5, "obs_latitude": "", "obs_longitude": "", "alerte": "", "thermometre": "24,8", "journal_anonyme": "[Vent] Vent de SE et pluie à 6h du matin nous avons apperçu un trois mats dans le SO¼S. Nous lavons signalé au commandant. A 10h du matin nous avons pris vent devant strib. amures. Nous avons mis nos couleurs et notre pavillon yak au mat de misaine, nous navons pu distinguer les siennes. Late 6º 43’ longe.17º 54’"}}, {"type": "Feature", "geometry": {"type": "Point", "coordinates": [-16.07556, 6.63333]}, "properties": {"date": "1800-11-30", "date_republicaine": "9 frimaire an IX", "navire": "les corvettes", "table": "2 - Traversée de Ténériffe à l'Ile-de-France", "page": 476, "remarque": "", "vents_etat_du_ciel": "Calme; grain pesant d'ESE. ; pluie à verse.", "barometre_hpa": 1018.0, "obs_latitude": "*", "obs_longitude": "*", "alerte": "", "thermometre": "22,7", "journal_anonyme": "Beau tems peu de vent naviguant à peu de distance du commandant. Le tems à grains la mer belle et le cap au SSO"}}, {"type": "Feature", "geometry": {"type": "Point", "coordinates": [-16.2125, 5.45]}, "properties": {"date": "1800-12-01", "date_republicaine": "10 frimaire an IX", "navire": "les corvettes", "table": "2 - Traversée de Ténériffe à l'Ile-de-France", "page": 476, "remarque": "Vu des marsouins.", "vents_etat_du_ciel": "Joli frais d'E. et de SE. Grains violens avec écl. et pluie.", "barometre_hpa": 1018.0, "obs_latitude": "*", "obs_longitude": "*", "alerte": "", "thermometre": "22,0", "journal_anonyme": "Meme route et meme vent. Nous avons essuyé plusieurs grains venant de la partie du SSE. La mer grosse le tems très épais"}}, {"type": "Feature", "geometry": {"type": "Point", "coordinates": [-16.38306, 4.48333]}, "properties": {"date": "1800-12-02", "date_republicaine": "11 frimaire an IX", "navire": "les corvettes", "table": "2 - Traversée de Ténériffe à l'Ile-de-France", "page": 476, "remarque": "", "vents_etat_du_ciel": "S. ESE. Joli frais; temps nébuleux.", "barometre_hpa": 1016.5, "obs_latitude": "", "obs_longitude": "", "alerte": "", "thermometre": "23,2", "journal_anonyme": "Petit frais dESE. Le ciel nuageux, la mer belle. Vu un batiment dans le NO. Pris des marsoins et bonites"}}, {"type": "Feature", "geometry": {"type": "Point", "coordinates": [-17.17056, 3.73333]}, "properties": {"date": "1800-12-03", "date_republicaine": "12 frimaire an IX", "navire": "les corvettes", "table": "2 - Traversée de Ténériffe à l'Ile-de-France", "page": 476, "remarque": "Vu plusieurs bandes de pétrels.", "vents_etat_du_ciel": "SSE. ENE. Joli fr. ; t. couv. ; des grains et de la pluie.", "barometre_hpa": 1016.5, "obs_latitude": "", "obs_longitude": "", "alerte": "", "thermometre": "22,0", "journal_anonyme": "Petit frais de SSE le ciel nuageux la mer belle à 6h du matin le commandant nous à signalé un[e] avarie dans son petit mat d’hune. Late 3º 37’ longe.19º 11 Von NO 18º 48’"}}, {"type": "Feature", "geometry": {"type": "Point", "coordinates": [-17.37667, 3.26667]}, "properties": {"date": "1800-12-04", "date_republicaine": "13 frimaire an IX", "navire": "les corvettes", "table": "2 - Traversée de France à l'Ile-de-France (suite)", "page": 477, "remarque": "A la nuit, mer phosphorique d'une manière étonnante. Nos bâtimens paroissent naviguer dans une mer de feu.", "vents_etat_du_ciel": "SSE. OSO. SO. SSO. NE. NNE. N. Petit fr. et calme; t. cou. orag., grains, pl., éc.", "barometre_hpa": 1018.0, "obs_latitude": "", "obs_longitude": "", "alerte": "", "thermometre": "22,0", "journal_anonyme": "Tems couvert, mer houleuse, et calme dans l a près midi nous avons essuyé plusieurs grains. Late 3º 11’ longe 19º 13’"}}, {"type": "Feature", "geometry": {"type": "Point", "coordinates": [-17.19722, 2.83333]}, "properties": {"date": "1800-12-05", "date_republicaine": "14 frimaire an IX", "navire": "les corvettes", "table": "2 - Traversée de France à l'Ile-de-France (suite)", "page": 477, "remarque": "", "vents_etat_du_ciel": "De l'ENE. au SO. par le Sud, calme et petit frais ; beau temps ; pluie dans la nuit.", "barometre_hpa": 1016.5, "obs_latitude": "", "obs_longitude": "", "alerte": "saut_position", "thermometre": "21,8", "journal_anonyme": "Les vents au SSO et S¼SO joli frais à 6h du soir les vents ont sauté au ONO. Late 2º 39’ longe.18º 41 Von NO 18º 20’"}}, {"type": "Feature", "geometry": {"type": "Point", "coordinates": [-17.8175, 2.4833]}, "properties": {"date": "1800-12-06", "date_republicaine": "15 frimaire an IX", "navire": "les corvettes", "table": "2 - Traversée de France à l'Ile-de-France (suite)", "page": 477, "remarque": "", "vents_etat_du_ciel": "SSO. SSE. Joli frais ; pluie et grains dans l'après-midi.", "barometre_hpa": 1018.0, "obs_latitude": "", "obs_longitude": "", "alerte": "saut_position", "thermometre": "22,5", "journal_anonyme": "Vents de sud ciel couvert, mer clapoteuse nous avons parlé au commandant qui nous à donné la route au SSE en cas que les vents vinssent à adonner. A 5h du matin viré lof pour lof. A 9h nous avons passé à poupe du commandant… Late 2º 20’ 30” longe 18º 41’ Von. 18º 28’. 7 …qui changoit alors son petit mat dhune le capitaine lui à demandé la permission d’envoyer à son bord un officier pour affaire de service. Nous avons mis en panne, et mis de suite le petit canot à son retour à midi le petit mat d’hune du commandant étoit guindé mis pendant la nuit un feu à la corne pour indiquer notre position au commandant"}}, {"type": "Feature", "geometry": {"type": "Point", "coordinates": [-17.83528, 2.1333]}, "properties": {"date": "1800-12-07", "date_republicaine": "16 frimaire an IX", "navire": "les corvettes", "table": "2 - Traversée de France à l'Ile-de-France (suite)", "page": 477, "remarque": "L'inclinaison de l'aiguille aimantée, mesurée sur le pont dans un instant de calme absolu, a été trouvée de 27° 0' vers le Nord : l'erreur, s'il y en a, ne doit pas aller à plus d'un ou deux degrés.", "vents_etat_du_ciel": "S. SE. NO. E. Petit frais, ensuite calme; t. couv. et pluv.", "barometre_hpa": 1018.0, "obs_latitude": "", "obs_longitude": "*", "alerte": "", "thermometre": "20,6", "journal_anonyme": "Le vent au sud joli frais la mer un peu grosse, tenant le vent basbord amures. N’appercevant pas le commandant nous avons lancé une fusée à laquelle il à répondu et nous l’avons relevé au S¼SO"}}, {"type": "Feature", "geometry": {"type": "Point", "coordinates": [-19.83917, 2.2167]}, "properties": {"date": "1800-12-08", "date_republicaine": "17 frimaire an IX", "navire": "les corvettes", "table": "2 - Traversée de France à l'Ile-de-France (suite)", "page": 477, "remarque": "Les courans portent au N. et à l'O.", "vents_etat_du_ciel": "Du SSE. au SSO. Petit frais ; t. pluv., couv. et par grains.", "barometre_hpa": 1016.5, "obs_latitude": "", "obs_longitude": "", "alerte": "", "thermometre": "22,7", "journal_anonyme": "Tems couvert, la variété des vents nous ont forcé de changer trois fois damures. A 6h½ il a fraichi du SE nous avons pris le plus près basbord amures. Le commandant dans lOSO moyenne distance"}}, {"type": "Feature", "geometry": {"type": "Point", "coordinates": [-19.12611, 2.4]}, "properties": {"date": "1800-12-09", "date_republicaine": "18 frimaire an IX", "navire": "les corvettes", "table": "2 - Traversée de France à l'Ile-de-France (suite)", "page": 477, "remarque": "Vu un diable de mer. Les courans portent au N. et à l'O.", "vents_etat_du_ciel": "Du SO. au S. et N. par l'E. Joli fr.; t. couv. et à grains.", "barometre_hpa": 1015.0, "obs_latitude": "", "obs_longitude": "", "alerte": "", "thermometre": "21,5", "journal_anonyme": "Le tems couvert et pluvieux la mer grosse à 4h½ la route à été signalé au sud en cas que les vents vinssent à adonner. A 6h pris stribord amures. Le commandant à petite distce"}}, {"type": "Feature", "geometry": {"type": "Point", "coordinates": [-17.69667, 1.3667]}, "properties": {"date": "1800-12-10", "date_republicaine": "19 frimaire an IX", "navire": "les corvettes", "table": "2 - Traversée de France à l'Ile-de-France (suite)", "page": 477, "remarque": "A 4 h. du mat., une trombe a passé très-près du Naturaliste; elle a occasionné une saute de vent violente et subite, et nous a procuré une forte pl.", "vents_etat_du_ciel": "Calme et pet. fr. du NE. ENE. OSO. et NO. Fort grain d'ENE.; temps couv.; pluie.", "barometre_hpa": 1016.5, "obs_latitude": "*", "obs_longitude": "*", "alerte": "", "thermometre": "21,5", "journal_anonyme": "Le tems beau le vent petit frais à midi ½ viré de bord, et mis le cap au OSO. Dans laprès midi les vents ayant adonné nous avons gouverné au SSE. A 7h du soir nous avons mis le cap en route. A 3h du matin il a passé une trombe le long du bord. Au même instant le vent à sauté avec force à lENE"}}, {"type": "Feature", "geometry": {"type": "Point", "coordinates": [-21.11695, 1.3333]}, "properties": {"date": "1800-12-11", "date_republicaine": "20 frimaire an IX", "navire": "les corvettes", "table": "2 - Traversée de France à l'Ile-de-France (suite)", "page": 477, "remarque": "Les courans portent au N. et à l'O. constamment et avec force. Nous voyons depuis plusieurs jours des ras de marée qui ont cette direction.", "vents_etat_du_ciel": "SE. SSE. Joli frais, b. temps.", "barometre_hpa": 1016.5, "obs_latitude": "", "obs_longitude": "", "alerte": "", "thermometre": "22,0", "journal_anonyme": "Le vent au NNO, le tems beau, la mer belle le batiment ne gouvernant pas"}}, {"type": "Feature", "geometry": {"type": "Point", "coordinates": [-21.3375, -0.31667]}, "properties": {"date": "1800-12-12", "date_republicaine": "21 frimaire an IX", "navire": "les corvettes", "table": "2 - Traversée de France à l'Ile-de-France (suite)", "page": 477, "remarque": "Vu des mauves et des poissons volans. Nous avons coupé la ligne à 6 h. du soir par 23° 37' de longit. à l'O. de Paris.", "vents_etat_du_ciel": "SSE. SE. Joli frais ; b. temps.", "barometre_hpa": 1018.0, "obs_latitude": "", "obs_longitude": "", "alerte": "", "thermometre": "22,2", "journal_anonyme": "Le vent au NNO petit frais, le tems beau la mer belle et le ciel nuageux. A 10h du soir le commandant à lancé une fusée nous lui avons répondu ; dans la matinée nous avons fait passer derrière le poids de trois tonneau et demi. Nous avons remarqué que le [mot barré, illisible] batiment gouvernoit mais que le Geographe tenoit mieux le cap que nous"}}, {"type": "Feature", "geometry": {"type": "Point", "coordinates": [-23.07667, -1.15]}, "properties": {"date": "1800-12-13", "date_republicaine": "22 frimaire an IX", "navire": "les corvettes", "table": "2 - Traversée de France à l'Ile-de-France (suite)", "page": 477, "remarque": "", "vents_etat_du_ciel": "SE. ESE. Joli fr., b. temps ; dans la nuit, grains et pluie à verse.", "barometre_hpa": 1018.0, "obs_latitude": "", "obs_longitude": "", "alerte": "", "thermometre": "22,2", "journal_anonyme": "Le vent au SE bon frais. A 7h¼ nous avons fait passer toute léquipage sur larriere pour voir si nous serions dégale marche avec le Geographe dont la voilure étoit aux quatre voiles majeurs. Dans lespace de ¾ dheure nous lavons gagné de 3º il nous restoit au S¼SE"}}, {"type": "Feature", "geometry": {"type": "Point", "coordinates": [-24.02834, -2.15]}, "properties": {"date": "1800-12-14", "date_republicaine": "23 frimaire an IX", "navire": "les corvettes", "table": "2 - Traversée de France à l'Ile-de-France (suite)", "page": 477, "remarque": "Vu des paille-en-cus et des poissons volans.", "vents_etat_du_ciel": "SE. Joli frais ; beau temps.", "barometre_hpa": 1016.5, "obs_latitude": "", "obs_longitude": "", "alerte": "", "thermometre": "22,2", "journal_anonyme": ", tems par grains la mer grosse le vent au SE joli frais il a tombé beaucoup de pluie. 8"}}, {"type": "Feature", "geometry": {"type": "Point", "coordinates": [-24.84889, -2.96667]}, "properties": {"date": "1800-12-15", "date_republicaine": "24 frimaire an IX", "navire": "les corvettes", "table": "2 - Traversée de France à l'Ile-de-France (suite)", "page": 477, "remarque": "", "vents_etat_du_ciel": "SE. SSE. Joli frais ; b. temps.", "barometre_hpa": 1018.0, "obs_latitude": "", "obs_longitude": "", "alerte": "", "thermometre": "22,2", "journal_anonyme": "Joli frais de SE¼S beau tems, la mer un peu grosse. De huit heures à midi, le commandant nous ayant considérablement gagnée nous avons mis notre ancre de tribord dans la calle"}}, {"type": "Feature", "geometry": {"type": "Point", "coordinates": [-26.03584, -3.86667]}, "properties": {"date": "1800-12-16", "date_republicaine": "25 frimaire an IX", "navire": "les corvettes", "table": "2 - Traversée de France à l'Ile-de-France (suite)", "page": 477, "remarque": "Inclinaison de l'aiguille aimantée (à 6 h. 30' soir) = 15° 0' vers le Nord, à 1° ou 2° près.", "vents_etat_du_ciel": "SE. ESE. Joli frais; b. temps.", "barometre_hpa": 1018.0, "obs_latitude": "", "obs_longitude": "", "alerte": "", "thermometre": "22,0", "journal_anonyme": "Beau tems , la mer assez tranquille les vents petits frais de la partie du SE. A 4h le commandant nous à signalé son point, nous avons mis une des ancres [de bossoir] à jet en avant du grand mat"}}, {"type": "Feature", "geometry": {"type": "Point", "coordinates": [-26.65639, -4.91667]}, "properties": {"date": "1800-12-17", "date_republicaine": "26 frimaire an IX", "navire": "les corvettes", "table": "2 - Traversée de France à l'Ile-de-France (suite)", "page": 477, "remarque": "Inclinaison de l'aiguille aimantée (à 3 h. soir) = 17° 0' vers le Nord, à 2° ou 3° près, à cause du mouv. du navire.", "vents_etat_du_ciel": "ESE. E. Joli frais ; b. temps.", "barometre_hpa": 1019.6, "obs_latitude": "", "obs_longitude": "", "alerte": "", "thermometre": "22,0", "journal_anonyme": "Les vents variables du SE à lESE, le tems beau la mer belle, le vent assez agréable"}}, {"type": "Feature", "geometry": {"type": "Point", "coordinates": [-27.11028, -6.55]}, "properties": {"date": "1800-12-18", "date_republicaine": "27 frimaire an IX", "navire": "les corvettes", "table": "2 - Traversée de France à l'Ile-de-France (suite)", "page": 477, "remarque": "", "vents_etat_du_ciel": "E. SE. Joli frais ; beau temps.", "barometre_hpa": 1016.5, "obs_latitude": "", "obs_longitude": "", "alerte": "", "thermometre": "21,2", "journal_anonyme": "Le vent dESE petit frais. Le batiment moux. Dans la nuit lancé des fusées pour nous faire appercevoir du commandant. Au jour nous l ’avons apperçu dans l’ENE"}}, {"type": "Feature", "geometry": {"type": "Point", "coordinates": [-27.43056, -8.01667]}, "properties": {"date": "1800-12-19", "date_republicaine": "28 frimaire an IX", "navire": "les corvettes", "table": "2 - Traversée de France à l'Ile-de-France (suite)", "page": 477, "remarque": "Vu des poissons volans.", "vents_etat_du_ciel": "ESE. E. Joli frais ; b. temps.", "barometre_hpa": 1019.6, "obs_latitude": "", "obs_longitude": "", "alerte": "", "thermometre": "21,8", "journal_anonyme": "Le vent ESE joli frais. Le tems beau, la mer un peu grosse et le ciel clair"}}, {"type": "Feature", "geometry": {"type": "Point", "coordinates": [-27.42695, -9.60417]}, "properties": {"date": "1800-12-20", "date_republicaine": "29 frimaire an IX", "navire": "les corvettes", "table": "2 - Traversée de France à l'Ile-de-France (suite)", "page": 477, "remarque": "Les courans portent au SO., depuis quelques jours.", "vents_etat_du_ciel": "E. ESE. Joli frais ; b. temps.", "barometre_hpa": 1016.5, "obs_latitude": "", "obs_longitude": "", "alerte": "", "thermometre": "21,8", "journal_anonyme": "Vent dESE joli frais, la mer belle, et ciel nuageux. Le lock étant trop long nous lavons réduit à 43 pieds ½"}}, {"type": "Feature", "geometry": {"type": "Point", "coordinates": [-27.72167, -11.18333]}, "properties": {"date": "1800-12-21", "date_republicaine": "30 frimaire an IX", "navire": "les corvettes", "table": "2 - Traversée de France à l'Ile-de-France", "page": 478, "remarque": "Lors de l'observation de l'amplitude occase, la direction de l'aiguille aimantée a éprouvé beaucoup de variations ; elle passoit subitement de 10 à 30° sans que le bâtiment eût éprouvé de mouvement de rotation, et quoique le soleil fût toujours dans la direction des pinnules ; mais après ces écarts qui se faisoient presque par bonds, elle revenoit constamment au même point.", "vents_etat_du_ciel": "ENE. ESE. Joli frais ; beau temps ; un peu de pluie.", "barometre_hpa": 1016.5, "obs_latitude": "", "obs_longitude": "", "alerte": "", "thermometre": "21,0", "journal_anonyme": "Beau tems, belle mer et joli frais d’ESE dans la nuit hissé un feu à la corne pour nous faire appercevoir du commandant. Du 30 [frimaire] au 1er [nivose, an 9, 21-22 décembre 1800]. Le vent dESE joli frais, la mer grosse nous avons changé notre mat de foc qui étoit cassé"}}, {"type": "Feature", "geometry": {"type": "Point", "coordinates": [-27.52528, -12.75]}, "properties": {"date": "1800-12-22", "date_republicaine": "1er nivôse an IX", "navire": "les corvettes", "table": "2 - Traversée de France à l'Ile-de-France", "page": 478, "remarque": "", "vents_etat_du_ciel": "ENE. E. Joli frais, b. temps.", "barometre_hpa": 1025.6, "obs_latitude": "", "obs_longitude": "", "alerte": "", "thermometre": "22,5"}}, {"type": "Feature", "geometry": {"type": "Point", "coordinates": [-27.2125, -14.22806]}, "properties": {"date": "1800-12-23", "date_republicaine": "2 nivôse an IX", "navire": "les corvettes", "table": "2 - Traversée de France à l'Ile-de-France", "page": 478, "remarque": "", "vents_etat_du_ciel": "E. ENE. Joli frais, b. temps.", "barometre_hpa": 1019.6, "obs_latitude": "", "obs_longitude": "", "alerte": "", "thermometre": "22,5", "journal_anonyme": "Le vent dENE joli frais, le tems beau, la mer un peu houleuse ; le commandant nous restant au SSE 5º sud"}}, {"type": "Feature", "geometry": {"type": "Point", "coordinates": [-27.21611, -15.71667]}, "properties": {"date": "1800-12-24", "date_republicaine": "3 nivôse an IX", "navire": "les corvettes", "table": "2 - Traversée de France à l'Ile-de-France", "page": 478, "remarque": "", "vents_etat_du_ciel": "ENE. NE. NNE. Joli frais ; b. temps ; pluie pend. la nuit.", "barometre_hpa": 1019.6, "obs_latitude": "", "obs_longitude": "", "alerte": "", "thermometre": "25,0", "journal_anonyme": "Beau tems, la mer belle, le commandant au SSE les vents variables du SE¼E à lest"}}, {"type": "Feature", "geometry": {"type": "Point", "coordinates": [-25.93667, -17.38333]}, "properties": {"date": "1800-12-25", "date_republicaine": "4 nivôse an IX", "navire": "les corvettes", "table": "2 - Traversée de France à l'Ile-de-France", "page": 478, "remarque": "", "vents_etat_du_ciel": "NE. NNE. Joli fr. ; b. temps ; pluie abond. pend. la nuit.", "barometre_hpa": 1019.6, "obs_latitude": "", "obs_longitude": "", "alerte": "", "thermometre": "25,1", "journal_anonyme": "Beau tems, la mer belle, le ciel nuageux bon frais de NE le commandant nous à signalé son point et nous lui avons signalé le notre"}}, {"type": "Feature", "geometry": {"type": "Point", "coordinates": [-24.45722, -19.03722]}, "properties": {"date": "1800-12-26", "date_republicaine": "5 nivôse an IX", "navire": "les corvettes", "table": "2 - Traversée de France à l'Ile-de-France", "page": 478, "remarque": "", "vents_etat_du_ciel": "NE. E. Joli frais ; b. temps ; pluie pendant la nuit.", "barometre_hpa": 1022.6, "obs_latitude": "", "obs_longitude": "", "alerte": "", "thermometre": "25,0", "journal_anonyme": "Le tems beau, la mer belle le vent de NE bon frais. Le commandant nous à signalé la route au SE"}}, {"type": "Feature", "geometry": {"type": "Point", "coordinates": [-23.6775, -20.05]}, "properties": {"date": "1800-12-27", "date_republicaine": "6 nivôse an IX", "navire": "les corvettes", "table": "2 - Traversée de France à l'Ile-de-France", "page": 478, "remarque": "", "vents_etat_du_ciel": "ENE. NE. ESE. Joli fr. ; beau temps ; le soir, temps à gr. ; pluie continuelle.", "barometre_hpa": 1019.6, "obs_latitude": "", "obs_longitude": "", "alerte": "", "thermometre": "25,4", "journal_anonyme": "Petit frais de NE la mer un peu houleuse le ciel nuageux le commandant au SSE grande distance"}}, {"type": "Feature", "geometry": {"type": "Point", "coordinates": [-23.16472, -21.21667]}, "properties": {"date": "1800-12-28", "date_republicaine": "7 nivôse an IX", "navire": "les corvettes", "table": "2 - Traversée de France à l'Ile-de-France", "page": 478, "remarque": "", "vents_etat_du_ciel": "NE. ENE. Petit frais ; temps couvert et à grains.", "barometre_hpa": 1016.5, "obs_latitude": "*", "obs_longitude": "*", "alerte": "", "thermometre": "25,1", "journal_anonyme": "Le vent de NE petit frais, le tems beau le ciel nuageux, la mer houleuse. A 9h les vents ont passé à lESE nous avons pris basbord amures au jour apperçu un batiment dans lOSO que nous avons signalé au commandant. 9"}}, {"type": "Feature", "geometry": {"type": "Point", "coordinates": [-23.05195, -22.08333]}, "properties": {"date": "1800-12-29", "date_republicaine": "8 nivôse an IX", "navire": "les corvettes", "table": "2 - Traversée de France à l'Ile-de-France", "page": 478, "remarque": "Inclinaison de l'aiguille aimantée = 15° 0' vers le Sud. Assez bonne observation.", "vents_etat_du_ciel": "NE. SE. Joli fr. ; temps couv. ; grains et petite pluie par intervalles.", "barometre_hpa": 1022.6, "obs_latitude": "", "obs_longitude": "", "alerte": "", "thermometre": "25,0", "journal_anonyme": "Petit frais dESE la mer assez belle et le tems très inconstant. Le commandant nous restant dans l’ESE"}}, {"type": "Feature", "geometry": {"type": "Point", "coordinates": [-22.98889, -23.31667]}, "properties": {"date": "1800-12-30", "date_republicaine": "9 nivôse an IX", "navire": "les corvettes", "table": "2 - Traversée de France à l'Ile-de-France", "page": 478, "remarque": "A 9 h. 15' coupé le tropique du Capricorne.", "vents_etat_du_ciel": "E. ESE. Petit frais ; b. temps.", "barometre_hpa": 1019.6, "obs_latitude": "", "obs_longitude": "", "alerte": "", "thermometre": "21,5", "journal_anonyme": "Vent dest bon frais par raffales, le tems très inconstant la mer très houleuse. A 10h½ nous avons fait signal au commandant que nos huniers étoit endommagé ; nous les avons de suite dévergué et réparé. Du 9 au 10 [ nivose, an 9, 30-31décembre 1800]. Beau tems, presque calme. Nous avons passé le tropique du Capricorne le 10 sur les 6h du matin par 22º 2’ 18” de latitude"}}, {"type": "Feature", "geometry": {"type": "Point", "coordinates": [-23.25945, -24.0]}, "properties": {"date": "1800-12-31", "date_republicaine": "10 nivôse an IX", "navire": "les corvettes", "table": "2 - Traversée de France à l'Ile-de-France", "page": 478, "remarque": "Vu un pétrel et des poissons volans.", "vents_etat_du_ciel": "ESE. E. Petit frais ; temps couvert.", "barometre_hpa": 1019.6, "obs_latitude": "", "obs_longitude": "", "alerte": "", "thermometre": "25,1"}}, {"type": "Feature", "geometry": {"type": "Point", "coordinates": [-23.14639, -24.96667]}, "properties": {"date": "1801-01-01", "date_republicaine": "11 nivôse an IX", "navire": "les corvettes", "table": "2 - Traversée de France à l'Ile-de-France", "page": 478, "remarque": "Vu plusieurs requins.", "vents_etat_du_ciel": "E. ESE. Foible brise ; beau temps.", "barometre_hpa": 1019.6, "obs_latitude": "", "obs_longitude": "", "alerte": "", "thermometre": "25,0", "journal_anonyme": "Le tems nébuleux , le vent très léger. Pluie et brouillard dans laprès midi ; la mer houleuse. Le commandant très près"}}, {"type": "Feature", "geometry": {"type": "Point", "coordinates": [-22.61695, -24.93333]}, "properties": {"date": "1801-01-02", "date_republicaine": "12 nivôse an IX", "navire": "les corvettes", "table": "2 - Traversée de France à l'Ile-de-France", "page": 478, "remarque": "", "vents_etat_du_ciel": "SO. S. SSE. SE. Foible brise ; beau temps.", "barometre_hpa": 1016.5, "obs_latitude": "", "obs_longitude": "", "alerte": "", "thermometre": "22,5", "journal_anonyme": "Le tems assez beau , la mer belle, presque calme. Nous nous sommes occupés à roidir nos grands haubans et ceux du mat de misaine"}}, {"type": "Feature", "geometry": {"type": "Point", "coordinates": [-22.10417, -25.31667]}, "properties": {"date": "1801-01-03", "date_republicaine": "13 nivôse an IX", "navire": "les corvettes", "table": "2 - Traversée de France à l'Ile-de-France", "page": 478, "remarque": "", "vents_etat_du_ciel": "Du SE. au NE. Petit frais ; beau temps.", "barometre_hpa": 1022.6, "obs_latitude": "", "obs_longitude": "", "alerte": "", "thermometre": "20,7", "journal_anonyme": "Beau tems, belle mer, le vent d’ est petit frais à 10h viré de bord pour rallier le commandant"}}, {"type": "Feature", "geometry": {"type": "Point", "coordinates": [-21.99111, -26.1]}, "properties": {"date": "1801-01-04", "date_republicaine": "14 nivôse an IX", "navire": "les corvettes", "table": "2 - Traversée de France à l'Ile-de-France", "page": 478, "remarque": "", "vents_etat_du_ciel": "NE. N. ONO. Petit frais ; b. temps.", "barometre_hpa": 1019.6, "obs_latitude": "", "obs_longitude": "", "alerte": "", "thermometre": "23,5", "journal_anonyme": "Beau tems, belle mer, à 7h du soir nous avons mis en panne et mis un canot à la mer pour sauver un sac qui y étoit tombé un moment après nous avons fait servir"}}, {"type": "Feature", "geometry": {"type": "Point", "coordinates": [-21.32834, -26.61667]}, "properties": {"date": "1801-01-05", "date_republicaine": "15 nivôse an IX", "navire": "les corvettes", "table": "2 - Traversée de France à l'Ile-de-France", "page": 478, "remarque": "", "vents_etat_du_ciel": "ONO. OSO. SO. SSO. S. SSE. Joli fr. ; b. temps : l'après-midi, temps couv. et pluie.", "barometre_hpa": 1016.5, "obs_latitude": "", "obs_longitude": "", "alerte": "", "thermometre": "20,5", "journal_anonyme": "Beau tems, belle mer, les vents petits frais du sud. Le commandant très loin"}}, {"type": "Feature", "geometry": {"type": "Point", "coordinates": [-19.66528, -26.1]}, "properties": {"date": "1801-01-06", "date_republicaine": "16 nivôse an IX", "navire": "les corvettes", "table": "2 - Traversée de France à l'Ile-de-France", "page": 478, "remarque": "", "vents_etat_du_ciel": "SSE. Joli frais ; beau temps.", "barometre_hpa": 1019.6, "obs_latitude": "", "obs_longitude": "", "alerte": "", "thermometre": "22,5", "journal_anonyme": "Le vent de sud assez frais, le tems par grains le ciel nuageux, le commandant nous à donné lordre de rallier étant par son travers il nous à donné lordre de gouverner au SE sitot que nous le pourions"}}, {"type": "Feature", "geometry": {"type": "Point", "coordinates": [-18.86917, -25.78333]}, "properties": {"date": "1801-01-07", "date_republicaine": "17 nivôse an IX", "navire": "les corvettes", "table": "2 - Traversée de France à l'Ile-de-France", "page": 478, "remarque": "", "vents_etat_du_ciel": "SSE. E. Joli frais ; b. temps.", "barometre_hpa": 1022.6, "obs_latitude": "", "obs_longitude": "", "alerte": "", "thermometre": "20,0", "journal_anonyme": "Les vents su SSO au SSE le tems beau la mer clapoteuse, à 6h le commandant nous à fait signal de viré lof pour lof . Nous avons de suite pris basbord amures"}}, {"type": "Feature", "geometry": {"type": "Point", "coordinates": [-18.97806, -27.01667]}, "properties": {"date": "1801-01-08", "date_republicaine": "18 nivôse an IX", "navire": "les corvettes", "table": "2 - Traversée de France à l'Ile-de-France", "page": 478, "remarque": "", "vents_etat_du_ciel": "ESE. E. Joli frais ; b. temps.", "barometre_hpa": 1025.6, "obs_latitude": "", "obs_longitude": "", "alerte": "", "thermometre": "24,1", "journal_anonyme": "Les vents variables du SSE à lESE le ciel nuageux , la mer grosse"}}, {"type": "Feature", "geometry": {"type": "Point", "coordinates": [-18.26, -28.51389]}, "properties": {"date": "1801-01-09", "date_republicaine": "19 nivôse an IX", "navire": "les corvettes", "table": "2 - Traversée de France à l'Ile-de-France", "page": 478, "remarque": "", "vents_etat_du_ciel": "E. ENE. Joli frais ; b. temps.", "barometre_hpa": 1025.6, "obs_latitude": "", "obs_longitude": "", "alerte": "", "thermometre": "25,0", "journal_anonyme": "Les vents variables de lESE à lest. Le ciel clair et la mer grosse. Pendant la nuit nous mimes toutes les demi heures un fanal au haut du mat de mizaine 10 pour montrer [à] notre position au commandant et lui demander la sienne ce ne fut qua 3h du matin que nous distinguames son feu de poupe au S½E"}}, {"type": "Feature", "geometry": {"type": "Point", "coordinates": [-17.49722, -29.78333]}, "properties": {"date": "1801-01-10", "date_republicaine": "20 nivôse an IX", "navire": "les corvettes", "table": "2 - Traversée de France à l'Ile-de-France", "page": 478, "remarque": "", "vents_etat_du_ciel": "ENE. NE. Joli frais ; beau temps.", "barometre_hpa": 1025.6, "obs_latitude": "", "obs_longitude": "", "alerte": "", "thermometre": "26,5", "journal_anonyme": "Le vent de lest grand frais, le ciel nuageux la mer belle. Le commandant à une lieue devant nous nous avons hissé un feu à la corne pour lui marquer notre position"}}, {"type": "Feature", "geometry": {"type": "Point", "coordinates": [-16.48445, -31.0]}, "properties": {"date": "1801-01-11", "date_republicaine": "21 nivôse an IX", "navire": "les corvettes", "table": "2 - Traversée de France à l'Ile-de-France", "page": 478, "remarque": "", "vents_etat_du_ciel": "NNE. N. Joli frais ; b. temps.", "barometre_hpa": 1025.6, "obs_latitude": "", "obs_longitude": "", "alerte": "", "thermometre": "22,5", "journal_anonyme": "Les vents de lESE à lENE petit frais la mer belle et le ciel serein. A 8 heures nous nappercevions pas le commandant, nous lui fimes des signaux auxquels il n’a pas répondu"}}, {"type": "Feature", "geometry": {"type": "Point", "coordinates": [-14.35472, -31.71667]}, "properties": {"date": "1801-01-12", "date_republicaine": "22 nivôse an IX", "navire": "les corvettes", "table": "2 - Traversée de France à l'Ile-de-France", "page": 478, "remarque": "", "vents_etat_du_ciel": "N. NNE. Joli frais ; b. temps.", "barometre_hpa": 1028.6, "obs_latitude": "", "obs_longitude": "", "alerte": "", "thermometre": "22,0", "journal_anonyme": "Les vents au NE et ENE petit frais. Le ciel serein, la mer belle, le commandant de l’avant à grande distance à 8h du soir nous lavons perdu de vue, ce ne fut quà 1h¾ le lendemain matin nous lapperçumes au vent à nous. Forcé de voile pour le rallier"}}, {"type": "Feature", "geometry": {"type": "Point", "coordinates": [-12.74195, -32.49222]}, "properties": {"date": "1801-01-13", "date_republicaine": "23 nivôse an IX", "navire": "les corvettes", "table": "2 - Traversée de France à l'Ile-de-France", "page": 479, "remarque": "Vu un albatrosse.", "vents_etat_du_ciel": "NNE. NNO. Joli frais ; beau temps.", "barometre_hpa": 1022.6, "obs_latitude": "", "obs_longitude": "", "alerte": "", "thermometre": "20,2", "journal_anonyme": "Les vents dENE et de NE petits frais le tems beau, la mer belle à midi les vents ont un peu fraichi à 7h du matin nous avons apperçu un brick courant à contre bord et nous restant au NE¼E. Nous l’avons signalé au commandant"}}, {"type": "Feature", "geometry": {"type": "Point", "coordinates": [-10.87889, -33.02139]}, "properties": {"date": "1801-01-14", "date_republicaine": "24 nivôse an IX", "navire": "les corvettes", "table": "2 - Traversée de France à l'Ile-de-France", "page": 479, "remarque": "Vu des albatrosses.", "vents_etat_du_ciel": "NNO. NNE. Joli frais ; beau temps.", "barometre_hpa": 1025.6, "obs_latitude": "", "obs_longitude": "", "alerte": "", "thermometre": "21,5", "journal_anonyme": "Meme vents le tems beau, la mer belle mais houleuse de la partie du SO. Vu plusieurs albatros"}}, {"type": "Feature", "geometry": {"type": "Point", "coordinates": [-7.91778, -33.07639]}, "properties": {"date": "1801-01-15", "date_republicaine": "25 nivôse an IX", "navire": "les corvettes", "table": "2 - Traversée de France à l'Ile-de-France", "page": 479, "remarque": "", "vents_etat_du_ciel": "NNO. NO, Joli frais ; beau temps.", "barometre_hpa": 1022.6, "obs_latitude": "", "obs_longitude": "", "alerte": "", "thermometre": "21,5", "journal_anonyme": "Les vents ont passé successivement du N, NNE, NNO, le ciel beau, la mer clapoteuse, à midi et demi nous avons passé à poupe du commandant il nous à ordonné de gouverner à lESE"}}, {"type": "Feature", "geometry": {"type": "Point", "coordinates": [-5.55306, -33.2]}, "properties": {"date": "1801-01-16", "date_republicaine": "26 nivôse an IX", "navire": "les corvettes", "table": "2 - Traversée de France à l'Ile-de-France", "page": 479, "remarque": "", "vents_etat_du_ciel": "NNO. O. SSO. S. Bon frais ; temps couvert et pluvieux.", "barometre_hpa": 1019.6, "obs_latitude": "*", "obs_longitude": "*", "alerte": "", "thermometre": "17,5", "journal_anonyme": "Le vent de NNO petit frais, la mer belle et le tems à grains. Le commandant nous restant à lESE petite distance. A midi le tems est devenu clair"}}, {"type": "Feature", "geometry": {"type": "Point", "coordinates": [-2.54028, -33.0]}, "properties": {"date": "1801-01-17", "date_republicaine": "27 nivôse an IX", "navire": "les corvettes", "table": "2 - Traversée de France à l'Ile-de-France", "page": 479, "remarque": "", "vents_etat_du_ciel": "SSO. S. Joli fr. ; temps couv. ; grains et pluie pend. la nuit.", "barometre_hpa": 1016.5, "obs_latitude": "", "obs_longitude": "", "alerte": "", "thermometre": "16,1", "journal_anonyme": "Les vents ont passés du N au NNO bon frais. Le tems couvert la mer belle, le commandant à signalé la route à lESE"}}, {"type": "Feature", "geometry": {"type": "Point", "coordinates": [-0.0775, -32.71667]}, "properties": {"date": "1801-01-18", "date_republicaine": "28 nivôse an IX", "navire": "les corvettes", "table": "2 - Traversée de France à l'Ile-de-France", "page": 479, "remarque": "Vu des pétrels et des albatrosses. Passé dans un lit de marée.", "vents_etat_du_ciel": "SSO. SSE. Joli frais ; temps couvert.", "barometre_hpa": 1025.6, "obs_latitude": "*", "obs_longitude": "*", "alerte": "", "thermometre": "15,8", "journal_anonyme": "Le vent de SSO joli frais le tems beau la mer belle. Le commandant nous à signalé son point après quoi il nous [lui avons] à signalé la route au SE¼E"}}, {"type": "Feature", "geometry": {"type": "Point", "coordinates": [1.23555, -31.63333]}, "properties": {"date": "1801-01-19", "date_republicaine": "29 nivôse an IX", "navire": "les corvettes", "table": "2 - Traversée de France à l'Ile-de-France", "page": 479, "remarque": "", "vents_etat_du_ciel": "SSE. ESE. Joli frais ; t. couv. ; dans la nuit., pl. et vent par rafales.", "barometre_hpa": 1034.6, "obs_latitude": "*", "obs_longitude": "*", "alerte": "", "thermometre": "16,8", "journal_anonyme": "Les vents de SSO au sud bon frais la mer belle le tems couvert. A 5h du soir le commandant nous à fait le signal de serré le vent. A 8h du matin la balancine de vergue barré s’est rompue par un coup de tangage on la de suite réparé. A midi viré lof pour lof"}}, {"type": "Feature", "geometry": {"type": "Point", "coordinates": [0.63166, -33.15]}, "properties": {"date": "1801-01-20", "date_republicaine": "30 nivôse an IX", "navire": "les corvettes", "table": "2 - Traversée de France à l'Ile-de-France", "page": 479, "remarque": "", "vents_etat_du_ciel": "SE. ESE. Joli frais ; temps couvert.", "barometre_hpa": 1028.6, "obs_latitude": "", "obs_longitude": "", "alerte": "", "thermometre": "18,1", "journal_anonyme": "Le vent SSE joli frais par raffales le tems couvert, la mer un peu grosse à 7h¾ la route nous à été signalé à lESE. Pris les ris du perroquet de fougue. 11"}}, {"type": "Feature", "geometry": {"type": "Point", "coordinates": [0.32778, -34.51667]}, "properties": {"date": "1801-01-21", "date_republicaine": "1er pluviôse an IX", "navire": "les corvettes", "table": "2 - Traversée de France à l'Ile-de-France", "page": 479, "remarque": "", "vents_etat_du_ciel": "SE. E. Joli fr. ; beau temps.", "barometre_hpa": 1028.6, "obs_latitude": "", "obs_longitude": "", "alerte": "", "thermometre": "20,1", "journal_anonyme": "Les vents au SE et SE¼E bon frais le tems couvert, la mer houleuse"}}, {"type": "Feature", "geometry": {"type": "Point", "coordinates": [0.3325, -35.66833]}, "properties": {"date": "1801-01-22", "date_republicaine": "2 pluviôse an IX", "navire": "les corvettes", "table": "2 - Traversée de France à l'Ile-de-France", "page": 479, "remarque": "", "vents_etat_du_ciel": "SE. N. Petit frais ; temps couvert.", "barometre_hpa": 1025.6, "obs_latitude": "", "obs_longitude": "", "alerte": "", "thermometre": "22,5", "journal_anonyme": "Les vents variables du SE au SSE . Petit frais le ciel nuageux, la mer houleuse, le commandant sous le vent à moyenne distance"}}, {"type": "Feature", "geometry": {"type": "Point", "coordinates": [0.57028, -36.21667]}, "properties": {"date": "1801-01-23", "date_republicaine": "3 pluviôse an IX", "navire": "les corvettes", "table": "2 - Traversée de France à l'Ile-de-France", "page": 479, "remarque": "", "vents_etat_du_ciel": "NNO. NO. OSO. SO. SSO. S. Bon frais par grains et de la pluie ; temps couvert.", "barometre_hpa": 1019.6, "obs_latitude": "", "obs_longitude": "", "alerte": "", "thermometre": "15,1", "journal_anonyme": "Les vents de lest à lENE. Le tems beau, la mer un peu houleuse. A 3h de laprès midi nous avons envoyé un canot à bord du Geographe. A 4h le tems par grains et lhorison très chargé dans lest sétendant vers louest à 8h du matin le commandant le commandant nous à signalé la route à lESE"}}, {"type": "Feature", "geometry": {"type": "Point", "coordinates": [4.65, -35.7]}, "properties": {"date": "1801-01-24", "date_republicaine": "4 pluviôse an IX", "navire": "les corvettes", "table": "2 - Traversée de France à l'Ile-de-France", "page": 479, "remarque": "", "vents_etat_du_ciel": "S. SSE. Joli frais ; b. temps.", "barometre_hpa": 1025.6, "obs_latitude": "", "obs_longitude": "*", "alerte": "", "thermometre": "13,8", "journal_anonyme": "Les vents variables de lESE à lest et au NE. La mer grosse. A 9h du soir la draille du grand foc s’est [réparé] rompue on la réparé de suite. Eclairant de tous les points de l’horison"}}, {"type": "Feature", "geometry": {"type": "Point", "coordinates": [6.16389, -35.14083]}, "properties": {"date": "1801-01-25", "date_republicaine": "5 pluviôse an IX", "navire": "les corvettes", "table": "2 - Traversée de France à l'Ile-de-France", "page": 479, "remarque": "", "vents_etat_du_ciel": "S. SSE. Joli frais ; beau temps.", "barometre_hpa": 1025.6, "obs_latitude": "", "obs_longitude": "", "alerte": "", "thermometre": "14,8", "journal_anonyme": "Le vent du SO joli frais le ciel couvert la mer houleuse"}}, {"type": "Feature", "geometry": {"type": "Point", "coordinates": [7.62555, -34.72444]}, "properties": {"date": "1801-01-26", "date_republicaine": "6 pluviôse an IX", "navire": "les corvettes", "table": "2 - Traversée de France à l'Ile-de-France", "page": 479, "remarque": "", "vents_etat_du_ciel": "SSO. SSE. Joli fr. ; b. temps.", "barometre_hpa": 1019.6, "obs_latitude": "", "obs_longitude": "", "alerte": "", "thermometre": "15,5", "journal_anonyme": "Les vents variables du sud au S¼SO le ciel nuageux, la mer un peu grosse, le commandant à petite distance"}}, {"type": "Feature", "geometry": {"type": "Point", "coordinates": [8.38861, -34.48083]}, "properties": {"date": "1801-01-27", "date_republicaine": "7 pluviôse an IX", "navire": "les corvettes", "table": "2 - Traversée de France à l'Ile-de-France", "page": 479, "remarque": "", "vents_etat_du_ciel": "SSE. S. SO. NO. Petit frais ; beau temps.", "barometre_hpa": 1025.6, "obs_latitude": "", "obs_longitude": "", "alerte": "", "thermometre": "15,5", "journal_anonyme": "Petit frais du SSE le tems beau, la mer un peu houleuse. A 8h 30’ du matin le commandant nous à signalé lordre de laisser arriver sur lui, à 9h nous avons réparé une avarie dans le grand hunier nous lui avons de suite signalé"}}, {"type": "Feature", "geometry": {"type": "Point", "coordinates": [8.76805, -34.35]}, "properties": {"date": "1801-01-28", "date_republicaine": "8 pluviôse an IX", "navire": "les corvettes", "table": "2 - Traversée de France à l'Ile-de-France", "page": 479, "remarque": "", "vents_etat_du_ciel": "O. SO. Foible brise ; b. temps.", "barometre_hpa": 1028.6, "obs_latitude": "", "obs_longitude": "", "alerte": "", "thermometre": "18,1", "journal_anonyme": "Les vents variant de lest à lENE, le tems beau, la mer belle ; le commandant très loin dans l’ONO. Nous nous sommes apperçu que notre grand mat de perroquet étoit pourri, nous l’avons de suite changé"}}, {"type": "Feature", "geometry": {"type": "Point", "coordinates": [9.495, -34.10306]}, "properties": {"date": "1801-01-29", "date_republicaine": "9 pluviôse an IX", "navire": "les corvettes", "table": "2 - Traversée de France à l'Ile-de-France", "page": 479, "remarque": "", "vents_etat_du_ciel": "SSO. SO. Petit frais ; b. temps.", "barometre_hpa": 1028.6, "obs_latitude": "", "obs_longitude": "", "alerte": "", "thermometre": "17,4", "journal_anonyme": "Les vents de sud au SO. A 6h du soir le capitaine à demandé au commandant, la permission de mettre un canot à la mer au premier jour de calme, pour pouvoir nétoyer le dehors du batiment ce qui lui à été accordé. Le tems très léger, la mer belle et le ciel serein"}}, {"type": "Feature", "geometry": {"type": "Point", "coordinates": [10.47722, -34.4875]}, "properties": {"date": "1801-01-30", "date_republicaine": "10 pluviôse an IX", "navire": "les corvettes", "table": "2 - Traversée de France à l'Ile-de-France", "page": 479, "remarque": "", "vents_etat_du_ciel": "SSO. OSO. Bon frais ; beau temps.", "barometre_hpa": 1022.6, "obs_latitude": "", "obs_longitude": "", "alerte": "", "thermometre": "15,9", "journal_anonyme": "Le vent du SO très foible, à midi le commandant à mis le perroquet de fougue sur le mat pour nous attendre. Le tems beau, la mer belle"}}, {"type": "Feature", "geometry": {"type": "Point", "coordinates": [13.4175, -34.90583]}, "properties": {"date": "1801-01-31", "date_republicaine": "11 pluviôse an IX", "navire": "les corvettes", "table": "2 - Traversée de France à l'Ile-de-France", "page": 479, "remarque": "", "vents_etat_du_ciel": "Du SO. au SSE. Joli frais ; beau temps.", "barometre_hpa": 1016.5, "obs_latitude": "", "obs_longitude": "", "alerte": "", "thermometre": "16,1", "journal_anonyme": "Vent de SO très foible la mer belle. Le commandant dans [le] ESE. 12"}}, {"type": "Feature", "geometry": {"type": "Point", "coordinates": [15.33639, -33.95389]}, "properties": {"date": "1801-02-01", "date_republicaine": "12 pluviôse an IX", "navire": "les corvettes", "table": "2 - Traversée de France à l'Ile-de-France", "page": 479, "remarque": "", "vents_etat_du_ciel": "Du SSE. au SSO. Bon frais ; temps couvert.", "barometre_hpa": 1019.6, "obs_latitude": "", "obs_longitude": "", "alerte": "", "thermometre": "18,0", "journal_anonyme": "Les vents variants du OSO au SO. Le commandant dans le SE. Beau tems, belle mer"}}, {"type": "Feature", "geometry": {"type": "Point", "coordinates": [16.69916, -34.03333]}, "properties": {"date": "1801-02-02", "date_republicaine": "13 pluviôse an IX", "navire": "les corvettes", "table": "2 - Traversée de France à l'Ile-de-France", "page": 479, "remarque": "Vu un loup marin et des goélands.", "vents_etat_du_ciel": "Du SSO. au NNO. Joli frais ; temps couvert.", "barometre_hpa": 1013.5, "obs_latitude": "", "obs_longitude": "", "alerte": "", "thermometre": "22,0", "journal_anonyme": "Les vents joli frais variants du sud au SSE. Nous avons dégrée nos perroquets, le grand étant déchiré par la violence des vents. A 5h½ la route à été signalé au SE¼E. Le ciel nuageux, la mer houleuse"}}, {"type": "Feature", "geometry": {"type": "Point", "coordinates": [19.39528, -35.03333]}, "properties": {"date": "1801-02-03", "date_republicaine": "14 pluviôse an IX", "navire": "les corvettes", "table": "2 - Traversée de France à l'Ile-de-France", "page": 479, "remarque": "En vue du cap False et du cap de Bonne-Espérance.", "vents_etat_du_ciel": "OSO. O. Bon frais ; temps couvert ; pluie.", "barometre_hpa": 1013.5, "obs_latitude": "", "obs_longitude": "*", "alerte": "", "thermometre": "14,5", "journal_anonyme": "Joli frais de SO. A 3h après midi apperçu une voile dans le NO distant de 5 lieues. Nous avons observé que la mer étoit changé, elle étoit devenue d’un bleue salle, elle marquoit des traces rougeatre de distances en distances ce que nous avons attribué aux courants et à l’approche du bancs des Aiguilles. A 3h½ le commandant à mis en travers pour sonder et n’a pas trouvé fond"}}, {"type": "Feature", "geometry": {"type": "Point", "coordinates": [21.125, -35.2]}, "properties": {"date": "1801-02-04", "date_republicaine": "15 pluviôse an IX", "navire": "les corvettes", "table": "2 - Traversée de France à l'Ile-de-France", "page": 479, "remarque": "", "vents_etat_du_ciel": "SO. NO. Joli frais ; b. temps ; pend. la nuit, t. couv. et pl. ; éclairs dans le SSE. ; tonn.", "barometre_hpa": 1016.5, "obs_latitude": "", "obs_longitude": "", "alerte": "", "thermometre": "14,8", "journal_anonyme": "Le vent bon frais de l’OSO mais variables à 7h nous avons apperçu la terre au nord. Le commandant dans le NNO et éclairant beaucoup dans la partie du SSE. A midi la route à été signalé au SE. Le tems beau la mer un peu grosse"}}, {"type": "Feature", "geometry": {"type": "Point", "coordinates": [23.88778, -36.81667]}, "properties": {"date": "1801-02-05", "date_republicaine": "16 pluviôse an IX", "navire": "les corvettes", "table": "2 - Traversée de France à l'Ile-de-France", "page": 480, "remarque": "", "vents_etat_du_ciel": "Du SO. au NO. Bon frais ; temps couvert.", "barometre_hpa": 1016.5, "obs_latitude": "", "obs_longitude": "", "alerte": "", "thermometre": "16,1", "journal_anonyme": "Bon frais dOSO. Tems par grains la mer grosse ; le commandant à une moyenne distance dans lESE"}}, {"type": "Feature", "geometry": {"type": "Point", "coordinates": [28.8175, -36.98333]}, "properties": {"date": "1801-02-06", "date_republicaine": "17 pluviôse an IX", "navire": "les corvettes", "table": "2 - Traversée de France à l'Ile-de-France", "page": 480, "remarque": "", "vents_etat_du_ciel": "NO. SO. SSO. S. SSE. Bon fr. ; temps couvert et brumeux.", "barometre_hpa": 1028.6, "obs_latitude": "*", "obs_longitude": "*", "alerte": "", "thermometre": "16,5", "journal_anonyme": "OSO bon frais. Le tems beau , la mer houleuse. A midi la route à été signalé à lE¼SE le 17 notre grand voile s’étant déchiré nous lavons de suite réparé ; vu beaucoup d’albatrossse"}}, {"type": "Feature", "geometry": {"type": "Point", "coordinates": [29.16361, -34.96667]}, "properties": {"date": "1801-02-07", "date_republicaine": "18 pluviôse an IX", "navire": "les corvettes", "table": "2 - Traversée de France à l'Ile-de-France", "page": 480, "remarque": "", "vents_etat_du_ciel": "SSE. SE. Variable en force ; temps couvert.", "barometre_hpa": 1022.6, "obs_latitude": "*", "obs_longitude": "*", "alerte": "", "thermometre": "16,8", "journal_anonyme": "Les vents variants du O au NO et SSO. La route à lE¼SE. La mer grosse, le ciel nuageux"}}, {"type": "Feature", "geometry": {"type": "Point", "coordinates": [30.45972, -35.4]}, "properties": {"date": "1801-02-08", "date_republicaine": "19 pluviôse an IX", "navire": "les corvettes", "table": "2 - Traversée de France à l'Ile-de-France", "page": 480, "remarque": "", "vents_etat_du_ciel": "E. ENE. Bon frais ; t. couv. ; petite pluie pendant la nuit.", "barometre_hpa": 1019.6, "obs_latitude": "", "obs_longitude": "", "alerte": "", "thermometre": "23,1", "journal_anonyme": "Beau tems, la mer grosse et les vents variants du sud au SSE . A 6h nous avons changé notre grand [e] hunier le vieux étant déchiré ; nous avons refait le signal de notre avarie"}}, {"type": "Feature", "geometry": {"type": "Point", "coordinates": [31.38944, -36.18333]}, "properties": {"date": "1801-02-09", "date_republicaine": "20 pluviôse an IX", "navire": "les corvettes", "table": "2 - Traversée de France à l'Ile-de-France", "page": 480, "remarque": "", "vents_etat_du_ciel": "NE. NNE. Bon frais ; temps couvert.", "barometre_hpa": 1016.5, "obs_latitude": "", "obs_longitude": "", "alerte": "", "thermometre": "21,9", "journal_anonyme": "Les vents SE et dest. Bon frais le tems beau la mer houleuse"}}, {"type": "Feature", "geometry": {"type": "Point", "coordinates": [34.30222, -36.75]}, "properties": {"date": "1801-02-10", "date_republicaine": "21 pluviôse an IX", "navire": "les corvettes", "table": "2 - Traversée de France à l'Ile-de-France", "page": 480, "remarque": "", "vents_etat_du_ciel": "NE. NNE. Bon frais ; temps couvert.", "barometre_hpa": 1016.5, "obs_latitude": "*", "obs_longitude": "*", "alerte": "", "thermometre": "19,3", "journal_anonyme": "Vents de SE et dest. Joli frais. Le ciel nuageux. A 6h 30’ le commandant à signalé la route à lE¼SE s’ils adonnoient. Quau contraire il vireroit de bord. Le commandant au NNE à moyenne distance. 13"}}, {"type": "Feature", "geometry": {"type": "Point", "coordinates": [36.21222, -36.75]}, "properties": {"date": "1801-02-11", "date_republicaine": "22 pluviôse an IX", "navire": "les corvettes", "table": "2 - Traversée de France à l'Ile-de-France", "page": 480, "remarque": "", "vents_etat_du_ciel": "NNE. N. Joli frais ; b. temps.", "barometre_hpa": 1016.5, "obs_latitude": "", "obs_longitude": "", "alerte": "", "thermometre": "22,5", "journal_anonyme": "Les vents variables du NE au NNE grand frais. A 4h la route à été signalé à lest. A 6h du soir lécoute du grand hnuier s’est rompu nous lavons réparé de suite. Le tems brumeux, la mer grosse"}}, {"type": "Feature", "geometry": {"type": "Point", "coordinates": [37.86139, -36.2]}, "properties": {"date": "1801-02-12", "date_republicaine": "23 pluviôse an IX", "navire": "les corvettes", "table": "2 - Traversée de France à l'Ile-de-France", "page": 480, "remarque": "", "vents_etat_du_ciel": "NNE. N. Joli frais ; b. temps.", "barometre_hpa": 1019.6, "obs_latitude": "", "obs_longitude": "", "alerte": "", "thermometre": "23,0", "journal_anonyme": "Meme vents, le tems pluvieux la mer grosse. Le cap à lest"}}, {"type": "Feature", "geometry": {"type": "Point", "coordinates": [39.69083, -35.68333]}, "properties": {"date": "1801-02-13", "date_republicaine": "24 pluviôse an IX", "navire": "les corvettes", "table": "2 - Traversée de France à l'Ile-de-France", "page": 480, "remarque": "", "vents_etat_du_ciel": "Du N. à l'E. Petit frais ; beau temps.", "barometre_hpa": 1022.6, "obs_latitude": "", "obs_longitude": "", "alerte": "", "thermometre": "24,0", "journal_anonyme": "NE et NNE grand frais de vent, le ciel nuageux, la mer belle. Vu une petite baleine que lon à estimé de 20 à 25 pieds de longueur"}}, {"type": "Feature", "geometry": {"type": "Point", "coordinates": [40.35389, -36.33333]}, "properties": {"date": "1801-02-14", "date_republicaine": "25 pluviôse an IX", "navire": "les corvettes", "table": "2 - Traversée de France à l'Ile-de-France", "page": 480, "remarque": "Vu des albatrosses.", "vents_etat_du_ciel": "Du NE. au SE. Foible brise ; beau temps.", "barometre_hpa": 1025.6, "obs_latitude": "", "obs_longitude": "", "alerte": "", "thermometre": "22,0", "journal_anonyme": "Vents de NE joli frais. Au soir on avoit de la peine à distinguer le commandant de dessus le gaillard d’avant. A 10h du matin calme plat"}}, {"type": "Feature", "geometry": {"type": "Point", "coordinates": [40.93333, -35.86667]}, "properties": {"date": "1801-02-15", "date_republicaine": "26 pluviôse an IX", "navire": "les corvettes", "table": "2 - Traversée de France à l'Ile-de-France", "page": 480, "remarque": "", "vents_etat_du_ciel": "ESE. Petit frais ; b. temps ; ciel couv., et pluie pend. la nuit.", "barometre_hpa": 1025.6, "obs_latitude": "*", "obs_longitude": "", "alerte": "", "thermometre": "22,0", "journal_anonyme": "Les vents variants du NE à lest. Petit frais, le tems orageux et la mer houleuse de la partie de lest. A 8h du soir viré de bord. A 10h du matin litaque du perroquet de fougue ayant cassé on à de suite réparé lavarie"}}, {"type": "Feature", "geometry": {"type": "Point", "coordinates": [40.52694, -34.82389]}, "properties": {"date": "1801-02-16", "date_republicaine": "27 pluviôse an IX", "navire": "les corvettes", "table": "2 - Traversée de France à l'Ile-de-France", "page": 480, "remarque": "Vu des albatrosses.", "vents_etat_du_ciel": "ESE. SE. Joli fr. ; beau temps ; dans la nuit, ciel couvert, grains et brume.", "barometre_hpa": 1025.6, "obs_latitude": "", "obs_longitude": "", "alerte": "", "thermometre": "19,3", "journal_anonyme": "Le vent de la partie de lE petit frais le tems très humide et le ciel nuageux et brumeux, le commandant par un signal nous à demandé quel étoit la quantité de jours d’eau restant à bord. Nous lui avons répondu quil y en avoit pour cinquante jours"}}, {"type": "Feature", "geometry": {"type": "Point", "coordinates": [40.65639, -33.47444]}, "properties": {"date": "1801-02-17", "date_republicaine": "28 pluviôse an IX", "navire": "les corvettes", "table": "2 - Traversée de France à l'Ile-de-France", "page": 480, "remarque": "Vu des baleines.", "vents_etat_du_ciel": "ESE. SSE. Joli frais ; b. temps ; dans la nuit, brume et pluie", "barometre_hpa": 1019.6, "obs_latitude": "", "obs_longitude": "", "alerte": "", "thermometre": "21,5", "journal_anonyme": "Le vent à lESE joli frais . A 10h½ nous avons parlé au commandant, nous lui avons demandé quel étoit la terre qu’il contoit avoir vu près du Cap de Bonne Espèrance. Il nous à répondu que cétoit Fals Cap"}}, {"type": "Feature", "geometry": {"type": "Point", "coordinates": [40.9525, -32.80806]}, "properties": {"date": "1801-02-18", "date_republicaine": "29 pluviôse an IX", "navire": "les corvettes", "table": "2 - Traversée de France à l'Ile-de-France", "page": 480, "remarque": "", "vents_etat_du_ciel": "ESE. E. Foible brise ; beau temps.", "barometre_hpa": 1022.6, "obs_latitude": "", "obs_longitude": "", "alerte": "", "thermometre": "27,1", "journal_anonyme": "Les vents variants de lest à lESE. Le ciel couvert et le tems brumeux, nous avons perdu de vue le commandant à 8h du matin [deux mots illisibles] ayant viré de bord nous avons imité sa manœuvre"}}, {"type": "Feature", "geometry": {"type": "Point", "coordinates": [41.03222, -33.28778]}, "properties": {"date": "1801-02-19", "date_republicaine": "30 pluviôse an IX", "navire": "les corvettes", "table": "2 - Traversée de France à l'Ile-de-France", "page": 480, "remarque": "Passé dans plusieurs ras de marée.", "vents_etat_du_ciel": "E. SE. Foible brise ; b. temps.", "barometre_hpa": 1019.6, "obs_latitude": "", "obs_longitude": "", "alerte": "", "thermometre": "21,2", "journal_anonyme": "Beau tems, belle mer les vents de ESE. Presque calme. A 6h½ du soir viré lof pour lof"}}, {"type": "Feature", "geometry": {"type": "Point", "coordinates": [41.595, -33.01417]}, "properties": {"date": "1801-02-20", "date_republicaine": "1er ventôse an IX", "navire": "les corvettes", "table": "2 - Traversée de France à l'Ile-de-France", "page": 480, "remarque": "", "vents_etat_du_ciel": "E. NE. Joli frais ; b. temps.", "barometre_hpa": 1019.6, "obs_latitude": "", "obs_longitude": "", "alerte": "", "thermometre": "27,7", "journal_anonyme": "Les vents variants de lest à lENE petit frais. A 2h du matin viré lof pour lof. Ventose"}}, {"type": "Feature", "geometry": {"type": "Point", "coordinates": [43.19972, -33.60333]}, "properties": {"date": "1801-02-21", "date_republicaine": "2 ventôse an IX", "navire": "les corvettes", "table": "2 - Traversée de France à l'Ile-de-France", "page": 480, "remarque": "", "vents_etat_du_ciel": "Du NNE. au NNO. Joli fr. ; beau temps.", "barometre_hpa": 1025.6, "obs_latitude": "", "obs_longitude": "", "alerte": "", "thermometre": "20,5", "journal_anonyme": "Le ciel nuageux la mer belle et le vent joli frais variables de lENE, NE et NNE le commandant au NNE 14"}}, {"type": "Feature", "geometry": {"type": "Point", "coordinates": [44.67361, -33.25]}, "properties": {"date": "1801-02-22", "date_republicaine": "3 ventôse an IX", "navire": "les corvettes", "table": "2 - Traversée de France à l'Ile-de-France", "page": 480, "remarque": "", "vents_etat_du_ciel": "SSO. S. SE. Bon frais ; temps couv ; pluie et grains.", "barometre_hpa": 1019.6, "obs_latitude": "*", "obs_longitude": "*", "alerte": "", "thermometre": "19,1", "journal_anonyme": "Beau tems, belle mer, les vents petit frais et très variables du NNE, N, NNO, ouest, SO, sud et SSE. A minuit la brise s’est élevé du SO la mer un peu grosse, le ciel couvert et lourd et le vent bon frais"}}, {"type": "Feature", "geometry": {"type": "Point", "coordinates": [45.49722, -31.84833]}, "properties": {"date": "1801-02-23", "date_republicaine": "4 ventôse an IX", "navire": "les corvettes", "table": "2 - Traversée de France à l'Ile-de-France", "page": 480, "remarque": "", "vents_etat_du_ciel": "SSE. SE. Bon frais ; b. temps.", "barometre_hpa": 1019.6, "obs_latitude": "", "obs_longitude": "", "alerte": "", "thermometre": "19,1", "journal_anonyme": "Tems couvert, mer grosse, le vent très frais du SE au SSE. Le commandant nous restant au NE petite distance"}}, {"type": "Feature", "geometry": {"type": "Point", "coordinates": [46.72389, -30.39556]}, "properties": {"date": "1801-02-24", "date_republicaine": "5 ventôse an IX", "navire": "les corvettes", "table": "2 - Traversée de France à l'Ile-de-France", "page": 480, "remarque": "", "vents_etat_du_ciel": "SSE. SE. Bon frais ; t. couv. ; pluie et grains.", "barometre_hpa": 1022.6, "obs_latitude": "", "obs_longitude": "", "alerte": "", "thermometre": "21,0", "journal_anonyme": "La mer grosse, le ciel couvert et gros frais de vent du SSE au SE. Le commandant dans le SSE très loin à 9h du matin nous lui avons signalé une avarie dans le perroquet de fougue à dix heures tout étoit paré"}}, {"type": "Feature", "geometry": {"type": "Point", "coordinates": [47.565, -28.88306]}, "properties": {"date": "1801-02-25", "date_republicaine": "6 ventôse an IX", "navire": "les corvettes", "table": "2 - Traversée de France à l'Ile-de-France", "page": 480, "remarque": "", "vents_etat_du_ciel": "SE. SSE. Joli frais ; b. temps ; pend. la nuit, pluie et grains.", "barometre_hpa": 1019.6, "obs_latitude": "", "obs_longitude": "", "alerte": "", "thermometre": "20,5", "journal_anonyme": "Le tems gris et nébuleux la mer grosse les vents frais et variables du SSE au SE. Vu passer le long du bord une tige de varéc à midi la mer assez belle et le vent soufflant agreablement"}}, {"type": "Feature", "geometry": {"type": "Point", "coordinates": [48.12222, -28.56667]}, "properties": {"date": "1801-02-26", "date_republicaine": "7 ventôse an IX", "navire": "les corvettes", "table": "2 - Traversée de France à l'Ile-de-France", "page": 480, "remarque": "", "vents_etat_du_ciel": "E. ESE. Joli frais ; t. couvert ; grains et pluie.", "barometre_hpa": 1019.6, "obs_latitude": "", "obs_longitude": "", "alerte": "", "thermometre": "25,1", "journal_anonyme": "Tems par grains le vent bon frais par raffal les du SSE, SE, est et ESE. A 2h du matin le commandant à fait le signal de virer lof pour lof. La patte de bouline du grand hunier s’étant rompue nous lavons amené et cargué pour la remplacer"}}, {"type": "Feature", "geometry": {"type": "Point", "coordinates": [48.03611, -29.485]}, "properties": {"date": "1801-02-27", "date_republicaine": "8 ventôse an IX", "navire": "les corvettes", "table": "2 - Traversée de France à l'Ile-de-France", "page": 480, "remarque": "Vu des raisins des Tropiques.", "vents_etat_du_ciel": "NE. ENE. Petit frais ; temps couv. ; grains et pluie.", "barometre_hpa": 1019.6, "obs_latitude": "", "obs_longitude": "", "alerte": "", "thermometre": "23,9", "journal_anonyme": "La mer très grosse, et le tems à grains accompagnée de forte pluie, le vent petit frais et variables de lESE à lest et à l’ENE à 10h le tems s’est embelli, et le navire extremement moux"}}, {"type": "Feature", "geometry": {"type": "Point", "coordinates": [49.1175, -30.2]}, "properties": {"date": "1801-02-28", "date_republicaine": "9 ventôse an IX", "navire": "les corvettes", "table": "2 - Traversée de France à l'Ile-de-France", "page": 480, "remarque": "", "vents_etat_du_ciel": "NE. Petit frais ; beau temps.", "barometre_hpa": 1016.5, "obs_latitude": "", "obs_longitude": "", "alerte": "", "thermometre": "24,0", "journal_anonyme": "Le tems par grains, le vent variant de l’ ENE au SE et au NE il à tombé beaucoup de pluie. A 10h 55’ du soir le commandant hors de vue gardé constamment un feu à la corne, et après avoir lancé quelques fusée nous l’avons apper çu dans le N¼NO. A 8h du matin la route fut signalé au SE¼E"}}, {"type": "Feature", "geometry": {"type": "Point", "coordinates": [50.86361, -30.76667]}, "properties": {"date": "1801-03-01", "date_republicaine": "10 ventôse an IX", "navire": "les corvettes", "table": "2 - Traversée de France à l'Ile-de-France", "page": 481, "remarque": "", "vents_etat_du_ciel": "NE. NNE. Joli frais ; beau temps.", "barometre_hpa": 1019.6, "obs_latitude": "", "obs_longitude": "", "alerte": "", "thermometre": "25,9", "journal_anonyme": "Le tems beau, la mer belle. A 7h du soir, pris le ris de chasse dans les trois huniers tems très humide et le vent bon frais du NE au NNE"}}, {"type": "Feature", "geometry": {"type": "Point", "coordinates": [52.89333, -31.41667]}, "properties": {"date": "1801-03-02", "date_republicaine": "11 ventôse an IX", "navire": "les corvettes", "table": "2 - Traversée de France à l'Ile-de-France", "page": 481, "remarque": "", "vents_etat_du_ciel": "NE. ENE. Joli frais ; beau temps.", "barometre_hpa": 1019.6, "obs_latitude": "", "obs_longitude": "", "alerte": "", "thermometre": "24,5", "journal_anonyme": "Beau tems, le ciel nuageux la mer belle, joli frais de NE"}}, {"type": "Feature", "geometry": {"type": "Point", "coordinates": [53.87278, -31.88333]}, "properties": {"date": "1801-03-03", "date_republicaine": "12 ventôse an IX", "navire": "les corvettes", "table": "2 - Traversée de France à l'Ile-de-France", "page": 481, "remarque": "Pendant l'ouragan qui eut lieu les 3 et 4 mars, le plus grand abaissement du baromètre fut de 10l,8 ; la marche de cet instrument s'est trouvée en rapport, d'une manière assez exacte, avec les modifications diverses de l'atmosphère.", "vents_etat_du_ciel": "NE. ENE. Petit fr. ; t. couv. calme plat, ensuite grand fr. du SSO. S. SSE., grande pl.", "barometre_hpa": 1016.5, "obs_latitude": "", "obs_longitude": "", "alerte": "", "thermometre": "23,0", "journal_anonyme": "Le tems beau, la mer belle, joli frais de NE à lENE. A 1h le commandant à signalé la route au l’E¼NE. Le tems très humide , les nuages chassant de la partie du NO. 15"}}, {"type": "Feature", "geometry": {"type": "Point", "coordinates": [55.1525, -31.55]}, "properties": {"date": "1801-03-04", "date_republicaine": "13 ventôse an IX", "navire": "les corvettes", "table": "2 - Traversée de France à l'Ile-de-France", "page": 481, "remarque": "Pendant l'ouragan qui eut lieu les 3 et 4 mars, le plus grand abaissement du baromètre fut de 10l,8 ; la marche de cet instrument s'est trouvée en rapport, d'une manière assez exacte, avec les modifications diverses de l'atmosphère.", "vents_etat_du_ciel": "SE. NE. N. Grand frais par rafales pesantes ; t. couv. et brum. ; à la nuit, vent b. fr.", "barometre_hpa": 992.5, "obs_latitude": "*", "obs_longitude": "*", "alerte": "", "thermometre": "15,5", "journal_anonyme": "Le tems beau, la mer belle, le vent foible et variable de lENE, SSO, sud , SSE, SE, ENE, NE. A 3h de l’après midi viré de bord. La rou te signalé à lE¼SE. A 4h pris les ris dans les huniers. Le palenquin du grand hunier s étant rompue on la de suite épissé mais il s’est déchiré parce qu’il à été trop long à être réparé. A 8h½ du matin viré lof pour lof. Peu de tems après lestrop du grand hunier, la drisse du petit foc et le tr elingage se sont [déchiré] cassé, nous sommes restés sous la mizaine et le petit hunier. Nous avons eu une de nos sous barbes de cassé par la force de la lame qui défferloit continuellement à bord"}}, {"type": "Feature", "geometry": {"type": "Point", "coordinates": [56.66528, -31.46667]}, "properties": {"date": "1801-03-05", "date_republicaine": "14 ventôse an IX", "navire": "les corvettes", "table": "2 - Traversée de France à l'Ile-de-France", "page": 481, "remarque": "Pendant l'ouragan qui eut lieu les 3 et 4 mars, le plus grand abaissement du baromètre fut de 10l,8 ; la marche de cet instrument s'est trouvée en rapport, d'une manière assez exacte, avec les modifications diverses de l'atmosphère.", "vents_etat_du_ciel": "NNO. OSO. Joli frais ; beau temps.", "barometre_hpa": 1016.5, "obs_latitude": "*", "obs_longitude": "*", "alerte": "", "thermometre": "17,7", "journal_anonyme": "Le tems couvert, la mer grosse , les vents ont passés successivement du NE au nord vbles au NNO, NO et ONO grand frais et par raffales . A 10h½ du soir la mer étoit extraordinairement gross e et la lame defferlant toujours à bord. Nous avons appareillé le foc d’artimon, mais ayant voulu amurer la misaine la poulie damure s’est cassé nous l’avons de suite cargué, nous avons appareillé la pouillouse mais nayant pu réussir à cette premiere tentative par rapport à la rupture de la draille , nous lavons halé bas avec beaucoup de peine ; et après avoir réparé l’estrope nous lavons rehisser et resté à la cape sous cette voilure, le cap à lE¼SE. A 10h½ du matin le tems étant… …devenu beau, nous avons largué la misaine, et les humiers au bas ris. Le commandant hors de vue le 14 au matin nous apperçumes une voile dans lESE que nous crumes être le commandant"}}, {"type": "Feature", "geometry": {"type": "Point", "coordinates": [57.74472, -30.46667]}, "properties": {"date": "1801-03-06", "date_republicaine": "15 ventôse an IX", "navire": "les corvettes", "table": "2 - Traversée de France à l'Ile-de-France", "page": 481, "remarque": "", "vents_etat_du_ciel": "SO. SE. Petit frais ; b. temps.", "barometre_hpa": 1019.6, "obs_latitude": "", "obs_longitude": "", "alerte": "", "thermometre": "19,0", "journal_anonyme": "Le tems beau, la mer un peu houleuse et le vent foible. A 2h½ le commandant à répondue aux signaux de reconnoissances et nous à signalé la route à l’ENE à 4h nous lui avons parlé et rendu compte des avaries que nous […] eprouvé durant le coup de vent. Le vent variant de lO au OSO, SSO et SSE petit frais"}}, {"type": "Feature", "geometry": {"type": "Point", "coordinates": [57.90555, -29.66389]}, "properties": {"date": "1801-03-07", "date_republicaine": "16 ventôse an IX", "navire": "les corvettes", "table": "2 - Traversée de France à l'Ile-de-France", "page": 481, "remarque": "", "vents_etat_du_ciel": "SE. SSE. Petit frais ; b. temps.", "barometre_hpa": 1016.5, "obs_latitude": "", "obs_longitude": "", "alerte": "", "thermometre": "19,0", "journal_anonyme": "Le tems beau, la mer belle leger vent de SE variable à 4h 30’ mis tout dehors et orienté au plus près"}}, {"type": "Feature", "geometry": {"type": "Point", "coordinates": [58.16555, -28.70472]}, "properties": {"date": "1801-03-08", "date_republicaine": "17 ventôse an IX", "navire": "les corvettes", "table": "2 - Traversée de France à l'Ile-de-France", "page": 481, "remarque": "", "vents_etat_du_ciel": "SE. SO. Foible brise ; beau t. ; petite pluie pendant la nuit.", "barometre_hpa": 1019.6, "obs_latitude": "", "obs_longitude": "", "alerte": "", "thermometre": "21,5", "journal_anonyme": "Beau tems, belle mer le ciel serein le vent de SE au SSE petit frais"}}, {"type": "Feature", "geometry": {"type": "Point", "coordinates": [58.74611, -28.21556]}, "properties": {"date": "1801-03-09", "date_republicaine": "18 ventôse an IX", "navire": "les corvettes", "table": "2 - Traversée de France à l'Ile-de-France", "page": 481, "remarque": "", "vents_etat_du_ciel": "Du NO. au S. Joli frais ; beau temps.", "barometre_hpa": 1016.5, "obs_latitude": "", "obs_longitude": "", "alerte": "", "thermometre": "21,0", "journal_anonyme": "Le tems beau, le vent foible, [du] variable du SSE, SO, OSO, NO et SO. La mer belle . A 10h nous avons essuyé un grain qui nous à fait passer les vents au SSO"}}, {"type": "Feature", "geometry": {"type": "Point", "coordinates": [60.42972, -25.33333]}, "properties": {"date": "1801-03-10", "date_republicaine": "19 ventôse an IX", "navire": "les corvettes", "table": "2 - Traversée de France à l'Ile-de-France", "page": 481, "remarque": "", "vents_etat_du_ciel": "S. SE. Joli frais ; b. temps.", "barometre_hpa": 1025.6, "obs_latitude": "", "obs_longitude": "", "alerte": "", "thermometre": "21,5", "journal_anonyme": "Beau tems, belle mer, le ciel nuageux et les vents bon frais du SSO au sud. Lécoute du perroquet de fougue ayant cassé nous lavons cargué sous le vent pour la réparer"}}, {"type": "Feature", "geometry": {"type": "Point", "coordinates": [60.50361, -22.77417]}, "properties": {"date": "1801-03-11", "date_republicaine": "20 ventôse an IX", "navire": "les corvettes", "table": "2 - Traversée de France à l'Ile-de-France", "page": 481, "remarque": "Coupé le tropiq. du Capricorne pour la 2.e fois, à 2 h. du m.", "vents_etat_du_ciel": "S. SE. Joli frais ; b. temps.", "barometre_hpa": 1018.0, "obs_latitude": "", "obs_longitude": "", "alerte": "", "thermometre": "21,1", "journal_anonyme": "Beau tems, belle mer et le vent léger du sud, SE et SSE à midi la route nous fut signalé au NE¼N jusqua minuit ou lon gouverneroit au NNE. 16"}}, {"type": "Feature", "geometry": {"type": "Point", "coordinates": [60.85555, -21.45]}, "properties": {"date": "1801-03-12", "date_republicaine": "21 ventôse an IX", "navire": "les corvettes", "table": "2 - Traversée de France à l'Ile-de-France", "page": 481, "remarque": "Vu des paille-en-cus.", "vents_etat_du_ciel": "SSO. SSE. Petit frais ; beau temps.", "barometre_hpa": 1016.5, "obs_latitude": "", "obs_longitude": "", "alerte": "", "thermometre": "21,4", "journal_anonyme": "Beau tems, belle mer le vent foible du SE sud SSO et sud. Nous avons demandé au commandant si nous étalinguerions les cables sans signal il nous à répondu que non"}}, {"type": "Feature", "geometry": {"type": "Point", "coordinates": [60.65555, -20.32722]}, "properties": {"date": "1801-03-13", "date_republicaine": "22 ventôse an IX", "navire": "les corvettes", "table": "2 - Traversée de France à l'Ile-de-France", "page": 481, "remarque": "Vu beaucoup de goémons.", "vents_etat_du_ciel": "SSO. ESE. Joli fr. ; b. temps ; le soir, petite pluie ; éclairs dans l'ESE.", "barometre_hpa": 1019.6, "obs_latitude": "", "obs_longitude": "", "alerte": "", "thermometre": "21,5", "journal_anonyme": "Beau tems, belle mer, les vents petits frais du sud, SSE et SSO. A 3h les vents ont sauté tout d’un coup au OSO au lever du soleil on à cru voir la terre dans le ONO le vent à molli. Vu une grande quantité de pail en queue"}}, {"type": "Feature", "geometry": {"type": "Point", "coordinates": [59.02861, -19.88389]}, "properties": {"date": "1801-03-14", "date_republicaine": "23 ventôse an IX", "navire": "les corvettes", "table": "2 - Traversée de France à l'Ile-de-France", "page": 481, "remarque": "En vue des terres de l'Ile-de-France.", "vents_etat_du_ciel": "Du N. au SE. Joli frais ; beau temps ; pend. la nuit, temps couv. ; grains, pl., écl. dans l'ESE.", "barometre_hpa": 1015.0, "obs_latitude": "", "obs_longitude": "", "alerte": "", "thermometre": "21,6", "journal_anonyme": "Beau tems, le vent foible et variables du SSE, SE, N, NE, est et SE. A 5h passé à poupe du commandant qui nous donna l’ordre verbal de ne filer que 3 nœuds et demi à lONO et que si le tems devenoit mauvais nous mettrions en travers. A onze heures et quart le commandant à mis en travers strib amures. Nous avons imité sa manœuvre. A 4h du matin, le vent ayant sauté au nord nous avons pris basbord amures"}}, {"type": "Feature", "geometry": {"type": "Point", "coordinates": [57.63944, -19.86583]}, "properties": {"date": "1801-03-15", "date_republicaine": "24 ventôse an IX", "navire": "les corvettes", "table": "2 - Traversée de France à l'Ile-de-France", "page": 481, "remarque": "Mouillé à l'entrée du port Nord-Ouest de l'Ile-de-France.", "vents_etat_du_ciel": "Du SE. à l'ESE. Joli frais ; b. temps ; le soir, presq. calme.", "barometre_hpa": 1019.6, "obs_latitude": "△", "obs_longitude": "△", "alerte": "", "thermometre": "21,8", "journal_anonyme": "Beau tems, le vent joli frais du SE à l’ESE à 5h½ nous avons découvert la terre et un moment apres le commandant nous à signalé la route au OSO. A 1h du matin viré de bord vent devant, le tems orageux et par grains. Au jour nous avons apperçue la terre au ONO distance de 6 lieues environ. Le commandant nous à hélé de gouverner sur l’isle ronde et de nous tenir dans ses eaux le plus près possible. Il nous à demandé si nous avions à bord quelqu’un qui connoisse la passe, nous lui avons répondu qu’il y avoit le Cen Piquet enseigne de vaisseau"}}, {"type": "Feature", "geometry": {"type": "Point", "coordinates": [57.51037, -19.98648]}, "properties": {"date": "1801-03-16", "date_republicaine": "", "navire": "les corvettes", "table": "", "page": "", "remarque": "", "vents_etat_du_ciel": "", "barometre_hpa": "", "obs_latitude": "", "obs_longitude": "", "alerte": "position extrapolée : contournement de côte entre le 1801-03-15 et le 1801-03-16 (détour de 5 km)", "thermometre": "", "section": "", "extrapole": true}}, {"type": "Feature", "geometry": {"type": "Point", "coordinates": [57.46416, -20.15194]}, "properties": {"date": "1801-03-16", "date_republicaine": "25 ventôse an IX", "navire": "les corvettes", "table": "2 - Traversée de France à l'Ile-de-France", "page": 481, "remarque": "Mouillé dans le port Nord-Ouest.", "vents_etat_du_ciel": "SE. Petit frais ; beau temps.", "barometre_hpa": 1016.5, "obs_latitude": "△", "obs_longitude": "△", "alerte": "", "thermometre": "22,7", "journal_anonyme": "Le tems beau, la mer belle et joli frais dESE. Après avoir doublé le coin de mire le commandant nous à fait signal dimiter sa manœuvre, il tenoit le vent basbord amures. A 3h le commandant ayant eu calme sous la terre il prit les amures à stribord. Un instant après les vents ont sauté au SSO nous avons toujours continué notre bord et viré de bord un instant après pour courir sur la terre, nous avons toujours lutté contre l’inconstance des vents pour aller au mouillage sous lisle aux Tonneliers, mais leurs foiblesses ne nous ont pas permis dapprocher la terre dassez près pour laisser tomber lancre . A la nuit nous avons tiré un coup de canon et mis notre pavillon en berne pour appeller un pilote. A 8h½ du soir nous primes le bord du large, les courans nous ont porté au OSO. A 10h 30’ du soir nous avons pris les amures à strib. Les vents ayant sauté nous avons couru sur la terre et sondé sans trouver fond ce ne fut qua 10h 35’ que [un mot répété] nous trouvames 26 et 17 b. Nous avons laissé tombé lancre par 14 brasses fond de corail et filé 36 b de cable. Nous avons envoyé un canot sondé tout autour du batiment le Port Louis 17 nous restant au S¼SE à petite distance le commandant au NE¼E grande distance, le tems beau, calme plat. Au point du jour nous avons mis nos couleurs et notre pavillon de poupe en berne , à 6h ¾ nous appercumes un canot qui de terre se dirigoit vers nous et ne nous approchoit quavec précaution, étant à porté de voix ils nous à hélé et sur notre réponse il vint à bord. Le capitaine du port qui le montoit nous à laissé un pilote et nous à donné un signal pour nous faire connoitre de la terre, nous avons eu la visite de santé et celle de lassemblée coloniale, ledit capitaine de port à été à bord du Geographe à 7h½ viré et déplanté et caponné notre ancre. Nous avons appareillé en… …abbattant sur basbord. Ayant été favorisé par une brise du large nous nous sommes dirigé sur le Port Louis doublé les Deux Freres à 9h les laissant à basbord nous avons doublé lisle aux Tonneliers. A 10h nous avons mouillé par cinq brasses et demi peu après le Geographe est venu mouiller de l’avant à nous"}}, {"type": "Feature", "geometry": {"type": "Point", "coordinates": [57.46133, -20.15259]}, "properties": {"date": "1801-03-17", "date_republicaine": "", "navire": "les corvettes", "table": "", "page": "", "remarque": "", "vents_etat_du_ciel": "", "barometre_hpa": "", "obs_latitude": "", "obs_longitude": "", "alerte": "point ajouté pour une entrée du journal anonyme ; position interpolée entre les deux relevés encadrants", "thermometre": "", "journal_anonyme": "Pendant la journée le pilote étant à bord nous levames l’ancre pour nous haler dedans ; à la nuit nous étions mouillé par six brasses de fond et 70 brasses de cable dehors à strib. et par le cable de basbord amaré sur un corps mort. Et le matin du 26 nous mouillames en arrière une troisieme ancre. Relache à lisle de France Germinal au 5 floreal [an 9, 25 avril 1801] Pendant notre relache à lisle de France, on soccupa de visiter le gréement, et de calfater le batiment, de nouvelles provisions furent embarqués. Les nuits étoient assez fraiches et les jours furent calmes. Dans le jour les vents étoient assez régulierement du SE au SSE et la nuit du NO au ONO. Nous hûmes beaucoup de déserteur, plus des officiers et savans des deux corvettes resterent à l’isle de France. Pour éviter la desertion le commandant nous fit appareiller pour aller au mouillage. Le 28 [germinal, an 9, 18 avril 1801] au matin les officiers du Naturaliste furent assemblé à bord du Geographe par ordre du commandant. Ils se rendirent tous avec le capitaine au lieu de leurs desinations. Le commandant dit avoir fait tenir u n conseil ; à leffet de savoir quels étoient les mesures les plus convenables à prendre, pour faire rentrer… …nos déserteurs, et en même tems il fit lecture du petition adressés aux autorités constitués de cette colonie pour les reclamer. Le commandant ayant demandé lopinion de chacun tous furent d’avis de ne pas signer cette pétition et d’un accord unanime parmi les officiers des deux bords on 18 porta sur la table de lock du Geographe les déclarations suivantes Les officiers composant les états majors des deux corvettes le Geographe et le Naturaliste, convoqué en conseil par le commandant en chef de l’expédition de découvertes ; à l’effet de délibérer sur les moyens les plus eficaces, pour faire rentrer les matelots déserteur des deux bords, ont déclaré que le commandant seul avoit le droit de prendre les mesures qui paroitroient les plus convenables. Tous les officiers signerent cette déclaration, mais le Cen Hamelin déclara qu’il ne la signeroit point et le commandant dit qu’il ne devoit pas le faire. Le capitaine Baudin ayant annoncé que le but de la convocation étoit rempli l’on prit congé de lui et tous nos officiers se rendirent à bord nous avons embarqués notre chaloupe et notre grand canot. A 6h du matin le 2 floreal [an 9, 22 avril 1801] un jendarme maritime nous à amené dix hommes par ordre du bureau des armemens le 3 floreal [an 9, 23 avril 1801] un canot expédié par le bureau des armemens à apporté des hardes et de l’argent à divers matelots embarqués la veille. A 3h 30’ de l après midi le 5 [an 9, 25 avril 1801] le commandant à donné l’ordre de désaffourcher ; nous avons de suite envoyé une chaloupe pour lever notre ancre à jet. A 5h du matin le 5 les vents à l ESE petit frais à 7h moins un quart le commandant nous fit le signal d’appareiller. Aussitot nous avons viré sur notre ancre et hissé nos huniers à… …tete de bois et sitot que nous fumes dérapé nous fimes servir. Relevement de huit heures du matin Le Coin de Mire au NE¼E Lisle aux Tonneliers à lE¼SE 5º sud Les vents [un mot répété] variables de lest à lESE et à louest. Relevement de midi Le Coin de Mire au N60ºE La montagne de la découverte du port à lE¼SE Le morne Brabant au [l]SSO 5º sud", "extrapole": true}}, {"type": "Feature", "geometry": {"type": "Point", "coordinates": [57.35111, -20.17778]}, "properties": {"date": "1801-04-25", "date_republicaine": "5 floréal an IX", "navire": "les corvettes", "table": "3 - Traversée de l'Ile-de-France à la Nouvelle-Hollande", "page": 482, "remarque": "Parti de l'Ile-de-France à 7 h. du matin.", "vents_etat_du_ciel": "De l'ESE. au SE. Petit frais ; beau temps.", "barometre_hpa": 1019.0, "obs_latitude": "△", "obs_longitude": "△", "alerte": "", "thermometre": "19,6"}}, {"type": "Feature", "geometry": {"type": "Point", "coordinates": [58.52665, -19.12396]}, "properties": {"date": "1801-04-26", "date_republicaine": "", "navire": "les corvettes", "table": "", "page": "", "remarque": "", "vents_etat_du_ciel": "", "barometre_hpa": "", "obs_latitude": "", "obs_longitude": "", "alerte": "position extrapolée : contournement de côte entre le 1801-04-25 et le 1801-04-26 (détour de 160 km)", "thermometre": "", "section": "", "extrapole": true}}, {"type": "Feature", "geometry": {"type": "Point", "coordinates": [59.75, -21.31667]}, "properties": {"date": "1801-04-26", "date_republicaine": "6 floréal an IX", "navire": "les corvettes", "table": "3 - Traversée de l'Ile-de-France à la Nouvelle-Hollande", "page": 482, "remarque": "", "vents_etat_du_ciel": "E. ESE. Joli frais ; b. temps.", "barometre_hpa": 1022.6, "obs_latitude": "", "obs_longitude": "", "alerte": "", "thermometre": "19,0", "journal_anonyme": "Les vents de la partie du ONO foibles, relevement fait à 5h½ du soir. Le morne Brabant au sud 5ºE distce estimée 3 lieues et demi La montagne des signaux du port NO au NE¼E. Beau tems, belle mer, les vents joli frais. 19"}}, {"type": "Feature", "geometry": {"type": "Point", "coordinates": [57.77833, -22.67667]}, "properties": {"date": "1801-04-27", "date_republicaine": "7 floréal an IX", "navire": "les corvettes", "table": "3 - Traversée de l'Ile-de-France à la Nouvelle-Hollande", "page": 482, "remarque": "", "vents_etat_du_ciel": "E. Joli frais ; beau temps.", "barometre_hpa": 1019.6, "obs_latitude": "", "obs_longitude": "", "alerte": "", "thermometre": "18,6", "journal_anonyme": "Beau tems, la mer un peu grosse et le vent bon frais de lest à lESE la lame chassant du sud"}}, {"type": "Feature", "geometry": {"type": "Point", "coordinates": [57.94666, -23.94722]}, "properties": {"date": "1801-04-28", "date_republicaine": "8 floréal an IX", "navire": "les corvettes", "table": "3 - Traversée de l'Ile-de-France à la Nouvelle-Hollande", "page": 482, "remarque": "Coupé le tropique du Capricorne pour la troisième fois.", "vents_etat_du_ciel": "E. ENE. Joli frais ; b. temps.", "barometre_hpa": 1024.1, "obs_latitude": "", "obs_longitude": "", "alerte": "", "thermometre": "18,8", "journal_anonyme": "Joli frais dESE. La mer assez belle. Le tems beau, et le ciel serein à 10h du matin nous nous sommes apperçu que le troisieme hauban de lavant du grand mat étoit rompue au dessus du trelingage on à de suite réparé cet avarie"}}, {"type": "Feature", "geometry": {"type": "Point", "coordinates": [58.48805, -25.06972]}, "properties": {"date": "1801-04-29", "date_republicaine": "9 floréal an IX", "navire": "les corvettes", "table": "3 - Traversée de l'Ile-de-France à la Nouvelle-Hollande", "page": 482, "remarque": "", "vents_etat_du_ciel": "ENE. SE. Petit frais ; beau temps.", "barometre_hpa": 1025.0, "obs_latitude": "", "obs_longitude": "", "alerte": "", "thermometre": "17,8", "journal_anonyme": "Joli frais dest. Le tems beau, la mer belle. A 4h la route à été signalé au SE et nous avons signalé notre avarie dans nos bas haubans au commandant"}}, {"type": "Feature", "geometry": {"type": "Point", "coordinates": [58.06416, -25.83333]}, "properties": {"date": "1801-04-30", "date_republicaine": "10 floréal an IX", "navire": "les corvettes", "table": "3 - Traversée de l'Ile-de-France à la Nouvelle-Hollande", "page": 482, "remarque": "", "vents_etat_du_ciel": "SE. E. Foible, ensuite bon fr. ; temps couv., brume épaisse ; de la pluie.", "barometre_hpa": 1022.6, "obs_latitude": "*", "obs_longitude": "", "alerte": "", "thermometre": "18,2", "journal_anonyme": "Petit frais d’est ; le ciel nuageux. A 1h laisser porter pour rallier le commandant. A trois heures nous en étions assez proche. Le commandant ayant viré lof pour lof. Nous avons pris les amures à strib. A 5h du soir la brume nous ayant empêche de voir le commandant nous avons diminué de voile pour lattendre et à 7h½ nous virames vent devant présumant qu’il avoit pris basbord amures"}}, {"type": "Feature", "geometry": {"type": "Point", "coordinates": [58.32944, -27.47]}, "properties": {"date": "1801-05-01", "date_republicaine": "11 floréal an IX", "navire": "les corvettes", "table": "3 - Traversée de l'Ile-de-France à la Nouvelle-Hollande", "page": 482, "remarque": "Vu un albatrosse.", "vents_etat_du_ciel": "ESE. NE. Joli frais ; b. temps.", "barometre_hpa": 1022.0, "obs_latitude": "", "obs_longitude": "", "alerte": "", "thermometre": "17,8", "journal_anonyme": "Le vent très variables et par raffales. A midi une brume épaise s’est élevé nous avons perdu de vue le commandant. Nous avons tiré deux coups de canon auxquels il n’a pas répondu. A 1h½ nous l’avons apperçu et nous avons tiré un troisieme coup de canon et dans le moment il à répondu à nos signaux. Nous avons de suite orienté au plus près basbord amures"}}, {"type": "Feature", "geometry": {"type": "Point", "coordinates": [60.31, -28.59611]}, "properties": {"date": "1801-05-02", "date_republicaine": "12 floréal an IX", "navire": "les corvettes", "table": "3 - Traversée de l'Ile-de-France à la Nouvelle-Hollande", "page": 482, "remarque": "Le temps, brumeux d'abord, s'est éclairci dans la nuit, à l'instant du lever de la lune.", "vents_etat_du_ciel": "NE. NO. Joli frais ; b. temps.", "barometre_hpa": 1020.2, "obs_latitude": "", "obs_longitude": "", "alerte": "", "thermometre": "17,7", "journal_anonyme": "Joli frais de sud. La mer belle, le ciel un peu obscure à cinq heures et demi le commandant à signalé la route à l’ESE"}}, {"type": "Feature", "geometry": {"type": "Point", "coordinates": [62.98583, -28.89833]}, "properties": {"date": "1801-05-03", "date_republicaine": "13 floréal an IX", "navire": "les corvettes", "table": "3 - Traversée de l'Ile-de-France à la Nouvelle-Hollande", "page": 482, "remarque": "", "vents_etat_du_ciel": "NNO. ONO. Joli frais ; beau temps.", "barometre_hpa": 1022.0, "obs_latitude": "", "obs_longitude": "", "alerte": "", "thermometre": "17,8", "journal_anonyme": "Le vent variables du NNE au NNO et au nord. Le commandant très près dans le SE 5ºE"}}, {"type": "Feature", "geometry": {"type": "Point", "coordinates": [64.83416, -29.20583]}, "properties": {"date": "1801-05-04", "date_republicaine": "14 floréal an IX", "navire": "les corvettes", "table": "3 - Traversée de l'Ile-de-France à la Nouvelle-Hollande", "page": 482, "remarque": "", "vents_etat_du_ciel": "ONO. S. Joli frais ; b. temps.", "barometre_hpa": 1023.5, "obs_latitude": "", "obs_longitude": "", "alerte": "", "thermometre": "16,4", "journal_anonyme": "Vents de N au NNO. Le tems beau la mer belle. A 8h 45’ le capitaine à signalé au commandant la longitude par les distances"}}, {"type": "Feature", "geometry": {"type": "Point", "coordinates": [66.90472, -28.97611]}, "properties": {"date": "1801-05-05", "date_republicaine": "15 floréal an IX", "navire": "les corvettes", "table": "3 - Traversée de l'Ile-de-France à la Nouvelle-Hollande", "page": 482, "remarque": "", "vents_etat_du_ciel": "SSO. SE. Petit frais ; b. temps.", "barometre_hpa": 1023.5, "obs_latitude": "", "obs_longitude": "", "alerte": "", "thermometre": "16,8", "journal_anonyme": "Vents de NNO très foibles, le tems très incertain la mer houleuse de la partie du SO au SSO. Vu beaucoup doiseaux"}}, {"type": "Feature", "geometry": {"type": "Point", "coordinates": [67.80666, -28.62278]}, "properties": {"date": "1801-05-06", "date_republicaine": "16 floréal an IX", "navire": "les corvettes", "table": "3 - Traversée de l'Ile-de-France à la Nouvelle-Hollande", "page": 482, "remarque": "", "vents_etat_du_ciel": "SSE. ESE. Bon frais ; temps couvert.", "barometre_hpa": 1027.4, "obs_latitude": "", "obs_longitude": "", "alerte": "", "thermometre": "16,6", "journal_anonyme": "Vents de SE variables à lESE. Le tems beau, la mer houleuse. A 9h½ du matin pris basbord amures"}}, {"type": "Feature", "geometry": {"type": "Point", "coordinates": [67.69722, -30.47694]}, "properties": {"date": "1801-05-07", "date_republicaine": "17 floréal an IX", "navire": "les corvettes", "table": "3 - Traversée de l'Ile-de-France à la Nouvelle-Hollande", "page": 482, "remarque": "", "vents_etat_du_ciel": "ESE. ENE. Joli frais ; beau temps.", "barometre_hpa": 1027.1, "obs_latitude": "", "obs_longitude": "", "alerte": "", "thermometre": "16,4", "journal_anonyme": "Le tems beau, le ciel couvert, la mer grosse et un peu houleuse. Vent d’ESE par raffales. 20"}}, {"type": "Feature", "geometry": {"type": "Point", "coordinates": [68.54583, -31.62694]}, "properties": {"date": "1801-05-08", "date_republicaine": "18 floréal an IX", "navire": "les corvettes", "table": "3 - Traversée de l'Ile-de-France à la Nouvelle-Hollande", "page": 482, "remarque": "Dans la matinée, le soleil étoit entouré d'un cercle blanchâtre de 15° de rayon. L'intérieur de cette circonférence étoit d'une couleur un peu foncée tirant sur le jaune.", "vents_etat_du_ciel": "ENE. NE. Joli frais ; beau temps ; ciel cou. d'un brouillard élevé et éclatant.", "barometre_hpa": 1022.6, "obs_latitude": "", "obs_longitude": "", "alerte": "", "thermometre": "16,0", "journal_anonyme": "Joli frais dest à l’ENE le ciel nuageux, la mer grosse"}}, {"type": "Feature", "geometry": {"type": "Point", "coordinates": [70.57333, -32.16667]}, "properties": {"date": "1801-05-09", "date_republicaine": "19 floréal an IX", "navire": "les corvettes", "table": "3 - Traversée de l'Ile-de-France à la Nouvelle-Hollande", "page": 482, "remarque": "", "vents_etat_du_ciel": "NE. N. Bon frais, ensuite gr. frais et par grains, temps couv., brume et pluie.", "barometre_hpa": 1018.4, "obs_latitude": "*", "obs_longitude": "", "alerte": "", "thermometre": "16,4", "journal_anonyme": "Joli frais de NE¼E. La mer belle, le tems beau et le ciel très clair. Naviguant à petite dist ce du commandant. A deux heures du matin la mer étoit couverte de molusques lumineux"}}, {"type": "Feature", "geometry": {"type": "Point", "coordinates": [73.29, -32.775]}, "properties": {"date": "1801-05-10", "date_republicaine": "20 floréal an IX", "navire": "les corvettes", "table": "3 - Traversée de l'Ile-de-France à la Nouvelle-Hollande", "page": 482, "remarque": "", "vents_etat_du_ciel": "NNE. Grand frais ; temps couvert et pluvieux.", "barometre_hpa": 1003.3, "obs_latitude": "*", "obs_longitude": "*", "alerte": "", "thermometre": "16,4", "journal_anonyme": "Bon frais de NE¼N par raffales ; accompagnée de pluie"}}, {"type": "Feature", "geometry": {"type": "Point", "coordinates": [76.87333, -33.53889]}, "properties": {"date": "1801-05-11", "date_republicaine": "21 floréal an IX", "navire": "les corvettes", "table": "3 - Traversée de l'Ile-de-France à la Nouvelle-Hollande", "page": 482, "remarque": "Vu beaucoup de damiers.", "vents_etat_du_ciel": "NNE. NO. SO. Grand fr. par rafales ; temps couv. et pl.", "barometre_hpa": 1016.5, "obs_latitude": "*", "obs_longitude": "*", "alerte": "", "thermometre": "14,7", "journal_anonyme": "Memes vents et par grains . Pluie continuelle ; nous avons daprès lordre du commandant tenu un feu allumé toute la nuit. Mais n appercevant plus le commandant nous avons lancé une fusée à 6h il à été appercue dans le SE¼E. Le navire fatiguant beaucoup par la force du tengage et du roulis. Le vent au NNE bon frais"}}, {"type": "Feature", "geometry": {"type": "Point", "coordinates": [79.72639, -33.66833]}, "properties": {"date": "1801-05-12", "date_republicaine": "22 floréal an IX", "navire": "les corvettes", "table": "3 - Traversée de l'Ile-de-France à la Nouvelle-Hollande", "page": 482, "remarque": "", "vents_etat_du_ciel": "SO. OSO. Joli frais ; beau temps.", "barometre_hpa": 1023.5, "obs_latitude": "", "obs_longitude": "", "alerte": "", "thermometre": "13,0", "journal_anonyme": "Gros vent de SSO et SO grand frais. Nous avons calé nos mats de perroquet le bout dehors de beaupré et amené la corne dartimon. Le 22 au matin le t ems s’étant embelli nous avons guindé nos perroquets poussé le mat de foc et hissé la corne"}}, {"type": "Feature", "geometry": {"type": "Point", "coordinates": [82.51444, -33.56861]}, "properties": {"date": "1801-05-13", "date_republicaine": "23 floréal an IX", "navire": "les corvettes", "table": "3 - Traversée de l'Ile-de-France à la Nouvelle-Hollande", "page": 482, "remarque": "", "vents_etat_du_ciel": "SO. ONO. Joli frais et foible ; beau temps.", "barometre_hpa": 1027.1, "obs_latitude": "", "obs_longitude": "", "alerte": "", "thermometre": "12,0", "journal_anonyme": "Vent de SSO au SO. Le vent [joli] bon frais, le tems beau le ciel nuageux, la mer tres grosse et le batiment roulant extremement la route fut signalé à lE¼SE"}}, {"type": "Feature", "geometry": {"type": "Point", "coordinates": [84.21805, -33.58278]}, "properties": {"date": "1801-05-14", "date_republicaine": "24 floréal an IX", "navire": "les corvettes", "table": "3 - Traversée de l'Ile-de-France à la Nouvelle-Hollande", "page": 482, "remarque": "", "vents_etat_du_ciel": "NNE. NNO. Bon frais ; beau temps.", "barometre_hpa": 1021.1, "obs_latitude": "", "obs_longitude": "", "alerte": "", "thermometre": "12,2", "journal_anonyme": "Vents foibles du SO au nord. La mer très houleuse . La route signalé au sud"}}, {"type": "Feature", "geometry": {"type": "Point", "coordinates": [87.90694, -33.40806]}, "properties": {"date": "1801-05-15", "date_republicaine": "25 floréal an IX", "navire": "les corvettes", "table": "3 - Traversée de l'Ile-de-France à la Nouvelle-Hollande", "page": 482, "remarque": "A 5 h. du matin, les vents qui étoient ONO., passèrent subitement au SSO., sans rien perdre de leur force.", "vents_etat_du_ciel": "ONO. SSO. Bon frais ; beau temps.", "barometre_hpa": 1026.2, "obs_latitude": "", "obs_longitude": "", "alerte": "", "thermometre": "10,4", "journal_anonyme": "Joli frais de NO variable au SSO"}}, {"type": "Feature", "geometry": {"type": "Point", "coordinates": [89.49333, -32.85722]}, "properties": {"date": "1801-05-16", "date_republicaine": "26 floréal an IX", "navire": "les corvettes", "table": "3 - Traversée de l'Ile-de-France à la Nouvelle-Hollande", "page": 482, "remarque": "", "vents_etat_du_ciel": "SE. NE. Foible brise ; temps couvert.", "barometre_hpa": 1025.6, "obs_latitude": "", "obs_longitude": "", "alerte": "", "thermometre": "10,6", "journal_anonyme": "Les vents de sud variables au SSE et à lESE. A 7h du matin le 26 nous avons envoyé un canot à bord du commandant avec un officier pour regler la montre marine qui navoit pas été monté la veille"}}, {"type": "Feature", "geometry": {"type": "Point", "coordinates": [90.47611, -32.33611]}, "properties": {"date": "1801-05-17", "date_republicaine": "27 floréal an IX", "navire": "les corvettes", "table": "3 - Traversée de l'Ile-de-France à la Nouvelle-Hollande", "page": 482, "remarque": "", "vents_etat_du_ciel": "ENE. NNE. Joli frais ; temps couvert.", "barometre_hpa": 1028.0, "obs_latitude": "*", "obs_longitude": "*", "alerte": "", "thermometre": "11,1", "journal_anonyme": "Vents de NE au NNE par raffales. La mer houleuse. A 7h du matin la route signalé à l’ESE"}}, {"type": "Feature", "geometry": {"type": "Point", "coordinates": [93.42194, -33.93056]}, "properties": {"date": "1801-05-18", "date_republicaine": "28 floréal an IX", "navire": "les corvettes", "table": "3 - Traversée de l'Ile-de-France à la Nouvelle-Hollande", "page": 483, "remarque": "", "vents_etat_du_ciel": "NNE. NNO. Joli frais et bon frais ; temps couvert.", "barometre_hpa": 1027.4, "obs_latitude": "*", "obs_longitude": "", "alerte": "", "thermometre": "12,4", "journal_anonyme": "Memes vents par raffales. Mis le perroquet de fougue sur le mat pour attendre le commandant qui étoit de l’arriere"}}, {"type": "Feature", "geometry": {"type": "Point", "coordinates": [97.23778, -34.48667]}, "properties": {"date": "1801-05-19", "date_republicaine": "29 floréal an IX", "navire": "les corvettes", "table": "3 - Traversée de l'Ile-de-France à la Nouvelle-Hollande", "page": 483, "remarque": "", "vents_etat_du_ciel": "N. NNO. Bon frais ; temps couvert.", "barometre_hpa": 1019.6, "obs_latitude": "", "obs_longitude": "", "alerte": "", "thermometre": "12,2", "journal_anonyme": "Memes vents par raffales le commandant très loin de l’avant à nous… 21 …nous avons lancé une fusée et à 3h il y à répondu par un feu à tête de mat. Nous l’avons relevé au SE. Vu des baleines"}}, {"type": "Feature", "geometry": {"type": "Point", "coordinates": [101.32666, -35.075]}, "properties": {"date": "1801-05-20", "date_republicaine": "30 floréal an IX", "navire": "les corvettes", "table": "3 - Traversée de l'Ile-de-France à la Nouvelle-Hollande", "page": 483, "remarque": "", "vents_etat_du_ciel": "NNO. SSO. SO. SSO. Bon fr. ; temps couvert ; pluie.", "barometre_hpa": 1018.4, "obs_latitude": "", "obs_longitude": "", "alerte": "", "thermometre": "11,5", "journal_anonyme": "Le ciel nuageux, la mer un peu grosse le vent bon frais de lESE. Vu beaucoup dalbatros"}}, {"type": "Feature", "geometry": {"type": "Point", "coordinates": [104.25889, -34.80056]}, "properties": {"date": "1801-05-21", "date_republicaine": "1er prairial an IX", "navire": "les corvettes", "table": "3 - Traversée de l'Ile-de-France à la Nouvelle-Hollande", "page": 483, "remarque": "", "vents_etat_du_ciel": "SSO. SO. SE. E. NE. Petit fr. ; beau temps.", "barometre_hpa": 1022.6, "obs_latitude": "", "obs_longitude": "", "alerte": "", "thermometre": "11,4", "journal_anonyme": "Le vent de NNO assez frais. Le tems beau la mer belle. A 8h diminué de voile pour attendre le commandant qui s’étoit affalé sous le vent. A 8h½ du soir viré de bord et signalé nos amures au commandant. Praireal"}}, {"type": "Feature", "geometry": {"type": "Point", "coordinates": [106.01528, -34.64528]}, "properties": {"date": "1801-05-22", "date_republicaine": "2 prairial an IX", "navire": "les corvettes", "table": "3 - Traversée de l'Ile-de-France à la Nouvelle-Hollande", "page": 483, "remarque": "", "vents_etat_du_ciel": "NNE. NO. Joli fr. ; b. temps.", "barometre_hpa": 1025.0, "obs_latitude": "", "obs_longitude": "", "alerte": "", "thermometre": "14,6", "journal_anonyme": "Le tems beau, la mer belle, le vent petit frais de NNO. Vu beaucoup doiseaux et poissons de differentes espèces"}}, {"type": "Feature", "geometry": {"type": "Point", "coordinates": [108.58528, -34.2275]}, "properties": {"date": "1801-05-23", "date_republicaine": "3 prairial an IX", "navire": "les corvettes", "table": "3 - Traversée de l'Ile-de-France à la Nouvelle-Hollande", "page": 483, "remarque": "", "vents_etat_du_ciel": "O. NO. Petit frais ; b. temps.", "barometre_hpa": 1026.5, "obs_latitude": "", "obs_longitude": "", "alerte": "", "thermometre": "12,3", "journal_anonyme": "Le vent de NNO petit frais et le cap à l’est à 7h le commandant nous à fait le signal détalinguer nos cables. A 7h½ du soir nous avons sondé sans avoir fond"}}, {"type": "Feature", "geometry": {"type": "Point", "coordinates": [110.67166, -33.71111]}, "properties": {"date": "1801-05-24", "date_republicaine": "4 prairial an IX", "navire": "les corvettes", "table": "3 - Traversée de l'Ile-de-France à la Nouvelle-Hollande", "page": 483, "remarque": "", "vents_etat_du_ciel": "S. SE. Joli frais ; beau temps.", "barometre_hpa": 1025.6, "obs_latitude": "*", "obs_longitude": "", "alerte": "", "thermometre": "13,7", "journal_anonyme": "Les vents de ONO variables au sud et SO. Nous avons mis en panne pour attendre [le] notre canot qui[l] étoit à bord du commandant. A 4h½ nous avons fait servir sous toutes voiles dehors le tems brumeux et pluvieux"}}, {"type": "Feature", "geometry": {"type": "Point", "coordinates": [111.40333, -33.85278]}, "properties": {"date": "1801-05-25", "date_republicaine": "5 prairial an IX", "navire": "les corvettes", "table": "3 - Traversée de l'Ile-de-France à la Nouvelle-Hollande", "page": 483, "remarque": "", "vents_etat_du_ciel": "SE. NE. Joli frais ; b. temps ; le soir, éclairs dans le NE.", "barometre_hpa": 1022.6, "obs_latitude": "", "obs_longitude": "", "alerte": "", "thermometre": "14,8", "journal_anonyme": "Beau tems, belle mer, vent de SSE a 3h la route signalé à lE¼SE. A 4h nous avons diminué de voile pour l’attendre, étant à porté de voix il nous à ordonné de nous tenir dans… …ses eaux à distance d’une demi lieue, et de sonder toutes les demi heures. Mis en panne à 7h 8h 10h et filé 120 brasses de ligne sans trouver fond. Le commandant ayant pris les amures à basbord nous avons imité sa manœuvre. A minuit, deux heures et quatre heures filé 120 brasses de ligne sans avoir fond"}}, {"type": "Feature", "geometry": {"type": "Point", "coordinates": [112.68778, -33.83278]}, "properties": {"date": "1801-05-26", "date_republicaine": "6 prairial an IX", "navire": "les corvettes", "table": "3 - Traversée de l'Ile-de-France à la Nouvelle-Hollande", "page": 483, "remarque": "Après le coucher du soleil, des éclairs continuels paroissent dans le Sud, au travers d'un brouillard gazeux, semblables aux jets de lumière d'une aurore australe. L'électromètre indiquoit la présence de l'électricité.", "vents_etat_du_ciel": "NE. NNE. Joli frais ; beau temps.", "barometre_hpa": 1020.8, "obs_latitude": "", "obs_longitude": "", "alerte": "", "thermometre": "15,2", "journal_anonyme": "Le tems beau, la mer belle , le vent variable du NE au NNE. A 1h du soir pris lof pour lof stribord amures et à 10h du soir viré vent devant à 1h du matin filé 120 b. de ligne sans avoir fond"}}, {"type": "Feature", "geometry": {"type": "Point", "coordinates": [114.68833, -34.59806]}, "properties": {"date": "1801-05-27", "date_republicaine": "7 prairial an IX", "navire": "les corvettes", "table": "3 - Traversée de l'Ile-de-France à la Nouvelle-Hollande", "page": 483, "remarque": "Première vue des terres de la Nouvelle-Hollande.", "vents_etat_du_ciel": "NE. NNE. Joli frais ; SSE. E. Foibles ; beau temps.", "barometre_hpa": 1024.4, "obs_latitude": "", "obs_longitude": "", "alerte": "", "thermometre": "14,6", "journal_anonyme": "Beau tems, la mer grosse, bon frais de NNE. Le commandant chassant la terre. A 5h elle nous restoit à lest 9º sud dist ce 5 lieues environ le commandant hors de vue. A 3h½ du matin nous étions ralié à porté de voix. A 7h il nous à signalé 22 la terre sans indication d’air de vent. A 7h½ nous lavons relevé dans le SSE. Ayant deux pointes détachés. A 10h relevé la terre la plus N à lESE. Relevement de midi La pointe que l’on voyoit la plus sous le vent à lest 25º 30’N. La pointe à laquelle la terre ne sembloit plus continuer à lest 33º 10’N. Le milieu de la terre qui au vent parroissoit séparé de la premiere à lest 37º 45’N. Le tout non corrigé de 6[0]º 30’ de von NO. Praireal"}}, {"type": "Feature", "geometry": {"type": "Point", "coordinates": [114.78305, -34.75139]}, "properties": {"date": "1801-05-28", "date_republicaine": "8 prairial an IX", "navire": "le Géographe", "table": "4 - Routes à la Terre de Leuwin, 1re campagne", "page": 483, "remarque": "Les courans nous ont portés de 35' au Sud dans 24 heures.", "vents_etat_du_ciel": "SE. ENE. Joli frais ; beau temps.", "barometre_hpa": 1028.0, "obs_latitude": "", "obs_longitude": "", "alerte": "", "thermometre": "14,8", "journal_anonyme": "Beau tems, belle mer, le vent variant du SE, SSE et ESE. A midi et demi mis en traver pour sonder. La sonde à rapporté 93 b fond de sable blanc mellé de coquilles brisée. Nous avons cru remarquer que les vents portoient au sud. Relèvement fait au coucher du soleil. Lextrémité sud d’une portion de terre que nous avons jugé une isle à lest 47ºN. La partie N la plus éloignée à été relevé au [l] N23º 40’ est. A 7h½ passé à poupe du commandant à qui nous avons demandé la permission de communiquer pour régler nos montres marines , il nous la accordé et nous à prévenu que si le tems restoit beau que nous nous tienderions en panne le cap au nord. Sondes A 9h du soir 89 b fond sable rougeatre et coquilles brisées. A 10h. 11h et 12h. 90 b id. Nous nous sommes tenus en panne stribord amures jusquà quatre heures que nous avons fait servir. Au point du jour relevé la terre à lest 27º N. A 10h à lest 38º 10’N"}}, {"type": "Feature", "geometry": {"type": "Point", "coordinates": [114.80889, -34.19833]}, "properties": {"date": "1801-05-29", "date_republicaine": "9 prairial an IX", "navire": "le Géographe", "table": "4 - Routes à la Terre de Leuwin, 1re campagne", "page": 483, "remarque": "", "vents_etat_du_ciel": "NE. SE. Joli frais ; b temps.", "barometre_hpa": 1028.6, "obs_latitude": "", "obs_longitude": "", "alerte": "", "thermometre": "14,2", "journal_anonyme": "Joli frais de lest à l’ESE. Le tems beau, la mer belle. A 4h relevé la partie la plus orienle de la terre apperçu au N 23º 20’ est la partie la plus occ. au N [4]5º E distce est. 16 milles. Passé à poupe… …du commandant qui nous à ordonné de mettre en panne. A 8h 25’ sondé et trouvé 25 b fond de sable et coquille brisée. A 5 heures du matin le commandant ayant fait servir nous avons imité sa manœuvre. A midi sondé et trouvé 28 b. fond de roche et corail. A la même heure relevé la [terre] pointe la plus sud de la terre à lest 38º 30’ sud et la plus nord au N21º 30’ est. 23"}}, {"type": "Feature", "geometry": {"type": "Point", "coordinates": [114.9552, -33.50543]}, "properties": {"date": "1801-05-30", "date_republicaine": "", "navire": "le Géographe", "table": "", "page": "", "remarque": "", "vents_etat_du_ciel": "", "barometre_hpa": "", "obs_latitude": "", "obs_longitude": "", "alerte": "position extrapolée : contournement de côte entre le 1801-05-29 et le 1801-05-30 (détour de 12 km)", "thermometre": "", "section": "", "extrapole": true}}, {"type": "Feature", "geometry": {"type": "Point", "coordinates": [115.14528, -33.37556]}, "properties": {"date": "1801-05-30", "date_republicaine": "10 prairial an IX", "navire": "le Géographe", "table": "4 - Routes à la Terre de Leuwin, 1re campagne", "page": 483, "remarque": "", "vents_etat_du_ciel": "SE. ESE. Joli frais ; b. temps.", "barometre_hpa": 1027.7, "obs_latitude": "", "obs_longitude": "", "alerte": "", "thermometre": "13,8", "journal_anonyme": "Beau tems, belle mer , nous avons prolongé la cote dans le nord. A 4h du soir relevé le cap Lewin [Leeuwin] au sud 15º 30’ est distce de six lieues environ. En longeant la cote nous avons appercue à terre un feu et ensuite plusieurs. Nous avons hissé un fanal à la corne pour nous faire connoitre des habitans. Sondes A 8h et 9h 30 b . fond de roche et corail . A 10h 38 b sable fin à 11h et 12h id mellé de coquilles brisée. A1h le commandant ayant changé nous avons imité sa manœuvre. A 2h fait servir et mis tout dehors. A 6h 25’ du matin viré de bord pour rallier le commandant qui étoit très loin sous le vent. A 6h 40’ sondé par 28 b fond de sable et corail. A midi nous nous sommes appercu que la terre se prolongeoit partout strib et formoit un enfon… …cement, dont on voyoit à midi plusieurs pointes de dessus le gaillard. Relevement de midi La pointe P de lavant à nous au S2º E. La pointe N la plus de larriere au S3º 30’ E. La pointe O que nous avons doublé au S27º O. Ces points sont ainsi nommé dapres le travail de lingenieur geographe"}}, {"type": "Feature", "geometry": {"type": "Point", "coordinates": [115.10389, -33.48056]}, "properties": {"date": "1801-05-31", "date_republicaine": "11 prairial an IX", "navire": "le Géographe", "table": "4 - Routes à la Terre de Leuwin, 1re campagne", "page": 483, "remarque": "Au mouillage dans l'anse Depuch (baie du Géographe).", "vents_etat_du_ciel": "E. Joli frais ; beau temps.", "barometre_hpa": 1028.0, "obs_latitude": "", "obs_longitude": "", "alerte": "", "thermometre": "11,8", "journal_anonyme": "Beau tems, belle mer, à midi ¾ nous avons relevé un récif dans le NO¼O du compas. Distce de 2 lieues et demi. Au même moment le cap B au S25º O. A 7h½ nous avons viré de bord et couru au vent de la pointe O . A 4h½ sondé par 25 b . fond de sable et corail. A 4h½ pris les amures à stribord. [Relevement de midi] [La pointe N] A 5h¼ le commandant nous fit savoir par trois feux quil étoit mouillé il nous restoit alors au S14º E. Nous virames de bord et courumes basbord amures. A six heures nous revirames de bord à 7h moins ¼ le commandant nous restant au SO¼ O nous primes les amures à basbord et gouvernant sur le Geographe nous passames à poupe il nous ordonna de mouiller. A 7h [un chiffre barré, illisible]’ nous étions mouillé par 20 b. fond de sable vaseux mellé de gravier noiratre filée 100 b. de cable. Vu plusieurs feux sur la cote. Relevement du mouillage 24 La pointe N au O3º sud. La pointe O au OSO 2º 30’ sud. La pointe P au sud 7º 30’ [un mot illisible]. De 4h à 8h nous a vons dégreé le grand perroquet et mis les huniers sur des fils carets. A 8h du matin le Geographe avoit envoyé son canot a terre, et comme le notre alloit pousser au large, le commandant nous à helé de ne lenvoyer que quand le sien seroit de retour"}}, {"type": "Feature", "geometry": {"type": "Point", "coordinates": [115.19389, -33.31667]}, "properties": {"date": "1801-06-01", "date_republicaine": "12 prairial an IX", "navire": "le Géographe", "table": "4 - Routes à la Terre de Leuwin, 1re campagne", "page": 483, "remarque": "Remis sous voiles à 8 h. du matin, et jeté l'ancre à 6 h. du soir.", "vents_etat_du_ciel": "E. Petit frais très-variable ; beau temps.", "barometre_hpa": 1027.7, "obs_latitude": "*", "obs_longitude": "", "alerte": "", "thermometre": "11,8", "journal_anonyme": "Le tems beau, la mer clapoteuse et le vent par raffales. Nous avons envoyé un canot à terre qui n’est revenu quà 5h. A 7h du soir le capitaine étoit de retour de sa visite à lext. de la pointe P situé au S37ºE. A 7h du matin nous re çumes lordre d’appareiller à 9h½ nous avons fait servir avec des vents dESE joli frais. Relevement le __ La pointe N au S43ºO. La pointe O. au S2ºO. La pointe P au S2ºE. Et la terre la plus E. à l’est 2º sud"}}, {"type": "Feature", "geometry": {"type": "Point", "coordinates": [115.17055, -33.53333]}, "properties": {"date": "1801-06-02", "date_republicaine": "13 prairial an IX", "navire": "le Géographe", "table": "4 - Routes à la Terre de Leuwin, 1re campagne", "page": 483, "remarque": "A l'ancre à 8 h. du soir, sous voiles à 8 h. du matin.", "vents_etat_du_ciel": "ENE. S. Foible ; beau temps.", "barometre_hpa": 1028.0, "obs_latitude": "", "obs_longitude": "", "alerte": "", "thermometre": "12,2", "journal_anonyme": "Beau tems, belle mer, vents d’ESE joli frais. A 1h 10’ nous avons viré de bord ainsi que le commandant et nous avons sondé par 25 b fond de sable caillouteux à 4h 23 b. meme qualité de fond. Relevement fait au coucher du soleil La pointe N à lO 21º 30’ sud. La pointe O à lO 44º 30’ sud. La pointe P au sud 5º 30’ O. L’extrémité de la terre au vent à nous à lest 1º 30’ N. A 6h 30’ vu un feu à terre que nous avons relevé au SO¼O. A 6h 45’ nous étions mouillé. Relevement du mouillage 25 La pointe N à lO 18º 15’ nord. La pointe O à lO. 28º 15’ nord. La pointe P à lO. 61º 15’ nord. Lext. de la terre la plus E. à lE 18º 15’ N. A 8h 30’ du matin fait servir sous toutes voiles dehors. A 10h du matin viré de bord et sondé par 18 b. fond de sable et coquille à 11h 20 b. à 11h½ pris basbord amures même fond et meme brassiage qua 11h"}}, {"type": "Feature", "geometry": {"type": "Point", "coordinates": [115.16028, -33.26694]}, "properties": {"date": "1801-06-03", "date_republicaine": "14 prairial an IX", "navire": "le Géographe", "table": "4 - Routes à la Terre de Leuwin, 1re campagne", "page": 483, "remarque": "Sous voiles à 8 h. 15' du mat., à l'ancre à 5 h. et dem. du soir.", "vents_etat_du_ciel": "E. NE. Petit frais ; b. temps.", "barometre_hpa": 1028.6, "obs_latitude": "", "obs_longitude": "", "alerte": "", "thermometre": "11,8", "journal_anonyme": "Beau tems, belle mer, vents dESE joli frais. Nous avons sondé toutes les demi heures par 18, 16, 16, 18, 19, 19 et 20 b. fond de sable mellé de gravier et coquilles brisée. A 8h 10’ du soir nous avons laissé tomber lancre de basbord par 20 b. et filé 65 b de cable, la sonde nous à rapporté aux cotés et aux environs 20 brasses de sable roux mellé de gravier. Relevement du mouillage La pointe N à lO4º 45’ sud distce esté 5 lieues. Lext de la terre opposé que nous nommerons j à lE 43º 30’ N distce esté 10 lieues. A 9h¼ nous avons appareillé et tenu le plus près stribord"}}, {"type": "Feature", "geometry": {"type": "Point", "coordinates": [115.41166, -33.46667]}, "properties": {"date": "1801-06-04", "date_republicaine": "15 prairial an IX", "navire": "le Géographe", "table": "4 - Routes à la Terre de Leuwin, 1re campagne", "page": 483, "remarque": "Au mouillage dans la baie du Géographe.", "vents_etat_du_ciel": "ENE. ESE. NE. Calme et petit frais ; beau temps.", "barometre_hpa": 1031.0, "obs_latitude": "", "obs_longitude": "", "alerte": "", "thermometre": "12,8", "journal_anonyme": "Beau tems, belle mer. Petit frais dESE. A 1h¾ sondé par 23 b fond de sable roux mellé de gravier brillant à 4h meme qualité de fond et meme brassiage. Relèvement fait à 4h le 14 praireal. La pointe N formant lext. strib du golphe au sud 73º O. Lext basb. du même enfoncement au N65º E à 10 milles de distce. Lext du prolongement de la terre vers le N. désigné sous le nom de mamelles au N48º E. A 4h¾ la sonde nous à rapporté 16 b fond de sable fin. A 6h 14 b et elle à toujours diminué de 13 à 14 meme fond. A la meme heure pris les amures à strib. et peu de tems après nous les avons prises à basbord en allant au mouillage. A 6h½ nous avons laissé tombé l’ancre par 13 b fond de sable fin mellé de coquilles brisée la sonde à été la meme autour de la corvette de 6h à minuit les courans nous portant sur notre cable [trois mots barrés, illisibles] nous avons coëffé le perroquet de fougue. A minuit nous avons apperçu un feu sur la coline qui nous restoit au S6ºO. Beau tems, belle mer, et petit frais. 26"}}, {"type": "Feature", "geometry": {"type": "Point", "coordinates": [115.5989, -32.09735]}, "properties": {"date": "1801-06-05", "date_republicaine": "", "navire": "les corvettes", "table": "", "page": "", "remarque": "", "vents_etat_du_ciel": "", "barometre_hpa": "", "obs_latitude": "", "obs_longitude": "", "alerte": "point ajouté pour une entrée du journal anonyme ; position interpolée entre les deux relevés encadrants", "thermometre": "", "journal_anonyme": "A 6h du matin nous avons expédié deux canots pour aller à terre, l’un sous les ordres du Cen Hérisson [Heirisson] et l’autre sous ceux du Cen Freycinet. Il ont découvert les traces de pied nud ce qui nous fait croire quil y à des naturels ils ont aussi trouvé des traces de kangourou du sélèri semblable à celui de France. Le tems beau la mer belle et le vent joli frais du SSE. Le 16 à 4h du matin nos deux canots furent expédiés accompagné de la chaloupe qui d’après lordre du commandant prit pour quatre jours de vivres", "extrapole": true}}, {"type": "Feature", "geometry": {"type": "Point", "coordinates": [115.70007, -31.81949]}, "properties": {"date": "1801-06-06", "date_republicaine": "", "navire": "les corvettes", "table": "", "page": "", "remarque": "", "vents_etat_du_ciel": "", "barometre_hpa": "", "obs_latitude": "", "obs_longitude": "", "alerte": "point ajouté pour une entrée du journal anonyme ; position interpolée entre les deux relevés encadrants", "thermometre": "", "journal_anonyme": "Les vents ayant beaucoup molli nous avons mis le poussepied à la mer pour envoyer au commandant une lettre que le capitaine avoit laissé à bord dans laprès midi le[s] vent[s] souffloit légèrement de l’est la mer toujours très houleuse . A 7h du soir le grand canot étoit de retour le C en St Criq [Cricq] à vu beaucoup de naturels qui à son approche ont pris la fuite. La veille le commandant avoit vu six sauvages dont 5 prirent la fuite à son approche, le sixième plus agée s’avança vers le commandant en le menaçant et lui montrant son batiment en lui faisant entendre quil n’alloit pas le chercher et qu’il eut à se retirer de dessus cette terre qui lui appartenoit le commandant voyant quil ne pouvoit rien savoir de ce naturel prit une route contraire et s’enfonca dans le bois avec toutes les personnes qui l’accompagnoient", "extrapole": true}}, {"type": "Feature", "geometry": {"type": "Point", "coordinates": [115.40389, -33.53333]}, "properties": {"date": "1801-06-07", "date_republicaine": "18 prairial an IX", "navire": "le Géographe", "table": "4 - Routes à la Terre de Leuwin, 1re campagne", "page": 484, "remarque": "Appareillé à 8 h. du matin, remis à l'ancre à 11 h. et dem.", "vents_etat_du_ciel": "NNE. N. ENE. NE. Joli fr. ; ciel nuageux ; les vents fraîchissant beauc. sur le soir.", "barometre_hpa": 1021.4, "obs_latitude": "*", "obs_longitude": "", "alerte": "", "thermometre": "11,7", "journal_anonyme": "Joli frais de lest. A 7h du soir le canot du capitaine étoit de retour et il nous à apporté la malheureuse nouvelle que la chaloupe du Geographe étoit à la côte ; le capitaine écrivit de suite au commandant qui étoit dans de mortelles inquiétudes ; on expedia un canot porter la lettre le commandant jugeant que le capitaine ne lui donnoit pas assez de détail prit le parti de le faire venir à son bord le capitaine s’embarqua de suite dans son canot et revint peu de tems après"}}, {"type": "Feature", "geometry": {"type": "Point", "coordinates": [115.90242, -31.26378]}, "properties": {"date": "1801-06-08", "date_republicaine": "", "navire": "les corvettes", "table": "", "page": "", "remarque": "", "vents_etat_du_ciel": "", "barometre_hpa": "", "obs_latitude": "", "obs_longitude": "", "alerte": "point ajouté pour une entrée du journal anonyme ; position interpolée entre les deux relevés encadrants", "thermometre": "", "journal_anonyme": "Grand frais de NE la mer très grosse le canot du Geographe est venu à 4h du matin à bord nous porter lordre d’armer notre grand canot et dy embarquer tous les ustensiles nécessaire pour pouvoir réparer la chaloupe échoué, le mauvais tems à empêché les deux embarquations de déborder. [A la meme] A 7h heure le commandant à donné lordre par écrit d’appareiller pour aller mouiller en dedans de la baye. Nous avons de suite viré au cabestan mais le grosse mer fatiguant beaucoup, le cable n’entrant qu’avec difficulté qua 8h et demi toutes les bosses ont cassés et le peu de cable que nous avions embarqué fila en vrague, nous memes un de nos quartiers maitres qui furent grievement blessé à 9h le Geographe étoit sous voile et rappella son canot un de nos officiers fut à son bord prendre ses ordres. A 2h de laprès midi… 27 …nous avons fait marguerite, pour virer avec plus de force au cabestan à 3h nous nous sommes appercue que les pattes étoient séparés de la verge, nous avons fini d’embarquer le reste du cable et caponné le tronçon de lancre. A 3h½ nous avons fait route au NO¼ N et mouillé à 5h par les 5 brasses d’eau fond de sable fin et filé 50 b de cable le commandant nous restant au SSE. Le cap ne à été à bord du Geographe. A 5h½ vu deux feux dans le SO. Joli frais dENE. Le 19 à 4h du matin notre grand canot est parti avec le canot du commandant pour porter du secours à la chaloupe échouée", "extrapole": true}}, {"type": "Feature", "geometry": {"type": "Point", "coordinates": [115.1325, -33.42222]}, "properties": {"date": "1801-06-09", "date_republicaine": "20 prairial an IX", "navire": "le Géographe", "table": "4 - Routes à la Terre de Leuwin, 1re campagne", "page": 484, "remarque": "A 4 h. du soir, on voit deux arcs-en-ciel superbes. Toute l'aire renfermée entre deux est d'un blanc éclatant, tandis que le reste de cette partie du ciel est d'un gris noirâtre que quelques éclairs sillonnent de temps en temps. Le tonnerre gronde, mais foiblement.", "vents_etat_du_ciel": "NNE. N. Très-grand frais ; fortes rafales, ciel couvert ; temps par grains avec pluie ; brume épaisse.", "barometre_hpa": 1006.0, "obs_latitude": "*", "obs_longitude": "*", "alerte": "", "thermometre": "12,8", "journal_anonyme": "Le vent de NE fraichissant beaucoup, notre grand canot à été à bord du Geographe porter une partie du monde qui étoit à terre, il à été expédié de nouveau pour aller chercher le reste du monde ; voyant que nous ne pouvions pas ravoir la chaloupe, nous lavons abandonné avec tous les ustenciles que nous avions porté à terre, lancé plusieurs fusée pour marquer notre position à nos deux canots ayant de grandes inquiétudes sur leurs comptes à 8h notre petit canot étoit de retour, nous annoncant quil étoit suivi du grand , dans le meme moment le batiment chassant dans un grain nous filames du cable, mais chassant toujours avec rapidité sur la terre, le capitaine prit le parti d’appareiller, nous virames de suite au cabestan mais le navire faisant toujours son abattée sur la terre et le cabestan néprouvant pas beaucoup de [ difficulté] résistance du cable , nous présumames que ce dernier étoit cassé ou l’ancre endommagé, ce que nous vérifiames à 10h½ du soir car alors ayant fini de haler la touée à bord nous nous appercumes… …que lancre n’avoit plus qu’une patte et dès quil fut caponné nous fimes routes avec des vents de SSE variables et très foibles, le Cen Milius lieutenant en pied prit la manœuvre à 7h½ du matin bon frais de vent, la mer grosse et le ciel couvert"}}, {"type": "Feature", "geometry": {"type": "Point", "coordinates": [114.8794, -33.56659]}, "properties": {"date": "1801-06-10", "date_republicaine": "", "navire": "le Géographe", "table": "", "page": "", "remarque": "", "vents_etat_du_ciel": "", "barometre_hpa": "", "obs_latitude": "", "obs_longitude": "", "alerte": "position extrapolée : contournement de côte entre le 1801-06-09 et le 1801-06-10 (détour de 5 km)", "thermometre": "", "section": "", "extrapole": true}}, {"type": "Feature", "geometry": {"type": "Point", "coordinates": [114.70194, -33.775]}, "properties": {"date": "1801-06-10", "date_republicaine": "21 prairial an IX", "navire": "le Géographe", "table": "4 - Routes à la Terre de Leuwin, 1re campagne", "page": 484, "remarque": "A 4 h. du soir, on voit deux arcs-en-ciel superbes. Toute l'aire renfermée entre deux est d'un blanc éclatant, tandis que le reste de cette partie du ciel est d'un gris noirâtre que quelques éclairs sillonnent de temps en temps. Le tonnerre gronde, mais foiblement.", "vents_etat_du_ciel": "N. NO. ONO. Grand frais ; fortes rafales ; ciel couvert et sombre ; pluie et brume.", "barometre_hpa": 997.0, "obs_latitude": "", "obs_longitude": "*", "alerte": "", "thermometre": "13,6", "journal_anonyme": "A1h½ de laprès midi nous avons viré lof pour lof. A 2h½ nous avons apperçu le Geographe de lavant et au vent à nous courant à contre bord à 3h½ viré lof pour lof. A 4h½ le commandant nous restant au N. A 5h½ à 8h et à minuit viré lof pour lof. Relevement fait à 2h½ de laprès midi La pointe strib du golphe en entrant N78ºO distce 10 milles. A 3h½ la même pointe au N86ºO distce 8 milles Tems chargé le vent grand frais par raffales"}}, {"type": "Feature", "geometry": {"type": "Point", "coordinates": [114.77139, -34.08889]}, "properties": {"date": "1801-06-11", "date_republicaine": "22 prairial an IX", "navire": "le Géographe", "table": "4 - Routes à la Terre de Leuwin, 1re campagne", "page": 484, "remarque": "", "vents_etat_du_ciel": "ONO. Grand frais ; même temps.", "barometre_hpa": 1003.9, "obs_latitude": "*", "obs_longitude": "*", "alerte": "", "thermometre": "14,4", "journal_anonyme": "Dans la nuit lancre à jet à été enlevé par un coup de mer qui à fait rompre double saisine. La mer très grosse, le vent toujours grand frais. Vu la faiblesse 28 de notre equipage, on à laissé les deux bordées sur le pont. A 8h du matin la pointe N. nous restoit au ouest. Mais les vents ayant refusée de 2 quarts dans un grain nous virames de bord lof pour lof"}}, {"type": "Feature", "geometry": {"type": "Point", "coordinates": [114.91861, -34.63056]}, "properties": {"date": "1801-06-12", "date_republicaine": "23 prairial an IX", "navire": "le Géographe", "table": "4 - Routes à la Terre de Leuwin, 1re campagne", "page": 484, "remarque": "", "vents_etat_du_ciel": "ONO. OSO. Bon frais ; sur le soir, bonne brise ; temps à grains ; pluie.", "barometre_hpa": 1006.9, "obs_latitude": "*", "obs_longitude": "*", "alerte": "", "thermometre": "14,5"}}, {"type": "Feature", "geometry": {"type": "Point", "coordinates": [114.95194, -34.43333]}, "properties": {"date": "1801-06-13", "date_republicaine": "24 prairial an IX", "navire": "le Géographe", "table": "4 - Routes à la Terre de Leuwin, 1re campagne", "page": 484, "remarque": "", "vents_etat_du_ciel": "OSO. SO. O. Bon frais ; rafales ; ciel nuageux.", "barometre_hpa": 1018.0, "obs_latitude": "*", "obs_longitude": "*", "alerte": "", "thermometre": "13,5"}}, {"type": "Feature", "geometry": {"type": "Point", "coordinates": [114.83722, -33.51667]}, "properties": {"date": "1801-06-14", "date_republicaine": "25 prairial an IX", "navire": "le Géographe", "table": "4 - Routes à la Terre de Leuwin, 1re campagne", "page": 484, "remarque": "", "vents_etat_du_ciel": "OSO. NO. Joli fr. ONO. Gr. frais ; raf. ; temps à grains ; pluie.", "barometre_hpa": 1015.9, "obs_latitude": "", "obs_longitude": "*", "alerte": "", "thermometre": "13,8"}}, {"type": "Feature", "geometry": {"type": "Point", "coordinates": [115.33722, -32.61389]}, "properties": {"date": "1801-06-15", "date_republicaine": "26 prairial an IX", "navire": "le Géographe", "table": "4 - Routes à la Terre de Leuwin, 1re campagne", "page": 484, "remarque": "", "vents_etat_du_ciel": "ONO. OSO. SO. OSO. Bon fr. ; rafales ; nuages et pluie.", "barometre_hpa": 1015.0, "obs_latitude": "", "obs_longitude": "*", "alerte": "", "thermometre": "13,6"}}, {"type": "Feature", "geometry": {"type": "Point", "coordinates": [115.38639, -32.72639]}, "properties": {"date": "1801-06-16", "date_republicaine": "27 prairial an IX", "navire": "le Géographe", "table": "4 - Routes à la Terre de Leuwin, 1re campagne", "page": 484, "remarque": "", "vents_etat_du_ciel": "O. N. Presque calme. NO. NE. Jolie brise ; beau temps.", "barometre_hpa": 1018.4, "obs_latitude": "", "obs_longitude": "", "alerte": "", "thermometre": "13,4"}}, {"type": "Feature", "geometry": {"type": "Point", "coordinates": [115.23278, -32.71222]}, "properties": {"date": "1801-06-17", "date_republicaine": "28 prairial an IX", "navire": "le Géographe", "table": "4 - Routes à la Terre de Leuwin, 1re campagne", "page": 484, "remarque": "", "vents_etat_du_ciel": "N. O. Grand frais ; rafales, grains et pluie.", "barometre_hpa": 1012.0, "obs_latitude": "*", "obs_longitude": "", "alerte": "", "thermometre": "13,6"}}, {"type": "Feature", "geometry": {"type": "Point", "coordinates": [115.46528, -32.27667]}, "properties": {"date": "1801-06-18", "date_republicaine": "29 prairial an IX", "navire": "le Géographe", "table": "4 - Routes à la Terre de Leuwin, 1re campagne", "page": 484, "remarque": "A 3 h., l'île Rottnest paroît dans le NNE., à trois lieues de distance.", "vents_etat_du_ciel": "De l'O. au S. Grand fr. ; temps couv., orageux et pluvieux.", "barometre_hpa": 1013.5, "obs_latitude": "", "obs_longitude": "", "alerte": "", "thermometre": "13,6"}}, {"type": "Feature", "geometry": {"type": "Point", "coordinates": [114.63028, -31.63333]}, "properties": {"date": "1801-06-19", "date_republicaine": "30 prairial an IX", "navire": "le Géographe", "table": "5 - Routes du Géographe à la Terre d'Édels, 1re campagne", "page": 485, "remarque": "", "vents_etat_du_ciel": "SE. SO. Joli frais ; beau temps.", "barometre_hpa": 1019.6, "obs_latitude": "*", "obs_longitude": "*", "alerte": "", "thermometre": "12,8"}}, {"type": "Feature", "geometry": {"type": "Point", "coordinates": [113.61972, -30.54556]}, "properties": {"date": "1801-06-20", "date_republicaine": "1er messidor an IX", "navire": "le Géographe", "table": "5 - Routes du Géographe à la Terre d'Édels, 1re campagne", "page": 485, "remarque": "", "vents_etat_du_ciel": "SO. SSO. Joli frais ; beau temps.", "barometre_hpa": 1025.6, "obs_latitude": "", "obs_longitude": "", "alerte": "", "thermometre": "13,9"}}, {"type": "Feature", "geometry": {"type": "Point", "coordinates": [113.49416, -29.81167]}, "properties": {"date": "1801-06-21", "date_republicaine": "2 messidor an IX", "navire": "le Géographe", "table": "5 - Routes du Géographe à la Terre d'Édels, 1re campagne", "page": 485, "remarque": "", "vents_etat_du_ciel": "OSO. SSO. S. SE. ESE. E. Petit frais ; temps brumeux.", "barometre_hpa": 1025.6, "obs_latitude": "*", "obs_longitude": "*", "alerte": "", "thermometre": "13,4"}}, {"type": "Feature", "geometry": {"type": "Point", "coordinates": [113.61666, -27.39028]}, "properties": {"date": "1801-06-22", "date_republicaine": "3 messidor an IX", "navire": "le Géographe", "table": "5 - Routes du Géographe à la Terre d'Édels, 1re campagne", "page": 485, "remarque": "", "vents_etat_du_ciel": "De l'E. au S. Joli frais ; beau temps.", "barometre_hpa": 1028.6, "obs_latitude": "", "obs_longitude": "", "alerte": "", "thermometre": "14,0"}}, {"type": "Feature", "geometry": {"type": "Point", "coordinates": [112.88305, -26.02806]}, "properties": {"date": "1801-06-23", "date_republicaine": "4 messidor an IX", "navire": "le Géographe", "table": "5 - Routes du Géographe à la Terre d'Édels, 1re campagne", "page": 485, "remarque": "", "vents_etat_du_ciel": "De l'ESE. au S. Joli frais ; beau temps.", "barometre_hpa": 1022.6, "obs_latitude": "", "obs_longitude": "", "alerte": "", "thermometre": "15,0"}}, {"type": "Feature", "geometry": {"type": "Point", "coordinates": [112.97055, -24.30167]}, "properties": {"date": "1801-06-24", "date_republicaine": "5 messidor an IX", "navire": "le Géographe", "table": "6 - Routes du Géographe à la Terre d'Endracht, 1re campagne", "page": 485, "remarque": "", "vents_etat_du_ciel": "Du S. au NE. Petit frais ; beau temps.", "barometre_hpa": 1021.1, "obs_latitude": "", "obs_longitude": "", "alerte": "", "thermometre": "16,8"}}, {"type": "Feature", "geometry": {"type": "Point", "coordinates": [113.13555, -23.98111]}, "properties": {"date": "1801-06-25", "date_republicaine": "6 messidor an IX", "navire": "le Géographe", "table": "6 - Routes du Géographe à la Terre d'Endracht, 1re campagne", "page": 485, "remarque": "Mouillé à 7 h. 45' du soir dans la baie des Chiens-Marins ; apparcillé à 10 heures.", "vents_etat_du_ciel": "SE. NE. Grand frais ; temps couvert, petite pluie.", "barometre_hpa": 1019.6, "obs_latitude": "*", "obs_longitude": "*", "alerte": "", "thermometre": "16,0"}}, {"type": "Feature", "geometry": {"type": "Point", "coordinates": [113.34861, -23.80778]}, "properties": {"date": "1801-06-26", "date_republicaine": "7 messidor an IX", "navire": "le Géographe", "table": "6 - Routes du Géographe à la Terre d'Endracht, 1re campagne", "page": 485, "remarque": "Au coucher du soleil, les nuages se sont un peu dissipés ; les inférieurs étoient en longues bandes grises, et les supérieurs en flocons gris, rouges et blancs. Vers 7 h. la lune étant à une bonne hauteur, les nuages inférieurs se sont dissipés, et les supérieurs ont formé un ciel pommelé superbe ; mais ils ont disparu peu après.", "vents_etat_du_ciel": "NE. SE. Petit frais ; b. temps ; ciel nuag. ; le soleil n'a paru qu'à midi.", "barometre_hpa": 1022.6, "obs_latitude": "", "obs_longitude": "*", "alerte": "", "thermometre": "18,0"}}, {"type": "Feature", "geometry": {"type": "Point", "coordinates": [113.33083, -24.63361]}, "properties": {"date": "1801-06-27", "date_republicaine": "8 messidor an IX", "navire": "le Géographe", "table": "6 - Routes du Géographe à la Terre d'Endracht, 1re campagne", "page": 485, "remarque": "Au coucher du soleil, les nuages se sont un peu dissipés ; les inférieurs étoient en longues bandes grises, et les supérieurs en flocons gris, rouges et blancs. Vers 7 h. la lune étant à une bonne hauteur, les nuages inférieurs se sont dissipés, et les supérieurs ont formé un ciel pommelé superbe ; mais ils ont disparu peu après.", "vents_etat_du_ciel": "E. SSE. Joli frais ; b. temps.", "barometre_hpa": 1021.7, "obs_latitude": "", "obs_longitude": "", "alerte": "", "thermometre": "18,5"}}, {"type": "Feature", "geometry": {"type": "Point", "coordinates": [113.32944, -24.79611]}, "properties": {"date": "1801-06-28", "date_republicaine": "9 messidor an IX", "navire": "le Géographe", "table": "6 - Routes du Géographe à la Terre d'Endracht, 1re campagne", "page": 485, "remarque": "Mis à l'ancre à 2. h. 1/2 du soir.", "vents_etat_du_ciel": "NNE. SSE. Petit frais ; beau temps.", "barometre_hpa": 1022.6, "obs_latitude": "*", "obs_longitude": "", "alerte": "", "thermometre": "19,5"}}, {"type": "Feature", "geometry": {"type": "Point", "coordinates": [115.51639, -31.83306]}, "properties": {"date": "1801-06-28", "date_republicaine": "9 messidor an IX", "navire": "le Naturaliste", "table": "28 - Routes du Naturaliste à la Terre d'Édels", "page": 528, "remarque": "Appareillé à 9 h. 30' du matin de la rade de l'île Rottnest, où nous étions mouillés, par 31° 58' 27\" de latitude S. et 113° 15' 40\" de long. Orient.", "vents_etat_du_ciel": "NE. ENE. NNE. ESE. SE. Joli frais ; temps nébuleux et par grains.", "barometre_hpa": 1019.6, "obs_latitude": "*", "obs_longitude": "*", "alerte": "", "thermometre": "14,8", "journal_anonyme": "Nous nous sommes préparés à appareillé le 9 à 7h du matin nous avons appareillé avec les vents de NE joli frais. A midi nous avons sondé par 26 b fond de sable mellé de gravier et coquilles brisées. Le tems beau, la mer belle, le ciel sans nuages"}}, {"type": "Feature", "geometry": {"type": "Point", "coordinates": [115.42944, -31.17111]}, "properties": {"date": "1801-06-29", "date_republicaine": "10 messidor an IX", "navire": "le Naturaliste", "table": "28 - Routes du Naturaliste à la Terre d'Édels", "page": 528, "remarque": "En vue de l'île Lancelin et du continent de la Nouvelle-Hollande.", "vents_etat_du_ciel": "SSE. S. SSE. SE. ENE. Joli frais le matin, ensuite petit frais ; beau temps.", "barometre_hpa": 1019.6, "obs_latitude": "", "obs_longitude": "△", "alerte": "", "thermometre": "15,0", "journal_anonyme": "Le tems nébuleux et par grains, eclairant dans louest à 2h de laprès midi la sonde à rapporté 27 b. fond de sable gris, corail et gravier. Le vent de lESE vbles au SE. A 11h½ on à observé un courant portant du NNO au SSE"}}, {"type": "Feature", "geometry": {"type": "Point", "coordinates": [113.465, -24.73139]}, "properties": {"date": "1801-06-30", "date_republicaine": "11 messidor an IX", "navire": "le Géographe", "table": "6 - Routes du Géographe à la Terre d'Endracht, 1re campagne", "page": 485, "remarque": "Apparcillé à 7 h. et demie du matin, et remis à l'ancre à 1 h. du soir. A 7 h. 1/2 du soir, nous avons vu la lumière zodiacale ; son éclat étoit presque égal à celui de la voie lactée ; son sommet avoit la forme très-prononcée d'un fuseau. Près de l'horizon, sa base s'élargissoit et se confondoit avec une masse de lumière rougeâtre qui bordoit l'horizon dans un arc de près de 100°. Entre l'horizon de la mer et cette lumière, étoit une ligne noire à travers laquelle on voyoit les étoiles, quoique affoiblies.", "vents_etat_du_ciel": "ESE. SO. Petit frais ; b. temps.", "barometre_hpa": 1019.6, "obs_latitude": "", "obs_longitude": "*", "alerte": "", "thermometre": "17,4"}}, {"type": "Feature", "geometry": {"type": "Point", "coordinates": [115.05055, -30.80306]}, "properties": {"date": "1801-06-30", "date_republicaine": "11 messidor an IX", "navire": "le Naturaliste", "table": "28 - Routes du Naturaliste à la Terre d'Édels", "page": 528, "remarque": "", "vents_etat_du_ciel": "ENE. N. NNE. NNO. Joli frais et bon frais par rafales ; temps à grains le soir.", "barometre_hpa": 1019.6, "obs_latitude": "*", "obs_longitude": "△", "alerte": "", "thermometre": "16,0", "journal_anonyme": "Beau tems belle mer les vents joli frais de la partie du SSE vbles à lENE et N. A 8 heures du soir la sonde à rapporté 24 b. fond de sable et roches… …[plusieurs mots illisibles] toutes les demi heures à minuit nous avons mis en panne, basbord au vent à 7h 45’ viré vent devant et pris tribord amures. Relevement fait à midi 31 Le piton le plus nord au NE¼N Celui du NE au NE1ºN Le plus sud au NE1ºE"}}, {"type": "Feature", "geometry": {"type": "Point", "coordinates": [113.53972, -24.99639]}, "properties": {"date": "1801-07-01", "date_republicaine": "12 messidor an IX", "navire": "le Géographe", "table": "6 - Routes du Géographe à la Terre d'Endracht, 1re campagne", "page": 485, "remarque": "Appareillé à 6 h. du matin ; mouillé à 4 heures du soir.", "vents_etat_du_ciel": "NE. SE. Foible brise ; beau temps.", "barometre_hpa": 1021.1, "obs_latitude": "", "obs_longitude": "", "alerte": "", "thermometre": "18,0"}}, {"type": "Feature", "geometry": {"type": "Point", "coordinates": [115.24055, -30.66083]}, "properties": {"date": "1801-07-01", "date_republicaine": "12 messidor an IX", "navire": "le Naturaliste", "table": "28 - Routes du Naturaliste à la Terre d'Édels", "page": 528, "remarque": "En vue de l'île Boullanger et du continent voisin.", "vents_etat_du_ciel": "NO. OSO. O. ONO. Petit frais ; calme le soir ; temps couvert.", "barometre_hpa": 1018.0, "obs_latitude": "", "obs_longitude": "△", "alerte": "", "thermometre": "16,0", "journal_anonyme": "Beau tems, belle mer les vents variants du N. au NNO et O. A midi et à quatre heures viré de vent devant à 5h du soir sondés toutes les demi heures par 27 b. 24. 23. 23. 24. et 25. Fond de roches et corail . Nous avons eu beaucoup de pluie dans la nuit. A 4h du matin pris lof pour lof basb. amures. Relevement de midi Lext de la gde falaise du sud à lE25º 15’ sud. Lext N de la gde falaise suivante lE 7º 15’ sud. Distce estimée 11 milles"}}, {"type": "Feature", "geometry": {"type": "Point", "coordinates": [113.49416, -25.32167]}, "properties": {"date": "1801-07-02", "date_republicaine": "13 messidor an IX", "navire": "le Géographe", "table": "6 - Routes du Géographe à la Terre d'Endracht, 1re campagne", "page": 485, "remarque": "Mis sous voiles à 6 h. 30' du matin ; mouillé à 1 h. 30' du soir.", "vents_etat_du_ciel": "ENE. E. Joli frais ; b. temps.", "barometre_hpa": 1016.5, "obs_latitude": "", "obs_longitude": "", "alerte": "", "thermometre": "16,8"}}, {"type": "Feature", "geometry": {"type": "Point", "coordinates": [114.625, -31.16667]}, "properties": {"date": "1801-07-02", "date_republicaine": "13 messidor an IX", "navire": "le Naturaliste", "table": "28 - Routes du Naturaliste à la Terre d'Édels", "page": 528, "remarque": "", "vents_etat_du_ciel": "NO. NNO. NNE. NNO. N. Par rafales bon frais et joli frais ; temps couvert.", "barometre_hpa": 1013.5, "obs_latitude": "", "obs_longitude": "*", "alerte": "", "thermometre": "16,0", "journal_anonyme": "Beau tems les vents petits frais au ONO. A 1h la vigie à prévenu quelle voyoit des brisans à terre et au large 20’ après ils ont paru sétendre très au large au même moment nous avons serré le vent strib amures. De midi à 4h la sonde à varié de 21 à 27 b. fond de corail et gravier blanc mellé de coquilles brisée de 4h½ à 8h sondé toutes les demi heures par 28 b. fond de corail et gravier. 26. 26. 26. 25 fond de roches et gravier à 4h½ du matin viré vent devant et couru le bord de terre à 6h reviré"}}, {"type": "Feature", "geometry": {"type": "Point", "coordinates": [113.41389, -25.50333]}, "properties": {"date": "1801-07-03", "date_republicaine": "14 messidor an IX", "navire": "le Géographe", "table": "6 - Routes du Géographe à la Terre d'Endracht, 1re campagne", "page": 486, "remarque": "Apparcillé à 2 h. du soir.", "vents_etat_du_ciel": "Du NNO. au N. Joli fr. ; b. temps ; NNO. O. Bon fr. ; temps à grains ; pluie.", "barometre_hpa": 1015.3, "obs_latitude": "", "obs_longitude": "", "alerte": "", "thermometre": "15,1"}}, {"type": "Feature", "geometry": {"type": "Point", "coordinates": [113.70805, -31.945]}, "properties": {"date": "1801-07-03", "date_republicaine": "14 messidor an IX", "navire": "le Naturaliste", "table": "28 - Routes du Naturaliste à la Terre d'Édels", "page": 528, "remarque": "", "vents_etat_du_ciel": "N. NNO. N. ONO. O. Grand frais par rafales ; grains et pluie.", "barometre_hpa": 995.5, "obs_latitude": "*", "obs_longitude": "*", "alerte": "", "thermometre": "12,0", "journal_anonyme": "Tems à grains la mer un peu grosse, les vents variant du NO au N par fortes raffales. A 6h du soir pris vent devant basb. amures. Le vent toujours très violent eclairant de tous points de lhorison. A 10h½ pris lof pour lof strib amures. Vers les six heures du matin nous avons mis à la cap. Pluie continuelle"}}, {"type": "Feature", "geometry": {"type": "Point", "coordinates": [113.38444, -24.74111]}, "properties": {"date": "1801-07-04", "date_republicaine": "15 messidor an IX", "navire": "le Géographe", "table": "6 - Routes du Géographe à la Terre d'Endracht, 1re campagne", "page": 486, "remarque": "Mouillé à 8 heures du matin. Cette déclinaison est moyenne de cinq observations faites à bord au mouillage. Inclinaison moyenne de l'aiguille aimantée à l'Observatoire = 51° 30'.", "vents_etat_du_ciel": "O. OSO. Grand frais ; temps couv. SO. SSE. Joli frais ; beau temps.", "barometre_hpa": 1021.1, "obs_latitude": "", "obs_longitude": "*", "alerte": "", "thermometre": "16,0"}}, {"type": "Feature", "geometry": {"type": "Point", "coordinates": [113.81361, -32.01667]}, "properties": {"date": "1801-07-04", "date_republicaine": "15 messidor an IX", "navire": "le Naturaliste", "table": "28 - Routes du Naturaliste à la Terre d'Édels", "page": 528, "remarque": "", "vents_etat_du_ciel": "O. OSO. SO. Grand frais et bon frais par rafales ; temps à grains.", "barometre_hpa": 1004.5, "obs_latitude": "", "obs_longitude": "*", "alerte": "", "thermometre": "14,0", "journal_anonyme": "Le vent nayant pas apparence de changer nous nous sommes toujours tenus sous la même voilure le tems par grains la mer grosse et pluie continuelle le vent au ONO par fortes raffales"}}, {"type": "Feature", "geometry": {"type": "Point", "coordinates": [113.36861, -24.83056]}, "properties": {"date": "1801-07-05", "date_republicaine": "16 messidor an IX", "navire": "le Géographe", "table": "6 - Routes du Géographe à la Terre d'Endracht, 1re campagne", "page": 486, "remarque": "Mouillé à 8 heures du matin. Cette déclinaison est moyenne de cinq observations faites à bord au mouillage. Inclinaison moyenne de l'aiguille aimantée à l'Observatoire = 51° 30'.", "vents_etat_du_ciel": "SSE. E. Petit frais ; b. temps.", "barometre_hpa": 1019.6, "obs_latitude": "", "obs_longitude": "", "alerte": "", "thermometre": "14,3"}}, {"type": "Feature", "geometry": {"type": "Point", "coordinates": [114.34778, -31.01667]}, "properties": {"date": "1801-07-05", "date_republicaine": "16 messidor an IX", "navire": "le Naturaliste", "table": "28 - Routes du Naturaliste à la Terre d'Édels", "page": 528, "remarque": "", "vents_etat_du_ciel": "O. NNO. NO. ONO. Joli frais ; le soir, vent petit frais du NO. ; temps nuageux.", "barometre_hpa": 1016.5, "obs_latitude": "", "obs_longitude": "*", "alerte": "", "thermometre": "16,0", "journal_anonyme": "Le tems beau, la mer belle, grand frais douest . De 8h à minuit et de minuit à 4h du matin nous avons sondé toutes les heures sans pouvoir trouver fond en filant 87 et 1 00 b de ligne. Le vent ayant passé au [N]NO et ensuite au NNO nous avons orienté et laissé porter au NE. Le tems beau, la mer houleuse"}}, {"type": "Feature", "geometry": {"type": "Point", "coordinates": [114.93055, -30.51667]}, "properties": {"date": "1801-07-06", "date_republicaine": "17 messidor an IX", "navire": "le Naturaliste", "table": "28 - Routes du Naturaliste à la Terre d'Édels", "page": 528, "remarque": "", "vents_etat_du_ciel": "NO. N. O. ONO. NO. Joli frais par rafales ; temps à grains ; pluie.", "barometre_hpa": 1016.5, "obs_latitude": "", "obs_longitude": "△", "alerte": "", "thermometre": "16,0", "journal_anonyme": "Beau tems, belle mer joli frais de NO lamplitude occase nous à […] 7º 15’ de v on NO. A 8h½ du soir pris basb. amures. Filée 100 b de ligne sans trouver fond. A 1h mis en panne basb. au vent à 3h pris la panne sur lautre bord. Relevement de midi 32 La falaise blanche à lE4º 30’ N distce esté 23 milles Le piton le plus proche lE5º 30’ sud dist esté 25 milles Le plus éloigné lE10º 30’ sud distce 28m"}}, {"type": "Feature", "geometry": {"type": "Point", "coordinates": [114.53444, -30.21306]}, "properties": {"date": "1801-07-07", "date_republicaine": "18 messidor an IX", "navire": "le Naturaliste", "table": "28 - Routes du Naturaliste à la Terre d'Édels", "page": 528, "remarque": "", "vents_etat_du_ciel": "NO. ONO. O. OSO. Bon frais et joli frais ; rafales ; grains ; pluie.", "barometre_hpa": 1010.5, "obs_latitude": "*", "obs_longitude": "*", "alerte": "", "thermometre": "15,0", "journal_anonyme": "Tems couvert et par grains accompagné de pluie le vents variant[s] du NO¼N au NO et ONO 2h 45’ viré vent devant à 9h du matin il à passé un grain très… … violent accompagné de pluie, s ondé toutes les demi heures et filé 60 b de ligne sans trouver fond"}}, {"type": "Feature", "geometry": {"type": "Point", "coordinates": [114.04778, -29.41111]}, "properties": {"date": "1801-07-08", "date_republicaine": "19 messidor an IX", "navire": "le Naturaliste", "table": "28 - Routes du Naturaliste à la Terre d'Édels", "page": 528, "remarque": "En vue des Abrolhos.", "vents_etat_du_ciel": "OSO. SO. SSO. SE. Joli frais ; à la nuit, petit frais ; ciel couvert.", "barometre_hpa": 1025.6, "obs_latitude": "", "obs_longitude": "△", "alerte": "", "thermometre": "17,0", "journal_anonyme": "Le tems sombre, le ciel couvert, la mer houleuse. Petits frais du OSO au SO¼ O. La terre à vue et à une grande distance . A minuit mis en panne, sondé plusieurs fois sans trouver fond. A 6h du matin fait servir"}}, {"type": "Feature", "geometry": {"type": "Point", "coordinates": [114.08555, -28.85444]}, "properties": {"date": "1801-07-09", "date_republicaine": "20 messidor an IX", "navire": "le Naturaliste", "table": "28 - Routes du Naturaliste à la Terre d'Édels", "page": 528, "remarque": "L'amplitude ortive a donné 5° 50', et l'amplitude occase 8° 13' de déclinaison NO., celle que l'on a notée ici est la moyenne des deux.", "vents_etat_du_ciel": "SSO. OSO. ESE. E. ENE. ESE. Petit frais ; beau temps.", "barometre_hpa": 1025.6, "obs_latitude": "", "obs_longitude": "△", "alerte": "", "thermometre": "15,0", "journal_anonyme": "Beau tems, belle mer, les vents joli frais de la partie du SSO. SO et SO. A 1h nous avons appercu les [alab] Abrolhos à une moyenne distance à 4h 45’ mis en panne, à la meme heure la sonde à rapporté 34 b fond de sable fin , le brassiage et le fond n’ont pas varié jusqua 8h. Nous avons fait servir pendant 10’ et repris ensuite la panne . A 4h les vents ayant passé à lESE nous avons pris la panne strib amures. A 6h fait servir"}}, {"type": "Feature", "geometry": {"type": "Point", "coordinates": [113.67528, -28.19528]}, "properties": {"date": "1801-07-10", "date_republicaine": "21 messidor an IX", "navire": "le Naturaliste", "table": "28 - Routes du Naturaliste à la Terre d'Édels", "page": 528, "remarque": "Cette déclinaison est moyenne de plusieurs observations.", "vents_etat_du_ciel": "ESE. E. SE. ESE. Petit frais ; beau temps.", "barometre_hpa": 1025.6, "obs_latitude": "", "obs_longitude": "△", "alerte": "", "thermometre": "16,0", "journal_anonyme": "Beau tems, belle mer, les vents petits du SE à lESE de 4h à 8h du soir la sonde à rapporté 29 à 30 b. fond de sable noirâtre. A 8h mis en panne basbord au vent le cap au SO. A 2h nous avons changé de panne et à 5h 30’ du matin nous avons fait servir"}}, {"type": "Feature", "geometry": {"type": "Point", "coordinates": [113.82972, -27.7]}, "properties": {"date": "1801-07-11", "date_republicaine": "22 messidor an IX", "navire": "le Naturaliste", "table": "28 - Routes du Naturaliste à la Terre d'Édels", "page": 528, "remarque": "En vue de la pointe Rouge et de la baie Gantheaume.", "vents_etat_du_ciel": "E. ENE. N. NNE. Joli frais et petit frais ; beau temps.", "barometre_hpa": 1021.1, "obs_latitude": "", "obs_longitude": "△", "alerte": "", "thermometre": "17,0", "journal_anonyme": "Beau tems, belle mer petits frais de lE au SSE et SE. A 8h du soir mis en panne basbord au vent de 4h à 8h la sonde à rapporté 30 à 30 b. fond de sable gris et coquilles brisées. 28, 28, 32, et 33. sable gris et gravier à 2h du matin fait servir et remis en panne à 4h. A 5h du matin fait servir à 7h du matin et à 11h viré de bord"}}, {"type": "Feature", "geometry": {"type": "Point", "coordinates": [113.40278, -24.83056]}, "properties": {"date": "1801-07-12", "date_republicaine": "23 messidor an IX", "navire": "le Géographe", "table": "6 - Routes du Géographe à la Terre d'Endracht, 1re campagne", "page": 486, "remarque": "", "vents_etat_du_ciel": "NNE. N. NNE. Bon frais ; ciel couvert, pluie.", "barometre_hpa": 1016.5, "obs_latitude": "*", "obs_longitude": "*", "alerte": "", "thermometre": "17,0"}}, {"type": "Feature", "geometry": {"type": "Point", "coordinates": [113.325, -27.63889]}, "properties": {"date": "1801-07-12", "date_republicaine": "23 messidor an IX", "navire": "le Naturaliste", "table": "28 - Routes du Naturaliste à la Terre d'Édels", "page": 528, "remarque": "", "vents_etat_du_ciel": "NE. NNE. N. NNO. O. SO. Bon frais ; grains et pluie.", "barometre_hpa": 1010.5, "obs_latitude": "*", "obs_longitude": "△", "alerte": "", "thermometre": "17,5", "journal_anonyme": "Le tems couvert, la mer belle, petits frais variables du N¼NO au N et NNE. A 1h la sonde à rapporté 27 b. fond de sable roux et petit gravier. A 8h½ du soir étant à 2 lieues et demi de la cote et courant dessus nous avons changé damures"}}, {"type": "Feature", "geometry": {"type": "Point", "coordinates": [113.26778, -24.55306]}, "properties": {"date": "1801-07-13", "date_republicaine": "24 messidor an IX", "navire": "le Géographe", "table": "6 - Routes du Géographe à la Terre d'Endracht, 1re campagne", "page": 486, "remarque": "", "vents_etat_du_ciel": "NNE. SSO. NNE. Jolie brise, ciel couvert, grains, pluie.", "barometre_hpa": 1010.5, "obs_latitude": "*", "obs_longitude": "*", "alerte": "", "thermometre": "15,3"}}, {"type": "Feature", "geometry": {"type": "Point", "coordinates": [113.00444, -27.59083]}, "properties": {"date": "1801-07-13", "date_republicaine": "24 messidor an IX", "navire": "le Naturaliste", "table": "28 - Routes du Naturaliste à la Terre d'Édels", "page": 529, "remarque": "", "vents_etat_du_ciel": "Calme ; folles ventes ; NNE. NE. Bon frais par grains ; le soir, calme ; pluie continuelle.", "barometre_hpa": 1007.5, "obs_latitude": "*", "obs_longitude": "*", "alerte": "", "thermometre": "17,0", "journal_anonyme": "Bon frais de N au NNE et NNO tems à grains… 33 …la mer un peu grosse. A 4h pris lof pour lof basbord amures. A 1h 30’ du matin la sonde à rapporté 50 b fond de sable roux. Calme sur les quatre heures, le ciel obscure tombant beaucoup de pluie sur les 9h il à fraichi du NNE"}}, {"type": "Feature", "geometry": {"type": "Point", "coordinates": [113.17528, -24.31611]}, "properties": {"date": "1801-07-14", "date_republicaine": "25 messidor an IX", "navire": "le Géographe", "table": "6 - Routes du Géographe à la Terre d'Endracht, 1re campagne", "page": 486, "remarque": "Passé pour la quatrième fois le tropique du Capricorne, à 10 h. du soir.", "vents_etat_du_ciel": "ONO. OSO. Joli frais ; beau temps.", "barometre_hpa": 1015.0, "obs_latitude": "", "obs_longitude": "", "alerte": "", "thermometre": "16,0"}}, {"type": "Feature", "geometry": {"type": "Point", "coordinates": [113.53222, -27.84444]}, "properties": {"date": "1801-07-14", "date_republicaine": "25 messidor an IX", "navire": "le Naturaliste", "table": "28 - Routes du Naturaliste à la Terre d'Édels", "page": 529, "remarque": "", "vents_etat_du_ciel": "Calme plat ; le soir, SO. OSO. Petit frais ; pluie continuelle.", "barometre_hpa": 1007.5, "obs_latitude": "*", "obs_longitude": "△", "alerte": "", "thermometre": "16,0", "journal_anonyme": "Tems par grains, pluie continuelle, ciel couvert lhorison chargée petits frais variable du NNE, NNO au sud à 7h 30’ du soir la sonde à rapportée 37 b fond de sable rougeatre. A la même heure le vent à sauté au SSO. A 4h du matin nous avons hissé un pavillon à la corne en lhonneur du 14 juillet. A 11h nous avons apperçu la terre à la distce de 30 milles"}}, {"type": "Feature", "geometry": {"type": "Point", "coordinates": [113.08111, -22.285]}, "properties": {"date": "1801-07-15", "date_republicaine": "26 messidor an IX", "navire": "le Géographe", "table": "6 - Routes du Géographe à la Terre d'Endracht, 1re campagne", "page": 486, "remarque": "", "vents_etat_du_ciel": "O. SE. Joli frais ; b. temps.", "barometre_hpa": 1018.0, "obs_latitude": "", "obs_longitude": "", "alerte": "", "thermometre": "18,0"}}, {"type": "Feature", "geometry": {"type": "Point", "coordinates": [113.42611, -27.03333]}, "properties": {"date": "1801-07-15", "date_republicaine": "26 messidor an IX", "navire": "le Naturaliste", "table": "28 - Routes du Naturaliste à la Terre d'Édels", "page": 529, "remarque": "Depuis quatre jours, les courans nous ont poussés d'environ 50 milles dans le Sud.", "vents_etat_du_ciel": "OSO. SO. SSO. Petit frais ; joli frais ; ciel couvert.", "barometre_hpa": 1019.6, "obs_latitude": "", "obs_longitude": "△", "alerte": "", "thermometre": "17,7", "journal_anonyme": "Tems couvert, pluie continuelle petits frais du NNO au SO. A 4h du soir tiré 21 coups de canon en m emoire du 14 juillet dont on à célè bré l’anniversaire, à 6h 45’ un grain s’est élevé dans le SO éclairant et tonnant un peu accompagné […] nous avons gouverné au NNO. Au point du jour nous avons appercu la terre, nous avons mis toues voiles dehors pour la rallier à midi la sonde à rapporté 47 b fond de roches"}}, {"type": "Feature", "geometry": {"type": "Point", "coordinates": [114.20528, -21.1075]}, "properties": {"date": "1801-07-16", "date_republicaine": "27 messidor an IX", "navire": "le Géographe", "table": "7 - Routes du Géographe à la Terre de Witt, 1re campagne", "page": 486, "remarque": "", "vents_etat_du_ciel": "SE. Joli frais ; beau temps, calme.", "barometre_hpa": 1021.1, "obs_latitude": "", "obs_longitude": "", "alerte": "", "thermometre": "17,6"}}, {"type": "Feature", "geometry": {"type": "Point", "coordinates": [112.85389, -25.67778]}, "properties": {"date": "1801-07-16", "date_republicaine": "27 messidor an IX", "navire": "le Naturaliste", "table": "28 - Routes du Naturaliste à la Terre d'Édels", "page": 529, "remarque": "En vue de l'île Dirck-Hartighs.", "vents_etat_du_ciel": "SE. ESE. E. SSO. SSE. Joli frais ; beau temps.", "barometre_hpa": 1019.6, "obs_latitude": "", "obs_longitude": "△", "alerte": "", "thermometre": "16,0", "journal_anonyme": "Beau tems, belle mer, le ciel nuageux. Petits frais du SO au SO¼O. A 8h du soir la sonde à rapporté 58 b fond de sable fin. De 9h à 10 et 11h filé 70 b sans avoir fond. Au jour apperçu la terre qui me semble être lentrée de la baye des Chiens marins"}}, {"type": "Feature", "geometry": {"type": "Point", "coordinates": [114.74194, -21.08056]}, "properties": {"date": "1801-07-17", "date_republicaine": "28 messidor an IX", "navire": "le Géographe", "table": "7 - Routes du Géographe à la Terre de Witt, 1re campagne", "page": 486, "remarque": "En vue de l'île Rosily.", "vents_etat_du_ciel": "E. SO. Petit frais ; b. temps.", "barometre_hpa": 1019.6, "obs_latitude": "", "obs_longitude": "", "alerte": "", "thermometre": "17,0"}}, {"type": "Feature", "geometry": {"type": "Point", "coordinates": [112.89768, -25.48721]}, "properties": {"date": "1801-07-17", "date_republicaine": "", "navire": "le Naturaliste", "table": "", "page": "", "remarque": "", "vents_etat_du_ciel": "", "barometre_hpa": "", "obs_latitude": "", "obs_longitude": "", "alerte": "position extrapolée : contournement de côte entre le 1801-07-16 et le 1801-07-17 (détour de 12 km)", "section": "", "extrapole": true}}, {"type": "Feature", "geometry": {"type": "Point", "coordinates": [113.10944, -25.45]}, "properties": {"date": "1801-07-17", "date_republicaine": "28 messidor an IX", "navire": "le Naturaliste", "table": "28 - Routes du Naturaliste à la Terre d'Édels", "page": 529, "remarque": "Mouillé à la baie des Chiens-Marins, le 17 juillet à 8 h. du soir.", "vents_etat_du_ciel": "SE. ESE. S. Joli frais ; petit frais le soir ; beau temps.", "barometre_hpa": "", "obs_latitude": "", "obs_longitude": "△", "alerte": "", "journal_anonyme": "Beau tems, belle mer, petits frais de lest au SSO. Nous avons élongé Dirk Hartogs et sondé par 45 fond de sable roux. A 7h 45’ du matin nous avons laissé tombé lancre de basb. par 18 b. fond de sable fin et vaseux, et filé 60 b de cable , à 8h du matin nous avons envoyé le petit canot pour sonder. A 9h il étoit de retour, nous avons tiré deux coups de canon,… …de 10h à minuit un courant portant à lESE présentoit le batiment presque en travers"}}, {"type": "Feature", "geometry": {"type": "Point", "coordinates": [114.88389, -21.32472]}, "properties": {"date": "1801-07-18", "date_republicaine": "29 messidor an IX", "navire": "le Géographe", "table": "7 - Routes du Géographe à la Terre de Witt, 1re campagne", "page": 486, "remarque": "En vue de l'île Thévenard.", "vents_etat_du_ciel": "ONO. OSO. SE. NE. OSO. SO. Petit frais ; b. temps.", "barometre_hpa": 1016.5, "obs_latitude": "", "obs_longitude": "", "alerte": "", "thermometre": "17,3"}}, {"type": "Feature", "geometry": {"type": "Point", "coordinates": [113.12861, -25.46917]}, "properties": {"date": "1801-07-18", "date_republicaine": "29 messidor an IX", "navire": "le Naturaliste", "table": "29 - Séjour du Naturaliste à la Baie des Chiens-Marins", "page": 529, "remarque": "Latitude moyenne conclue de cinq hauteurs méridiennes du soleil observées à bord. Dans la journée du 18 juillet, on a changé de mouillage.", "vents_etat_du_ciel": "Calme ; N. NNO. Petit frais ; beau temps ; le soir, grain du SO. au NO., joli frais par rafales ; horizon noir et chargé de nuages.", "barometre_hpa": "", "obs_latitude": "", "obs_longitude": "△", "alerte": "", "journal_anonyme": "Beau tems, belle mer, le vent très foible du sud. Le 29 le tems fut incertain et calme un souffle du N¼NE nous donna l’esperance dappareiller, mais le calme revint, on expedia le gd canot aux ordres du Cen St Criq [Cricq] pour aller à lisle de Dorre et le poussepied pour Dirk Hartogs.4"}}, {"type": "Feature", "geometry": {"type": "Point", "coordinates": [114.64694, -21.54167]}, "properties": {"date": "1801-07-19", "date_republicaine": "30 messidor an IX", "navire": "le Géographe", "table": "7 - Routes du Géographe à la Terre de Witt, 1re campagne", "page": 486, "remarque": "En vue des îles de Rivoli.", "vents_etat_du_ciel": "OSO. SO. ESE. ENE. N. NE. OSO. Bon frais ; temps couvert, pluie.", "barometre_hpa": 1016.5, "obs_latitude": "", "obs_longitude": "*", "alerte": "", "thermometre": "18,1"}}, {"type": "Feature", "geometry": {"type": "Point", "coordinates": [113.13344, -25.47039]}, "properties": {"date": "1801-07-19", "date_republicaine": "", "navire": "le Naturaliste", "table": "", "page": "", "remarque": "", "vents_etat_du_ciel": "", "barometre_hpa": "", "obs_latitude": "", "obs_longitude": "", "alerte": "point ajouté pour une entrée du journal anonyme ; position interpolée entre les deux relevés encadrants", "thermometre": "", "journal_anonyme": "Beau tems, belle mer, petits frais de N au NNO faisant route sous le petit hunier et le perroquet de fougue et les focs à 1h½ laissé tombé lancre par 13 b fond de sable et gravier fin filé 35 b de cable. 4 En marge: Baye des Chiens marins. 34 Relevement du mouillage La pointe NO de lisle Dirk Hartogs au O13ºN Lext visible sud de la même isle au S9ºE. Le milieu de lisle de Dorre au N17ºO. Pendant que nous faisions route nous avons sondé et trouvé 15 et 13 b fond de sable et gravier. A 9h½ du soir le grand canot étoit de retour. Le poussepied est revenu à 10h½ du matin", "extrapole": true}}, {"type": "Feature", "geometry": {"type": "Point", "coordinates": [114.12194, -21.47889]}, "properties": {"date": "1801-07-20", "date_republicaine": "1er thermidor an IX", "navire": "le Géographe", "table": "7 - Routes du Géographe à la Terre de Witt, 1re campagne", "page": 486, "remarque": "", "vents_etat_du_ciel": "OSO. SE. Bon frais ; temps couvert.", "barometre_hpa": 1017.7, "obs_latitude": "*", "obs_longitude": "*", "alerte": "", "thermometre": "17,3"}}, {"type": "Feature", "geometry": {"type": "Point", "coordinates": [113.13827, -25.47161]}, "properties": {"date": "1801-07-20", "date_republicaine": "", "navire": "le Naturaliste", "table": "", "page": "", "remarque": "", "vents_etat_du_ciel": "", "barometre_hpa": "", "obs_latitude": "", "obs_longitude": "", "alerte": "point ajouté pour une entrée du journal anonyme ; position interpolée entre les deux relevés encadrants", "thermometre": "", "journal_anonyme": "Tems par grains, bon frais du SO à lO. Le ciel nuageux petite pluie par intervalle, à 7h du soir la corvette chassant nous avons filé jusqua 80 b de cable la marée portoit au NO lobservation en à été faite à 8h½ et à 9h. A midi les courans avoient la même direction", "extrapole": true}}, {"type": "Feature", "geometry": {"type": "Point", "coordinates": [114.2125, -21.47444]}, "properties": {"date": "1801-07-21", "date_republicaine": "2 thermidor an IX", "navire": "le Géographe", "table": "7 - Routes du Géographe à la Terre de Witt, 1re campagne", "page": 486, "remarque": "", "vents_etat_du_ciel": "SE. S. Joli frais ; b. temps.", "barometre_hpa": 1022.6, "obs_latitude": "", "obs_longitude": "", "alerte": "", "thermometre": "15,0"}}, {"type": "Feature", "geometry": {"type": "Point", "coordinates": [113.1431, -25.47282]}, "properties": {"date": "1801-07-21", "date_republicaine": "", "navire": "le Naturaliste", "table": "", "page": "", "remarque": "", "vents_etat_du_ciel": "", "barometre_hpa": "", "obs_latitude": "", "obs_longitude": "", "alerte": "point ajouté pour une entrée du journal anonyme ; position interpolée entre les deux relevés encadrants", "thermometre": "", "journal_anonyme": "Beau tems, la mer un peu grosse, joli frais du sud au SSO. Nous avons observée un courant portant à lESE avec force, à 7h du matin nous avons levé lancre de stribord et lorsquelle à été haute nous nous sommes […] que la verge étoit rompue à 2p½ au dessus des pattes. [A 9] Mouillé lancre strib. A 9h du matin expédié un canot aux ordres du chef de timonerie pour aller à Dirk Hartogs observer la marée. 5", "extrapole": true}}, {"type": "Feature", "geometry": {"type": "Point", "coordinates": [114.29555, -21.55083]}, "properties": {"date": "1801-07-22", "date_republicaine": "3 thermidor an IX", "navire": "le Géographe", "table": "7 - Routes du Géographe à la Terre de Witt, 1re campagne", "page": 486, "remarque": "En vue du cap Murat.", "vents_etat_du_ciel": "SSE. Joli frais ; beau temps.", "barometre_hpa": 1021.7, "obs_latitude": "", "obs_longitude": "", "alerte": "", "thermometre": "14,5"}}, {"type": "Feature", "geometry": {"type": "Point", "coordinates": [113.14793, -25.47404]}, "properties": {"date": "1801-07-22", "date_republicaine": "", "navire": "le Naturaliste", "table": "", "page": "", "remarque": "", "vents_etat_du_ciel": "", "barometre_hpa": "", "obs_latitude": "", "obs_longitude": "", "alerte": "point ajouté pour une entrée du journal anonyme ; position interpolée entre les deux relevés encadrants", "thermometre": "", "journal_anonyme": "Beau tems, belle mer, petit frais du NE à lESE. Dans la matinée du 3 on à mis lancre de basb en mouillage les courans portant à lESE", "extrapole": true}}, {"type": "Feature", "geometry": {"type": "Point", "coordinates": [115.18139, -20.11111]}, "properties": {"date": "1801-07-23", "date_republicaine": "4 thermidor an IX", "navire": "le Géographe", "table": "7 - Routes du Géographe à la Terre de Witt, 1re campagne", "page": 487, "remarque": "En vue des îles de Montebello.", "vents_etat_du_ciel": "SSE. ESE. Joli frais ; beau temps.", "barometre_hpa": 1020.8, "obs_latitude": "", "obs_longitude": "", "alerte": "", "thermometre": "16,8"}}, {"type": "Feature", "geometry": {"type": "Point", "coordinates": [113.15276, -25.47526]}, "properties": {"date": "1801-07-23", "date_republicaine": "", "navire": "le Naturaliste", "table": "", "page": "", "remarque": "", "vents_etat_du_ciel": "", "barometre_hpa": "", "obs_latitude": "", "obs_longitude": "", "alerte": "point ajouté pour une entrée du journal anonyme ; position interpolée entre les deux relevés encadrants", "thermometre": "", "journal_anonyme": "6 Beau tems, belle mer. Petit frais dESE. Dans laprès midi levé lancre de strib et laissé tombé celle de [un mot barré, illisible] basbord en filant une biture de 80 b. 11h 15’ du soir le courant à reflué vers lESE", "extrapole": true}}, {"type": "Feature", "geometry": {"type": "Point", "coordinates": [116.00278, -19.14667]}, "properties": {"date": "1801-07-24", "date_republicaine": "5 thermidor an IX", "navire": "le Géographe", "table": "7 - Routes du Géographe à la Terre de Witt, 1re campagne", "page": 487, "remarque": "", "vents_etat_du_ciel": "SSE. ESE. Joli frais ; beau temps.", "barometre_hpa": 1019.6, "obs_latitude": "", "obs_longitude": "", "alerte": "", "thermometre": "17,6"}}, {"type": "Feature", "geometry": {"type": "Point", "coordinates": [113.15759, -25.47648]}, "properties": {"date": "1801-07-24", "date_republicaine": "", "navire": "le Naturaliste", "table": "", "page": "", "remarque": "", "vents_etat_du_ciel": "", "barometre_hpa": "", "obs_latitude": "", "obs_longitude": "", "alerte": "point ajouté pour une entrée du journal anonyme ; position interpolée entre les deux relevés encadrants", "thermometre": "", "journal_anonyme": "Beau tems, belle mer ciel clair et net. Petit frais du OSO au N et NE. A 4h½ du soir marée étale à 5h elle portoit à lest", "extrapole": true}}, {"type": "Feature", "geometry": {"type": "Point", "coordinates": [116.46389, -19.23528]}, "properties": {"date": "1801-07-25", "date_republicaine": "6 thermidor an IX", "navire": "le Géographe", "table": "7 - Routes du Géographe à la Terre de Witt, 1re campagne", "page": 487, "remarque": "", "vents_etat_du_ciel": "E. S. Petit frais ; b. temps.", "barometre_hpa": 1019.0, "obs_latitude": "", "obs_longitude": "", "alerte": "", "thermometre": "17,8"}}, {"type": "Feature", "geometry": {"type": "Point", "coordinates": [113.16241, -25.47769]}, "properties": {"date": "1801-07-25", "date_republicaine": "", "navire": "le Naturaliste", "table": "", "page": "", "remarque": "", "vents_etat_du_ciel": "", "barometre_hpa": "", "obs_latitude": "", "obs_longitude": "", "alerte": "point ajouté pour une entrée du journal anonyme ; position interpolée entre les deux relevés encadrants", "thermometre": "", "journal_anonyme": "Beau tems, belle mer, petit frais du OSO au SE passant par le sud. Le chef de timonerie en venant rendre compte au compte au capitaine de ses observations sur les marées à rapporté une plaque en plomb trouvé sur lisle Dirk Hartogs sur laquelle il y avoit une inscription hollandaise, le capitaine en à fait mettre une à coté de celle-ci et à planté un pavillon national peu après il s’est embarqué dans son canot. 5 Sic. Il s’agit d’une erreur de la part de l’auteur : il fallait écrire « Thermidor ». 6 En marge: Suite de la baye des Chiens marins. 35", "extrapole": true}}, {"type": "Feature", "geometry": {"type": "Point", "coordinates": [117.36, -19.50472]}, "properties": {"date": "1801-07-26", "date_republicaine": "7 thermidor an IX", "navire": "le Géographe", "table": "7 - Routes du Géographe à la Terre de Witt, 1re campagne", "page": 487, "remarque": "", "vents_etat_du_ciel": "S. O. Foible brise et joli frais ; beau temps.", "barometre_hpa": 1017.7, "obs_latitude": "", "obs_longitude": "", "alerte": "", "thermometre": "17,7"}}, {"type": "Feature", "geometry": {"type": "Point", "coordinates": [113.16724, -25.47891]}, "properties": {"date": "1801-07-26", "date_republicaine": "", "navire": "le Naturaliste", "table": "", "page": "", "remarque": "", "vents_etat_du_ciel": "", "barometre_hpa": "", "obs_latitude": "", "obs_longitude": "", "alerte": "point ajouté pour une entrée du journal anonyme ; position interpolée entre les deux relevés encadrants", "thermometre": "", "journal_anonyme": "Ciel nébuleux, mer clapoteuse joli fais de SO à lO. Brulé des amorces pour indiquer notre position au petit canot. A 2h du matin il étoit de retour", "extrapole": true}}, {"type": "Feature", "geometry": {"type": "Point", "coordinates": [117.61, -20.33333]}, "properties": {"date": "1801-07-27", "date_republicaine": "8 thermidor an IX", "navire": "le Géographe", "table": "7 - Routes du Géographe à la Terre de Witt, 1re campagne", "page": 487, "remarque": "En vue des îles Forestier ; mis à l'ancre à 8 h. 45' matin.", "vents_etat_du_ciel": "ONO. OSO. Joli frais ; beau temps.", "barometre_hpa": 1019.6, "obs_latitude": "", "obs_longitude": "", "alerte": "", "thermometre": "19,0"}}, {"type": "Feature", "geometry": {"type": "Point", "coordinates": [113.17207, -25.48013]}, "properties": {"date": "1801-07-27", "date_republicaine": "", "navire": "le Naturaliste", "table": "", "page": "", "remarque": "", "vents_etat_du_ciel": "", "barometre_hpa": "", "obs_latitude": "", "obs_longitude": "", "alerte": "point ajouté pour une entrée du journal anonyme ; position interpolée entre les deux relevés encadrants", "thermometre": "", "journal_anonyme": "Tems par grains, avec pluie brise legère du NNE au nord", "extrapole": true}}, {"type": "Feature", "geometry": {"type": "Point", "coordinates": [117.66889, -20.25778]}, "properties": {"date": "1801-07-28", "date_republicaine": "9 thermidor an IX", "navire": "le Géographe", "table": "7 - Routes du Géographe à la Terre de Witt, 1re campagne", "page": 487, "remarque": "Appareillé à 10 h. 30' matin ; remis à l'ancre à 7 h. 30' soir.", "vents_etat_du_ciel": "SSO. ONO. Foible brise ; beau temps, ciel nuageux.", "barometre_hpa": 1018.4, "obs_latitude": "*", "obs_longitude": "", "alerte": "", "thermometre": "18,8"}}, {"type": "Feature", "geometry": {"type": "Point", "coordinates": [113.1769, -25.48135]}, "properties": {"date": "1801-07-28", "date_republicaine": "", "navire": "le Naturaliste", "table": "", "page": "", "remarque": "", "vents_etat_du_ciel": "", "barometre_hpa": "", "obs_latitude": "", "obs_longitude": "", "alerte": "point ajouté pour une entrée du journal anonyme ; position interpolée entre les deux relevés encadrants", "thermometre": "", "journal_anonyme": "Tems brumeux, et par grains, petite pluie par intervalles. Joli frais de SO. A midi la marée à commencé à renverser dans lO", "extrapole": true}}, {"type": "Feature", "geometry": {"type": "Point", "coordinates": [118.30222, -20.00917]}, "properties": {"date": "1801-07-29", "date_republicaine": "10 thermidor an IX", "navire": "le Géographe", "table": "7 - Routes du Géographe à la Terre de Witt, 1re campagne", "page": 487, "remarque": "", "vents_etat_du_ciel": "ENE. SSE. Petit frais ; beau temps,", "barometre_hpa": 1016.5, "obs_latitude": "", "obs_longitude": "", "alerte": "", "thermometre": "17,7"}}, {"type": "Feature", "geometry": {"type": "Point", "coordinates": [113.18173, -25.48256]}, "properties": {"date": "1801-07-29", "date_republicaine": "", "navire": "le Naturaliste", "table": "", "page": "", "remarque": "", "vents_etat_du_ciel": "", "barometre_hpa": "", "obs_latitude": "", "obs_longitude": "", "alerte": "point ajouté pour une entrée du journal anonyme ; position interpolée entre les deux relevés encadrants", "thermometre": "", "journal_anonyme": "Beau tems, belle mer ciel nuageux petits frais du SE au SSE molissant beaucoup. On à envoyé à Dirk Hartogs 2 hommes avec 15 jours de vivres pour faire des signaux au Geographe en cas quil paroisse sur la cote. Sur les 8 du soir le capitaine à tenu conseil sur le parti quil y avoit à prendre… …dans le cas de s éparation ou nous nous trouvions, il à été décidé qu’on sattendroit autant que nous le permettroit la quantité deau que nous avions à bord qui se réduisoit à 70 bariques", "extrapole": true}}, {"type": "Feature", "geometry": {"type": "Point", "coordinates": [118.65555, -19.71611]}, "properties": {"date": "1801-07-30", "date_republicaine": "11 thermidor an IX", "navire": "le Géographe", "table": "7 - Routes du Géographe à la Terre de Witt, 1re campagne", "page": 487, "remarque": "En vue de l'île Bedout.", "vents_etat_du_ciel": "SSE. N. Petit frais. ONO. Jolie brise ; beau temps.", "barometre_hpa": 1015.9, "obs_latitude": "", "obs_longitude": "*", "alerte": "", "thermometre": "17,3"}}, {"type": "Feature", "geometry": {"type": "Point", "coordinates": [113.18656, -25.48378]}, "properties": {"date": "1801-07-30", "date_republicaine": "", "navire": "le Naturaliste", "table": "", "page": "", "remarque": "", "vents_etat_du_ciel": "", "barometre_hpa": "", "obs_latitude": "", "obs_longitude": "", "alerte": "point ajouté pour une entrée du journal anonyme ; position interpolée entre les deux relevés encadrants", "thermometre": "", "journal_anonyme": "7 Beau tems, belle mer, ciel serein. Vents dENE au NO presque calme. Vu plusieurs méthéores dans le NE", "extrapole": true}}, {"type": "Feature", "geometry": {"type": "Point", "coordinates": [119.54916, -19.24083]}, "properties": {"date": "1801-07-31", "date_republicaine": "12 thermidor an IX", "navire": "le Géographe", "table": "7 - Routes du Géographe à la Terre de Witt, 1re campagne", "page": 487, "remarque": "", "vents_etat_du_ciel": "O. S. Joli frais ; beau temps, ciel nuageux.", "barometre_hpa": 1018.0, "obs_latitude": "*", "obs_longitude": "*", "alerte": "", "thermometre": "17,4"}}, {"type": "Feature", "geometry": {"type": "Point", "coordinates": [113.19139, -25.485]}, "properties": {"date": "1801-07-31", "date_republicaine": "12 thermidor an IX", "navire": "le Naturaliste", "table": "29 - Séjour du Naturaliste à la Baie des Chiens-Marins", "page": 530, "remarque": "Changé de mouillage.", "vents_etat_du_ciel": "SO. S. Bon frais par rafales ; SSO. Joli frais ; SO. S. SSE. temps à grains avec pluie.", "barometre_hpa": "", "obs_latitude": "*", "obs_longitude": "*", "alerte": "", "journal_anonyme": "Tems par grains, la mer grosse joli brise dOSO au SO par fortes raffales. A 4h½ la marée à commencé à renvoyer"}}, {"type": "Feature", "geometry": {"type": "Point", "coordinates": [119.73028, -19.17694]}, "properties": {"date": "1801-08-01", "date_republicaine": "13 thermidor an IX", "navire": "le Géographe", "table": "7 - Routes du Géographe à la Terre de Witt, 1re campagne", "page": 487, "remarque": "", "vents_etat_du_ciel": "SSO. SSE. Joli frais ; beau temps, ciel nuageux.", "barometre_hpa": 1018.4, "obs_latitude": "*", "obs_longitude": "*", "alerte": "", "thermometre": "16,8"}}, {"type": "Feature", "geometry": {"type": "Point", "coordinates": [113.25019, -25.51611]}, "properties": {"date": "1801-08-01", "date_republicaine": "", "navire": "le Naturaliste", "table": "", "page": "", "remarque": "", "vents_etat_du_ciel": "", "barometre_hpa": "", "obs_latitude": "", "obs_longitude": "", "alerte": "point ajouté pour une entrée du journal anonyme ; position interpolée entre les deux relevés encadrants", "thermometre": "", "journal_anonyme": "Tems par grains joli frais du S¼SE, SSE et ESE. A midi nous avons appareillé sous les huniers. Nous avons sondé et trouvé de 6 à 9 b. fond de sable corail et coquilles brisée à 3h mouillé lancre de stribord par 9 b. Relevement du mouillage Lext NO visible de Dirk Hartogs à lO6ºS. Celle SE de la meme isle O39ºS. Le milieu de lisle d’en dedans de la baye E12ºS", "extrapole": true}}, {"type": "Feature", "geometry": {"type": "Point", "coordinates": [120.50916, -18.73833]}, "properties": {"date": "1801-08-02", "date_republicaine": "14 thermidor an IX", "navire": "le Géographe", "table": "7 - Routes du Géographe à la Terre de Witt, 1re campagne", "page": 487, "remarque": "", "vents_etat_du_ciel": "SSE. S. Joli frais ; b. temps,", "barometre_hpa": 1019.6, "obs_latitude": "", "obs_longitude": "", "alerte": "", "thermometre": "17,8"}}, {"type": "Feature", "geometry": {"type": "Point", "coordinates": [113.30898, -25.54722]}, "properties": {"date": "1801-08-02", "date_republicaine": "", "navire": "le Naturaliste", "table": "", "page": "", "remarque": "", "vents_etat_du_ciel": "", "barometre_hpa": "", "obs_latitude": "", "obs_longitude": "", "alerte": "point ajouté pour une entrée du journal anonyme ; position interpolée entre les deux relevés encadrants", "thermometre": "", "journal_anonyme": "Beau tems, belle mer ciel pur. Petit frais S. SE. SSE et ESE. A 10h la marée à renversée dans le SE", "extrapole": true}}, {"type": "Feature", "geometry": {"type": "Point", "coordinates": [121.43166, -18.10917]}, "properties": {"date": "1801-08-03", "date_republicaine": "15 thermidor an IX", "navire": "le Géographe", "table": "7 - Routes du Géographe à la Terre de Witt, 1re campagne", "page": 487, "remarque": "", "vents_etat_du_ciel": "S. SE. Joli frais ; b. temps.", "barometre_hpa": 1021.1, "obs_latitude": "", "obs_longitude": "", "alerte": "", "thermometre": "18,2"}}, {"type": "Feature", "geometry": {"type": "Point", "coordinates": [113.36778, -25.57833]}, "properties": {"date": "1801-08-03", "date_republicaine": "15 thermidor an IX", "navire": "le Naturaliste", "table": "29 - Séjour du Naturaliste à la Baie des Chiens-Marins", "page": 530, "remarque": "Changé de mouillage.", "vents_etat_du_ciel": "SSE. SE. ESE. E. Joli frais ; E. ESE. S. SSE. Petit frais ; beau temps.", "barometre_hpa": 1025.6, "obs_latitude": "*", "obs_longitude": "*", "alerte": "", "thermometre": "16,0", "journal_anonyme": "Beau tems, belle mer, vents de SSE au SE presque calme. A 2h de laprès midi le grand canot prit pour 15 jours de vivres pour aller faire la geographie de la baye des Chiens marins. 7 En marge: Baye des Chiens marins. 36"}}, {"type": "Feature", "geometry": {"type": "Point", "coordinates": [121.76722, -17.47389]}, "properties": {"date": "1801-08-04", "date_republicaine": "16 thermidor an IX", "navire": "le Géographe", "table": "7 - Routes du Géographe à la Terre de Witt, 1re campagne", "page": 487, "remarque": "En vue du cap Bertholet ; mis à l'ancre à 6 h. soir.", "vents_etat_du_ciel": "ESE. SSE. Joli frais ; beau temps.", "barometre_hpa": 1019.6, "obs_latitude": "", "obs_longitude": "", "alerte": "", "thermometre": "18,2"}}, {"type": "Feature", "geometry": {"type": "Point", "coordinates": [113.47611, -25.54306]}, "properties": {"date": "1801-08-04", "date_republicaine": "16 thermidor an IX", "navire": "le Naturaliste", "table": "29 - Séjour du Naturaliste à la Baie des Chiens-Marins", "page": 530, "remarque": "Changé de mouillage pour nous rapprocher de la presqu'île Péron.", "vents_etat_du_ciel": "SSE. Petit frais ; calme ; SO. O. ONO. Petit frais ; beau temps.", "barometre_hpa": "", "obs_latitude": "", "obs_longitude": "△", "alerte": "", "journal_anonyme": "Beau tems, belle mer, ciel un peu nuageux. Petit frais de lESE au SSE et au sud. A 2h 15’ de laprès midi la corvette à mis sous voile jusquà 6h du soir ou lon mouilla par 8 b fond de sable. Le 16 à 11h du matin on à apperçu sur la gde terre une fumée epaisse qui s’ étoit élevé tout à coup. Le capitaine doutant ce que pouvoit [ être] occasionner cet espèce dirruption expédia le petit canot sous les ordres du Cen St Cricq"}}, {"type": "Feature", "geometry": {"type": "Point", "coordinates": [121.90028, -16.89167]}, "properties": {"date": "1801-08-05", "date_republicaine": "17 thermidor an IX", "navire": "le Géographe", "table": "7 - Routes du Géographe à la Terre de Witt, 1re campagne", "page": 487, "remarque": "En vue des îles Lacepède ; appareillé à 6 h. du matin.", "vents_etat_du_ciel": "ESE. NE. Joli frais ; b. temps, calme.", "barometre_hpa": 1018.4, "obs_latitude": "", "obs_longitude": "", "alerte": "", "thermometre": "19,6"}}, {"type": "Feature", "geometry": {"type": "Point", "coordinates": [113.47109, -25.54275]}, "properties": {"date": "1801-08-05", "date_republicaine": "", "navire": "le Naturaliste", "table": "", "page": "", "remarque": "", "vents_etat_du_ciel": "", "barometre_hpa": "", "obs_latitude": "", "obs_longitude": "", "alerte": "point ajouté pour une entrée du journal anonyme ; position interpolée entre les deux relevés encadrants", "thermometre": "", "journal_anonyme": "Beau tems, belle mer. Petit frais de SO à lO et au N. A 2h de laprès midi appareillé sous les huniers et voiles d’etay. A 5h mouillé par 5 b fond de sable fin à 9h du soir le petit… …canot étant de retour , nous rapporta que la fumée que lon appercevoit étoit celle des feux des naturels rassemblés au nombre de 9 tant homme que femme", "extrapole": true}}, {"type": "Feature", "geometry": {"type": "Point", "coordinates": [122.18166, -16.02417]}, "properties": {"date": "1801-08-06", "date_republicaine": "18 thermidor an IX", "navire": "le Géographe", "table": "7 - Routes du Géographe à la Terre de Witt, 1re campagne", "page": 487, "remarque": "", "vents_etat_du_ciel": "SSO. E. Petit frais ; b. temps, calme.", "barometre_hpa": 1017.4, "obs_latitude": "", "obs_longitude": "", "alerte": "", "thermometre": "22,2"}}, {"type": "Feature", "geometry": {"type": "Point", "coordinates": [113.46607, -25.54243]}, "properties": {"date": "1801-08-06", "date_republicaine": "", "navire": "le Naturaliste", "table": "", "page": "", "remarque": "", "vents_etat_du_ciel": "", "barometre_hpa": "", "obs_latitude": "", "obs_longitude": "", "alerte": "point ajouté pour une entrée du journal anonyme ; position interpolée entre les deux relevés encadrants", "thermometre": "", "journal_anonyme": "8 Beau tems, belle mer, petit frais du N au SSO et sud", "extrapole": true}}, {"type": "Feature", "geometry": {"type": "Point", "coordinates": [123.01055, -15.6825]}, "properties": {"date": "1801-08-07", "date_republicaine": "19 thermidor an IX", "navire": "le Géographe", "table": "7 - Routes du Géographe à la Terre de Witt, 1re campagne", "page": 487, "remarque": "En vue de l'île Adèle.", "vents_etat_du_ciel": "SSE. SSO. Petit frais ; beau temps.", "barometre_hpa": 1018.4, "obs_latitude": "", "obs_longitude": "", "alerte": "", "thermometre": "23,5"}}, {"type": "Feature", "geometry": {"type": "Point", "coordinates": [113.46106, -25.54212]}, "properties": {"date": "1801-08-07", "date_republicaine": "", "navire": "le Naturaliste", "table": "", "page": "", "remarque": "", "vents_etat_du_ciel": "", "barometre_hpa": "", "obs_latitude": "", "obs_longitude": "", "alerte": "point ajouté pour une entrée du journal anonyme ; position interpolée entre les deux relevés encadrants", "thermometre": "", "journal_anonyme": "Beau tems, belle mer, petit frais du sud au SSE . A 4h du matin on à mis la chaloupe à la mer accompagné du petit canot et du poussepied et on y à embarqué la majeure partie des effets pour le camp établi à terre pour la réparation de la chaloupe", "extrapole": true}}, {"type": "Feature", "geometry": {"type": "Point", "coordinates": [123.1825, -15.29083]}, "properties": {"date": "1801-08-08", "date_republicaine": "20 thermidor an IX", "navire": "le Géographe", "table": "7 - Routes du Géographe à la Terre de Witt, 1re campagne", "page": 487, "remarque": "", "vents_etat_du_ciel": "S. SSO. Petit frais ; b. temps.", "barometre_hpa": 1014.7, "obs_latitude": "", "obs_longitude": "", "alerte": "", "thermometre": "22,6"}}, {"type": "Feature", "geometry": {"type": "Point", "coordinates": [113.45604, -25.5418]}, "properties": {"date": "1801-08-08", "date_republicaine": "", "navire": "le Naturaliste", "table": "", "page": "", "remarque": "", "vents_etat_du_ciel": "", "barometre_hpa": "", "obs_latitude": "", "obs_longitude": "", "alerte": "point ajouté pour une entrée du journal anonyme ; position interpolée entre les deux relevés encadrants", "thermometre": "", "journal_anonyme": "Beau tems, belle [ mer], les vents presque calme lhorison chargé", "extrapole": true}}, {"type": "Feature", "geometry": {"type": "Point", "coordinates": [124.01361, -15.14167]}, "properties": {"date": "1801-08-09", "date_republicaine": "21 thermidor an IX", "navire": "le Géographe", "table": "7 - Routes du Géographe à la Terre de Witt, 1re campagne", "page": 487, "remarque": "En vue de l'archipel Bonaparte jusqu'au 17 août que nous avons fait route pour l'île Timor.", "vents_etat_du_ciel": "O. SSO. Foible brise et calme ; beau temps.", "barometre_hpa": 1015.0, "obs_latitude": "", "obs_longitude": "", "alerte": "", "thermometre": "21,7"}}, {"type": "Feature", "geometry": {"type": "Point", "coordinates": [113.45102, -25.54149]}, "properties": {"date": "1801-08-09", "date_republicaine": "", "navire": "le Naturaliste", "table": "", "page": "", "remarque": "", "vents_etat_du_ciel": "", "barometre_hpa": "", "obs_latitude": "", "obs_longitude": "", "alerte": "point ajouté pour une entrée du journal anonyme ; position interpolée entre les deux relevés encadrants", "thermometre": "", "journal_anonyme": "Beau tems, belle mer, lhorison embrumé petit frais du SSE. SSO et SE. A 1h du matin la marée a renvoyé dans le NO", "extrapole": true}}, {"type": "Feature", "geometry": {"type": "Point", "coordinates": [124.3075, -15.00083]}, "properties": {"date": "1801-08-10", "date_republicaine": "22 thermidor an IX", "navire": "le Géographe", "table": "7 - Routes du Géographe à la Terre de Witt, 1re campagne", "page": 487, "remarque": "", "vents_etat_du_ciel": "Calme et foible brise très-variable ; beau temps.", "barometre_hpa": 1015.9, "obs_latitude": "", "obs_longitude": "", "alerte": "", "thermometre": "24,4"}}, {"type": "Feature", "geometry": {"type": "Point", "coordinates": [113.446, -25.54118]}, "properties": {"date": "1801-08-10", "date_republicaine": "", "navire": "le Naturaliste", "table": "", "page": "", "remarque": "", "vents_etat_du_ciel": "", "barometre_hpa": "", "obs_latitude": "", "obs_longitude": "", "alerte": "point ajouté pour une entrée du journal anonyme ; position interpolée entre les deux relevés encadrants", "thermometre": "", "journal_anonyme": "Beau tems, la mer un peu grosse, ciel nuageux et lhorison embrumé joli frais du SSO au SSE", "extrapole": true}}, {"type": "Feature", "geometry": {"type": "Point", "coordinates": [124.55416, -14.79722]}, "properties": {"date": "1801-08-11", "date_republicaine": "23 thermidor an IX", "navire": "le Géographe", "table": "7 - Routes du Géographe à la Terre de Witt, 1re campagne", "page": 487, "remarque": "Passé les nuits à l'ancre et les jours sous voiles.", "vents_etat_du_ciel": "OSO. ONO. Petit frais ; beau temps ; calme.", "barometre_hpa": 1015.9, "obs_latitude": "", "obs_longitude": "", "alerte": "", "thermometre": "23,0"}}, {"type": "Feature", "geometry": {"type": "Point", "coordinates": [113.44098, -25.54086]}, "properties": {"date": "1801-08-11", "date_republicaine": "", "navire": "le Naturaliste", "table": "", "page": "", "remarque": "", "vents_etat_du_ciel": "", "barometre_hpa": "", "obs_latitude": "", "obs_longitude": "", "alerte": "point ajouté pour une entrée du journal anonyme ; position interpolée entre les deux relevés encadrants", "thermometre": "", "journal_anonyme": "Beau tems, mer un peu grosse, joli frais par raffales du S. SSE et SE", "extrapole": true}}, {"type": "Feature", "geometry": {"type": "Point", "coordinates": [124.93861, -14.28278]}, "properties": {"date": "1801-08-12", "date_republicaine": "24 thermidor an IX", "navire": "le Géographe", "table": "7 - Routes du Géographe à la Terre de Witt, 1re campagne", "page": 487, "remarque": "Passé les nuits à l'ancre et les jours sous voiles.", "vents_etat_du_ciel": "SSO. NO. Foible brise ; beau temps.", "barometre_hpa": 1015.0, "obs_latitude": "", "obs_longitude": "", "alerte": "", "thermometre": "23,1"}}, {"type": "Feature", "geometry": {"type": "Point", "coordinates": [113.43597, -25.54055]}, "properties": {"date": "1801-08-12", "date_republicaine": "", "navire": "le Naturaliste", "table": "", "page": "", "remarque": "", "vents_etat_du_ciel": "", "barometre_hpa": "", "obs_latitude": "", "obs_longitude": "", "alerte": "point ajouté pour une entrée du journal anonyme ; position interpolée entre les deux relevés encadrants", "thermometre": "", "journal_anonyme": "Beau tems, belle mer, joli frais du SSE", "extrapole": true}}, {"type": "Feature", "geometry": {"type": "Point", "coordinates": [125.25972, -14.03333]}, "properties": {"date": "1801-08-13", "date_republicaine": "25 thermidor an IX", "navire": "le Géographe", "table": "7 - Routes du Géographe à la Terre de Witt, 1re campagne", "page": 487, "remarque": "Passé les nuits à l'ancre et les jours sous voiles.", "vents_etat_du_ciel": "SE. NO. Foible brise ; calme ; beau temps.", "barometre_hpa": 1015.6, "obs_latitude": "", "obs_longitude": "", "alerte": "", "thermometre": "22,3"}}, {"type": "Feature", "geometry": {"type": "Point", "coordinates": [113.43095, -25.54024]}, "properties": {"date": "1801-08-13", "date_republicaine": "", "navire": "le Naturaliste", "table": "", "page": "", "remarque": "", "vents_etat_du_ciel": "", "barometre_hpa": "", "obs_latitude": "", "obs_longitude": "", "alerte": "point ajouté pour une entrée du journal anonyme ; position interpolée entre les deux relevés encadrants", "thermometre": "", "journal_anonyme": "Beau tems, belle mer, ciel pur et serein joli frais dESE au sud", "extrapole": true}}, {"type": "Feature", "geometry": {"type": "Point", "coordinates": [125.69416, -13.87111]}, "properties": {"date": "1801-08-14", "date_republicaine": "26 thermidor an IX", "navire": "le Géographe", "table": "7 - Routes du Géographe à la Terre de Witt, 1re campagne", "page": 487, "remarque": "Passé les nuits à l'ancre et les jours sous voiles.", "vents_etat_du_ciel": "S. SO. Petite brise ; calme ; beau temps.", "barometre_hpa": 1015.6, "obs_latitude": "", "obs_longitude": "", "alerte": "", "thermometre": "23,0"}}, {"type": "Feature", "geometry": {"type": "Point", "coordinates": [113.42593, -25.53992]}, "properties": {"date": "1801-08-14", "date_republicaine": "", "navire": "le Naturaliste", "table": "", "page": "", "remarque": "", "vents_etat_du_ciel": "", "barometre_hpa": "", "obs_latitude": "", "obs_longitude": "", "alerte": "point ajouté pour une entrée du journal anonyme ; position interpolée entre les deux relevés encadrants", "thermometre": "", "journal_anonyme": "Belle mer ciel nuageux joli frais du SSO au SSE. A midi les courans portoient dans le SE", "extrapole": true}}, {"type": "Feature", "geometry": {"type": "Point", "coordinates": [125.55583, -13.58306]}, "properties": {"date": "1801-08-15", "date_republicaine": "27 thermidor an IX", "navire": "le Géographe", "table": "7 - Routes du Géographe à la Terre de Witt, 1re campagne", "page": 487, "remarque": "Appareillé à 6 h. du matin.", "vents_etat_du_ciel": "S. SSE. Foible brise ; b. temps.", "barometre_hpa": 1016.5, "obs_latitude": "", "obs_longitude": "", "alerte": "", "thermometre": "22,6"}}, {"type": "Feature", "geometry": {"type": "Point", "coordinates": [113.42091, -25.53961]}, "properties": {"date": "1801-08-15", "date_republicaine": "", "navire": "le Naturaliste", "table": "", "page": "", "remarque": "", "vents_etat_du_ciel": "", "barometre_hpa": "", "obs_latitude": "", "obs_longitude": "", "alerte": "point ajouté pour une entrée du journal anonyme ; position interpolée entre les deux relevés encadrants", "thermometre": "", "journal_anonyme": "Beau tems, mer un peu grosse, bon frais de SSE au SE. A 2h de laprès midi le grand canot étoit de retour de sa mission. 8 En marge: Baye des Chiens marins. 37", "extrapole": true}}, {"type": "Feature", "geometry": {"type": "Point", "coordinates": [125.63916, -13.41667]}, "properties": {"date": "1801-08-16", "date_republicaine": "28 thermidor an IX", "navire": "le Géographe", "table": "7 - Routes du Géographe à la Terre de Witt, 1re campagne", "page": 487, "remarque": "", "vents_etat_du_ciel": "SSE. NE. Foible brise ; beau temps ; calme.", "barometre_hpa": 1017.4, "obs_latitude": "", "obs_longitude": "", "alerte": "", "thermometre": "23,4"}}, {"type": "Feature", "geometry": {"type": "Point", "coordinates": [113.41589, -25.53929]}, "properties": {"date": "1801-08-16", "date_republicaine": "", "navire": "le Naturaliste", "table": "", "page": "", "remarque": "", "vents_etat_du_ciel": "", "barometre_hpa": "", "obs_latitude": "", "obs_longitude": "", "alerte": "point ajouté pour une entrée du journal anonyme ; position interpolée entre les deux relevés encadrants", "thermometre": "", "journal_anonyme": "Beau tems, mer grosse joli frais de SE", "extrapole": true}}, {"type": "Feature", "geometry": {"type": "Point", "coordinates": [125.78166, -13.02528]}, "properties": {"date": "1801-08-17", "date_republicaine": "29 thermidor an IX", "navire": "le Géographe", "table": "7 - Routes du Géographe à la Terre de Witt, 1re campagne", "page": 487, "remarque": "", "vents_etat_du_ciel": "SE. E. Bon frais ; b. temps.", "barometre_hpa": 1015.3, "obs_latitude": "", "obs_longitude": "*", "alerte": "", "thermometre": "17,3"}}, {"type": "Feature", "geometry": {"type": "Point", "coordinates": [126.03361, -12.34278]}, "properties": {"date": "1801-08-18", "date_republicaine": "30 thermidor an IX", "navire": "le Géographe", "table": "8 - Routes du Géographe, de la Nouvelle-Hollande à Timor, 1re campagne", "page": 488, "remarque": "", "vents_etat_du_ciel": "SSE. E. Bon frais ; b. temps.", "barometre_hpa": 1017.1, "obs_latitude": "", "obs_longitude": "*", "alerte": "", "thermometre": "19,2"}}, {"type": "Feature", "geometry": {"type": "Point", "coordinates": [113.40586, -25.53867]}, "properties": {"date": "1801-08-18", "date_republicaine": "", "navire": "le Naturaliste", "table": "", "page": "", "remarque": "", "vents_etat_du_ciel": "", "barometre_hpa": "", "obs_latitude": "", "obs_longitude": "", "alerte": "point ajouté pour une entrée du journal anonyme ; position interpolée entre les deux relevés encadrants", "thermometre": "", "journal_anonyme": "9 Beau tems, belle mer ciel sans nuages.Vent de SE petit frais. A 3h 45’ de laprès midi expédié aux ordres du Cen Ransonnet avec 2 jours de vivres pour aller chercher les 2 hommes que lon avoit mis en station sur Dirk Hartogs", "extrapole": true}}, {"type": "Feature", "geometry": {"type": "Point", "coordinates": [126.65333, -10.99806]}, "properties": {"date": "1801-08-19", "date_republicaine": "1er fructidor an IX", "navire": "le Géographe", "table": "8 - Routes du Géographe, de la Nouvelle-Hollande à Timor, 1re campagne", "page": 488, "remarque": "", "vents_etat_du_ciel": "SE. ESE. Bon frais ; b. temps.", "barometre_hpa": 1018.7, "obs_latitude": "", "obs_longitude": "", "alerte": "", "thermometre": "20,4"}}, {"type": "Feature", "geometry": {"type": "Point", "coordinates": [113.40084, -25.53835]}, "properties": {"date": "1801-08-19", "date_republicaine": "", "navire": "le Naturaliste", "table": "", "page": "", "remarque": "", "vents_etat_du_ciel": "", "barometre_hpa": "", "obs_latitude": "", "obs_longitude": "", "alerte": "point ajouté pour une entrée du journal anonyme ; position interpolée entre les deux relevés encadrants", "thermometre": "", "journal_anonyme": "10 Tems beau, ciel serein mer belle vents petits frais de lESE au nord le grand canot étoit de retour le 30. Il à été expédié de nouveau pour aller chercher le restant des effets", "extrapole": true}}, {"type": "Feature", "geometry": {"type": "Point", "coordinates": [124.45778, -10.36472]}, "properties": {"date": "1801-08-20", "date_republicaine": "2 fructidor an IX", "navire": "le Géographe", "table": "8 - Routes du Géographe, de la Nouvelle-Hollande à Timor, 1re campagne", "page": 488, "remarque": "", "vents_etat_du_ciel": "ESE. ENE. Joli frais ; ciel nuageux.", "barometre_hpa": 1015.0, "obs_latitude": "", "obs_longitude": "", "alerte": "", "thermometre": "20,0"}}, {"type": "Feature", "geometry": {"type": "Point", "coordinates": [113.39582, -25.53804]}, "properties": {"date": "1801-08-20", "date_republicaine": "", "navire": "le Naturaliste", "table": "", "page": "", "remarque": "", "vents_etat_du_ciel": "", "barometre_hpa": "", "obs_latitude": "", "obs_longitude": "", "alerte": "point ajouté pour une entrée du journal anonyme ; position interpolée entre les deux relevés encadrants", "thermometre": "", "journal_anonyme": "Pendant les 24h beau tems, belle mer, petit frais variable du NO. O et SO. Calme sur la fin du jour", "extrapole": true}}, {"type": "Feature", "geometry": {"type": "Point", "coordinates": [123.60166, -11.16449]}, "properties": {"date": "1801-08-21", "date_republicaine": "", "navire": "le Géographe", "table": "", "page": "", "remarque": "", "vents_etat_du_ciel": "", "barometre_hpa": "", "obs_latitude": "", "obs_longitude": "", "alerte": "position extrapolée : contournement de côte entre le 1801-08-20 et le 1801-08-21 (détour de 95 km)", "thermometre": "", "section": "", "extrapole": true}}, {"type": "Feature", "geometry": {"type": "Point", "coordinates": [123.45889, -10.3]}, "properties": {"date": "1801-08-21", "date_republicaine": "3 fructidor an IX", "navire": "le Géographe", "table": "8 - Routes du Géographe, de la Nouvelle-Hollande à Timor, 1re campagne", "page": 488, "remarque": "Mouillé dans le détroit de Simâô, à midi 45'.", "vents_etat_du_ciel": "ENE. ESE. Joli frais ; beau temps.", "barometre_hpa": 1013.5, "obs_latitude": "*", "obs_longitude": "*", "alerte": "", "thermometre": "20,0"}}, {"type": "Feature", "geometry": {"type": "Point", "coordinates": [113.3908, -25.53772]}, "properties": {"date": "1801-08-21", "date_republicaine": "", "navire": "le Naturaliste", "table": "", "page": "", "remarque": "", "vents_etat_du_ciel": "", "barometre_hpa": "", "obs_latitude": "", "obs_longitude": "", "alerte": "point ajouté pour une entrée du journal anonyme ; position interpolée entre les deux relevés encadrants", "thermometre": "", "journal_anonyme": "Beau tems, belle mer, petit frais et variables du NE. SO sud et SE. Calme de 8h à midi", "extrapole": true}}, {"type": "Feature", "geometry": {"type": "Point", "coordinates": [113.38578, -25.53741]}, "properties": {"date": "1801-08-22", "date_republicaine": "", "navire": "le Naturaliste", "table": "", "page": "", "remarque": "", "vents_etat_du_ciel": "", "barometre_hpa": "", "obs_latitude": "", "obs_longitude": "", "alerte": "point ajouté pour une entrée du journal anonyme ; position interpolée entre les deux relevés encadrants", "thermometre": "", "journal_anonyme": "Beau tems, belle mer, lhorison embrumé. Petits frais et variable du SE au sud SSE et SSO. Joli frais. A 7h du soir le Cen Ransonnet enseigne provisoire à été prendre possession du camp et le lendemain matin à 5h le Cen Faure geographe et moi nous nous sommes embarquès dans le grand canot pour aller reconnoitre le nord de la baye. Notre ancre de strib étant surjoëlé, nous lavons levé après quoi nous l’avons laissé tombé sur 6 b. fond de sable et herbes. Relevement du mouillage La point N. à lE19ºN. La pointe sud. S10ºE Le camp. S23 30’ sud", "extrapole": true}}, {"type": "Feature", "geometry": {"type": "Point", "coordinates": [123.59166, -10.14667]}, "properties": {"date": "1801-08-23", "date_republicaine": "5 fructidor an IX", "navire": "les corvettes", "table": "9 - Premier séjour à Timor", "page": 488, "remarque": "Cette déclinaison de la boussole a été observée à terre.", "vents_etat_du_ciel": "Calme ; beau temps.", "barometre_hpa": 1015.6, "obs_latitude": "△", "obs_longitude": "△", "alerte": "", "thermometre": "20,4"}}, {"type": "Feature", "geometry": {"type": "Point", "coordinates": [113.38077, -25.5371]}, "properties": {"date": "1801-08-23", "date_republicaine": "", "navire": "le Naturaliste", "table": "", "page": "", "remarque": "", "vents_etat_du_ciel": "", "barometre_hpa": "", "obs_latitude": "", "obs_longitude": "", "alerte": "point ajouté pour une entrée du journal anonyme ; position interpolée entre les deux relevés encadrants", "thermometre": "", "journal_anonyme": "Beau tems, belle mer, petits frais du S. NE. SO et SSO", "extrapole": true}}, {"type": "Feature", "geometry": {"type": "Point", "coordinates": [113.37575, -25.53678]}, "properties": {"date": "1801-08-24", "date_republicaine": "", "navire": "le Naturaliste", "table": "", "page": "", "remarque": "", "vents_etat_du_ciel": "", "barometre_hpa": "", "obs_latitude": "", "obs_longitude": "", "alerte": "point ajouté pour une entrée du journal anonyme ; position interpolée entre les deux relevés encadrants", "thermometre": "", "journal_anonyme": "Beau tems, belle mer, latmosphère épais. Joli frais et variables du [S]SO. SSO. SSE et sud. A 5h 15’ du matin le poussepied du camp est venu chercher les calfats pour travailler à la chaloupe. 9 Sic. Il manque la journée du 28 au 29 thermidor [16-17 août 1801]. 10 En marge: Baye des Chiens marins. 38", "extrapole": true}}, {"type": "Feature", "geometry": {"type": "Point", "coordinates": [113.37073, -25.53647]}, "properties": {"date": "1801-08-25", "date_republicaine": "", "navire": "le Naturaliste", "table": "", "page": "", "remarque": "", "vents_etat_du_ciel": "", "barometre_hpa": "", "obs_latitude": "", "obs_longitude": "", "alerte": "point ajouté pour une entrée du journal anonyme ; position interpolée entre les deux relevés encadrants", "thermometre": "", "journal_anonyme": "Beau tems, belle mer, lhorison chargé , joli frais et variables du SSE. sud et SSO", "extrapole": true}}, {"type": "Feature", "geometry": {"type": "Point", "coordinates": [113.36571, -25.53615]}, "properties": {"date": "1801-08-26", "date_republicaine": "", "navire": "le Naturaliste", "table": "", "page": "", "remarque": "", "vents_etat_du_ciel": "", "barometre_hpa": "", "obs_latitude": "", "obs_longitude": "", "alerte": "point ajouté pour une entrée du journal anonyme ; position interpolée entre les deux relevés encadrants", "thermometre": "", "journal_anonyme": "Beau tems, la mer un peu grosse et le ciel sans nuages. Joli frais du SO et SSO", "extrapole": true}}, {"type": "Feature", "geometry": {"type": "Point", "coordinates": [113.36069, -25.53584]}, "properties": {"date": "1801-08-27", "date_republicaine": "", "navire": "le Naturaliste", "table": "", "page": "", "remarque": "", "vents_etat_du_ciel": "", "barometre_hpa": "", "obs_latitude": "", "obs_longitude": "", "alerte": "point ajouté pour une entrée du journal anonyme ; position interpolée entre les deux relevés encadrants", "thermometre": "", "journal_anonyme": "Beau tems, belle mer, le ciel nuageux . Joli frais de SSO", "extrapole": true}}, {"type": "Feature", "geometry": {"type": "Point", "coordinates": [113.35568, -25.53553]}, "properties": {"date": "1801-08-28", "date_republicaine": "", "navire": "le Naturaliste", "table": "", "page": "", "remarque": "", "vents_etat_du_ciel": "", "barometre_hpa": "", "obs_latitude": "", "obs_longitude": "", "alerte": "point ajouté pour une entrée du journal anonyme ; position interpolée entre les deux relevés encadrants", "thermometre": "", "journal_anonyme": "Beau tems, belle mer ciel nuageux, lhorison embrumé joli frais de SSO. A 5h½ du matin le nommé Sodomson malais embarqué à lisle de France est mort de la fievre putride", "extrapole": true}}, {"type": "Feature", "geometry": {"type": "Point", "coordinates": [113.35066, -25.53521]}, "properties": {"date": "1801-08-29", "date_republicaine": "", "navire": "le Naturaliste", "table": "", "page": "", "remarque": "", "vents_etat_du_ciel": "", "barometre_hpa": "", "obs_latitude": "", "obs_longitude": "", "alerte": "point ajouté pour une entrée du journal anonyme ; position interpolée entre les deux relevés encadrants", "thermometre": "", "journal_anonyme": "Beau tems, belle mer, ciel nuageux, joli frais et variables du SSO au SO. A 3h la chaloupe vint chargé de bois et elle […] de suite retourné à terre", "extrapole": true}}, {"type": "Feature", "geometry": {"type": "Point", "coordinates": [113.34564, -25.5349]}, "properties": {"date": "1801-08-30", "date_republicaine": "", "navire": "le Naturaliste", "table": "", "page": "", "remarque": "", "vents_etat_du_ciel": "", "barometre_hpa": "", "obs_latitude": "", "obs_longitude": "", "alerte": "point ajouté pour une entrée du journal anonyme ; position interpolée entre les deux relevés encadrants", "thermometre": "", "journal_anonyme": "Beau tems, belle mer,, le ciel nuageux, joli frais du SSO. sud et SSE", "extrapole": true}}, {"type": "Feature", "geometry": {"type": "Point", "coordinates": [113.34062, -25.53459]}, "properties": {"date": "1801-08-31", "date_republicaine": "", "navire": "le Naturaliste", "table": "", "page": "", "remarque": "", "vents_etat_du_ciel": "", "barometre_hpa": "", "obs_latitude": "", "obs_longitude": "", "alerte": "point ajouté pour une entrée du journal anonyme ; position interpolée entre les deux relevés encadrants", "thermometre": "", "journal_anonyme": "Beau tems, belle mer, ciel couvert, lhorison chargé joli frais du SSE à lESE", "extrapole": true}}, {"type": "Feature", "geometry": {"type": "Point", "coordinates": [113.3356, -25.53427]}, "properties": {"date": "1801-09-01", "date_republicaine": "", "navire": "le Naturaliste", "table": "", "page": "", "remarque": "", "vents_etat_du_ciel": "", "barometre_hpa": "", "obs_latitude": "", "obs_longitude": "", "alerte": "point ajouté pour une entrée du journal anonyme ; position interpolée entre les deux relevés encadrants", "thermometre": "", "journal_anonyme": "Beau tems, belle mer, joli frais variables du SSE. sud et est. Le grand canot est arrivé de sa mission dans le nord de la baye. Il apportoit huit enormes tortues ce qui nous fit beaucoup de plaisir", "extrapole": true}}, {"type": "Feature", "geometry": {"type": "Point", "coordinates": [113.33059, -25.53396]}, "properties": {"date": "1801-09-02", "date_republicaine": "", "navire": "le Naturaliste", "table": "", "page": "", "remarque": "", "vents_etat_du_ciel": "", "barometre_hpa": "", "obs_latitude": "", "obs_longitude": "", "alerte": "point ajouté pour une entrée du journal anonyme ; position interpolée entre les deux relevés encadrants", "thermometre": "", "journal_anonyme": "Beau tems, belle mer petit frais du SO. Dans la nuit ils ont passés du sud au OSO presque calme", "extrapole": true}}, {"type": "Feature", "geometry": {"type": "Point", "coordinates": [113.32557, -25.53364]}, "properties": {"date": "1801-09-03", "date_republicaine": "", "navire": "le Naturaliste", "table": "", "page": "", "remarque": "", "vents_etat_du_ciel": "", "barometre_hpa": "", "obs_latitude": "", "obs_longitude": "", "alerte": "point ajouté pour une entrée du journal anonyme ; position interpolée entre les deux relevés encadrants", "thermometre": "", "journal_anonyme": "Belle mer, ciel couvert vents très foibles et variables du OSO. SO. et O. Nous avons ridé nos haubans, mis nos ancres en poste et la chaloupe et les embarquations ont été embarqués", "extrapole": true}}, {"type": "Feature", "geometry": {"type": "Point", "coordinates": [113.32055, -25.53333]}, "properties": {"date": "1801-09-04", "date_republicaine": "17 fructidor an IX", "navire": "le Naturaliste", "table": "TABLE 30.e Traversée du Naturaliste de la baie des Chiens-Marins à Timor", "page": 532, "remarque": "Appareillé de la baie des Chiens-Marins à 10. h du matin.", "vents_etat_du_ciel": "SO. SSO. Bon frais par rafales ; S. Joli fr. ; temps par grains ; il s'est embelli le soir.", "barometre_hpa": 1019.6, "obs_latitude": "△", "obs_longitude": "△", "alerte": "", "thermometre": "16,0", "journal_anonyme": "La mer grosse, tems brumeux, et par grains et ciel nuageux. Joli frais de lO au SO par fortes raffales. A 10h 20’ du matin nous avons appareillé et fait route à lO¼NO"}}, {"type": "Feature", "geometry": {"type": "Point", "coordinates": [113.09763, -24.47813]}, "properties": {"date": "1801-09-05", "date_republicaine": "", "navire": "le Naturaliste", "table": "", "page": "", "remarque": "", "vents_etat_du_ciel": "", "barometre_hpa": "", "obs_latitude": "", "obs_longitude": "", "alerte": "position extrapolée : contournement de côte entre le 1801-09-04 et le 1801-09-05 (détour de 8 km)", "thermometre": "", "section": "", "extrapole": true}}, {"type": "Feature", "geometry": {"type": "Point", "coordinates": [112.72194, -23.45944]}, "properties": {"date": "1801-09-05", "date_republicaine": "18 fructidor an IX", "navire": "le Naturaliste", "table": "TABLE 30.e Traversée du Naturaliste de la baie des Chiens-Marins à Timor", "page": 532, "remarque": "Coupé le tropique du capricorne à midi 6'.", "vents_etat_du_ciel": "S. SE. Joli frais ; S. SSE. Bon frais ; ciel nuageux.", "barometre_hpa": 1019.6, "obs_latitude": "", "obs_longitude": "", "alerte": "", "thermometre": "19,0", "journal_anonyme": "Tems beau, mer houleuse, ciel nuageux joli frais et variables su SSO au sud. Sondes de minuit à 4h. 39 De 1h à 2h. 65 et 66 b. sable roux et fin à 3h et à 4h 80. et 85 b. A midi le 18 nous avons coupé le tropique de Capricorne"}}, {"type": "Feature", "geometry": {"type": "Point", "coordinates": [113.00944, -20.72389]}, "properties": {"date": "1801-09-06", "date_republicaine": "19 fructidor an IX", "navire": "le Naturaliste", "table": "TABLE 30.e Traversée du Naturaliste de la baie des Chiens-Marins à Timor", "page": 532, "remarque": "", "vents_etat_du_ciel": "SSE. SE. Bon frais ; ESE. Joli frais ; beau temps.", "barometre_hpa": 1022.6, "obs_latitude": "", "obs_longitude": "", "alerte": "", "thermometre": "18,5", "journal_anonyme": "Beau tems, mer grosse et le ciel nuageux, joli frais de SE de 10h à minuit filé 85 b de ligne sans touver fond de 2 à 4h id"}}, {"type": "Feature", "geometry": {"type": "Point", "coordinates": [114.21083, -18.58333]}, "properties": {"date": "1801-09-07", "date_republicaine": "20 fructidor an IX", "navire": "le Naturaliste", "table": "TABLE 30.e Traversée du Naturaliste de la baie des Chiens-Marins à Timor", "page": 532, "remarque": "", "vents_etat_du_ciel": "ESE. SSE. SE. Bon frais, mollissant graduellement jusqu'au soir ; à minuit, calme plat.", "barometre_hpa": 1016.5, "obs_latitude": "", "obs_longitude": "", "alerte": "", "thermometre": "19,5", "journal_anonyme": "Beau tems, mer un peu houleuse joli frais de lESE au SE. De 10h à minuit sondé sans trouver fond. A 10h mis dehors les bonnettes et les voiles détay"}}, {"type": "Feature", "geometry": {"type": "Point", "coordinates": [115.00028, -17.55]}, "properties": {"date": "1801-09-08", "date_republicaine": "21 fructidor an IX", "navire": "le Naturaliste", "table": "TABLE 30.e Traversée du Naturaliste de la baie des Chiens-Marins à Timor", "page": 532, "remarque": "", "vents_etat_du_ciel": "Calme ; SSE. Foible brise ; beau temps.", "barometre_hpa": 1019.6, "obs_latitude": "", "obs_longitude": "", "alerte": "", "thermometre": "20,0", "journal_anonyme": "Beau tems, belle mer, petit frais de SE. 3h 30’ du matin filé 87 b. de ligne sans trouver fond. A 4h du matin la brise s’est elevé du SE"}}, {"type": "Feature", "geometry": {"type": "Point", "coordinates": [115.83916, -17.06667]}, "properties": {"date": "1801-09-09", "date_republicaine": "22 fructidor an IX", "navire": "le Naturaliste", "table": "TABLE 30.e Traversée du Naturaliste de la baie des Chiens-Marins à Timor", "page": 532, "remarque": "", "vents_etat_du_ciel": "Calme ; SSE. S. SE. Petit frais, mollissant le soir ; b. temps.", "barometre_hpa": 1016.5, "obs_latitude": "", "obs_longitude": "", "alerte": "", "thermometre": "20,7", "journal_anonyme": "Beau tems, belle mer, petit frais du SE au sud nous avons sondé sans trouver fond. Au soleil levant nous avons mis dehors les bonnettes"}}, {"type": "Feature", "geometry": {"type": "Point", "coordinates": [116.65694, -16.41667]}, "properties": {"date": "1801-09-10", "date_republicaine": "23 fructidor an IX", "navire": "le Naturaliste", "table": "TABLE 30.e Traversée du Naturaliste de la baie des Chiens-Marins à Timor", "page": 532, "remarque": "", "vents_etat_du_ciel": "SE. Variable au SSE. ; presque calme ; beau temps.", "barometre_hpa": 1019.6, "obs_latitude": "", "obs_longitude": "", "alerte": "", "thermometre": "21,3", "journal_anonyme": "Beau tems, belle mer, vent très foibles et variables du SSE au SE. De 10h à minuit filé 85 b de ligne sans trouver fond"}}, {"type": "Feature", "geometry": {"type": "Point", "coordinates": [118.17528, -15.53333]}, "properties": {"date": "1801-09-11", "date_republicaine": "24 fructidor an IX", "navire": "le Naturaliste", "table": "TABLE 30.e Traversée du Naturaliste de la baie des Chiens-Marins à Timor", "page": 532, "remarque": "", "vents_etat_du_ciel": "SE. SSE. Petit frais ; SSE. Joli frais ; le soir bon frais ; à minuit, petit frais ; b. temps.", "barometre_hpa": 1019.6, "obs_latitude": "", "obs_longitude": "", "alerte": "", "thermometre": "21,0", "journal_anonyme": "Beau tems, belle mer, ciel nuageux petits frais et variables du SSE au SE. Filé 90 b de ligne sans trouver fond"}}, {"type": "Feature", "geometry": {"type": "Point", "coordinates": [119.56222, -14.5]}, "properties": {"date": "1801-09-12", "date_republicaine": "25 fructidor an IX", "navire": "le Naturaliste", "table": "TABLE 30.e Traversée du Naturaliste de la baie des Chiens-Marins à Timor", "page": 532, "remarque": "", "vents_etat_du_ciel": "SE. ESE. SE. Joli frais ; variable en force ; beau temps ; ciel nuageux.", "barometre_hpa": 1019.6, "obs_latitude": "", "obs_longitude": "", "alerte": "", "thermometre": "21,0", "journal_anonyme": "Beau tems, belle mer joli frais du SSE sud et ESE. Sondé toute la nuit sans trouver fond"}}, {"type": "Feature", "geometry": {"type": "Point", "coordinates": [120.41361, -13.11667]}, "properties": {"date": "1801-09-13", "date_republicaine": "26 fructidor an IX", "navire": "le Naturaliste", "table": "TABLE 30.e Traversée du Naturaliste de la baie des Chiens-Marins à Timor", "page": 532, "remarque": "", "vents_etat_du_ciel": "SE. ESE. Bon frais, ensuite joli frais ; beau temps.", "barometre_hpa": 1018.0, "obs_latitude": "", "obs_longitude": "", "alerte": "", "thermometre": "21,9", "journal_anonyme": "Beau tems, belle mer. Ciel nuageux et sombre. Bon frais et variables de lESE au SE. Pris une hirondelle de mer"}}, {"type": "Feature", "geometry": {"type": "Point", "coordinates": [120.83555, -11.9]}, "properties": {"date": "1801-09-14", "date_republicaine": "27 fructidor an IX", "navire": "le Naturaliste", "table": "TABLE 30.e Traversée du Naturaliste de la baie des Chiens-Marins à Timor", "page": 532, "remarque": "", "vents_etat_du_ciel": "E. ESE. SE. Joli frais ; beau temps.", "barometre_hpa": 1018.0, "obs_latitude": "", "obs_longitude": "", "alerte": "", "thermometre": "22,2", "journal_anonyme": "Beau tems, [belle] mer un peu grosse, le ciel nuageux joli frais du SSE. ESE et est. Sondé sans trouver fond"}}, {"type": "Feature", "geometry": {"type": "Point", "coordinates": [121.13722, -10.95]}, "properties": {"date": "1801-09-15", "date_republicaine": "28 fructidor an IX", "navire": "le Naturaliste", "table": "TABLE 30.e Traversée du Naturaliste de la baie des Chiens-Marins à Timor", "page": 532, "remarque": "A midi on étoit dans le SSO. du Nouveau-Savu, à six ou sept milles de distance.", "vents_etat_du_ciel": "SE. ESE. SE. Joli frais ; beau temps.", "barometre_hpa": 1016.5, "obs_latitude": "*", "obs_longitude": "△", "alerte": "", "thermometre": "22,4", "journal_anonyme": "Beau tems, belle mer ciel clair lhorison embrumée joli frais et variables de lESE au SE pris deux foux à 9h 15’ du matin apper çu la terre au N5ºE. Relevement de midi Lext visible O. au N18ºE. Un piton remarquable N22ºE. Distce 8 milles. Lext visi. N32ºE"}}, {"type": "Feature", "geometry": {"type": "Point", "coordinates": [121.60805, -10.42083]}, "properties": {"date": "1801-09-16", "date_republicaine": "29 fructidor an IX", "navire": "le Naturaliste", "table": "TABLE 30.e Traversée du Naturaliste de la baie des Chiens-Marins à Timor", "page": 532, "remarque": "Passé dans le détroit qui sépare l'île Savu de l'île Benjoar. Nous y avons trouvé un fort courant venant du Nord.", "vents_etat_du_ciel": "SE. ENE. ESE. E. Foible brise ; SE. Joli frais ; beau temps.", "barometre_hpa": 1018.0, "obs_latitude": "", "obs_longitude": "△", "alerte": "", "thermometre": "22,5", "journal_anonyme": "Beau tems, belle mer, petits frais et variable de lest au SE et a lESE. A 3h 10’ perdu la terre de vue à 9h du matin laissé arrivée sur lisle Savu, en longeant la partie sud de cet isle, nous avons apperçu sur le rivage plusieurs naturels et quelques cases. Relevement de midi 40 La pointe sud de Savu au S5ºO Lext visible de cet isle N70ºE. Le milieu de la partie de cette isle S36ºO"}}, {"type": "Feature", "geometry": {"type": "Point", "coordinates": [122.3725, -9.85]}, "properties": {"date": "1801-09-17", "date_republicaine": "30 fructidor an IX", "navire": "le Naturaliste", "table": "TABLE 30.e Traversée du Naturaliste de la baie des Chiens-Marins à Timor", "page": 532, "remarque": "", "vents_etat_du_ciel": "SE. ESE. Petit frais ; avant midi, calme ; SE. S. SSE. Petit frais ; beau temps.", "barometre_hpa": 1016.5, "obs_latitude": "", "obs_longitude": "", "alerte": "", "thermometre": "22,8", "journal_anonyme": "Beau tems, belle mer , petits frais de lest à l’ENE, sud et SE. Sondé toutes la nuit sans trouver fond. Du 30 [fructidor] au 1er Complé [an 9, 17-18 septembre 1801]. Beau tems, belle mer, vent foibles et variables du S¼SO. S¼SE. SE et E¼SE. Vu plusieurs feux sur la cote"}}, {"type": "Feature", "geometry": {"type": "Point", "coordinates": [122.37389, -9.86667]}, "properties": {"date": "1801-09-18", "date_republicaine": "1er jour complémentaire an IX", "navire": "le Naturaliste", "table": "TABLE 30.e Traversée du Naturaliste de la baie des Chiens-Marins à Timor", "page": 532, "remarque": "", "vents_etat_du_ciel": "SE. E. Petit frais ; NO. ONO. S. Presque calme ; SE. SSE. Petit frais ; beau temps.", "barometre_hpa": 1015.0, "obs_latitude": "", "obs_longitude": "", "alerte": "", "thermometre": "22,8"}}, {"type": "Feature", "geometry": {"type": "Point", "coordinates": [122.50944, -10.28333]}, "properties": {"date": "1801-09-19", "date_republicaine": "2 jour complémentaire an IX", "navire": "le Naturaliste", "table": "TABLE 30.e Traversée du Naturaliste de la baie des Chiens-Marins à Timor", "page": 532, "remarque": "", "vents_etat_du_ciel": "SE. ENE. ESE. ENE. NE. Presque calme ; le soir SSE. SE. joli frais ; beau temps.", "barometre_hpa": 1018.0, "obs_latitude": "", "obs_longitude": "", "alerte": "", "thermometre": "22,3", "journal_anonyme": "11 Beau tems, belle mer ciel sans nuages petits frais et variables de lE au NO. sud et SE. A 3h pris vent devant basb. amures"}}, {"type": "Feature", "geometry": {"type": "Point", "coordinates": [122.97055, -10.18333]}, "properties": {"date": "1801-09-20", "date_republicaine": "3 jour complémentaire an IX", "navire": "le Naturaliste", "table": "TABLE 30.e Traversée du Naturaliste de la baie des Chiens-Marins à Timor", "page": 532, "remarque": "En vue des îles Rottie, Simâô et Timor.", "vents_etat_du_ciel": "SE. ESE. Joli frais ; au jour, E. très-foible brise ; à midi, calme plat ; ONO. SO. SE. Presque calme ; NO. Joli frais ; le soir, calme.", "barometre_hpa": 1013.5, "obs_latitude": "", "obs_longitude": "*", "alerte": "", "thermometre": "21,8", "journal_anonyme": "Beau tems, belle mer presque calme, à 3h¼ du soir la brise s’est élevé du SSE. A 8h elle à passé au SE¼E nous faisant filé 7 nœud à 2h pris un ris dans le perroquet de fougue. Relevement de 10h. La pointe visible du sud de la terre à lest 30º sud proche 30 mille. Celle du nord à lest distce estimée de la terre la plus [phrase incomplète]. Jours complémentaires"}}, {"type": "Feature", "geometry": {"type": "Point", "coordinates": [123.27837, -10.12016]}, "properties": {"date": "1801-09-21", "date_republicaine": "", "navire": "le Naturaliste", "table": "", "page": "", "remarque": "", "vents_etat_du_ciel": "", "barometre_hpa": "", "obs_latitude": "", "obs_longitude": "", "alerte": "position extrapolée : contournement de côte entre le 1801-09-20 et le 1801-09-21 (détour de 5 km)", "section": "", "extrapole": true}}, {"type": "Feature", "geometry": {"type": "Point", "coordinates": [123.59166, -10.14667]}, "properties": {"date": "1801-09-21", "date_republicaine": "4 jour complémentaire an IX", "navire": "le Naturaliste", "table": "TABLE 30.e Traversée du Naturaliste de la baie des Chiens-Marins à Timor", "page": 532, "remarque": "Mouillé dans la baie de Coupang, sur l'île de Timor, à une heure du soir.", "vents_etat_du_ciel": "E. ESE. SE. NE. SSO. SE, ENE. E. Petit frais ; beau temps.", "barometre_hpa": "", "obs_latitude": "△", "obs_longitude": "△", "alerte": "", "journal_anonyme": "Beau tems, belle mer , vent variables de ONO. SE. SO NO. La nuit nous avons sondé sans trouver fond. Resté en panne depuis 4h jusqua 5h¼ que nous avons fait servir. A 6h¼ mis en panne pour mettre le grand canot à la mer. Il est parti aux ordres du Cen Freycinet il portoit pavillon et cornette national nous avons hissé nos couleurs et mis un pavillon de signaux au mat de mizaine peu après nous avons apperçu un canot au devant de nous qui paroissoit etre parti du batiment en vue que nous reconnumes à notre satisfaction pour etre le Geographe"}}, {"type": "Feature", "geometry": {"type": "Point", "coordinates": [123.74094, -10.33114]}, "properties": {"date": "1801-09-22", "date_republicaine": "", "navire": "le Naturaliste", "table": "", "page": "", "remarque": "", "vents_etat_du_ciel": "", "barometre_hpa": "", "obs_latitude": "", "obs_longitude": "", "alerte": "point ajouté pour une entrée du journal anonyme ; position interpolée entre les deux relevés encadrants", "thermometre": "", "journal_anonyme": "Beau tems, belle mer petits frais et variables du SSO au SE [ et] à lest et au sud. A 1h nous avons mouillé par 28 b. de vant et 26 b derriere dans laprès midi on à mis à la mer les deux couralins et la chaloupe pour nous affourcher. A 9h du matin le 5 nous étions affourché ancre de lO. biture basb. 50 b. Ancre de lest biture strib 100b. Relevement du mouillage Le milieu du fort de Coupang au sud distce 1 milles 11 En marge: Jours complémentaires. 41 La pointe sud de Timor S65ºO 5 milles La pointe N. N7ºE 21 milles Le milieu de lisle sabloneuse N11ºO 5 milles", "extrapole": true}}, {"type": "Feature", "geometry": {"type": "Point", "coordinates": [131.35417, -19.73907]}, "properties": {"date": "1801-11-12", "date_republicaine": "", "navire": "le Naturaliste", "table": "", "page": "", "remarque": "", "vents_etat_du_ciel": "", "barometre_hpa": "", "obs_latitude": "", "obs_longitude": "", "alerte": "point ajouté pour une entrée du journal anonyme ; position interpolée entre les deux relevés encadrants", "thermometre": "", "journal_anonyme": "A peine arrivée a Coupang on soccupa de visiter le greement, le faux pont fut levée, on fit leau de nouvelles provisions furent embarqués la ville de Coupang [est] deffendu par un mauvais fort lest plus surement par le courage des Malais, les Anglais ont pris Coupang cette guerre [un mot barré, illisible] mais les hommes qu’on avoit laissés en garnison dans le fort furent massacrés par les Malais et Timor rentra au pouvoir des Hollandais, [ et Timor rentra au pouvoir des Hollandais ] pendant notre séjour les nuits et les matinées furent calmes… …à 11h la brise s’élevoit souvent très forte, les vents étoient alors au NO et NNO. Ils calmissoit à la fin du jour. Ils passoient à lest et au SE. Le 1er brumaire [an 10, 23 octobre 1801] nous avons apperçu une frégatte faisant route pour la baye de Coupang. Le commandant Baudin envoya à son bord un canot sous les ordres dun aspirant muni de nos passeports, nous apprimes au retour de notre canot que la frégatte apperçu étoit la Virginie qui venoit pour nous attaquer. Désque le capitaine de la frégatte anglais eut pris connoissances de nos pasports, il fit servir et louvoya pour sortir de la baye. Pendant notre relache nous perdimes deux hommes par suite de dissenterie. Le Geographe en perdit 5 entre autre le Cen Riedley [Riedlé] jardinier botaniste homme plein de zèle pour son état ; on lui décerna les mêmes honneurs funèbres quon auroit rendus au chef de lexpédition. Il fut enterré auprès de Mr Nelson jardinier botaniste du capitaine Bligh qui mourut aussi à Timor. Nous perdimes par la désertion 9 hommes", "extrapole": true}}, {"type": "Feature", "geometry": {"type": "Point", "coordinates": [123.42139, -9.99333]}, "properties": {"date": "1801-11-13", "date_republicaine": "22 brumaire an X", "navire": "les corvettes", "table": "10 - Routes des corvettes françoises, de Timor à la Terre de Diémen", "page": 492, "remarque": "Appareillé de la rade de Coupang à 6 h. du matin.", "vents_etat_du_ciel": "De l'ESE. au N. par l'E. Très-variable ; foible brise ; OSO. SO. Petit frais ; beau temps.", "barometre_hpa": 1016.5, "obs_latitude": "", "obs_longitude": "", "alerte": "", "thermometre": "22,6", "journal_anonyme": "A cinq heures du matin nous avons appareillé avec une légère brise de SE à midi nous avons relevé au compas la pointe NO de Simao à lO 29º sud à 5 milles de distce lext NO de lisle sabloneuse à lE11ºN distce 8"}}, {"type": "Feature", "geometry": {"type": "Point", "coordinates": [123.09528, -9.96667]}, "properties": {"date": "1801-11-14", "date_republicaine": "23 brumaire an X", "navire": "les corvettes", "table": "10 - Routes des corvettes françoises, de Timor à la Terre de Diémen", "page": 492, "remarque": "", "vents_etat_du_ciel": "OSO. ESE. Presque calme ; SO. SSO. Petit frais ; b. temps, ciel nuageux.", "barometre_hpa": 1013.5, "obs_latitude": "", "obs_longitude": "", "alerte": "", "thermometre": "22,0", "journal_anonyme": "Les vents variables du ONO au SO le tems beau le ciel nuageux, la mer belle la route au NNO. A 4h du matin nous avons gouverné au S¼SE tonnant et éclairant beaucoup. A midi relevé lisle OON. S46º30’O. 42"}}, {"type": "Feature", "geometry": {"type": "Point", "coordinates": [122.30194, -9.6525]}, "properties": {"date": "1801-11-15", "date_republicaine": "24 brumaire an X", "navire": "les corvettes", "table": "10 - Routes des corvettes françoises, de Timor à la Terre de Diémen", "page": 492, "remarque": "", "vents_etat_du_ciel": "OSO. SSE. ESE. Foible et petit fr. ; b. temps, ciel nuageux.", "barometre_hpa": 1013.5, "obs_latitude": "", "obs_longitude": "", "alerte": "pression", "thermometre": "22,0", "journal_anonyme": "Les vents variables de lOSO au SO le tems beau le ciel clair et la mer belle. A midi est décédé le nommé Savary ce qui a été annoncé [par] au commandant par un signal de convention"}}, {"type": "Feature", "geometry": {"type": "Point", "coordinates": [121.75472, -10.01222]}, "properties": {"date": "1801-11-16", "date_republicaine": "25 brumaire an X", "navire": "les corvettes", "table": "10 - Routes des corvettes françoises, de Timor à la Terre de Diémen", "page": 492, "remarque": "En vue de l'île Savu et de Benjoar, dont nous passons au N.", "vents_etat_du_ciel": "ESE. SE. Foible brise ; calme ; beau temps, ciel nuageux.", "barometre_hpa": 1013.5, "obs_latitude": "", "obs_longitude": "", "alerte": "", "thermometre": "24,0", "journal_anonyme": "Les vents de sud au SSE et à lESE la route au SO et SSO beau tems, belle mer , latmosphère un peu épais et les vents foibles , à midi nous avons appercu la terre de Savu nous avons relevé un morne très apparent au SSE"}}, {"type": "Feature", "geometry": {"type": "Point", "coordinates": [121.22278, -11.03972]}, "properties": {"date": "1801-11-17", "date_republicaine": "26 brumaire an X", "navire": "les corvettes", "table": "10 - Routes des corvettes françoises, de Timor à la Terre de Diémen", "page": 492, "remarque": "Nous doublons au S. le Nouveau-Savu, à petite distance.", "vents_etat_du_ciel": "ESE. SSE. Joli frais ; b. temps ; ciel nuageux.", "barometre_hpa": 1013.5, "obs_latitude": "", "obs_longitude": "", "alerte": "", "thermometre": "22,8", "journal_anonyme": "Le vent variant du SE¼E au sud petite brise à 1h le commandant à signalé la route au S¼SO à 4h relevé lext NO de Savu a S10ºE. Lext SE à lE41ºS. Lisle Benjoard au S7ºO"}}, {"type": "Feature", "geometry": {"type": "Point", "coordinates": [120.16861, -11.57444]}, "properties": {"date": "1801-11-18", "date_republicaine": "27 brumaire an X", "navire": "les corvettes", "table": "10 - Routes des corvettes françoises, de Timor à la Terre de Diémen", "page": 492, "remarque": "Les courans nous portent au NO.", "vents_etat_du_ciel": "SSO. SSE. S. Petit frais ; beau temps.", "barometre_hpa": 1015.0, "obs_latitude": "", "obs_longitude": "", "alerte": "", "thermometre": "24,2", "journal_anonyme": "Vents variables du SE, sud, et SSO. Tems beau la mer belle, brise légère le commandant nous à signalé la mort d’un homme de son équipage"}}, {"type": "Feature", "geometry": {"type": "Point", "coordinates": [119.0725, -11.51417]}, "properties": {"date": "1801-11-19", "date_republicaine": "28 brumaire an X", "navire": "les corvettes", "table": "10 - Routes des corvettes françoises, de Timor à la Terre de Diémen", "page": 492, "remarque": "", "vents_etat_du_ciel": "SSO. S. Petit frais ; b. temps.", "barometre_hpa": 1015.0, "obs_latitude": "", "obs_longitude": "", "alerte": "", "thermometre": "24,0", "journal_anonyme": "Vents variables du S. SSE au SO presque calme, le tems beau, la mer belle, le commandant à signalé la mort d’un homme de son équipage"}}, {"type": "Feature", "geometry": {"type": "Point", "coordinates": [118.31722, -11.57278]}, "properties": {"date": "1801-11-20", "date_republicaine": "29 brumaire an X", "navire": "les corvettes", "table": "10 - Routes des corvettes françoises, de Timor à la Terre de Diémen", "page": 492, "remarque": "", "vents_etat_du_ciel": "S. OSO. SO. Petit frais ; beau temps.", "barometre_hpa": 1015.0, "obs_latitude": "", "obs_longitude": "", "alerte": "", "thermometre": "22,0", "journal_anonyme": "Vents du S. SO et OSO. Beau tems, belle mer ciel serein joli frais de vent"}}, {"type": "Feature", "geometry": {"type": "Point", "coordinates": [118.70694, -12.31667]}, "properties": {"date": "1801-11-21", "date_republicaine": "30 brumaire an X", "navire": "les corvettes", "table": "10 - Routes des corvettes françoises, de Timor à la Terre de Diémen", "page": 492, "remarque": "", "vents_etat_du_ciel": "SO. OSO. Petit frais ; beau temps.", "barometre_hpa": 1015.0, "obs_latitude": "", "obs_longitude": "", "alerte": "", "thermometre": "23,7", "journal_anonyme": "Les vents variables de lO au SO la mer et le tems la brise agreable"}}, {"type": "Feature", "geometry": {"type": "Point", "coordinates": [118.95055, -13.01139]}, "properties": {"date": "1801-11-22", "date_republicaine": "1er frimaire an X", "navire": "les corvettes", "table": "10 - Routes des corvettes françoises, de Timor à la Terre de Diémen", "page": 492, "remarque": "Les courans nous portent à l'O.", "vents_etat_du_ciel": "SO. O. OSO. Joli frais ; beau temps.", "barometre_hpa": 1013.5, "obs_latitude": "", "obs_longitude": "", "alerte": "", "thermometre": "23,7", "journal_anonyme": "Les vents variant de lO à lOSO et au ONO le tems beau, la mer houleuse du SO et joli frais de vent"}}, {"type": "Feature", "geometry": {"type": "Point", "coordinates": [119.33833, -13.96556]}, "properties": {"date": "1801-11-23", "date_republicaine": "2 frimaire an X", "navire": "les corvettes", "table": "10 - Routes des corvettes françoises, de Timor à la Terre de Diémen", "page": 492, "remarque": "", "vents_etat_du_ciel": "Variable du OSO. à l'O. Joli frais ; beau temps.", "barometre_hpa": 1013.5, "obs_latitude": "", "obs_longitude": "", "alerte": "", "thermometre": "23,0", "journal_anonyme": "Les vents de lO au OSO joli frais . Le commandant à signalé la route au SO¼S il à aussi signalé la mort d’un homme de son équipage"}}, {"type": "Feature", "geometry": {"type": "Point", "coordinates": [119.71805, -14.88167]}, "properties": {"date": "1801-11-24", "date_republicaine": "3 frimaire an X", "navire": "les corvettes", "table": "10 - Routes des corvettes françoises, de Timor à la Terre de Diémen", "page": 492, "remarque": "", "vents_etat_du_ciel": "ONO. SO. O. Jolie brise ; beau temps.", "barometre_hpa": 1012.0, "obs_latitude": "", "obs_longitude": "", "alerte": "", "thermometre": "22,7", "journal_anonyme": "Les vents ont variés du NO. O. et OSO. A 9h nous avons commencé à porter en route. Vu des pails en culs des frégattes"}}, {"type": "Feature", "geometry": {"type": "Point", "coordinates": [119.95972, -15.62194]}, "properties": {"date": "1801-11-25", "date_republicaine": "4 frimaire an X", "navire": "les corvettes", "table": "10 - Routes des corvettes françoises, de Timor à la Terre de Diémen", "page": 492, "remarque": "Depuis quelques jours, les vents sont presque calmes dans la nuit, et fraîchissent un peu dans la journée.", "vents_etat_du_ciel": "O. ONO. OSO. SSO. Jolie brise ; beau temps ; calme.", "barometre_hpa": 1013.5, "obs_latitude": "", "obs_longitude": "", "alerte": "", "thermometre": "20,9", "journal_anonyme": "Vents de SO. OSO et [E]SSO petit frais, le tems beau la mer belle, le ciel serein, pendant les vingt quatres heures à 8h du matin le nommé Fanfan gabier est mort de la dissentery. 43"}}, {"type": "Feature", "geometry": {"type": "Point", "coordinates": [120.12139, -16.15417]}, "properties": {"date": "1801-11-26", "date_republicaine": "5 frimaire an X", "navire": "les corvettes", "table": "10 - Routes des corvettes françoises, de Timor à la Terre de Diémen", "page": 492, "remarque": "", "vents_etat_du_ciel": "ONO. SSO. Jolie brise, mollissant sur le soir ; b. temps.", "barometre_hpa": 1014.7, "obs_latitude": "", "obs_longitude": "", "alerte": "", "thermometre": "21,7", "journal_anonyme": "Vents dO au SO et SSO petit frais beau tems, belle mer les vents ont variés de lO à l’ONO et OSO à 8h du matin le nommé Ivan est mort de la dissentery"}}, {"type": "Feature", "geometry": {"type": "Point", "coordinates": [119.80972, -15.98306]}, "properties": {"date": "1801-11-27", "date_republicaine": "6 frimaire an X", "navire": "les corvettes", "table": "10 - Routes des corvettes françoises, de Timor à la Terre de Diémen", "page": 492, "remarque": "", "vents_etat_du_ciel": "SO. Petit frais ; beau temps.", "barometre_hpa": 1013.5, "obs_latitude": "", "obs_longitude": "", "alerte": "", "thermometre": "21,4", "journal_anonyme": "Vents dOSO au SO vents très foibles pendant les 24 heures"}}, {"type": "Feature", "geometry": {"type": "Point", "coordinates": [118.85528, -15.40083]}, "properties": {"date": "1801-11-28", "date_republicaine": "7 frimaire an X", "navire": "les corvettes", "table": "10 - Routes des corvettes françoises, de Timor à la Terre de Diémen", "page": 492, "remarque": "", "vents_etat_du_ciel": "SO. S. OSO. Jolie brise ; beau temps.", "barometre_hpa": 1015.0, "obs_latitude": "", "obs_longitude": "", "alerte": "", "thermometre": "21,0", "journal_anonyme": "Vents de SO et S¼SO à 9h ils ont passé au NO et sy sont maintenus toute la nuit beau tems. Petit frais"}}, {"type": "Feature", "geometry": {"type": "Point", "coordinates": [117.97389, -14.76194]}, "properties": {"date": "1801-11-29", "date_republicaine": "8 frimaire an X", "navire": "les corvettes", "table": "10 - Routes des corvettes françoises, de Timor à la Terre de Diémen", "page": 492, "remarque": "", "vents_etat_du_ciel": "SO. SSO. S. Joli frais ; beau temps.", "barometre_hpa": 1012.0, "obs_latitude": "", "obs_longitude": "", "alerte": "", "thermometre": "21,7", "journal_anonyme": "Les vents au S¼SO au sud pendant la nuit ils ont été au SSO joli frais. Tems beau mer belle"}}, {"type": "Feature", "geometry": {"type": "Point", "coordinates": [117.42333, -14.93944]}, "properties": {"date": "1801-11-30", "date_republicaine": "9 frimaire an X", "navire": "les corvettes", "table": "10 - Routes des corvettes françoises, de Timor à la Terre de Diémen", "page": 492, "remarque": "", "vents_etat_du_ciel": "SO. S. Joli frais ; beau temps.", "barometre_hpa": 1012.0, "obs_latitude": "", "obs_longitude": "", "alerte": "", "thermometre": "21,4"}}, {"type": "Feature", "geometry": {"type": "Point", "coordinates": [116.58639, -14.92778]}, "properties": {"date": "1801-12-01", "date_republicaine": "10 frimaire an X", "navire": "les corvettes", "table": "10 - Routes des corvettes françoises, de Timor à la Terre de Diémen", "page": 492, "remarque": "", "vents_etat_du_ciel": "S. SSE. SSO. Bonne brise ; ciel nuageux ; grains.", "barometre_hpa": 1015.0, "obs_latitude": "", "obs_longitude": "", "alerte": "", "thermometre": "21,6", "journal_anonyme": "12 Vents de SSO joli frais à 11h ils ont passés au SE nous avons mis le cap en route au SO. Beau tems, belle mer"}}, {"type": "Feature", "geometry": {"type": "Point", "coordinates": [115.54611, -15.08222]}, "properties": {"date": "1801-12-02", "date_republicaine": "11 frimaire an X", "navire": "les corvettes", "table": "10 - Routes des corvettes françoises, de Timor à la Terre de Diémen", "page": 492, "remarque": "", "vents_etat_du_ciel": "SSO. S. SSE. Petite brise ; beau temps.", "barometre_hpa": 1013.5, "obs_latitude": "", "obs_longitude": "", "alerte": "pression", "thermometre": "21,9", "journal_anonyme": "Joli frais de SSE et sud pendant le journée ils ont passés au S. SSO et SO. Beau tems, mer houleuse"}}, {"type": "Feature", "geometry": {"type": "Point", "coordinates": [114.30028, -15.01528]}, "properties": {"date": "1801-12-03", "date_republicaine": "12 frimaire an X", "navire": "les corvettes", "table": "10 - Routes des corvettes françoises, de Timor à la Terre de Diémen", "page": 492, "remarque": "", "vents_etat_du_ciel": "S. SSE. Joli frais ; beau temps.", "barometre_hpa": 1013.5, "obs_latitude": "", "obs_longitude": "", "alerte": "", "thermometre": "21,0", "journal_anonyme": "Vents de SSE au sud joli frais, beau tems, belle mer les courans ont paru porter beaucoup au nord"}}, {"type": "Feature", "geometry": {"type": "Point", "coordinates": [113.20389, -15.21917]}, "properties": {"date": "1801-12-04", "date_republicaine": "13 frimaire an X", "navire": "les corvettes", "table": "10 - Routes des corvettes françoises, de Timor à la Terre de Diémen", "page": 492, "remarque": "", "vents_etat_du_ciel": "SSE. Inégale et foible ; ciel nuageux.", "barometre_hpa": 1012.0, "obs_latitude": "", "obs_longitude": "*", "alerte": "", "thermometre": "21,1", "journal_anonyme": "Pendant les vingt quatres heures les vents ont variés du sud au SSE. Bon frais la mer grosse le tems assez clair"}}, {"type": "Feature", "geometry": {"type": "Point", "coordinates": [111.41722, -15.735]}, "properties": {"date": "1801-12-05", "date_republicaine": "14 frimaire an X", "navire": "les corvettes", "table": "10 - Routes des corvettes françoises, de Timor à la Terre de Diémen", "page": 493, "remarque": "", "vents_etat_du_ciel": "S. SSE. Bon frais ; ciel nuag.", "barometre_hpa": 1012.0, "obs_latitude": "", "obs_longitude": "", "alerte": "", "thermometre": "21,5", "journal_anonyme": "Vents de S¼SE au sud bon frais, le ciel nuageux la mer très houleuse. Vu des pails-en culs et des frégattes"}}, {"type": "Feature", "geometry": {"type": "Point", "coordinates": [109.88166, -16.07056]}, "properties": {"date": "1801-12-06", "date_republicaine": "15 frimaire an X", "navire": "les corvettes", "table": "10 - Routes des corvettes françoises, de Timor à la Terre de Diémen", "page": 493, "remarque": "", "vents_etat_du_ciel": "S. SSE. Joli frais ; b. temps.", "barometre_hpa": 1014.4, "obs_latitude": "", "obs_longitude": "", "alerte": "", "thermometre": "20,0"}}, {"type": "Feature", "geometry": {"type": "Point", "coordinates": [108.43778, -16.40861]}, "properties": {"date": "1801-12-07", "date_republicaine": "16 frimaire an X", "navire": "les corvettes", "table": "10 - Routes des corvettes françoises, de Timor à la Terre de Diémen", "page": 493, "remarque": "", "vents_etat_du_ciel": "S. SE. Joli frais ; bon frais ; beau temp.", "barometre_hpa": 1013.5, "obs_latitude": "", "obs_longitude": "", "alerte": "", "thermometre": "19,6", "journal_anonyme": "13 Vents du sud au SSE joli frais par raffales beau tems, mer houleuse, vu des pails en culs mer houleuse"}}, {"type": "Feature", "geometry": {"type": "Point", "coordinates": [107.22611, -17.43167]}, "properties": {"date": "1801-12-08", "date_republicaine": "17 frimaire an X", "navire": "les corvettes", "table": "10 - Routes des corvettes françoises, de Timor à la Terre de Diémen", "page": 493, "remarque": "", "vents_etat_du_ciel": "SE. Bon frais ; ciel nuageux, grains, pluie.", "barometre_hpa": 1016.5, "obs_latitude": "", "obs_longitude": "*", "alerte": "", "thermometre": "19,0", "journal_anonyme": "Vents de sud au SSE, SE et SE¼S bon frais la mer grosse ciel nuageux le commandant à signalé la route au SSO"}}, {"type": "Feature", "geometry": {"type": "Point", "coordinates": [106.17611, -18.59472]}, "properties": {"date": "1801-12-09", "date_republicaine": "18 frimaire an X", "navire": "les corvettes", "table": "10 - Routes des corvettes françoises, de Timor à la Terre de Diémen", "page": 493, "remarque": "", "vents_etat_du_ciel": "SE. Bon frais ; ciel nuageux.", "barometre_hpa": 1015.6, "obs_latitude": "", "obs_longitude": "*", "alerte": "", "thermometre": "19,0", "journal_anonyme": "Les vents au SE bon frais, le ciel nuageux la mer grosse le navire tanguant beaucoup vu plusieurs pétrels et quelques poissons volans"}}, {"type": "Feature", "geometry": {"type": "Point", "coordinates": [104.47, -19.78556]}, "properties": {"date": "1801-12-10", "date_republicaine": "19 frimaire an X", "navire": "les corvettes", "table": "10 - Routes des corvettes françoises, de Timor à la Terre de Diémen", "page": 493, "remarque": "Nous étions à-peu-près par la latitude que nos cartes assignent aux îles Trials, et cependant nous n'en avons eu aucune connaissance.", "vents_etat_du_ciel": "SE. Bon frais ; ciel nuageux.", "barometre_hpa": 1016.5, "obs_latitude": "", "obs_longitude": "", "alerte": "", "thermometre": "18,0", "journal_anonyme": "Vents de SE au SE¼S. bon frais et par raffales tems couvert et brumeux. A 6h½ du matin le gd foc s’est déchiré"}}, {"type": "Feature", "geometry": {"type": "Point", "coordinates": [103.44083, -21.13028]}, "properties": {"date": "1801-12-11", "date_republicaine": "20 frimaire an X", "navire": "les corvettes", "table": "10 - Routes des corvettes françoises, de Timor à la Terre de Diémen", "page": 493, "remarque": "", "vents_etat_du_ciel": "SE. ESE. Joli frais ; ciel nuageux.", "barometre_hpa": 1016.5, "obs_latitude": "", "obs_longitude": "", "alerte": "", "thermometre": "17,8", "journal_anonyme": "Les vents de SE à lESE bon frais, le tems beau, la mer grosse et le ciel nuageux. 12 Sic. Il manque la journée du 8 au 9 frimaire [an 10, 29-30 novembre 1801]. 13 Sic. Il manque la journée du 14 au 15 frimaire [an 10, 5-6 décembre 1801]. 44"}}, {"type": "Feature", "geometry": {"type": "Point", "coordinates": [102.79222, -22.51944]}, "properties": {"date": "1801-12-12", "date_republicaine": "21 frimaire an X", "navire": "les corvettes", "table": "10 - Routes des corvettes françoises, de Timor à la Terre de Diémen", "page": 493, "remarque": "", "vents_etat_du_ciel": "ESE. SE. Joli frais ; b. temps.", "barometre_hpa": 1018.0, "obs_latitude": "", "obs_longitude": "", "alerte": "", "thermometre": "17,4", "journal_anonyme": "Vents dESE au SE joli frais beau tems belle mer à midi le commandant à signalé la route au S¼SO"}}, {"type": "Feature", "geometry": {"type": "Point", "coordinates": [102.1725, -24.06028]}, "properties": {"date": "1801-12-13", "date_republicaine": "22 frimaire an X", "navire": "les corvettes", "table": "10 - Routes des corvettes françoises, de Timor à la Terre de Diémen", "page": 493, "remarque": "Passé pour la cinquième fois le tropique du Capricorne.", "vents_etat_du_ciel": "SE. SSE. Petit frais ; b. temps.", "barometre_hpa": 1019.6, "obs_latitude": "", "obs_longitude": "", "alerte": "", "thermometre": "17,5", "journal_anonyme": "Vents de lESE à lE¼SE joli frais. Beau tems, belle mer ciel clair et nuageux pendant la nuit"}}, {"type": "Feature", "geometry": {"type": "Point", "coordinates": [101.00333, -25.50833]}, "properties": {"date": "1801-12-14", "date_republicaine": "23 frimaire an X", "navire": "les corvettes", "table": "10 - Routes des corvettes françoises, de Timor à la Terre de Diémen", "page": 493, "remarque": "", "vents_etat_du_ciel": "SE. Jolie brise ; b. temps.", "barometre_hpa": 1019.6, "obs_latitude": "", "obs_longitude": "", "alerte": "", "thermometre": "17,0", "journal_anonyme": "Les vents du SE¼E au SSE et SE joli frais. Beau tems, belle mer, ciel nuageux"}}, {"type": "Feature", "geometry": {"type": "Point", "coordinates": [100.24166, -26.61194]}, "properties": {"date": "1801-12-15", "date_republicaine": "24 frimaire an X", "navire": "les corvettes", "table": "10 - Routes des corvettes françoises, de Timor à la Terre de Diémen", "page": 493, "remarque": "", "vents_etat_du_ciel": "SE. ESE. SE. Petit fr. ; temps couvert.", "barometre_hpa": 1016.5, "obs_latitude": "", "obs_longitude": "*", "alerte": "", "thermometre": "15,5", "journal_anonyme": "Petit frais SE au SE¼S. Tems couvert ou mer belle, la nuit humide à midi les vents ont variés SE¼S à lE¼SE"}}, {"type": "Feature", "geometry": {"type": "Point", "coordinates": [99.11389, -27.69722]}, "properties": {"date": "1801-12-16", "date_republicaine": "25 frimaire an X", "navire": "les corvettes", "table": "10 - Routes des corvettes françoises, de Timor à la Terre de Diémen", "page": 493, "remarque": "", "vents_etat_du_ciel": "SE. ESE. SE. Brise inégale ; ciel couvert.", "barometre_hpa": 1018.0, "obs_latitude": "", "obs_longitude": "", "alerte": "", "thermometre": "15,5", "journal_anonyme": "Vents de lESE au SSE joli frais, tems brumeux ciel couvert. A 2h lon à expédié un canot pour aller chercher à bord du Geographe le chirurgien major"}}, {"type": "Feature", "geometry": {"type": "Point", "coordinates": [98.84805, -28.42333]}, "properties": {"date": "1801-12-17", "date_republicaine": "26 frimaire an X", "navire": "les corvettes", "table": "10 - Routes des corvettes françoises, de Timor à la Terre de Diémen", "page": 493, "remarque": "", "vents_etat_du_ciel": "SSE. SSO. Foible brise ; beau temps.", "barometre_hpa": 1022.6, "obs_latitude": "", "obs_longitude": "", "alerte": "", "thermometre": "15,4", "journal_anonyme": "Vents de SE au SSE à lESE. Petits frais ciel couvert tems brumeux"}}, {"type": "Feature", "geometry": {"type": "Point", "coordinates": [101.08, -29.02639]}, "properties": {"date": "1801-12-18", "date_republicaine": "27 frimaire an X", "navire": "les corvettes", "table": "10 - Routes des corvettes françoises, de Timor à la Terre de Diémen", "page": 493, "remarque": "", "vents_etat_du_ciel": "SSO. S. Bon frais ; ciel couvert.", "barometre_hpa": 1016.5, "obs_latitude": "", "obs_longitude": "", "alerte": "", "thermometre": "14,8", "journal_anonyme": "Vents de sud joli frais à midi et demi viré de bord vent devant mis le cap à lESE. Dans laprès midi les vents ont varié du SSO au SO nous avons gouverné au SE¼E dans la matinée les vents ont fraichi on à dégreé les perroquets"}}, {"type": "Feature", "geometry": {"type": "Point", "coordinates": [102.49833, -29.51139]}, "properties": {"date": "1801-12-19", "date_republicaine": "28 frimaire an X", "navire": "les corvettes", "table": "10 - Routes des corvettes françoises, de Timor à la Terre de Diémen", "page": 493, "remarque": "Nous avons passé par la latitude d'une roche à fleur d'eau, marquée sur nos cartes ; mais nous ne l'avons point aperçue.", "vents_etat_du_ciel": "S. SSE. SO. Petit frais ; ciel nuageux.", "barometre_hpa": 1021.1, "obs_latitude": "*", "obs_longitude": "*", "alerte": "", "thermometre": "14,2", "journal_anonyme": "Vents de SSO grand frais. Le tems sombre, le ciel nuageux. Dans la matinée les vents ont variés du S¼SO au SSE petits frais"}}, {"type": "Feature", "geometry": {"type": "Point", "coordinates": [103.48694, -29.90611]}, "properties": {"date": "1801-12-20", "date_republicaine": "29 frimaire an X", "navire": "les corvettes", "table": "10 - Routes des corvettes françoises, de Timor à la Terre de Diémen", "page": 493, "remarque": "", "vents_etat_du_ciel": "OSO. SO. OSO. Foible brise ; beau temps.", "barometre_hpa": 1021.1, "obs_latitude": "", "obs_longitude": "", "alerte": "", "thermometre": "15,0", "journal_anonyme": "Vents de SSE petits frais. Le tems beau, la mer belle, pendant la nuit les vents ont variés du SSO au SO¼S. La route à SE¼E"}}, {"type": "Feature", "geometry": {"type": "Point", "coordinates": [105.52916, -30.26778]}, "properties": {"date": "1801-12-21", "date_republicaine": "30 frimaire an X", "navire": "les corvettes", "table": "10 - Routes des corvettes françoises, de Timor à la Terre de Diémen", "page": 493, "remarque": "", "vents_etat_du_ciel": "SO. SSO. Jolie brise ; ciel nuageux ; S. Bon frais ; grains ; fortes rafales ; petite pluie.", "barometre_hpa": 1021.1, "obs_latitude": "", "obs_longitude": "", "alerte": "", "thermometre": "14,5", "journal_anonyme": "Les vents SO au OSO joli frais , beau tems, belle mer ciel nuageux le cap au SE¼E"}}, {"type": "Feature", "geometry": {"type": "Point", "coordinates": [106.60389, -30.31028]}, "properties": {"date": "1801-12-22", "date_republicaine": "1er nivôse an X", "navire": "les corvettes", "table": "10 - Routes des corvettes françoises, de Timor à la Terre de Diémen", "page": 493, "remarque": "", "vents_etat_du_ciel": "S. SSE. Bon frais ; ciel couvert.", "barometre_hpa": 1019.6, "obs_latitude": "", "obs_longitude": "*", "alerte": "", "thermometre": "13,7", "journal_anonyme": "Les vents au SO¼S jusqua minuit ils ont passés au sud et au SSE bon frais le commandant à signalé la route au SE. Nivose"}}, {"type": "Feature", "geometry": {"type": "Point", "coordinates": [109.56833, -30.06611]}, "properties": {"date": "1801-12-23", "date_republicaine": "2 nivôse an X", "navire": "les corvettes", "table": "10 - Routes des corvettes françoises, de Timor à la Terre de Diémen", "page": 493, "remarque": "", "vents_etat_du_ciel": "SSE. Bon frais ; ciel couvert, temps humide.", "barometre_hpa": 1021.1, "obs_latitude": "", "obs_longitude": "", "alerte": "", "thermometre": "14,0", "journal_anonyme": "Tems à grains bon frais de sud au SSO. A 8h galhaubans du grand mat dhune s’est rompu au ras des barres. Le Cen Vilain [Levillain] zoologiste est mort du flux de sang"}}, {"type": "Feature", "geometry": {"type": "Point", "coordinates": [110.59972, -30.14056]}, "properties": {"date": "1801-12-24", "date_republicaine": "3 nivôse an X", "navire": "les corvettes", "table": "10 - Routes des corvettes françoises, de Timor à la Terre de Diémen", "page": 493, "remarque": "", "vents_etat_du_ciel": "SSE. SE. Bonne brise ; beau temps.", "barometre_hpa": 1022.6, "obs_latitude": "", "obs_longitude": "", "alerte": "", "thermometre": "15,2", "journal_anonyme": "La mer grosse le tems couvert le vent bon frais du sud au SE et SSE. A 8h du matin viré lof pour lof. 45"}}, {"type": "Feature", "geometry": {"type": "Point", "coordinates": [109.65972, -31.45528]}, "properties": {"date": "1801-12-25", "date_republicaine": "4 nivôse an X", "navire": "les corvettes", "table": "10 - Routes des corvettes françoises, de Timor à la Terre de Diémen", "page": 493, "remarque": "", "vents_etat_du_ciel": "SE. SSE. S. Petit frais ; temps humide, ciel couvert.", "barometre_hpa": 1021.1, "obs_latitude": "", "obs_longitude": "*", "alerte": "", "thermometre": "13,7", "journal_anonyme": "Tems assez beau, la mer houleuse , bon frais du SE. A 6h le commandant à signalé la route au S33º 45’ est"}}, {"type": "Feature", "geometry": {"type": "Point", "coordinates": [109.2275, -31.91667]}, "properties": {"date": "1801-12-26", "date_republicaine": "5 nivôse an X", "navire": "les corvettes", "table": "10 - Routes des corvettes françoises, de Timor à la Terre de Diémen", "page": 493, "remarque": "", "vents_etat_du_ciel": "S. SSO. S. Joli frais ; temps couvert.", "barometre_hpa": 1018.0, "obs_latitude": "*", "obs_longitude": "", "alerte": "", "thermometre": "13,5", "journal_anonyme": "Petits frais du SE au sud et SSO. A 5h viré vent devant à 9h½ du matin la route à été signalé au S45ºE"}}, {"type": "Feature", "geometry": {"type": "Point", "coordinates": [110.7425, -31.71]}, "properties": {"date": "1801-12-27", "date_republicaine": "6 nivôse an X", "navire": "les corvettes", "table": "10 - Routes des corvettes françoises, de Timor à la Terre de Diémen", "page": 493, "remarque": "", "vents_etat_du_ciel": "S. SSE. Joli frais, bon frais ; grains, rafales ; temps couv.", "barometre_hpa": 1021.1, "obs_latitude": "", "obs_longitude": "*", "alerte": "", "thermometre": "13,2", "journal_anonyme": "Tems couvert, mer grosse, joli frais du SSO. sud et SSE. A 5h½ du soir le commandant à signalé la route S22º 30’E en cas que les vents vinssent à adonner"}}, {"type": "Feature", "geometry": {"type": "Point", "coordinates": [110.94694, -31.84222]}, "properties": {"date": "1801-12-28", "date_republicaine": "7 nivôse an X", "navire": "les corvettes", "table": "10 - Routes des corvettes françoises, de Timor à la Terre de Diémen", "page": 494, "remarque": "", "vents_etat_du_ciel": "SSE. S. Brise foible et inégale ; ciel couvert.", "barometre_hpa": 1019.6, "obs_latitude": "", "obs_longitude": "", "alerte": "", "thermometre": "14,0", "journal_anonyme": "Tems couvert, mer grosse joli frais du sud au [S]SE et SSE. A 8h¼ le commandant après nous avoir ralié à viré vent devant nous avons imité sa manœuvre"}}, {"type": "Feature", "geometry": {"type": "Point", "coordinates": [110.38528, -32.03667]}, "properties": {"date": "1801-12-29", "date_republicaine": "8 nivôse an X", "navire": "les corvettes", "table": "10 - Routes des corvettes françoises, de Timor à la Terre de Diémen", "page": 494, "remarque": "", "vents_etat_du_ciel": "Calme. SSO. Petit frais ; ciel couvert, grains et pluie.", "barometre_hpa": 1018.0, "obs_latitude": "", "obs_longitude": "*", "alerte": "", "thermometre": "14,0", "journal_anonyme": "Beau tems, belle mer, joli brise du sud au SE. A 9h tems par grains et par raffales assez violente lon a mis le poussepied sur les caille boutils pour le radouber. A 7h½ du matin pris basbord amures"}}, {"type": "Feature", "geometry": {"type": "Point", "coordinates": [111.33194, -32.03389]}, "properties": {"date": "1801-12-30", "date_republicaine": "9 nivôse an X", "navire": "les corvettes", "table": "10 - Routes des corvettes françoises, de Timor à la Terre de Diémen", "page": 494, "remarque": "", "vents_etat_du_ciel": "S. SSE. SE. Petit frais et joli frais ; beau temps, ciel nuag.", "barometre_hpa": 1018.0, "obs_latitude": "", "obs_longitude": "*", "alerte": "", "thermometre": "14,0", "journal_anonyme": "Beau tems, belle mer calme jusqua 3h que la brise s’est élevé du sud vbles au SO et SSE par le sud. Latitude obs. 32º 12’ 22”"}}, {"type": "Feature", "geometry": {"type": "Point", "coordinates": [110.39222, -33.22556]}, "properties": {"date": "1801-12-31", "date_republicaine": "10 nivôse an X", "navire": "les corvettes", "table": "10 - Routes des corvettes françoises, de Timor à la Terre de Diémen", "page": 494, "remarque": "", "vents_etat_du_ciel": "SE. ESE. Joli frais ; b. temps, ciel nuageux.", "barometre_hpa": 1018.0, "obs_latitude": "", "obs_longitude": "", "alerte": "", "thermometre": "13,0", "journal_anonyme": "Beau tems, belle mer joli brise du SE à lest à midi et demi pris basb. amures et mis tout dehors"}}, {"type": "Feature", "geometry": {"type": "Point", "coordinates": [109.51583, -34.13528]}, "properties": {"date": "1802-01-01", "date_republicaine": "11 nivôse an X", "navire": "les corvettes", "table": "10 - Routes des corvettes françoises, de Timor à la Terre de Diémen", "page": 494, "remarque": "", "vents_etat_du_ciel": "SSE. SSO. S. Petit fr. ; temps couvert.", "barometre_hpa": 1016.5, "obs_latitude": "", "obs_longitude": "", "alerte": "", "thermometre": "14,5", "journal_anonyme": "Tems couvert, ciel nuageux, la mer belle, petit frais. On à fait la vente des effets des deffunts Bourgeois [Le Bourgeois] et Savari [Savary]"}}, {"type": "Feature", "geometry": {"type": "Point", "coordinates": [110.36139, -34.08278]}, "properties": {"date": "1802-01-02", "date_republicaine": "12 nivôse an X", "navire": "les corvettes", "table": "10 - Routes des corvettes françoises, de Timor à la Terre de Diémen", "page": 494, "remarque": "", "vents_etat_du_ciel": "S. SSE. Petit frais ; b. temps.", "barometre_hpa": 1013.5, "obs_latitude": "", "obs_longitude": "", "alerte": "", "thermometre": "13,8", "journal_anonyme": "Beau tems, belle mer petit frais du SO au sud à 1h½ changé d’amures. On à fait la vente des effets du Cen Vilain [Levillain]"}}, {"type": "Feature", "geometry": {"type": "Point", "coordinates": [111.10416, -34.11528]}, "properties": {"date": "1802-01-03", "date_republicaine": "13 nivôse an X", "navire": "les corvettes", "table": "10 - Routes des corvettes françoises, de Timor à la Terre de Diémen", "page": 494, "remarque": "Inclinaison magnétique observée sur le pont, aiguille N.º 2 = 65°; aiguille N.º 4 = 62°; inclin. moyenne = 63° 30'.", "vents_etat_du_ciel": "Calme. O. ONO. Foible, fraîchissant par degrés ; le ciel s'est couvert ; le soir, reçu un fort grain.", "barometre_hpa": 1010.5, "obs_latitude": "", "obs_longitude": "", "alerte": "", "thermometre": "15,0", "journal_anonyme": "Beau tems, belle mer. Petit frais du sud au SSO et O. A 1h ¾ le commandant à signalé la route au S45º E. A 5h½ étant très loin sous le vent on à présumé quil portoit au S67º 30’E et qu’on s’étoit trompé dans la couleur du pavillon qui exprimoit lair de vent nous avons de suite porté au S67º 30’E"}}, {"type": "Feature", "geometry": {"type": "Point", "coordinates": [114.24944, -35.24833]}, "properties": {"date": "1802-01-04", "date_republicaine": "14 nivôse an X", "navire": "les corvettes", "table": "10 - Routes des corvettes françoises, de Timor à la Terre de Diémen", "page": 494, "remarque": "Le 4 janvier, nous avons trouvé, à midi, que les courans nous avoient violemment portés dans le Nord.", "vents_etat_du_ciel": "O. ONO. Bon frais ; grains et rafales, temps couv., pluie.", "barometre_hpa": 1004.5, "obs_latitude": "", "obs_longitude": "", "alerte": "", "thermometre": "14,5", "journal_anonyme": "Beau tems, belle mer joli frais du O au ONO mis les bonnettes et les cacatois. Le commandant à signalé pour 8h la route au S33º 45’E à 4h du matin tems couvert, bon frais la mer grosse"}}, {"type": "Feature", "geometry": {"type": "Point", "coordinates": [117.65444, -36.52417]}, "properties": {"date": "1802-01-05", "date_republicaine": "15 nivôse an X", "navire": "les corvettes", "table": "10 - Routes des corvettes françoises, de Timor à la Terre de Diémen", "page": 494, "remarque": "", "vents_etat_du_ciel": "OSO. Grand frais par rafales ; grains, pluie.", "barometre_hpa": 1007.5, "obs_latitude": "", "obs_longitude": "", "alerte": "", "thermometre": "11,5", "journal_anonyme": "Tems couvert mer grosse vent grand frais du O au OSO. A 5h le commandant à signalé la route au S45ºE dans la matinée le tems s’est éclairci. 46"}}, {"type": "Feature", "geometry": {"type": "Point", "coordinates": [120.25278, -37.64444]}, "properties": {"date": "1802-01-06", "date_republicaine": "16 nivôse an X", "navire": "les corvettes", "table": "10 - Routes des corvettes françoises, de Timor à la Terre de Diémen", "page": 494, "remarque": "Le 6, même observation pour les courans.", "vents_etat_du_ciel": "SSO. OSO. O. NO. Bon frais et joli frais ; ciel nuageux.", "barometre_hpa": 1015.0, "obs_latitude": "", "obs_longitude": "", "alerte": "", "thermometre": "11,3", "journal_anonyme": "Tems couvert et à grains, mer grosse vent bon frais et par raffales à 1h amené et cargué le g d hunier pour le reparer. Sitot réparé on à pris les 2 ris et bordé au jour le tems s’est mis au beau nous avons greé des bonnettes et mis tout dehors"}}, {"type": "Feature", "geometry": {"type": "Point", "coordinates": [123.17278, -39.56389]}, "properties": {"date": "1802-01-07", "date_republicaine": "17 nivôse an X", "navire": "les corvettes", "table": "10 - Routes des corvettes françoises, de Timor à la Terre de Diémen", "page": 494, "remarque": "", "vents_etat_du_ciel": "NO. SO. O. Bon frais ; grains et pluie, ciel nuageux.", "barometre_hpa": 1006.0, "obs_latitude": "", "obs_longitude": "", "alerte": "", "thermometre": "12,0", "journal_anonyme": "Beau tems mer houleuse joli frais du NO au O. A 7h¼ mis en travers pour attendre. A 8h étant ralié nous avons fait servir"}}, {"type": "Feature", "geometry": {"type": "Point", "coordinates": [126.52278, -41.15889]}, "properties": {"date": "1802-01-08", "date_republicaine": "18 nivôse an X", "navire": "les corvettes", "table": "10 - Routes des corvettes françoises, de Timor à la Terre de Diémen", "page": 494, "remarque": "", "vents_etat_du_ciel": "ONO. O. OSO. O. Bon frais ; grains, pluie et grêle, rafales, ciel nuageux.", "barometre_hpa": 998.5, "obs_latitude": "", "obs_longitude": "", "alerte": "", "thermometre": "9,7", "journal_anonyme": "Tems couvert, ciel nuageux, la mer un peu grosse , bon frais de NO tout dehors bonnettes et cacatois"}}, {"type": "Feature", "geometry": {"type": "Point", "coordinates": [130.33611, -41.96111]}, "properties": {"date": "1802-01-09", "date_republicaine": "19 nivôse an X", "navire": "les corvettes", "table": "10 - Routes des corvettes françoises, de Timor à la Terre de Diémen", "page": 494, "remarque": "", "vents_etat_du_ciel": "OSO. O. ONO. Bon fr. ; grains et pluie, temps couvert.", "barometre_hpa": 1001.5, "obs_latitude": "", "obs_longitude": "*", "alerte": "", "thermometre": "10,4", "journal_anonyme": "Tems couvert et par grains, la mer grosse bon frais du O au OSO à midi la route à été signale au S67º 30’E"}}, {"type": "Feature", "geometry": {"type": "Point", "coordinates": [135.11472, -43.04222]}, "properties": {"date": "1802-01-10", "date_republicaine": "20 nivôse an X", "navire": "les corvettes", "table": "10 - Routes des corvettes françoises, de Timor à la Terre de Diémen", "page": 494, "remarque": "", "vents_etat_du_ciel": "ONO. OSO. O. NO. Grand frais ; ciel nuageux.", "barometre_hpa": 1004.5, "obs_latitude": "", "obs_longitude": "", "alerte": "", "thermometre": "13,0", "journal_anonyme": "Tems couvert et frais, mer grosse et vent bon frais du O au ONO et SO. Vu une baleine et des plantes marines"}}, {"type": "Feature", "geometry": {"type": "Point", "coordinates": [139.58139, -43.82889]}, "properties": {"date": "1802-01-11", "date_republicaine": "21 nivôse an X", "navire": "les corvettes", "table": "10 - Routes des corvettes françoises, de Timor à la Terre de Diémen", "page": 494, "remarque": "", "vents_etat_du_ciel": "NO. NNO. Bon frais ; grains et pluie, temps couvert.", "barometre_hpa": 1001.5, "obs_latitude": "", "obs_longitude": "*", "alerte": "", "thermometre": "11,2", "journal_anonyme": "Tems couvert, mer grosse bon frais de NO on à changé la misaine et le grand hunier, le commandant à signalé la route au S78º 45’E"}}, {"type": "Feature", "geometry": {"type": "Point", "coordinates": [143.765, -43.55417]}, "properties": {"date": "1802-01-12", "date_republicaine": "22 nivôse an X", "navire": "les corvettes", "table": "10 - Routes des corvettes françoises, de Timor à la Terre de Diémen", "page": 494, "remarque": "", "vents_etat_du_ciel": "NO. O. ONO. Bon frais et joli frais ; grains, pluie et grêle, temps couvert.", "barometre_hpa": 1001.5, "obs_latitude": "", "obs_longitude": "", "alerte": "", "thermometre": "10,0", "journal_anonyme": "Tems couvert et brumeux pluie par intervales la mer grosse et bon frais de NO au O. A 6h½ le commandant à fait signal détalinguer nos cables"}}, {"type": "Feature", "geometry": {"type": "Point", "coordinates": [146.83166, -43.66667]}, "properties": {"date": "1802-01-13", "date_republicaine": "23 nivôse an X", "navire": "les corvettes", "table": "11 - Routes et séjour dans le canal Dentrecasteaux (Terre de Diémen)", "page": 495, "remarque": "Première vue de la Terre de Diémen. Mouillé dans la grande anse du canal Dentrecasteaux, le 13 janvier, à 4 h. du soir.", "vents_etat_du_ciel": "OSO. SO. ONO. SSO. Joli fr. ; grains et pluie ; ciel nuag.", "barometre_hpa": 1016.5, "obs_latitude": "△", "obs_longitude": "△", "alerte": "", "thermometre": "10,5", "journal_anonyme": "Beau tems, belle mer, joli brise du NO au O et SO. Pendant la nuit le commandant ayant mis en panne nous avons imité sa manœuvre à 3h¾ nous avons appercu la terre dans le N45ºE. Nous lavons signalé au commandant . Nous avons ralié la cote et élongé à 8h relevé le cap SO au N22º30 9,5 milles distce Meustone [Mewstone] S85ºE distce 5 milles la plus occidentale des iles Maëts-niker [Maatsuyker] du N49ºE au N46ºE distce 4 milles"}}, {"type": "Feature", "geometry": {"type": "Point", "coordinates": [147.23722, -43.39444]}, "properties": {"date": "1802-01-14", "date_republicaine": "24 nivôse an X", "navire": "les corvettes", "table": "11 - Routes et séjour dans le canal Dentrecasteaux (Terre de Diémen)", "page": 495, "remarque": "", "vents_etat_du_ciel": "S. Joli frais ; grains et pluie ; rafales ; ciel nuageux.", "barometre_hpa": 1019.6, "obs_latitude": "△", "obs_longitude": "△", "alerte": "", "thermometre": "10,5", "journal_anonyme": "Tems beau, joli frais, faisant route pour entrer dans le canal dEntrecasteaux élongeant la terre de très près. A midi parlé au commandant qui nous à donné lordre de nous tenir de lavant à lui . Nous avons forcé de voile, plusieurs feux se voyoit dans le fond de la baye de la Recherche. A 1h½ nous avons apperçu plusieurs chaines de brisans , par lavant. Nous avons aussitot tenu le plus près strib pour doubler les isles St ériles le Geographe à imit é notre manœuvre à [3h 30’] 3h¾ nous avons laissé porté sur le cap Bruni [le Geograp] parvenu à louverture du canal nous donnames dedans et nous 47 fumes au mouillage de la Grande Ance à 4h¼ nous laissames tomber lancre de stribord par 28 b fond de vase noir.14 Relevement du mouillage La pointe de lisles aux Perdrix au S82ºO lisle Lahaye N54ºO lisle Huon S88ºE à 5h du matin lon expédia la chaloupe pour chercher un aiguade"}}, {"type": "Feature", "geometry": {"type": "Point", "coordinates": [147.29416, -43.33055]}, "properties": {"date": "1802-01-15", "date_republicaine": "", "navire": "les corvettes", "table": "", "page": "", "remarque": "", "vents_etat_du_ciel": "", "barometre_hpa": "", "obs_latitude": "", "obs_longitude": "", "alerte": "point ajouté pour une entrée du journal anonyme ; position interpolée entre les deux relevés encadrants", "thermometre": "", "journal_anonyme": "Tems couvert et bon frais du S au SSO. Toutes les embarquations étoient de retour à lexception de la chaloupe", "extrapole": true}}, {"type": "Feature", "geometry": {"type": "Point", "coordinates": [147.35111, -43.26667]}, "properties": {"date": "1802-01-16", "date_republicaine": "", "navire": "les corvettes", "table": "", "page": "", "remarque": "", "vents_etat_du_ciel": "", "barometre_hpa": "", "obs_latitude": "", "obs_longitude": "", "alerte": "point ajouté pour une entrée du journal anonyme ; position interpolée entre les deux relevés encadrants", "thermometre": "", "journal_anonyme": "Tems assez beau le vent à beaucoup molli dans laprès midi la brise à varié du SSO au O. N. et NNE a 6h½ du matin la chaloupe étoit de retour sans avoir pu trouver d’endroit commode pour faire de leau", "extrapole": true}}, {"type": "Feature", "geometry": {"type": "Point", "coordinates": [147.40805, -43.20278]}, "properties": {"date": "1802-01-17", "date_republicaine": "27 nivôse an X", "navire": "les corvettes", "table": "11 - Routes et séjour dans le canal Dentrecasteaux (Terre de Diémen)", "page": 495, "remarque": "Le 17 janvier, mis sous voiles à 7 h. du matin. Mouillé dans le N. de l'île Verte, à 2 h. après midi.", "vents_etat_du_ciel": "ONO. O. NO. Foible et très-variable ; temps à grains.", "barometre_hpa": 994.0, "obs_latitude": "△", "obs_longitude": "△", "alerte": "", "thermometre": "12,0", "journal_anonyme": "Le tems dabord assez beau s’est couvert, le vent à fraichi du ONO lorage à éclaté à 4h½ avec beaucoup de pluie. A 5h du matin le commandant à fait le signal d’appareiller à 8h½ nous étions sous voiles, à 10h et à midi nous nous étions par le travers de la pointe Riche formant entrée sud de la baye de l’Hisme [Isthme]"}}, {"type": "Feature", "geometry": {"type": "Point", "coordinates": [147.40319, -43.18639]}, "properties": {"date": "1802-01-18", "date_republicaine": "", "navire": "les corvettes", "table": "", "page": "", "remarque": "", "vents_etat_du_ciel": "", "barometre_hpa": "", "obs_latitude": "", "obs_longitude": "", "alerte": "point ajouté pour une entrée du journal anonyme ; position interpolée entre les deux relevés encadrants", "thermometre": "", "journal_anonyme": "Beau tems, petits frais de fortes raf fales par intervales du O au NO étant proches de lisle Verte, nous avons mouillé du bord opposé du canal par 7 b ½ fond de sable vaseux. Lisle du Satellite nous restoit du S15ºO au S22ºO la pointe Riche au S33ºE le milieu de lisle Verte au N22º E la pointe Legrand au N3ºO la pointe Legrand nous restoit au N22ºE. par lisle Verte", "extrapole": true}}, {"type": "Feature", "geometry": {"type": "Point", "coordinates": [147.39833, -43.17]}, "properties": {"date": "1802-01-19", "date_republicaine": "29 nivôse an X", "navire": "les corvettes", "table": "11 - Routes et séjour dans le canal Dentrecasteaux (Terre de Diémen)", "page": 495, "remarque": "Le 19 janvier, mis sous voiles à 6 h. du matin. Mouillé dans le port Nord-Ouest du canal Dentrecasteaux, à 6 h. du soir.", "vents_etat_du_ciel": "Foible brise ; très-variable du NNE. au NO. et à l'O. ; beau temps.", "barometre_hpa": 1000.0, "obs_latitude": "△", "obs_longitude": "△", "alerte": "", "thermometre": "12,6", "journal_anonyme": "En rade du port NO terre Diemen. Nous nous sommes tou é pour aller au mouillage à 3h½ la brise s’est élevé nous avons hissé nos huniers mais ayant chassé sur notre ancre à jet nous avons mouillé notre ancre de bossoir. A 6h du soir nous avons appareillé et mouillé à lentrée du port NO. Relevement la pointe Legrand au S12ºO. La pointe Gicquel au S25ºO la pointe Pierson au N36ºE. La pointe de la Sortie au N54ºE"}}, {"type": "Feature", "geometry": {"type": "Point", "coordinates": [147.42611, -43.07361]}, "properties": {"date": "1802-01-20", "date_republicaine": "30 nivôse an X", "navire": "les corvettes", "table": "11 - Routes et séjour dans le canal Dentrecasteaux (Terre de Diémen)", "page": 495, "remarque": "", "vents_etat_du_ciel": "SE. NO. O. OSO. ONO. Foible brise ; grains ; beau temps.", "barometre_hpa": 995.5, "obs_latitude": "△", "obs_longitude": "△", "alerte": "", "thermometre": "11,3", "journal_anonyme": "Beau tems vents de N au NNO petits frais . La chaloupe à été faire du bois. Le grand canot à été expédié pour la riviere du Nord"}}, {"type": "Feature", "geometry": {"type": "Point", "coordinates": [147.43276, -43.07396]}, "properties": {"date": "1802-01-21", "date_republicaine": "", "navire": "les corvettes", "table": "", "page": "", "remarque": "", "vents_etat_du_ciel": "", "barometre_hpa": "", "obs_latitude": "", "obs_longitude": "", "alerte": "point ajouté pour une entrée du journal anonyme ; position interpolée entre les deux relevés encadrants", "thermometre": "", "journal_anonyme": "Tems à grains. Joli frais du ONO accompagné de fortes raffales et de pluie à 2h nous avons chassé et filé 12 b de cable peu après laissé tombé lancre de basbord. 14 En marge: Canal dEntrecasteaux. Baye de la Grande Ance. 48", "extrapole": true}}, {"type": "Feature", "geometry": {"type": "Point", "coordinates": [147.4394, -43.0743]}, "properties": {"date": "1802-01-22", "date_republicaine": "", "navire": "les corvettes", "table": "", "page": "", "remarque": "", "vents_etat_du_ciel": "", "barometre_hpa": "", "obs_latitude": "", "obs_longitude": "", "alerte": "point ajouté pour une entrée du journal anonyme ; position interpolée entre les deux relevés encadrants", "thermometre": "", "journal_anonyme": "Beau tems belle mer joli frais du ONO à lO. par fortes raffales. Le vents ayant c almé le commandant nous donna lordre de nous toué . A 10h le grand canot est revenu de sa mission de la rivière du nord il y a trouvé une aiguade très commode pour y faire leau", "extrapole": true}}, {"type": "Feature", "geometry": {"type": "Point", "coordinates": [147.44605, -43.07465]}, "properties": {"date": "1802-01-23", "date_republicaine": "", "navire": "les corvettes", "table": "", "page": "", "remarque": "", "vents_etat_du_ciel": "", "barometre_hpa": "", "obs_latitude": "", "obs_longitude": "", "alerte": "point ajouté pour une entrée du journal anonyme ; position interpolée entre les deux relevés encadrants", "thermometre": "", "journal_anonyme": "Petit frais du N au NO et NE à 5h½ étant au bout de la toué et la brise fraichissant nous avons appareillé sous les voiles en pointes et laissé tombé lancre par 16 brasses fond de vase. Relevement du mouillage La pointe Gicquel S22ºE Le cap de la Sortie. E6ºN. Nous avons affourché est et ouest. [", "extrapole": true}}, {"type": "Feature", "geometry": {"type": "Point", "coordinates": [147.4527, -43.075]}, "properties": {"date": "1802-01-24", "date_republicaine": "", "navire": "les corvettes", "table": "", "page": "", "remarque": "", "vents_etat_du_ciel": "", "barometre_hpa": "", "obs_latitude": "", "obs_longitude": "", "alerte": "point ajouté pour une entrée du journal anonyme ; position interpolée entre les deux relevés encadrants", "thermometre": "", "journal_anonyme": "Beau tems, belle mer les vents a lest variables au SE presque calme. Pendant la nuit un brouillard très épais nous empêchoit de distinguer la cote pendant la nuit les vents ont fait le tour du compas et ont variés du [un mot illisible] ONO. O et OSO bon frais le Cen St Criq [Cricq] s’est embarqué dans le poussepied avec ses instrumens pour aller à lobservatoire établi dans le fond du port NO", "extrapole": true}}, {"type": "Feature", "geometry": {"type": "Point", "coordinates": [147.45934, -43.07535]}, "properties": {"date": "1802-01-25", "date_republicaine": "", "navire": "les corvettes", "table": "", "page": "", "remarque": "", "vents_etat_du_ciel": "", "barometre_hpa": "", "obs_latitude": "", "obs_longitude": "", "alerte": "point ajouté pour une entrée du journal anonyme ; position interpolée entre les deux relevés encadrants", "thermometre": "", "journal_anonyme": "Beau tems belle mer , bon frais par raffales du OSO. sud. SO et O. A 7h½ on envoya à terre une corvée de 6 h pour rester à terre remplir les bariques", "extrapole": true}}, {"type": "Feature", "geometry": {"type": "Point", "coordinates": [147.46599, -43.07569]}, "properties": {"date": "1802-01-26", "date_republicaine": "", "navire": "les corvettes", "table": "", "page": "", "remarque": "", "vents_etat_du_ciel": "", "barometre_hpa": "", "obs_latitude": "", "obs_longitude": "", "alerte": "point ajouté pour une entrée du journal anonyme ; position interpolée entre les deux relevés encadrants", "thermometre": "", "journal_anonyme": "Beau tems, belle mer, vent dest joli frais. Calme toute laprès midi. De 4h à 10h la brise s’est élevé du NE à lENE fraichissant beaucoup à midi il ventoit beaucoup de cette partie", "extrapole": true}}, {"type": "Feature", "geometry": {"type": "Point", "coordinates": [147.47264, -43.07604]}, "properties": {"date": "1802-01-27", "date_republicaine": "", "navire": "les corvettes", "table": "", "page": "", "remarque": "", "vents_etat_du_ciel": "", "barometre_hpa": "", "obs_latitude": "", "obs_longitude": "", "alerte": "point ajouté pour une entrée du journal anonyme ; position interpolée entre les deux relevés encadrants", "thermometre": "", "journal_anonyme": "Beau tems, belle mer. Bon frais dENE au NNE la chaloupe à été faire de leau", "extrapole": true}}, {"type": "Feature", "geometry": {"type": "Point", "coordinates": [147.47928, -43.07639]}, "properties": {"date": "1802-01-28", "date_republicaine": "", "navire": "les corvettes", "table": "", "page": "", "remarque": "", "vents_etat_du_ciel": "", "barometre_hpa": "", "obs_latitude": "", "obs_longitude": "", "alerte": "point ajouté pour une entrée du journal anonyme ; position interpolée entre les deux relevés encadrants", "thermometre": "", "journal_anonyme": "Beau tems, belle mer, bon frais dONO au NO par fortes raffales. A moli sur les quatres heures. La chaloupe est arrivée à bord avec son chargemen deau. Elle est de suite reparti pour laiguade", "extrapole": true}}, {"type": "Feature", "geometry": {"type": "Point", "coordinates": [147.48593, -43.07673]}, "properties": {"date": "1802-01-29", "date_republicaine": "", "navire": "les corvettes", "table": "", "page": "", "remarque": "", "vents_etat_du_ciel": "", "barometre_hpa": "", "obs_latitude": "", "obs_longitude": "", "alerte": "point ajouté pour une entrée du journal anonyme ; position interpolée entre les deux relevés encadrants", "thermometre": "", "journal_anonyme": "Tems pluvieux mer belle bon frais par [un mot illisible] risées du NO. OSO. ONO et O la chaloupe est arrivée avec son chargemen deau. Elle à de suite été expédié. 49", "extrapole": true}}, {"type": "Feature", "geometry": {"type": "Point", "coordinates": [147.49258, -43.07708]}, "properties": {"date": "1802-01-30", "date_republicaine": "", "navire": "les corvettes", "table": "", "page": "", "remarque": "", "vents_etat_du_ciel": "", "barometre_hpa": "", "obs_latitude": "", "obs_longitude": "", "alerte": "point ajouté pour une entrée du journal anonyme ; position interpolée entre les deux relevés encadrants", "thermometre": "", "journal_anonyme": "Beau tems, belle mer ciel nuageux, grand frais par fortes raffales de lO au OSO et ONO dans la matinée ils ont passés au SE et SSE presque calme. On sest occuppé de mettre en poste la grande ancre de bossoir", "extrapole": true}}, {"type": "Feature", "geometry": {"type": "Point", "coordinates": [147.49922, -43.07743]}, "properties": {"date": "1802-01-31", "date_republicaine": "", "navire": "les corvettes", "table": "", "page": "", "remarque": "", "vents_etat_du_ciel": "", "barometre_hpa": "", "obs_latitude": "", "obs_longitude": "", "alerte": "point ajouté pour une entrée du journal anonyme ; position interpolée entre les deux relevés encadrants", "thermometre": "", "journal_anonyme": "Beau tems, belle mer ciel nuageux petits frais et variables du SE à lest et SSE. Le capitaine à communiqué avec les sauvages de lisle Bruni les vents ont passés au SO. NO NNE et ENE petit frais. La chaloupe est arrivée avec son chargement deau", "extrapole": true}}, {"type": "Feature", "geometry": {"type": "Point", "coordinates": [147.50587, -43.07778]}, "properties": {"date": "1802-02-01", "date_republicaine": "", "navire": "les corvettes", "table": "", "page": "", "remarque": "", "vents_etat_du_ciel": "", "barometre_hpa": "", "obs_latitude": "", "obs_longitude": "", "alerte": "point ajouté pour une entrée du journal anonyme ; position interpolée entre les deux relevés encadrants", "thermometre": "", "journal_anonyme": "Beau tems, belle mer, ciel nuageux vents très foibles de l’ENE est. NO et SO. A midi tems à grains et les vents bon frais du SO au NO la chaloupe est arrivée avec son chargement deau", "extrapole": true}}, {"type": "Feature", "geometry": {"type": "Point", "coordinates": [147.51252, -43.07812]}, "properties": {"date": "1802-02-02", "date_republicaine": "", "navire": "les corvettes", "table": "", "page": "", "remarque": "", "vents_etat_du_ciel": "", "barometre_hpa": "", "obs_latitude": "", "obs_longitude": "", "alerte": "point ajouté pour une entrée du journal anonyme ; position interpolée entre les deux relevés encadrants", "thermometre": "", "journal_anonyme": "Beau tems joli frais et variables du ONO à lO. La chaloupe est parti pour laiguade. La matinée à été presque calme les charpentiers ont travaillés au coussins décubier stribord", "extrapole": true}}, {"type": "Feature", "geometry": {"type": "Point", "coordinates": [147.51916, -43.07847]}, "properties": {"date": "1802-02-03", "date_republicaine": "", "navire": "les corvettes", "table": "", "page": "", "remarque": "", "vents_etat_du_ciel": "", "barometre_hpa": "", "obs_latitude": "", "obs_longitude": "", "alerte": "point ajouté pour une entrée du journal anonyme ; position interpolée entre les deux relevés encadrants", "thermometre": "", "journal_anonyme": "Beau tems, vents foibles et variables de l’ENE au NE et ONO. A 4h le grand canot est revenu de sa corvée, il à reconnu que la baye Marion ne comuniquoit pas à la baye de Frédéric Henriq [Hendrik] une petite langue de sable seulement les sépare de sorte lisle dAbel Tasman n’est qu’un presquilles et na pu communiquer avec les naturels", "extrapole": true}}, {"type": "Feature", "geometry": {"type": "Point", "coordinates": [147.52581, -43.07882]}, "properties": {"date": "1802-02-04", "date_republicaine": "", "navire": "les corvettes", "table": "", "page": "", "remarque": "", "vents_etat_du_ciel": "", "barometre_hpa": "", "obs_latitude": "", "obs_longitude": "", "alerte": "point ajouté pour une entrée du journal anonyme ; position interpolée entre les deux relevés encadrants", "thermometre": "", "journal_anonyme": "Beau tems, vents foibles et variables de l’ENE NE. NNE. N. et NO. L’observatoire à été levé ainsi que le camp établi à terre pour faire leau", "extrapole": true}}, {"type": "Feature", "geometry": {"type": "Point", "coordinates": [147.53246, -43.07916]}, "properties": {"date": "1802-02-05", "date_republicaine": "", "navire": "les corvettes", "table": "", "page": "", "remarque": "", "vents_etat_du_ciel": "", "barometre_hpa": "", "obs_latitude": "", "obs_longitude": "", "alerte": "point ajouté pour une entrée du journal anonyme ; position interpolée entre les deux relevés encadrants", "thermometre": "", "journal_anonyme": "Tems brumeux, ciel nuageux petit frais de lest au sud et SSE à midi et demi la chaloupe étoit de retour. Le 16 à 4h du matin viré à pic bordé et hissé les huniers le tems brumeux presque calme nous à empeché d’appareiller nous avons amené et serré les huniers et filé 6 b de cables", "extrapole": true}}, {"type": "Feature", "geometry": {"type": "Point", "coordinates": [147.53911, -43.07951]}, "properties": {"date": "1802-02-06", "date_republicaine": "", "navire": "les corvettes", "table": "", "page": "", "remarque": "", "vents_etat_du_ciel": "", "barometre_hpa": "", "obs_latitude": "", "obs_longitude": "", "alerte": "point ajouté pour une entrée du journal anonyme ; position interpolée entre les deux relevés encadrants", "thermometre": "", "journal_anonyme": "Tems brumeux, la mer belle calme plat la brise du NNE sest elevé et à passé en fraichissant au NO à lO et SO. La corvette chassant avec rapidité sur la terre nous avons dépassé nos mats de perroquets les naturels ont alumé des feux dans le contour du port. 50", "extrapole": true}}, {"type": "Feature", "geometry": {"type": "Point", "coordinates": [147.54575, -43.07986]}, "properties": {"date": "1802-02-07", "date_republicaine": "", "navire": "les corvettes", "table": "", "page": "", "remarque": "", "vents_etat_du_ciel": "", "barometre_hpa": "", "obs_latitude": "", "obs_longitude": "", "alerte": "point ajouté pour une entrée du journal anonyme ; position interpolée entre les deux relevés encadrants", "thermometre": "", "journal_anonyme": "Bon frais par raffales du SO. SSE et sud il à molli dans laprès midi nous avons fait des tentatives d’appareiller mais le calme étant survenu nous avons laissé tombé notre ancre de bossoir", "extrapole": true}}, {"type": "Feature", "geometry": {"type": "Point", "coordinates": [147.5524, -43.08021]}, "properties": {"date": "1802-02-08", "date_republicaine": "", "navire": "les corvettes", "table": "", "page": "", "remarque": "", "vents_etat_du_ciel": "", "barometre_hpa": "", "obs_latitude": "", "obs_longitude": "", "alerte": "point ajouté pour une entrée du journal anonyme ; position interpolée entre les deux relevés encadrants", "thermometre": "", "journal_anonyme": "Beau tems, pendant les vingt quatres heures très petits frais et variables du sud à lESE et au SE. Dans la matinée le commandant ayant dressé ses vergues nous avons imité sa manœuvre", "extrapole": true}}, {"type": "Feature", "geometry": {"type": "Point", "coordinates": [147.55905, -43.08055]}, "properties": {"date": "1802-02-09", "date_republicaine": "", "navire": "les corvettes", "table": "", "page": "", "remarque": "", "vents_etat_du_ciel": "", "barometre_hpa": "", "obs_latitude": "", "obs_longitude": "", "alerte": "point ajouté pour une entrée du journal anonyme ; position interpolée entre les deux relevés encadrants", "thermometre": "", "journal_anonyme": "Beau tems, un peu brumeux mis le baton dhiver en place joli frais de lE¼SE au NE le poussepied à rapporté du poisson et est retourné de suite a la peche", "extrapole": true}}, {"type": "Feature", "geometry": {"type": "Point", "coordinates": [147.56569, -43.0809]}, "properties": {"date": "1802-02-10", "date_republicaine": "", "navire": "les corvettes", "table": "", "page": "", "remarque": "", "vents_etat_du_ciel": "", "barometre_hpa": "", "obs_latitude": "", "obs_longitude": "", "alerte": "point ajouté pour une entrée du journal anonyme ; position interpolée entre les deux relevés encadrants", "thermometre": "", "journal_anonyme": "Beau tems, calme plat. A 4h le grand canot à été mis à la mer et expédié pour lisle Bruny avec le C en Leschenout [Leschenault] botaniste à 8h du soir il étoit de retour on la embarqué ainsi qu’un catimaron des naturels qu’ils avoient trouvés en derive an milieu du canal. Du 21 au 22 [pluviose, an 10, 1 0-11février 1802]. Tems, couvert brumeux pluie fine pendant les vingt quatres heures calme plat", "extrapole": true}}, {"type": "Feature", "geometry": {"type": "Point", "coordinates": [147.58563, -43.08194]}, "properties": {"date": "1802-02-13", "date_republicaine": "", "navire": "les corvettes", "table": "", "page": "", "remarque": "", "vents_etat_du_ciel": "", "barometre_hpa": "", "obs_latitude": "", "obs_longitude": "", "alerte": "point ajouté pour une entrée du journal anonyme ; position interpolée entre les deux relevés encadrants", "thermometre": "", "journal_anonyme": "15 Tems couvert et brumeux. Petit frais du sud et SE petite pluie fine jusqua quatre heure du matin. Le poussepied est parti pour la pêche", "extrapole": true}}, {"type": "Feature", "geometry": {"type": "Point", "coordinates": [147.59228, -43.08229]}, "properties": {"date": "1802-02-14", "date_republicaine": "", "navire": "les corvettes", "table": "", "page": "", "remarque": "", "vents_etat_du_ciel": "", "barometre_hpa": "", "obs_latitude": "", "obs_longitude": "", "alerte": "point ajouté pour une entrée du journal anonyme ; position interpolée entre les deux relevés encadrants", "thermometre": "", "journal_anonyme": "Tems beau, vent petit frais de lest a lESE. A 4h½ la brise étant du NO nous avons viré sur les cables et à 5h hissé les huniers à 5h½ appareillé et mis tout dehors rengeant la terre Diemen [ de] après avoir doublé la pointe est du port NO les vents ont refus eés nous avons louvoyé entre la pointe Pierson et celle de la Sortie, sans pouvoir doubler la derniere au 10 eme bord nous avons mouillé par 19 b fond de gravier. Relevement du mouillage la pointe Gicquel au S44ºE la pointe Pierson N15ºE la pte de la Sortie N75ºE", "extrapole": true}}, {"type": "Feature", "geometry": {"type": "Point", "coordinates": [147.59893, -43.08264]}, "properties": {"date": "1802-02-15", "date_republicaine": "", "navire": "les corvettes", "table": "", "page": "", "remarque": "", "vents_etat_du_ciel": "", "barometre_hpa": "", "obs_latitude": "", "obs_longitude": "", "alerte": "point ajouté pour une entrée du journal anonyme ; position interpolée entre les deux relevés encadrants", "thermometre": "", "journal_anonyme": "Beau tems, petit frais du N à lest. Pendant la nuit le vent à passé au O joli frais mis le huniers sur les fils caret. Les vents ont halé le SO et ont passés au sud on à amené les huniers", "extrapole": true}}, {"type": "Feature", "geometry": {"type": "Point", "coordinates": [147.60557, -43.08298]}, "properties": {"date": "1802-02-16", "date_republicaine": "", "navire": "les corvettes", "table": "", "page": "", "remarque": "", "vents_etat_du_ciel": "", "barometre_hpa": "", "obs_latitude": "", "obs_longitude": "", "alerte": "point ajouté pour une entrée du journal anonyme ; position interpolée entre les deux relevés encadrants", "thermometre": "", "journal_anonyme": "Beau tems, ciel nuageux, petit frais de lENE au NE. A 5h du matin appareillé les huniers et appareillé strib amures les vents petit frais du NNO au 15 Sic. Il manque la journée du 22 au 23 pluviose [an 10, 11-12 février 1802]. 51 NE. Etant sous la terre Diemen nous avons masqué pris basbord amures à 6h½ nous avons laissé tombé lancre", "extrapole": true}}, {"type": "Feature", "geometry": {"type": "Point", "coordinates": [147.61222, -43.08333]}, "properties": {"date": "1802-02-17", "date_republicaine": "28 pluviôse an X", "navire": "les corvettes", "table": "12 - Routes sur la côte orientale de la Terre de Diémen, 1re campagne", "page": 497, "remarque": "", "vents_etat_du_ciel": "ESE. SSE. Foible brise très-variable ; beau temps.", "barometre_hpa": 1016.5, "obs_latitude": "△", "obs_longitude": "△", "alerte": "", "thermometre": "16,5", "journal_anonyme": "Beau tems, joli frais du NNE. N. NNO. NO. O et SO. Il à calmi à 6h la brise s’est élevé du SE au SSE. Le commandant fit signal d’appareiller à 7h nous étions sous voile [pour] et fait route pour sortir du canal. Après avoir doublé la pointe de la Sortie nous avons laissé tombé lancre à 10h½ la brise sétant fixé au SE nous avons appareillé sous nos voiles en pointes peu après nous avons bordé nos huniers et amené nos basses voiles joli frais du SE. A midi relevé la pointe de la Sortie au N72ºO la pointe de la Direction au N4º 30’E et le cap Trobriand au S1ºE"}}, {"type": "Feature", "geometry": {"type": "Point", "coordinates": [147.86303, -43.37928]}, "properties": {"date": "1802-02-18", "date_republicaine": "", "navire": "les corvettes", "table": "", "page": "", "remarque": "", "vents_etat_du_ciel": "", "barometre_hpa": "", "obs_latitude": "", "obs_longitude": "", "alerte": "position extrapolée : contournement de côte entre le 1802-02-17 et le 1802-02-18 (détour de 35 km)", "thermometre": "", "section": "", "extrapole": true}}, {"type": "Feature", "geometry": {"type": "Point", "coordinates": [148.19278, -43.03611]}, "properties": {"date": "1802-02-18", "date_republicaine": "29 pluviôse an X", "navire": "les corvettes", "table": "12 - Routes sur la côte orientale de la Terre de Diémen, 1re campagne", "page": 497, "remarque": "Mouillé dans l'O. de l'île Maria, à 4 h. du soir.", "vents_etat_du_ciel": "OSO. S. SO. SSE. SE. Petite brise presque calme ; temps couvert et brumeux.", "barometre_hpa": 1022.6, "obs_latitude": "△", "obs_longitude": "△", "alerte": "", "thermometre": "13,0", "journal_anonyme": "16 Beau tems belle mer.Pendant la nuit sondé [un mot répété] toutes les demi heures et trouvé de 28 à 40 b. Nous avons greé les mats de perroquets après en avoir coupé les flêches. Joli frais du SE. sud et SSO"}}, {"type": "Feature", "geometry": {"type": "Point", "coordinates": [148.20278, -42.70333]}, "properties": {"date": "1802-02-19", "date_republicaine": "30 pluviôse an X", "navire": "les corvettes", "table": "12 - Routes sur la côte orientale de la Terre de Diémen, 1re campagne", "page": 497, "remarque": "Au mouillage devant l'île Maria.", "vents_etat_du_ciel": "NE. NNE. N. NO. NNO. Joli frais ; beau temps.", "barometre_hpa": 1013.5, "obs_latitude": "△", "obs_longitude": "△", "alerte": "", "thermometre": "15,0", "journal_anonyme": "Beau tems belle mer joli brise du SSE à [un mot répété] lESE. A 3h nous avons donné dans le canal qui sépare la terre Diemen de lisle Maria à 4h¼ nous avons mouillé par 10 b. fond de sable gris fin et filé 50 b de cable. Relevement du mouillage Lext visi la plus occid. de lisle Maria N4ºE. Le cap Frédérick Henry [Frédéric Hendrik] S3º E Lext sud de la meme isle S 29ºE Le cap des Sarcettes [Sarcelles] S45ºO. Le cap visi le plus sud de la presqisle Tasman S9ºE"}}, {"type": "Feature", "geometry": {"type": "Point", "coordinates": [148.20188, -42.71211]}, "properties": {"date": "1802-02-20", "date_republicaine": "", "navire": "les corvettes", "table": "", "page": "", "remarque": "", "vents_etat_du_ciel": "", "barometre_hpa": "", "obs_latitude": "", "obs_longitude": "", "alerte": "point ajouté pour une entrée du journal anonyme ; position interpolée entre les deux relevés encadrants", "thermometre": "", "journal_anonyme": "Le tems beau, le vent foible du NNO. A 5h le tems s’est couvert et il a fraichi du nord filé 30 b de cable et calé les mats de perroquet, le poussepied à été à la peche la chaloupe à été expédié avec 3 jours de vivres aux ordres du C en Freycinet. Du 1er au 2 [ventose, an 10, 20-21février 1802]. Tems couvert et brumeux le vent à lESE joli frais le poussepied est revenu de la peche avec beaucoup de poissons et homards. A 6h du matin le commandant à mis les vergues en bataille [ et] sa cornette et son pavillon à mi mat à cause de la mort du zoologiste Maugé, nous avons imité sa manœuvre. A 9h le corps du défunt à été porté à terre et inhumé, tout létat major des deux bords furent à ses funérailles.17 16 En marge: Sous voile. 17 En marge: A lancre dans le canal qui sépare le terre Diemen de lisle Maria. 52", "extrapole": true}}, {"type": "Feature", "geometry": {"type": "Point", "coordinates": [148.20007, -42.72969]}, "properties": {"date": "1802-02-22", "date_republicaine": "", "navire": "les corvettes", "table": "", "page": "", "remarque": "", "vents_etat_du_ciel": "", "barometre_hpa": "", "obs_latitude": "", "obs_longitude": "", "alerte": "point ajouté pour une entrée du journal anonyme ; position interpolée entre les deux relevés encadrants", "thermometre": "", "journal_anonyme": "Beau tems, ciel nuageux, petit frais de NE au SE. Le poussepied à porté les malades à terre. A 3h dressés nos vergues à limitation du commandant le poussepied est revenu de la peche et à rapporté une grande quantité de homards", "extrapole": true}}, {"type": "Feature", "geometry": {"type": "Point", "coordinates": [148.19916, -42.73847]}, "properties": {"date": "1802-02-23", "date_republicaine": "", "navire": "les corvettes", "table": "", "page": "", "remarque": "", "vents_etat_du_ciel": "", "barometre_hpa": "", "obs_latitude": "", "obs_longitude": "", "alerte": "point ajouté pour une entrée du journal anonyme ; position interpolée entre les deux relevés encadrants", "thermometre": "", "journal_anonyme": "Tems couvert, petit frais du SE au N. A 5h la chaloupe est arrivé de son expédition elle avoit fait la geographie depuis le cap des Sarcettes [Sarcelles] jusqua la pointe la plus N du mouillage de lisle van Diemen. Elle faisoit beaucoup deau elle à été embarqué et mis sur cailleboutis pour être réparé", "extrapole": true}}, {"type": "Feature", "geometry": {"type": "Point", "coordinates": [148.19826, -42.74725]}, "properties": {"date": "1802-02-24", "date_republicaine": "", "navire": "les corvettes", "table": "", "page": "", "remarque": "", "vents_etat_du_ciel": "", "barometre_hpa": "", "obs_latitude": "", "obs_longitude": "", "alerte": "point ajouté pour une entrée du journal anonyme ; position interpolée entre les deux relevés encadrants", "thermometre": "", "journal_anonyme": "Beau tems, calme plat pluie continuelle, le poussepied est arrivé chargé dhuitres à 7h ¾ ayant chassé dans un grain nous avons filé 80 b de cable", "extrapole": true}}, {"type": "Feature", "geometry": {"type": "Point", "coordinates": [148.19736, -42.75604]}, "properties": {"date": "1802-02-25", "date_republicaine": "", "navire": "les corvettes", "table": "", "page": "", "remarque": "", "vents_etat_du_ciel": "", "barometre_hpa": "", "obs_latitude": "", "obs_longitude": "", "alerte": "point ajouté pour une entrée du journal anonyme ; position interpolée entre les deux relevés encadrants", "thermometre": "", "journal_anonyme": "Le tems couvert, la mer grosse, le vent grand frais du OSO. Au coucher du soleil le vent et la mer ont beaucoup tombé. Gardé toute la nuit un feu à la corne pour indiquer notre position au poussepied. A 6h½ du matin le capitaine s’est embarqué dans son canot pour aller à sa rencontre. A 10h½ du matin, le poussepied est arrivé chargé dhuitres", "extrapole": true}}, {"type": "Feature", "geometry": {"type": "Point", "coordinates": [148.19645, -42.76483]}, "properties": {"date": "1802-02-26", "date_republicaine": "", "navire": "les corvettes", "table": "", "page": "", "remarque": "", "vents_etat_du_ciel": "", "barometre_hpa": "", "obs_latitude": "", "obs_longitude": "", "alerte": "point ajouté pour une entrée du journal anonyme ; position interpolée entre les deux relevés encadrants", "thermometre": "", "journal_anonyme": "Beau tems, petit frais du N au NNO. A 2h serré toutes les voiles. Le poussepied à été à la peche dans la matiné levé lancre de basbord pour la visiter. Dès quel à été haute la laissé tomber par 13 b fond de sable fin. Late obs à terre étant au mouillage 42º 42’ 10” Longe. 145º 54’ 0”", "extrapole": true}}, {"type": "Feature", "geometry": {"type": "Point", "coordinates": [148.19555, -42.77361]}, "properties": {"date": "1802-02-27", "date_republicaine": "8 ventôse an X", "navire": "les corvettes", "table": "12 - Routes sur la côte orientale de la Terre de Diémen, 1re campagne", "page": 497, "remarque": "Appareillé de l'île Maria à 9 h. du matin.", "vents_etat_du_ciel": "Calme ; SSE. Foible brise ; NE. N. Joli frais ; beau temps.", "barometre_hpa": 1023.5, "obs_latitude": "△", "obs_longitude": "△", "alerte": "", "thermometre": "14,0", "journal_anonyme": "Beau tems, petit frais de NNO on à guindé les mats de perroquets et mis les vergues en croix. Daprès le signal du commandant embarqué le grand canot à 9h appareillé petit frais de NNE portant au SSE pour doubler les roches qui sont à la pointe SO de lisle Maria, à 10h½ pris basb amures. Relevement fait à midi La pointe visi la plus orientale de lisle Maria N38ºE.18 Un ilot relevé du mouillage N20ºO Le cap Hendrick [Frédérick Hendrik] S6ºO. Le cap visible le plus sud de la presqu’ile Tasman S6ºE. 18 En marge : Sous voile. 53 Late obs. à midi 42º 44’ 4” australe"}}, {"type": "Feature", "geometry": {"type": "Point", "coordinates": [148.58083, -43.07528]}, "properties": {"date": "1802-02-28", "date_republicaine": "9 ventôse an X", "navire": "les corvettes", "table": "12 - Routes sur la côte orientale de la Terre de Diémen, 1re campagne", "page": 497, "remarque": "", "vents_etat_du_ciel": "N. NNO. N. Petit fr. le matin : le soir, joli frais ; b. temps.", "barometre_hpa": 1023.5, "obs_latitude": "", "obs_longitude": "*", "alerte": "", "thermometre": "15,0", "journal_anonyme": "Beau tems, belle mer, joli frais de NNE au N et NO. Relevé le milieu de lisle Schouten au N6ºO. La partie visi. N de lisle Maria au N27ºO. La pointe sud de la même isle au N61ºO. La petite isle Tasman S20ºE. A 9h du soir sondé sans trouver fond à 80 b"}}, {"type": "Feature", "geometry": {"type": "Point", "coordinates": [149.53722, -42.9]}, "properties": {"date": "1802-03-01", "date_republicaine": "10 ventôse an X", "navire": "les corvettes", "table": "12 - Routes sur la côte orientale de la Terre de Diémen, 1re campagne", "page": 497, "remarque": "", "vents_etat_du_ciel": "NNO. N. NNE. Bon frais et joli fr. ; temps couv. ; pluie.", "barometre_hpa": 1019.6, "obs_latitude": "*", "obs_longitude": "*", "alerte": "", "thermometre": "13,5", "journal_anonyme": "Beau tems, belle mer joli frais de nord à 10h½ du soir nous avons perdu de vue le commandant tenu un feu toute la nuit à 1h ¾ du matin nous lavons apperçu de lavant et à très peu de distance forcé de voile pour le rallier à 8h pris strib amures"}}, {"type": "Feature", "geometry": {"type": "Point", "coordinates": [148.98722, -42.2475]}, "properties": {"date": "1802-03-02", "date_republicaine": "11 ventôse an X", "navire": "les corvettes", "table": "12 - Routes sur la côte orientale de la Terre de Diémen, 1re campagne", "page": 497, "remarque": "", "vents_etat_du_ciel": "N. NNE. NNO. Joli frais ; temps brumeux et pluvieux.", "barometre_hpa": 1019.6, "obs_latitude": "", "obs_longitude": "*", "alerte": "", "thermometre": "14,0", "journal_anonyme": "Tems brumeux et pluvieux, joli frais de nord à 8h¼ après avoir manqué deux fois vent devant pris lof pour lof basbord amures. A 6h½ du matin pris stribord amures"}}, {"type": "Feature", "geometry": {"type": "Point", "coordinates": [148.90389, -41.8]}, "properties": {"date": "1802-03-03", "date_republicaine": "12 ventôse an X", "navire": "les corvettes", "table": "12 - Routes sur la côte orientale de la Terre de Diémen, 1re campagne", "page": 497, "remarque": "", "vents_etat_du_ciel": "N. SE. ESE. Petit frais ; presque calme et joli frais ; ciel nuageux, temps humide.", "barometre_hpa": 1018.0, "obs_latitude": "*", "obs_longitude": "*", "alerte": "", "thermometre": "14,7", "journal_anonyme": "Petit frais de nord. Belle mer, brume très épaisse sonné la cloche en branle pour nous faire entendre du commandant. A 6h½ changé d’amures daprès le signal du commandant"}}, {"type": "Feature", "geometry": {"type": "Point", "coordinates": [149.53361, -41.53167]}, "properties": {"date": "1802-03-04", "date_republicaine": "13 ventôse an X", "navire": "les corvettes", "table": "12 - Routes sur la côte orientale de la Terre de Diémen, 1re campagne", "page": 497, "remarque": "", "vents_etat_du_ciel": "Très-variable ; S. SE. Petit fr. ; ciel nuag., brume et pluie.", "barometre_hpa": 1013.5, "obs_latitude": "", "obs_longitude": "", "alerte": "", "thermometre": "14,5", "journal_anonyme": "Beau tems, belle mer petit frais du SE au sud et SSO. A 4h pris strib amures pour rallier le commandant , il nous a donné lordre de tenir le vent strib amures jusqua minuit et de minuit à 4h de gouverner au SSO tems couvert pendant la nuit et le vent bon frais par risées à 6h½ nous avons perdu de vue le commandant"}}, {"type": "Feature", "geometry": {"type": "Point", "coordinates": [149.29166, -41.56361]}, "properties": {"date": "1802-03-05", "date_republicaine": "14 ventôse an X", "navire": "les corvettes", "table": "12 - Routes sur la côte orientale de la Terre de Diémen, 1re campagne", "page": 497, "remarque": "", "vents_etat_du_ciel": "SE. ESE. Petit frais ; temps couvert.", "barometre_hpa": 1013.5, "obs_latitude": "", "obs_longitude": "*", "alerte": "", "thermometre": "13,0", "journal_anonyme": "Tems couvert et brumeux presque calme du SSO. A 1h la brise s’est élevé de lESE et fraichi successivement à 6h apperçu la terre dans louest et à 6h½ apperçu le commandant dans lENE. Nous avons tiré trois coups de pierrier s pour nous en faire appercevoir"}}, {"type": "Feature", "geometry": {"type": "Point", "coordinates": [148.71944, -42.17889]}, "properties": {"date": "1802-03-06", "date_republicaine": "15 ventôse an X", "navire": "les corvettes", "table": "12 - Routes sur la côte orientale de la Terre de Diémen, 1re campagne", "page": 497, "remarque": "Le grand canot du Géographe, expédié pour faire l'exploration de la côte, a été abandonné en mer dans la soirée du 6 mars : recueilli d'abord par un navire pêcheur Anglois, ensuite par le Naturaliste, il n'a pu rejoindre son bâtiment que lors de sa relâche au port Jackson, le 28 juin suivant.", "vents_etat_du_ciel": "Presque calme ; NE. ENE. N. Joli frais ; beau temps.", "barometre_hpa": 1018.0, "obs_latitude": "", "obs_longitude": "", "alerte": "", "thermometre": "14,2", "journal_anonyme": "Tems beau mer belle, petit frais de lESE à lest et NE. A 4h relevé lext . visible la plus sud au S8ºE. Lext visi N. au N16ºO à 4h pris vent devant strib amures. A 9h du matin nous avons accosté le commandant qui nous dit qu’il alloit expédier un canot pour la cote il nous donna lordre de tenir le plus près. A 10h¼ le commandant à mis en panne et mis son canot à la mer. Nous avons alors tenu le plus près basbord amures"}}, {"type": "Feature", "geometry": {"type": "Point", "coordinates": [148.62055, -42.07917]}, "properties": {"date": "1802-03-07", "date_republicaine": "16 ventôse an X", "navire": "les corvettes", "table": "12 - Routes sur la côte orientale de la Terre de Diémen, 1re campagne", "page": 497, "remarque": "", "vents_etat_du_ciel": "NO. N. Joli frais ; temps humide ; OSO. SO. Grand frais par grains.", "barometre_hpa": 1009.0, "obs_latitude": "", "obs_longitude": "", "alerte": "", "thermometre": "14,6", "journal_anonyme": "Beau tems, joli frais la mer belle, tenant le meme bord que le commandant. A 8h¼ il a lancé une fusée nous étions devant lui. Il étoit alors en panne, nous avons laissé arriver pour lui passer sous le vent, le commandant nous à ordonné de répeter… 54 …quils feroient au meme instant sa vergue de civadière sest engagé dans nos grands haubans, son bout dehors de beaupré à engagé notre vergue barré et la fait rompre. On s’est occupé à réparer lavarie"}}, {"type": "Feature", "geometry": {"type": "Point", "coordinates": [148.61944, -41.81972]}, "properties": {"date": "1802-03-08", "date_republicaine": "17 ventôse an X", "navire": "les corvettes", "table": "12 - Routes sur la côte orientale de la Terre de Diémen, 1re campagne", "page": 497, "remarque": "", "vents_etat_du_ciel": "SO. Bon frais ; SE. NE. N. Joli frais ; SO. Grand frais ; beau temps.", "barometre_hpa": 1016.5, "obs_latitude": "", "obs_longitude": "", "alerte": "", "thermometre": "11,5", "journal_anonyme": "Beau tems, belle mer, joli frais du N à lO et au SO. Changé plusieurs fois damures. A 9h¼ tiré un coup de pierrier pour nous faire appercevoir du commandant. A 5h la terre dans louest à 7h du soir le commandant na pas été vue. Relevé lext sud de la terre Diemen au S5ºE. Le rocher d’Ediston [Eddystone] au O. Lext. nord de la terre Diemen N28ºO la plus sud des iles Furneaux N11ºE"}}, {"type": "Feature", "geometry": {"type": "Point", "coordinates": [148.67055, -41.1375]}, "properties": {"date": "1802-03-08", "date_republicaine": "17 ventôse an X", "navire": "le Naturaliste", "table": "TABLE 31.e Routes du Naturaliste dans le détroit de Banks et dans celui de Bass. 1re Campagne", "page": 533, "remarque": "", "vents_etat_du_ciel": "SSO. SO. Bon frais ; joli frais ; S. SE. ENE. Petit frais ; après midi, NE. N. NNO. NO. O. Joli frais ; beau temps.", "barometre_hpa": 1019.6, "obs_latitude": "△", "obs_longitude": "△", "alerte": "", "thermometre": "13,7"}}, {"type": "Feature", "geometry": {"type": "Point", "coordinates": [148.60194, -41.68333]}, "properties": {"date": "1802-03-09", "date_republicaine": "18 ventôse an X", "navire": "le Géographe", "table": "13 - Routes du Géographe dans le détroit de Banks et celui de Bass", "page": 498, "remarque": "Le 9, à 6 h. du soir, le ciel avoit un aspect orageux ; de gros nuages noirs étoient stationnaires, la couleur du soleil très-rouge et ses rayons divergens bien marqués à l'horizon. Je vis dans un rideau de nuages qui le surmontoit, une queue très-sensible, qui bientôt forma une colonne noire qui descendoit verticalement jusqu'à la mer ; sa grosseur étoit par-tout égale ; mais la partie qui touchoit au nuage s'évadoit en forme d'entonnoir. Après avoir duré environ trois minutes, elle s'inclina, se rompit, et disparut entièrement. Quelque temps avant l'apparition de cette trombe, il y eut une saute subite de vent pendant laquelle la brise qui souffloit joli frais ne diminua point de force. (Cette observation est de M. LESCHENAULT.)", "vents_etat_du_ciel": "SO. O. S. SSE. SSO. Joli fr. ; beau temps.", "barometre_hpa": 1010.5, "obs_latitude": "*", "obs_longitude": "", "alerte": "", "thermometre": "12,0"}}, {"type": "Feature", "geometry": {"type": "Point", "coordinates": [148.78222, -40.41667]}, "properties": {"date": "1802-03-09", "date_republicaine": "18 ventôse an X", "navire": "le Naturaliste", "table": "TABLE 31.e Routes du Naturaliste dans le détroit de Banks et dans celui de Bass. 1re Campagne", "page": 533, "remarque": "", "vents_etat_du_ciel": "O. OSO. SO. O. Bon frais ; le soir, SE. SSO. Petit frais et joli frais ; ciel nuageux.", "barometre_hpa": 1007.5, "obs_latitude": "", "obs_longitude": "", "alerte": "", "thermometre": "13,3", "journal_anonyme": "Tems beau, mer belle, vent joli frais du N au O et SO. A midi tiré un coup de pierrier pour nous faire appercevoir du Geographe qu’on crut voir dans le sud. A 3h¾ nous avons [un mot partiellement illisible, sans doute « apperçu »] un batiment dans lESE que nous avons pris pour le Geographe nous avons laissé porter sur le batiment apperçu et nous navons pas tardé pour le reconnoitre pour une goëlette. Nous avons hissé nos couleurs le Cen Milius à été à bord elle sappelloit lEndeavour du Port Jackson d’ou elle étoit parti depuis 18 jours elle faisoit la peche aux ours marins"}}, {"type": "Feature", "geometry": {"type": "Point", "coordinates": [149.48778, -41.61083]}, "properties": {"date": "1802-03-10", "date_republicaine": "19 ventôse an X", "navire": "le Géographe", "table": "13 - Routes du Géographe dans le détroit de Banks et celui de Bass", "page": 498, "remarque": "", "vents_etat_du_ciel": "SSO. Grand frais par rafales ; S. SE. Joli fr. ; NE. N. Foible brise ; beau temps.", "barometre_hpa": 1025.6, "obs_latitude": "", "obs_longitude": "", "alerte": "", "thermometre": "10,5"}}, {"type": "Feature", "geometry": {"type": "Point", "coordinates": [148.41055, -40.71167]}, "properties": {"date": "1802-03-10", "date_republicaine": "19 ventôse an X", "navire": "le Naturaliste", "table": "TABLE 31.e Routes du Naturaliste dans le détroit de Banks et dans celui de Bass. 1re Campagne", "page": 533, "remarque": "Mis à l'ancre auprès de l'île Swan, à 2 h. après midi.", "vents_etat_du_ciel": "SSO. S. SE. Bon frais ; à la pointe du jour, presq. calme ; le soir, NNE. N. Jolie brise ; beau temps.", "barometre_hpa": "", "obs_latitude": "△", "obs_longitude": "△", "alerte": "", "journal_anonyme": "Tems couvert, mer grosse vent bon frais du O au SSO. sud et SE. A 4h relevé lext N des iles Furneaux au N40ºO. lext sud au N55ºO . A 4h½ les vents ayant sauté au SE nous avons pris basbord amures à 8h du matin relevé lext sud de la terre Diemen au S15ºE. Lext N au N70[illisible]. Lext sud des iles Furneaux au n18ºO lext N au N14ºE à 9h nous avons apperçu un batiment mouillé entre lisle Swan et la… …terre des iles Furneaux, à 10 h mis en panne et mis le grand canot à la mer pour aller à bord du batiment apperçu"}}, {"type": "Feature", "geometry": {"type": "Point", "coordinates": [148.60305, -42.27389]}, "properties": {"date": "1802-03-11", "date_republicaine": "20 ventôse an X", "navire": "le Géographe", "table": "13 - Routes du Géographe dans le détroit de Banks et celui de Bass", "page": 498, "remarque": "", "vents_etat_du_ciel": "NNO. N. Joli frais et grand frais par rafales ; b. temps.", "barometre_hpa": 1013.5, "obs_latitude": "", "obs_longitude": "", "alerte": "", "thermometre": "13,8"}}, {"type": "Feature", "geometry": {"type": "Point", "coordinates": [148.26389, -40.65]}, "properties": {"date": "1802-03-11", "date_republicaine": "20 ventôse an X", "navire": "le Naturaliste", "table": "TABLE 31.e Routes du Naturaliste dans le détroit de Banks et dans celui de Bass. 1re Campagne", "page": 533, "remarque": "Le vent a fraîchi à minuit, au revirement de la marée.", "vents_etat_du_ciel": "N. NNO. NNE. Joli frais ; NNO. NNE. NE. N. Bon frais ; beau temps.", "barometre_hpa": "", "obs_latitude": "", "obs_longitude": "", "alerte": "", "journal_anonyme": "19 Beau tems belle mer presque calme, fraicheur du NE au NNE à midi ¼ le canot que nous avions pris pour le canot du brick est arrivée à bord cétoit le grand canot du Geographe qu’il avoit mis à la mer le 15 à 10h½ du matin, ce canot avoit voulu nous ralier mais nous [ay] voyant courir au large et nous ayant perdu de vue à la nuit il avoir ralié la terre. Ils lavoient prolongé jusqua lisle Swan ou ils avoient trouvé le brick anglais quils leur avoient donné les vivres dont ils manquèrent à 10h¾ mouillé par 19 b. fond de sable vaseux et filé 150 b de cable. Relevant lext N de lisle Swan S61ºE. lext SO dicelle (par un ilot de la chasse) S35ºE. 19 En marge: Detroit de Bancks [Banks]. 55 Lext occi. visi. de la terre Diemen S48ºO Lext occi. des iles Furneaux N38ºO. Lext orientale dicelles N27ºO. A 3h monsieur Milius étoit de retour dans le grand canot il sappelloit le Harrington du Port Jackson capitaine Chanpbelle [Campbell]"}}, {"type": "Feature", "geometry": {"type": "Point", "coordinates": [149.83778, -42.18639]}, "properties": {"date": "1802-03-12", "date_republicaine": "21 ventôse an X", "navire": "le Géographe", "table": "13 - Routes du Géographe dans le détroit de Banks et celui de Bass", "page": 498, "remarque": "", "vents_etat_du_ciel": "NNO. N. NO. Bon frais ; ciel couvert, temps humide.", "barometre_hpa": 1006.0, "obs_latitude": "", "obs_longitude": "", "alerte": "", "thermometre": "13,6"}}, {"type": "Feature", "geometry": {"type": "Point", "coordinates": [148.18055, -40.63833]}, "properties": {"date": "1802-03-12", "date_republicaine": "", "navire": "le Naturaliste", "table": "", "page": "", "remarque": "", "vents_etat_du_ciel": "", "barometre_hpa": "", "obs_latitude": "", "obs_longitude": "", "alerte": "point ajouté pour une entrée du journal anonyme ; position interpolée entre les deux relevés encadrants", "thermometre": "", "journal_anonyme": "Tems beau, vent bon frais du NNO et NNE on à commencé à peindre lext. du batiment – le grand canot est revenu du cap Portland on à mis le canot du Geographe à la mer pour aller faire la geographie depuis la roche dEdistonne [Eddystone] jusqua lisle Swan", "extrapole": true}}, {"type": "Feature", "geometry": {"type": "Point", "coordinates": [149.90139, -41.56889]}, "properties": {"date": "1802-03-13", "date_republicaine": "22 ventôse an X", "navire": "le Géographe", "table": "13 - Routes du Géographe dans le détroit de Banks et celui de Bass", "page": 498, "remarque": "", "vents_etat_du_ciel": "NO. ONO. Joli frais ; beau temps.", "barometre_hpa": 1007.5, "obs_latitude": "", "obs_longitude": "", "alerte": "", "thermometre": "16,0"}}, {"type": "Feature", "geometry": {"type": "Point", "coordinates": [148.09722, -40.62667]}, "properties": {"date": "1802-03-13", "date_republicaine": "", "navire": "le Naturaliste", "table": "", "page": "", "remarque": "", "vents_etat_du_ciel": "", "barometre_hpa": "", "obs_latitude": "", "obs_longitude": "", "alerte": "point ajouté pour une entrée du journal anonyme ; position interpolée entre les deux relevés encadrants", "thermometre": "", "journal_anonyme": "Tems beau, petit frais du NO au ONO à 6h le grand canot étoit de retour de lisle Swan, on à continué à peindre lexterieur du batiment. A 2h tous le monde est arrivé dans le grand canot avec une chasse très bonne à 4h¾ mer étale à [j] 5h¼ jusant et à 11h½ flot", "extrapole": true}}, {"type": "Feature", "geometry": {"type": "Point", "coordinates": [149.42055, -41.37194]}, "properties": {"date": "1802-03-14", "date_republicaine": "23 ventôse an X", "navire": "le Géographe", "table": "13 - Routes du Géographe dans le détroit de Banks et celui de Bass", "page": 498, "remarque": "", "vents_etat_du_ciel": "SSO. S. ESE. SE. Bon frais ; temps sombre et brumeux.", "barometre_hpa": 1018.0, "obs_latitude": "*", "obs_longitude": "*", "alerte": "", "thermometre": "13,4"}}, {"type": "Feature", "geometry": {"type": "Point", "coordinates": [148.01389, -40.615]}, "properties": {"date": "1802-03-14", "date_republicaine": "", "navire": "le Naturaliste", "table": "", "page": "", "remarque": "", "vents_etat_du_ciel": "", "barometre_hpa": "", "obs_latitude": "", "obs_longitude": "", "alerte": "point ajouté pour une entrée du journal anonyme ; position interpolée entre les deux relevés encadrants", "thermometre": "", "journal_anonyme": "Tems beau, calme plat, le poussepied est revenu de la peche avec peu de poisson, le grand canot à mis à terre le C en Breton avec trois hommes. A 8h½ il est parti pour le port King dans les iles Furneaux avec monsieur Faure geographe et Bailly minérologiste", "extrapole": true}}, {"type": "Feature", "geometry": {"type": "Point", "coordinates": [149.37055, -41.02194]}, "properties": {"date": "1802-03-15", "date_republicaine": "24 ventôse an X", "navire": "le Géographe", "table": "13 - Routes du Géographe dans le détroit de Banks et celui de Bass", "page": 498, "remarque": "", "vents_etat_du_ciel": "E. ESE. ENE. ESE. Bon fr. ; temps à grains, pluie.", "barometre_hpa": 1019.6, "obs_latitude": "*", "obs_longitude": "*", "alerte": "", "thermometre": "12,8"}}, {"type": "Feature", "geometry": {"type": "Point", "coordinates": [147.93055, -40.60333]}, "properties": {"date": "1802-03-15", "date_republicaine": "24 ventôse an X", "navire": "le Naturaliste", "table": "TABLE 31.e Routes du Naturaliste dans le détroit de Banks et dans celui de Bass. 1re Campagne", "page": 533, "remarque": "Louvoyé dans le détroit de Banks jusqu'au 19 mars.", "vents_etat_du_ciel": "ESE. E. ESE. Bon frais et joli frais ; ciel couvert ; horizon gras ; grains fréquens ; temps orageux, tonnerre, pluie.", "barometre_hpa": 1013.5, "obs_latitude": "*", "obs_longitude": "*", "alerte": "", "journal_anonyme": "Tems nuageux, vent bon frais par raffales de est à lESE mer houleuse. Le cable fatiguant extrement , à 3h¾ il à cassé le cable de strib à été de suite étalingué au mat à 4h lancre à été mouillé on avoit doublé le tour de bittes et frappé des bosses cassantes de distances à distce. Les tours de bittes ont decapelés le cable est resté sur le bout avec 4 ou 5 b frappé dessus, on à largué létalingure au pied du mat et pris un tour de bittes ayant auparavant frappés un faux bras servant dorin sur la bouée. On à rembraqué le cable de basbord qui avoit cassé près de létalingure, nous avons chassé jusqua 5h alors le cable à [un mot illisible]20 tête, le vent toujours grand frais. A 6h¼ le cable de strib cassé et nous avons mis à la cape strib amures"}}, {"type": "Feature", "geometry": {"type": "Point", "coordinates": [149.78722, -41.4]}, "properties": {"date": "1802-03-16", "date_republicaine": "25 ventôse an X", "navire": "le Géographe", "table": "13 - Routes du Géographe dans le détroit de Banks et celui de Bass", "page": 498, "remarque": "", "vents_etat_du_ciel": "ESE. SE. ESE. Bon frais et joli frais ; temps couvert, par grains avec pluie.", "barometre_hpa": 1025.0, "obs_latitude": "", "obs_longitude": "*", "alerte": "", "thermometre": "12,6"}}, {"type": "Feature", "geometry": {"type": "Point", "coordinates": [147.39722, -40.67278]}, "properties": {"date": "1802-03-16", "date_republicaine": "25 ventôse an X", "navire": "le Naturaliste", "table": "TABLE 31.e Routes du Naturaliste dans le détroit de Banks et dans celui de Bass. 1re Campagne", "page": 533, "remarque": "Le mauvais temps qui a eu lieu depuis le 14 mars jusqu'à ce jour, n'a pu faire varier le baromètre, qui s'est tenu constamment à 28 po. 1 lig.", "vents_etat_du_ciel": "ESE. SE. E. ENE. ESE. Bon frais et quelquefois joli frais ; ciel nuageux ; grains par intervalles.", "barometre_hpa": 1013.5, "obs_latitude": "", "obs_longitude": "", "alerte": "", "journal_anonyme": "Tems couvert et à grains le vent grand [illisible] de lESE [illisible] la mer grosse. A 2h apperçu la terre dans le N22º 30’E à [illisible] vent à molli. Pluie brume et orage, le tems sétant mis au [illisible] nous avons appareillé nos voiles majeures. Les amures à [illisible]. 20 Plusieurs lignes du texte du manuscrit pour les journées du 23-24, 24-25, 25-26 et 26-27 ventose ont été défigurées, vraisemblablement par la photocopieuse. Il est difficile de déterminer combien de mots ont disparu en conséquence. 56"}}, {"type": "Feature", "geometry": {"type": "Point", "coordinates": [148.90916, -40.80167]}, "properties": {"date": "1802-03-17", "date_republicaine": "26 ventôse an X", "navire": "le Géographe", "table": "13 - Routes du Géographe dans le détroit de Banks et celui de Bass", "page": 498, "remarque": "", "vents_etat_du_ciel": "E. ENE. Petit frais ; ciel nuageux, beau temps.", "barometre_hpa": 1028.6, "obs_latitude": "", "obs_longitude": "", "alerte": "", "thermometre": "12,8"}}, {"type": "Feature", "geometry": {"type": "Point", "coordinates": [147.52555, -40.695]}, "properties": {"date": "1802-03-17", "date_republicaine": "26 ventôse an X", "navire": "le Naturaliste", "table": "TABLE 31.e Routes du Naturaliste dans le détroit de Banks et dans celui de Bass. 1re Campagne", "page": 533, "remarque": "", "vents_etat_du_ciel": "ESE. E. Bon frais et joli frais ; ciel nuageux ; à la nuit, grain avec pluie.", "barometre_hpa": 1025.6, "obs_latitude": "", "obs_longitude": "△", "alerte": "", "thermometre": "14,0", "journal_anonyme": "Tems beau, joli frais de lest à lESE. [Illisible]. A 2h½ viré vent devant relevé alors lext occi visible de la terre au S35ºO lext ori. visi. S68ºE. Lisle Platte S79ºE"}}, {"type": "Feature", "geometry": {"type": "Point", "coordinates": [147.66889, -40.62778]}, "properties": {"date": "1802-03-18", "date_republicaine": "27 ventôse an X", "navire": "le Géographe", "table": "13 - Routes du Géographe dans le détroit de Banks et celui de Bass", "page": 498, "remarque": "", "vents_etat_du_ciel": "E. ESE. Joli frais ; ciel couvert, temps par grains.", "barometre_hpa": 1019.6, "obs_latitude": "", "obs_longitude": "", "alerte": "", "thermometre": "14,2"}}, {"type": "Feature", "geometry": {"type": "Point", "coordinates": [147.74055, -40.75167]}, "properties": {"date": "1802-03-18", "date_republicaine": "27 ventôse an X", "navire": "le Naturaliste", "table": "TABLE 31.e Routes du Naturaliste dans le détroit de Banks et dans celui de Bass. 1re Campagne", "page": 533, "remarque": "", "vents_etat_du_ciel": "ENE. E. SE. ENE. ESE. Joli frais ; ciel nuageux ; grains et pluie par intervalles.", "barometre_hpa": 766.9, "obs_latitude": "△", "obs_longitude": "△", "alerte": "pression", "thermometre": "14,7", "journal_anonyme": "Tems beau, mer belle joli frais dest. A 6h½ relevé lisle Waterhouse du S4ºE au S30ºE. A 7h on à [illisible] le grand canot qui portoit sur nous à 7h¼ viré de bord et porté sur lui à 7h¾ mis en panne bas au vent. A [8h] le grand canot est arrivée avec tous le monde"}}, {"type": "Feature", "geometry": {"type": "Point", "coordinates": [147.80555, -40.73694]}, "properties": {"date": "1802-03-19", "date_republicaine": "28 ventôse an X", "navire": "le Géographe", "table": "13 - Routes du Géographe dans le détroit de Banks et celui de Bass", "page": 498, "remarque": "", "vents_etat_du_ciel": "E. SE. Presque calme ; O. OSO. Bon frais ; beau temps.", "barometre_hpa": 1013.5, "obs_latitude": "", "obs_longitude": "△", "alerte": "", "thermometre": "15,4"}}, {"type": "Feature", "geometry": {"type": "Point", "coordinates": [148.23389, -40.65833]}, "properties": {"date": "1802-03-19", "date_republicaine": "28 ventôse an X", "navire": "le Naturaliste", "table": "TABLE 31.e Routes du Naturaliste dans le détroit de Banks et dans celui de Bass. 1re Campagne", "page": 533, "remarque": "", "vents_etat_du_ciel": "SE. ENE. Foible ; calme plat ; ONO. OSO. NO. O. Joli frais ; le soir, S. SSO. SE. Petit frais ; ciel nuageux.", "barometre_hpa": 1013.5, "obs_latitude": "△", "obs_longitude": "△", "alerte": "", "thermometre": "16,0", "journal_anonyme": "Beau tems, belle mer joli frais de lest à [illisible]. A midi relevé lext N de lisle Swan au S62ºE. Lext sud deid. S49ºE. Lext orient visi. terre Diemen S[3]46ºE. Lext occid. visi. terre Diemen S45ºO lext occi iles Furneaux N20ºO"}}, {"type": "Feature", "geometry": {"type": "Point", "coordinates": [147.53528, -40.36278]}, "properties": {"date": "1802-03-20", "date_republicaine": "29 ventôse an X", "navire": "le Géographe", "table": "13 - Routes du Géographe dans le détroit de Banks et celui de Bass", "page": 498, "remarque": "", "vents_etat_du_ciel": "OSO. O. NO. N. Foible brise ; beau temps.", "barometre_hpa": 1015.0, "obs_latitude": "", "obs_longitude": "", "alerte": "", "thermometre": "13,5"}}, {"type": "Feature", "geometry": {"type": "Point", "coordinates": [148.25874, -40.66394]}, "properties": {"date": "1802-03-20", "date_republicaine": "", "navire": "le Naturaliste", "table": "", "page": "", "remarque": "", "vents_etat_du_ciel": "", "barometre_hpa": "", "obs_latitude": "", "obs_longitude": "", "alerte": "point ajouté pour une entrée du journal anonyme ; position interpolée entre les deux relevés encadrants", "thermometre": "", "journal_anonyme": "Beau tems, belle mer en panne strib amures joli frais du O au sud au SE à 2h nous nous trouvions à lendroit ou nous avions perdu nos deux ancres, nous espérions pouvoir découvrir les bouées ne les appercevant pas nous laissames porter pour aller à la recherche du Geographe, il y à eu une éclipse de lûne de près de cinq doigts elle à fini a 10h½", "extrapole": true}}, {"type": "Feature", "geometry": {"type": "Point", "coordinates": [146.97778, -40.49611]}, "properties": {"date": "1802-03-21", "date_republicaine": "30 ventôse an X", "navire": "le Géographe", "table": "13 - Routes du Géographe dans le détroit de Banks et celui de Bass", "page": 498, "remarque": "", "vents_etat_du_ciel": "N. ONO. O. OSO. Bon frais ; temps à grains, pluie, fortes rafales.", "barometre_hpa": 994.0, "obs_latitude": "", "obs_longitude": "*", "alerte": "", "thermometre": "12,0"}}, {"type": "Feature", "geometry": {"type": "Point", "coordinates": [148.28359, -40.66954]}, "properties": {"date": "1802-03-21", "date_republicaine": "", "navire": "le Naturaliste", "table": "", "page": "", "remarque": "", "vents_etat_du_ciel": "", "barometre_hpa": "", "obs_latitude": "", "obs_longitude": "", "alerte": "point ajouté pour une entrée du journal anonyme ; position interpolée entre les deux relevés encadrants", "thermometre": "", "journal_anonyme": "Tems assez beau, ciel nuageux, vent petit frais du NE au O et NO. Mer belle , à 4h la terre visible du N24ºO au S5ºE. Nous avons mis en panne dans la nuit. A 8h du matin relevé lisle Maria du S54ºO au S41ºO lext visible N terre Diemen N25 ºO lext sud de lisle Schouten au N64ºO. A midi relevé lext sud de lisle Schouten au N68ºO à 8 milles", "extrapole": true}}, {"type": "Feature", "geometry": {"type": "Point", "coordinates": [147.50389, -39.40889]}, "properties": {"date": "1802-03-22", "date_republicaine": "1er germinal an X", "navire": "le Géographe", "table": "13 - Routes du Géographe dans le détroit de Banks et celui de Bass", "page": 498, "remarque": "S'il est vrai que l'équinoxe influe sur le mauvais temps que l'on éprouve ordinairement à cette époque dans les mers d'Europe, l'on peut croire que la même chose a lieu dans la partie australe du globe.", "vents_etat_du_ciel": "OSO. SO. OSO. Grand frais ; beau temps, ciel nuageux.", "barometre_hpa": 1010.5, "obs_latitude": "△", "obs_longitude": "△", "alerte": "", "thermometre": "12,0"}}, {"type": "Feature", "geometry": {"type": "Point", "coordinates": [148.30843, -40.67515]}, "properties": {"date": "1802-03-22", "date_republicaine": "", "navire": "le Naturaliste", "table": "", "page": "", "remarque": "", "vents_etat_du_ciel": "", "barometre_hpa": "", "obs_latitude": "", "obs_longitude": "", "alerte": "point ajouté pour une entrée du journal anonyme ; position interpolée entre les deux relevés encadrants", "thermometre": "", "journal_anonyme": "Tems couvert, bon frais par raffales du NO au O et SO. Mer grosse le milieu de lisle Schouten nous restoit au N84ºO. A 10h grand frais par raffales la mer très grosse le tems couvert", "extrapole": true}}, {"type": "Feature", "geometry": {"type": "Point", "coordinates": [149.42028, -39.10944]}, "properties": {"date": "1802-03-23", "date_republicaine": "2 germinal an X", "navire": "le Géographe", "table": "13 - Routes du Géographe dans le détroit de Banks et celui de Bass", "page": 498, "remarque": "", "vents_etat_du_ciel": "SO. OSO. SO. Bon frais ; beau temps.", "barometre_hpa": 1015.0, "obs_latitude": "", "obs_longitude": "", "alerte": "", "thermometre": "11,4"}}, {"type": "Feature", "geometry": {"type": "Point", "coordinates": [148.33328, -40.68076]}, "properties": {"date": "1802-03-23", "date_republicaine": "", "navire": "le Naturaliste", "table": "", "page": "", "remarque": "", "vents_etat_du_ciel": "", "barometre_hpa": "", "obs_latitude": "", "obs_longitude": "", "alerte": "point ajouté pour une entrée du journal anonyme ; position interpolée entre les deux relevés encadrants", "thermometre": "", "journal_anonyme": "Tems couvert et à grains bon frai s O au SO par raffales, petite pluie par intervalle. A 7h¼ du matin viré de bord", "extrapole": true}}, {"type": "Feature", "geometry": {"type": "Point", "coordinates": [148.7275, -38.44472]}, "properties": {"date": "1802-03-24", "date_republicaine": "3 germinal an X", "navire": "le Géographe", "table": "13 - Routes du Géographe dans le détroit de Banks et celui de Bass", "page": 498, "remarque": "", "vents_etat_du_ciel": "OSO. O. NO. OSO. Petit fr. ; beau temps.", "barometre_hpa": 1019.6, "obs_latitude": "", "obs_longitude": "", "alerte": "", "thermometre": "13,0"}}, {"type": "Feature", "geometry": {"type": "Point", "coordinates": [148.35813, -40.68636]}, "properties": {"date": "1802-03-24", "date_republicaine": "", "navire": "le Naturaliste", "table": "", "page": "", "remarque": "", "vents_etat_du_ciel": "", "barometre_hpa": "", "obs_latitude": "", "obs_longitude": "", "alerte": "point ajouté pour une entrée du journal anonyme ; position interpolée entre les deux relevés encadrants", "thermometre": "", "journal_anonyme": "Tems assez beau, grand frais de SO. A 1h le vent et la mer sont tombés, notre grand hunier sétant déchiré on en à envergué un neuf. Sur les 8h du soir les vents passant au NO ont fraichi", "extrapole": true}}, {"type": "Feature", "geometry": {"type": "Point", "coordinates": [149.30555, -38.935]}, "properties": {"date": "1802-03-25", "date_republicaine": "4 germinal an X", "navire": "le Géographe", "table": "13 - Routes du Géographe dans le détroit de Banks et celui de Bass", "page": 498, "remarque": "Les vents souffloient déjà avec impétuosité ; mais, au lever de la lune, les grains furent tellement fréquens et les rafales si fortes, que l'on fut obligé de mettre à la cape.", "vents_etat_du_ciel": "OSO. SO. Bon fr. par rafales ; grains et pluie.", "barometre_hpa": 1024.1, "obs_latitude": "", "obs_longitude": "", "alerte": "", "thermometre": "11,0"}}, {"type": "Feature", "geometry": {"type": "Point", "coordinates": [148.38298, -40.69197]}, "properties": {"date": "1802-03-25", "date_republicaine": "", "navire": "le Naturaliste", "table": "", "page": "", "remarque": "", "vents_etat_du_ciel": "", "barometre_hpa": "", "obs_latitude": "", "obs_longitude": "", "alerte": "point ajouté pour une entrée du journal anonyme ; position interpolée entre les deux relevés encadrants", "thermometre": "", "journal_anonyme": "Tems couvert grand du NO. au O. et SO par fortes raffales la mer grosse. A 1h la terre apperçu dans l ouest sétendoit du N45ºO au S55ºO. Vu un feu sur lisle Schouten à midi relevé lisle Maria du S58ºO au S65ºO lext visi N. terre Diemen au N45ºO. 57", "extrapole": true}}, {"type": "Feature", "geometry": {"type": "Point", "coordinates": [148.75166, -38.71306]}, "properties": {"date": "1802-03-26", "date_republicaine": "5 germinal an X", "navire": "le Géographe", "table": "13 - Routes du Géographe dans le détroit de Banks et celui de Bass", "page": 498, "remarque": "L'amplitude occase a donné 15° 47' de déclinaison N.E., et l'azimuth seulement 10° 25' : je crois cette dernière observation préférable.", "vents_etat_du_ciel": "SO. SSO. Petit fr. ; SE. E. NE. Presque calme ; E. Joli frais ; ciel nuageux, pluie par intervalles.", "barometre_hpa": 1034.6, "obs_latitude": "*", "obs_longitude": "*", "alerte": "", "thermometre": "12,0"}}, {"type": "Feature", "geometry": {"type": "Point", "coordinates": [148.40783, -40.69757]}, "properties": {"date": "1802-03-26", "date_republicaine": "", "navire": "le Naturaliste", "table": "", "page": "", "remarque": "", "vents_etat_du_ciel": "", "barometre_hpa": "", "obs_latitude": "", "obs_longitude": "", "alerte": "point ajouté pour une entrée du journal anonyme ; position interpolée entre les deux relevés encadrants", "thermometre": "", "journal_anonyme": "Beau tems, bon frais de SO. Mer grosse pendant la nuit tems couvert et à grains nous avons arrisés plusieurs fois les huniers. A midi relevé lisle Maria du S78ºO au O. Lisle Schouten du N67ºO au N64ºO", "extrapole": true}}, {"type": "Feature", "geometry": {"type": "Point", "coordinates": [148.08528, -39.03389]}, "properties": {"date": "1802-03-27", "date_republicaine": "6 germinal an X", "navire": "le Géographe", "table": "13 - Routes du Géographe dans le détroit de Banks et celui de Bass", "page": 498, "remarque": "", "vents_etat_du_ciel": "E. ENE. NE. Joli frais ; beau temps.", "barometre_hpa": 1033.1, "obs_latitude": "", "obs_longitude": "", "alerte": "", "thermometre": "12,8"}}, {"type": "Feature", "geometry": {"type": "Point", "coordinates": [148.43268, -40.70318]}, "properties": {"date": "1802-03-27", "date_republicaine": "", "navire": "le Naturaliste", "table": "", "page": "", "remarque": "", "vents_etat_du_ciel": "", "barometre_hpa": "", "obs_latitude": "", "obs_longitude": "", "alerte": "point ajouté pour une entrée du journal anonyme ; position interpolée entre les deux relevés encadrants", "thermometre": "", "journal_anonyme": "Tems assez beau, la mer houleuse petit frais de SSO au sud [et] petite pluie par intervales. Sur les 3h du matin les vents ont halé lest en fraichissant dans la matiné vu des baleines. A midi relevé lisle Maria du N73ºO au N80ºO. Lisle Schouten du N26ºO au N39ºO. Lisle Tasman au S30ºO", "extrapole": true}}, {"type": "Feature", "geometry": {"type": "Point", "coordinates": [146.53889, -39.50139]}, "properties": {"date": "1802-03-28", "date_republicaine": "7 germinal an X", "navire": "le Géographe", "table": "13 - Routes du Géographe dans le détroit de Banks et celui de Bass", "page": 498, "remarque": "", "vents_etat_du_ciel": "ENE. E. NE. Joli frais ; beau temps.", "barometre_hpa": 1031.6, "obs_latitude": "", "obs_longitude": "", "alerte": "", "thermometre": "13,8"}}, {"type": "Feature", "geometry": {"type": "Point", "coordinates": [148.45752, -40.70879]}, "properties": {"date": "1802-03-28", "date_republicaine": "", "navire": "le Naturaliste", "table": "", "page": "", "remarque": "", "vents_etat_du_ciel": "", "barometre_hpa": "", "obs_latitude": "", "obs_longitude": "", "alerte": "point ajouté pour une entrée du journal anonyme ; position interpolée entre les deux relevés encadrants", "thermometre": "", "journal_anonyme": "Tems beau petit frais du N. NE [et SSO], la mer belle. A 6h½ du matin les vents ont passés au NO. Ayant fait chapelle nous avons fait le tour à midi relevé [la petite isle] lext NE de lisle Maria au N46ºO", "extrapole": true}}, {"type": "Feature", "geometry": {"type": "Point", "coordinates": [145.59166, -38.79167]}, "properties": {"date": "1802-03-29", "date_republicaine": "8 germinal an X", "navire": "le Géographe", "table": "14 - Routes du Géographe à la Terre Napoléon, 1re campagne", "page": 499, "remarque": "", "vents_etat_du_ciel": "NE. SE. ESE. Petit frais ; beau temps.", "barometre_hpa": 1033.1, "obs_latitude": "", "obs_longitude": "", "alerte": "", "thermometre": "14,5"}}, {"type": "Feature", "geometry": {"type": "Point", "coordinates": [148.48237, -40.71439]}, "properties": {"date": "1802-03-29", "date_republicaine": "", "navire": "le Naturaliste", "table": "", "page": "", "remarque": "", "vents_etat_du_ciel": "", "barometre_hpa": "", "obs_latitude": "", "obs_longitude": "", "alerte": "point ajouté pour une entrée du journal anonyme ; position interpolée entre les deux relevés encadrants", "thermometre": "", "journal_anonyme": "Le tems, beau le vent petit frais du SO. sud et SSE. Vu une quantité considérable de thon et de marsouins. A 9h½ du soir mis en panne à minuit étant très près de lisle Schouten nous avons fait servir à 1h remis en panne jusqua 5h que nous avons fait servir en longeant la cote à la distce de 2 milles elle est [saine ?] et bien boisée mais noffre aucun abri contre les [vents ?] du large. A midi relevé le milieu dune terre basse ayant lapparence d’une isle au S19ºO la terre du S10ºE au N19ºO", "extrapole": true}}, {"type": "Feature", "geometry": {"type": "Point", "coordinates": [144.61, -38.55]}, "properties": {"date": "1802-03-30", "date_republicaine": "9 germinal an X", "navire": "le Géographe", "table": "14 - Routes du Géographe à la Terre Napoléon, 1re campagne", "page": 499, "remarque": "", "vents_etat_du_ciel": "E. ENE. SE. ESE. Joli frais ; beau temps.", "barometre_hpa": 1034.6, "obs_latitude": "", "obs_longitude": "*", "alerte": "", "thermometre": "13,2"}}, {"type": "Feature", "geometry": {"type": "Point", "coordinates": [148.50722, -40.72]}, "properties": {"date": "1802-03-30", "date_republicaine": "9 germinal an X", "navire": "le Naturaliste", "table": "TABLE 32.e Suite des Routes du Naturaliste dans le détroit de Banks et dans celui de Bass. 1re Campagne", "page": 534, "remarque": "En vue de l'île Swan.", "vents_etat_du_ciel": "SSE. S. E. NE. ESE. Foibles et presque calmes ; beau temps.", "barometre_hpa": 1034.6, "obs_latitude": "△", "obs_longitude": "△", "alerte": "", "thermometre": "13,5", "journal_anonyme": "Beau tems, belle mer, joli frais de SE au SSE et sud. A 3h nous relevames [une petite ile] au O du monde une petite isle assez bien boisée, ou le canot du Geographe avoit trouvé une abri contre les vents du large et de leau douce elle git par 41º 21’ 51” de late sud. Cest le seul endroit de la côte orientale de la terre Diemen ou un batiment puisse se réfugier. Elle est à peu de distce de la terre, on peut de meme donner par la passe du sud et du nord à midi relevé la terre Diemen du S18ºO au S86ºO les iles Furneaux du N54ºO au N18ºO"}}, {"type": "Feature", "geometry": {"type": "Point", "coordinates": [143.61004, -38.87706]}, "properties": {"date": "1802-03-31", "date_republicaine": "", "navire": "le Géographe", "table": "", "page": "", "remarque": "", "vents_etat_du_ciel": "", "barometre_hpa": "", "obs_latitude": "", "obs_longitude": "", "alerte": "position extrapolée : contournement de côte entre le 1802-03-30 et le 1802-03-31 (détour de 8 km)", "thermometre": "", "section": "", "extrapole": true}}, {"type": "Feature", "geometry": {"type": "Point", "coordinates": [143.32472, -38.87333]}, "properties": {"date": "1802-03-31", "date_republicaine": "10 germinal an X", "navire": "le Géographe", "table": "14 - Routes du Géographe à la Terre Napoléon, 1re campagne", "page": 499, "remarque": "", "vents_etat_du_ciel": "E. ENE. ESE. Joli frais ; beau temps, l'atmosphère d'une sérénité parfaite.", "barometre_hpa": 1033.1, "obs_latitude": "", "obs_longitude": "", "alerte": "", "thermometre": "13,0"}}, {"type": "Feature", "geometry": {"type": "Point", "coordinates": [148.53222, -40.69111]}, "properties": {"date": "1802-03-31", "date_republicaine": "10 germinal an X", "navire": "le Naturaliste", "table": "TABLE 32.e Suite des Routes du Naturaliste dans le détroit de Banks et dans celui de Bass. 1re Campagne", "page": 534, "remarque": "A 7 h. du soir, mis à l'ancre auprès de l'île Swan.", "vents_etat_du_ciel": "Presque calme ; fraîcheurs de tous les points de l'horizon ; beau temps.", "barometre_hpa": 1034.6, "obs_latitude": "", "obs_longitude": "△", "alerte": "", "thermometre": "15,0", "journal_anonyme": "Beau tems les vents à lest presque calme à 1h du matin pris la panne sur le grand hunier. A 3h fait servir et à 4h repris la même panne nous avons mis une ancre à jet en mouillage à midi relevé le milieu de lisle Swan au S75ºO. Les iles Furneaux au N65ºO au nord"}}, {"type": "Feature", "geometry": {"type": "Point", "coordinates": [142.23805, -38.45694]}, "properties": {"date": "1802-04-01", "date_republicaine": "11 germinal an X", "navire": "le Géographe", "table": "14 - Routes du Géographe à la Terre Napoléon, 1re campagne", "page": 499, "remarque": "Il est à remarquer que, depuis quelques jours, les vents ont été assez ordinairement du NNE. au NE. Ils souffloient bonne brise jusque sur les 9 ou 10 heures, diminuoient ensuite sensiblement, en sorte qu'à midi nous nous trouvions en calme. Depuis midi jusqu'à 2 heures, les vents se haloient de l'E. au SE., et reprenoient de la force.", "vents_etat_du_ciel": "ENE. NE. ESE. E. Petite brise ; beau temps.", "barometre_hpa": 1030.1, "obs_latitude": "", "obs_longitude": "", "alerte": "", "thermometre": "14,3"}}, {"type": "Feature", "geometry": {"type": "Point", "coordinates": [148.09389, -40.68333]}, "properties": {"date": "1802-04-01", "date_republicaine": "11 germinal an X", "navire": "le Naturaliste", "table": "TABLE 32.e Suite des Routes du Naturaliste dans le détroit de Banks et dans celui de Bass. 1re Campagne", "page": 534, "remarque": "Appareillé à 6 h. 1/2 du matin, pour gagner le mouillage devant Waterhouse : nous y sommes arrivés à 6 h. du soir.", "vents_etat_du_ciel": "Calme ; au jour, foible brise du SE. à l'ENE. ; l'après-midi, vent petit frais de l'E. au NNE. ; beau temps.", "barometre_hpa": 1034.6, "obs_latitude": "*", "obs_longitude": "*", "alerte": "", "thermometre": "14,7", "journal_anonyme": "Beau tems, belle mer petit frais du NO au Ouest. Le calme étant survenu à 7h¼ nous avons laissé tombé lancre à jet par 19 b fond de gravier et filé 50 b de [cable] grelin. A 6h½ du matin appareillé sous les huniers et mis tout dehors. A midi relevé lext occid le des iles Furneaux au N5ºO lext . orientale au N50ºE lext N de lisle Swan au N88ºE lisle Waterhouse du S48ºO au S59ºO. 58"}}, {"type": "Feature", "geometry": {"type": "Point", "coordinates": [141.44083, -38.48838]}, "properties": {"date": "1802-04-02", "date_republicaine": "", "navire": "le Géographe", "table": "", "page": "", "remarque": "", "vents_etat_du_ciel": "", "barometre_hpa": "", "obs_latitude": "", "obs_longitude": "", "alerte": "position extrapolée : contournement de côte entre le 1802-04-01 et le 1802-04-02 (détour de 18 km)", "thermometre": "", "section": "", "extrapole": true}}, {"type": "Feature", "geometry": {"type": "Point", "coordinates": [141.29555, -38.29861]}, "properties": {"date": "1802-04-02", "date_republicaine": "12 germinal an X", "navire": "le Géographe", "table": "14 - Routes du Géographe à la Terre Napoléon, 1re campagne", "page": 499, "remarque": "Il est à remarquer que, depuis quelques jours, les vents ont été assez ordinairement du NNE. au NE. Ils souffloient bonne brise jusque sur les 9 ou 10 heures, diminuoient ensuite sensiblement, en sorte qu'à midi nous nous trouvions en calme. Depuis midi jusqu'à 2 heures, les vents se haloient de l'E. au SE., et reprenoient de la force.", "vents_etat_du_ciel": "ENE. NNE. N. SE. E. ENE. Foible brise ; beau temps.", "barometre_hpa": 1028.6, "obs_latitude": "", "obs_longitude": "*", "alerte": "", "thermometre": "16,0"}}, {"type": "Feature", "geometry": {"type": "Point", "coordinates": [147.84055, -40.75389]}, "properties": {"date": "1802-04-02", "date_republicaine": "12 germinal an X", "navire": "le Naturaliste", "table": "TABLE 32.e Suite des Routes du Naturaliste dans le détroit de Banks et dans celui de Bass. 1re Campagne", "page": 534, "remarque": "L'amplitude ortive a donné 8° 34', et l'amplitude occase 9° 9' pour la déclinaison de l'aimant. On n'a porté ci-contre que la moyenne.", "vents_etat_du_ciel": "N. ESE. ENE. Petit frais ; beau temps.", "barometre_hpa": "", "obs_latitude": "", "obs_longitude": "", "alerte": "", "journal_anonyme": "Tems beau, mer belle, petit frais dest à l’ENE notre grand canot et le canot du Geographe ont été mis à la mer pour faire le tour de Waterhouse afin de prendre les instructions que le commandant auroit… …pu y laisser. A 5h¾ mouillé un ancre à jet par 20 b fond de sable gris mellé de coquilles brisée et filé 60 b de grelin. Relevement du mouillage. Lext occid. des iles Furneaux N16ºE. Lext orientale au N56ºE. Lext orient. visib. terre Diemen N78ºE. Lext occi. S52ºO. Lext N. de Waterhouse S87ºE. Lext sud S23ºE. Lisle Plate au S66ºE. A 10h du matin les deux grand canots sont revenus sans avoir rien trouvé qui indiquat que le commandant y avoit passé"}}, {"type": "Feature", "geometry": {"type": "Point", "coordinates": [140.71777, -38.1269]}, "properties": {"date": "1802-04-03", "date_republicaine": "", "navire": "le Géographe", "table": "", "page": "", "remarque": "", "vents_etat_du_ciel": "", "barometre_hpa": "", "obs_latitude": "", "obs_longitude": "", "alerte": "position extrapolée : contournement de côte entre le 1802-04-02 et le 1802-04-03 (détour de 5 km)", "thermometre": "", "section": "", "extrapole": true}}, {"type": "Feature", "geometry": {"type": "Point", "coordinates": [140.19, -37.87444]}, "properties": {"date": "1802-04-03", "date_republicaine": "13 germinal an X", "navire": "le Géographe", "table": "14 - Routes du Géographe à la Terre Napoléon, 1re campagne", "page": 499, "remarque": "Les courans nous portent fortement dans l'Ouest.", "vents_etat_du_ciel": "ENE. NE. N. ONO. OSO. SO. E. Presque calme ; b. temps.", "barometre_hpa": 1028.6, "obs_latitude": "", "obs_longitude": "", "alerte": "", "thermometre": "14,9"}}, {"type": "Feature", "geometry": {"type": "Point", "coordinates": [147.8209, -40.74222]}, "properties": {"date": "1802-04-03", "date_republicaine": "", "navire": "le Naturaliste", "table": "", "page": "", "remarque": "", "vents_etat_du_ciel": "", "barometre_hpa": "", "obs_latitude": "", "obs_longitude": "", "alerte": "point ajouté pour une entrée du journal anonyme ; position interpolée entre les deux relevés encadrants", "thermometre": "", "journal_anonyme": "21 Tems beau petit frais à varié du NNE à lESE notre grand canot à été expédié pour le port Dalrymple", "extrapole": true}}, {"type": "Feature", "geometry": {"type": "Point", "coordinates": [140.64416, -37.93833]}, "properties": {"date": "1802-04-04", "date_republicaine": "14 germinal an X", "navire": "le Géographe", "table": "14 - Routes du Géographe à la Terre Napoléon, 1re campagne", "page": 499, "remarque": "", "vents_etat_du_ciel": "E. NNE. N. SO. OSO. SE. E. ENE. Presque calme ; beau temps.", "barometre_hpa": 1022.6, "obs_latitude": "", "obs_longitude": "", "alerte": "", "thermometre": "14,5"}}, {"type": "Feature", "geometry": {"type": "Point", "coordinates": [147.80124, -40.73055]}, "properties": {"date": "1802-04-04", "date_republicaine": "", "navire": "le Naturaliste", "table": "", "page": "", "remarque": "", "vents_etat_du_ciel": "", "barometre_hpa": "", "obs_latitude": "", "obs_longitude": "", "alerte": "point ajouté pour une entrée du journal anonyme ; position interpolée entre les deux relevés encadrants", "thermometre": "", "journal_anonyme": "Beau tems petits frais et variables de lest au nord . On à tenu un feu à la corne jusqua larrivée de notre canot qui étoit de retour à 1h du matin", "extrapole": true}}, {"type": "Feature", "geometry": {"type": "Point", "coordinates": [140.18305, -37.80861]}, "properties": {"date": "1802-04-05", "date_republicaine": "15 germinal an X", "navire": "le Géographe", "table": "14 - Routes du Géographe à la Terre Napoléon, 1re campagne", "page": 499, "remarque": "", "vents_etat_du_ciel": "NNE. N. SO. NNE. NNO. N. O. Presque calme ; ciel couvert, pluie.", "barometre_hpa": 1037.6, "obs_latitude": "*", "obs_longitude": "*", "alerte": "", "thermometre": "14,0"}}, {"type": "Feature", "geometry": {"type": "Point", "coordinates": [147.78159, -40.71889]}, "properties": {"date": "1802-04-05", "date_republicaine": "", "navire": "le Naturaliste", "table": "", "page": "", "remarque": "", "vents_etat_du_ciel": "", "barometre_hpa": "", "obs_latitude": "", "obs_longitude": "", "alerte": "point ajouté pour une entrée du journal anonyme ; position interpolée entre les deux relevés encadrants", "thermometre": "", "journal_anonyme": "Beau tems, petit frais du nord au ONO. Calme le restant du jour. A 7h½ la brise s’est élevé de ENE. Nous avons tiré un coup de canon pour appeller le poussepied et hissé nos huniers à 11h le poussepied etant de retour à été embarqué", "extrapole": true}}, {"type": "Feature", "geometry": {"type": "Point", "coordinates": [140.00389, -37.5]}, "properties": {"date": "1802-04-06", "date_republicaine": "16 germinal an X", "navire": "le Géographe", "table": "14 - Routes du Géographe à la Terre Napoléon, 1re campagne", "page": 499, "remarque": "", "vents_etat_du_ciel": "SSO. S. SE. SSE. Petit frais ; ESE. Joli frais ; b. temps.", "barometre_hpa": 1018.0, "obs_latitude": "*", "obs_longitude": "", "alerte": "", "thermometre": "14,0"}}, {"type": "Feature", "geometry": {"type": "Point", "coordinates": [147.76194, -40.70722]}, "properties": {"date": "1802-04-06", "date_republicaine": "16 germinal an X", "navire": "le Naturaliste", "table": "TABLE 32.e Suite des Routes du Naturaliste dans le détroit de Banks et dans celui de Bass. 1re Campagne", "page": 534, "remarque": "Apparcillé pour nous rendre devant le port Western.", "vents_etat_du_ciel": "Calme et folles ventes du N. à l'O. ; ciel couvert et temps brumeux ; pluie continuelle.", "barometre_hpa": 1013.5, "obs_latitude": "*", "obs_longitude": "*", "alerte": "", "thermometre": "14,0", "journal_anonyme": "Beau tems, petit frais dENE à lESE. A 1h½ appareillé et mis tout dehors bonnettes à basbord. Il à calmi tout à coup. A 6h½ relevé [lisle] le milieu de lisle Waterhouse au N76ºE à environ 5 milles lisle Platte au S66 º[milles]O à 7 milles , la brise ayant fraichi mis tout dehors. A 2h étant très près de lisle Platte à une mille et ne pouvant la doubler nous avons viré lof pour lof et fait de la voile pour nous elever"}}, {"type": "Feature", "geometry": {"type": "Point", "coordinates": [139.73793, -37.29294]}, "properties": {"date": "1802-04-07", "date_republicaine": "", "navire": "le Géographe", "table": "", "page": "", "remarque": "", "vents_etat_du_ciel": "", "barometre_hpa": "", "obs_latitude": "", "obs_longitude": "", "alerte": "position extrapolée : contournement de côte entre le 1802-04-06 et le 1802-04-07 (détour de 5 km)", "thermometre": "", "section": "", "extrapole": true}}, {"type": "Feature", "geometry": {"type": "Point", "coordinates": [139.56222, -37.03194]}, "properties": {"date": "1802-04-07", "date_republicaine": "17 germinal an X", "navire": "le Géographe", "table": "14 - Routes du Géographe à la Terre Napoléon, 1re campagne", "page": 499, "remarque": "", "vents_etat_du_ciel": "SE. E. SSE. S. SE. Joli frais ; beau temps.", "barometre_hpa": 1018.0, "obs_latitude": "", "obs_longitude": "", "alerte": "", "thermometre": "13,0"}}, {"type": "Feature", "geometry": {"type": "Point", "coordinates": [146.97694, -40.84694]}, "properties": {"date": "1802-04-07", "date_republicaine": "17 germinal an X", "navire": "le Naturaliste", "table": "TABLE 32.e Suite des Routes du Naturaliste dans le détroit de Banks et dans celui de Bass. 1re Campagne", "page": 534, "remarque": "", "vents_etat_du_ciel": "S. SE. ESE. Joli frais ; temps couvert ; pluie dans l'après-midi.", "barometre_hpa": 1016.5, "obs_latitude": "*", "obs_longitude": "*", "alerte": "", "journal_anonyme": "Tems couvert brise foible du N au sud par lest. A 5h la fraicheur s’est élevé du OSO. Nous avons tenu le plus près basbord. Pendant la nuit joli frais de sud au SSE et SE. A minuit mis en panne le grand hunier sur le mat à 2h fait servir et amuré les basses voiles. A 9h½ du matin étant par le travers du port Dalrymple et appercevant notre canot, cargué nos basses voiles et tiré un coup de pierrier à 10h pris lof pour lof strib amures la panne sur le gd hunier. [A 11h] Le grand canot est arrivée il à été de suite embarqué à 11h fait servir et mis tout dehors bonnettes à strib. 21 En marge: A lancre devant Waterhouse. 59"}}, {"type": "Feature", "geometry": {"type": "Point", "coordinates": [139.39639, -36.02278]}, "properties": {"date": "1802-04-08", "date_republicaine": "18 germinal an X", "navire": "le Géographe", "table": "14 - Routes du Géographe à la Terre Napoléon, 1re campagne", "page": 499, "remarque": "A 6 heures du soir, rencontré la corvette l'Investigator, commandée par le capitaine FLINDERS, naviguant, comme nous, en découvertes.", "vents_etat_du_ciel": "SE. S. SO. SSE. SE. Bon frais ; beau temps.", "barometre_hpa": 1019.6, "obs_latitude": "", "obs_longitude": "*", "alerte": "", "thermometre": "13,0"}}, {"type": "Feature", "geometry": {"type": "Point", "coordinates": [146.47889, -39.35]}, "properties": {"date": "1802-04-08", "date_republicaine": "18 germinal an X", "navire": "le Naturaliste", "table": "TABLE 32.e Suite des Routes du Naturaliste dans le détroit de Banks et dans celui de Bass. 1re Campagne", "page": 534, "remarque": "", "vents_etat_du_ciel": "ESE. ENE. E. Joli frais et bon frais ; ciel nuageux, temps gras.", "barometre_hpa": "", "obs_latitude": "△", "obs_longitude": "△", "alerte": "", "journal_anonyme": "Tems couvert et brumeux petite pluie joli f rais de SE à lest et lESE à fraichi à 7h apperçu la terre dans le N10ºE. A midi relevé li sle (A) au S66ºE. Une isle basse (G) au N70ºE. Une autre pain de sucre au N58º E. (M) au N50º E. Le promontoire Wilson N35ºE. Un rocher blanc très remarquable . Percé dans la partie O N7ºE. Le promontoire Wilson daprès les observations du Cen St Criq [Cricq] situé par 39º 10’ 54” de late sud. et 147º 37’ 31” longe est. Lilot à git par 39º 26’ 57” de late et 144º 52’ longe E"}}, {"type": "Feature", "geometry": {"type": "Point", "coordinates": [138.40278, -35.58333]}, "properties": {"date": "1802-04-09", "date_republicaine": "19 germinal an X", "navire": "le Géographe", "table": "14 - Routes du Géographe à la Terre Napoléon, 1re campagne", "page": 499, "remarque": "", "vents_etat_du_ciel": "SE. SSO. S. Brise inégale et variable ; beau temps.", "barometre_hpa": 1018.0, "obs_latitude": "", "obs_longitude": "*", "alerte": "", "thermometre": "13,5"}}, {"type": "Feature", "geometry": {"type": "Point", "coordinates": [145.52555, -38.78333]}, "properties": {"date": "1802-04-09", "date_republicaine": "19 germinal an X", "navire": "le Naturaliste", "table": "TABLE 32.e Suite des Routes du Naturaliste dans le détroit de Banks et dans celui de Bass. 1re Campagne", "page": 534, "remarque": "Arrivé devant le port Western, en vue duquel nous avons louvoyé jusqu'au 17 avril au soir.", "vents_etat_du_ciel": "ESE. NNE. Joli frais ; à midi, calme plat ; fraîcheurs du SSE. au S. et à l'E. ; temps couvert et pluie le matin, ensuite beau temps.", "barometre_hpa": 1007.5, "obs_latitude": "", "obs_longitude": "△", "alerte": "", "journal_anonyme": "Tems beau mer belle joli frais de lest au SE et NE. Le canot du Geographe à été mis à la mer avec quinze jours de vivres aux ordres du Cen St Criq [Cricq] lieut. et Boulanger geographe pour determiner la position du promontoire à 9h du soir pris strib amures la panne sur le grand hunier la sonde à rapporté 40 b. fond de roches à 6h fait servir et fait de la voile à midi relevé le cap (B) N41ºE lisle Western N46ºO. à environ 10 milles"}}, {"type": "Feature", "geometry": {"type": "Point", "coordinates": [138.1575, -35.64722]}, "properties": {"date": "1802-04-10", "date_republicaine": "20 germinal an X", "navire": "le Géographe", "table": "14 - Routes du Géographe à la Terre Napoléon, 1re campagne", "page": 499, "remarque": "Jeté l'ancre dans la baie Du-Guay-Trouin sur l'île Decrès.", "vents_etat_du_ciel": "S. SSE. E. Presque calme ; ciel nuageux, beau temps.", "barometre_hpa": 1015.0, "obs_latitude": "", "obs_longitude": "", "alerte": "", "thermometre": "14,0"}}, {"type": "Feature", "geometry": {"type": "Point", "coordinates": [145.31166, -38.65]}, "properties": {"date": "1802-04-10", "date_republicaine": "20 germinal an X", "navire": "le Naturaliste", "table": "TABLE 32.e Suite des Routes du Naturaliste dans le détroit de Banks et dans celui de Bass. 1re Campagne", "page": 534, "remarque": "Cette variation de la boussole est moyenne entre quatre observations d'azimuth.", "vents_etat_du_ciel": "Calme ; petites fraîcheurs de différens points du compas ; l'après-midi, ONO. SO. S. petit frais ; beau temps ; le soir, éclairs dans le NE. ; horizon un peu brumeux.", "barometre_hpa": "", "obs_latitude": "", "obs_longitude": "△", "alerte": "", "journal_anonyme": "Beau tems, belle mer petit frais dESE. Le gd et le petit canot ont été mis à la mer lun sous les ordres du Cen Milius capitaine de frégatte et lautre sous ceux du Cen Brévédent [Brèvedent] aspirant sont partis pour reconnoitre le port Western. Lisle Western git par 38º 35’ 10” de latitude et 143 º 21’ 55” de long e.daprès les observations du Cen St Criq [Cricq]. Le cap A git 38º 53’ 30” de late. et par 144º 13’ 48” long est"}}, {"type": "Feature", "geometry": {"type": "Point", "coordinates": [137.72861, -35.66333]}, "properties": {"date": "1802-04-11", "date_republicaine": "21 germinal an X", "navire": "le Géographe", "table": "14 - Routes du Géographe à la Terre Napoléon, 1re campagne", "page": 499, "remarque": "", "vents_etat_du_ciel": "N. NNE. Petit frais, joli frais ; ciel couvert, éclairs dans le NO. ; temps à grains, pluie.", "barometre_hpa": 1007.5, "obs_latitude": "", "obs_longitude": "", "alerte": "", "thermometre": "14,0"}}, {"type": "Feature", "geometry": {"type": "Point", "coordinates": [145.47722, -38.92833]}, "properties": {"date": "1802-04-11", "date_republicaine": "21 germinal an X", "navire": "le Naturaliste", "table": "Suite de la TABLE 32.e Routes du Naturaliste dans le détroit de Banks et dans celui de Bass. 1re Campagne", "page": 535, "remarque": "", "vents_etat_du_ciel": "Petit frais du SSO. à l'O., interrompu par des calmes fréquens ; beau temps ; ciel nuageux.", "barometre_hpa": "", "obs_latitude": "", "obs_longitude": "△", "alerte": "", "journal_anonyme": "Beau tems, belle mer petit frais du SO au sud et à louest. A 4h relevé lisle Western au N8ºO à environ 14 milles à minuit mis en panne strib au vent. A 4h changé de panne à 7h du matin fait servir à midi lisle Western N47ºO le cap Bon N75ºO"}}, {"type": "Feature", "geometry": {"type": "Point", "coordinates": [137.95666, -35.45]}, "properties": {"date": "1802-04-12", "date_republicaine": "22 germinal an X", "navire": "le Géographe", "table": "14 - Routes du Géographe à la Terre Napoléon, 1re campagne", "page": 499, "remarque": "Entré dans le golfe Joséphine.", "vents_etat_du_ciel": "O. NO. N. SSO. S. SSE. Brise inégale et foible ; b. temps.", "barometre_hpa": 1006.0, "obs_latitude": "", "obs_longitude": "", "alerte": "", "thermometre": "14,0"}}, {"type": "Feature", "geometry": {"type": "Point", "coordinates": [145.25555, -38.65]}, "properties": {"date": "1802-04-12", "date_republicaine": "22 germinal an X", "navire": "le Naturaliste", "table": "Suite de la TABLE 32.e Routes du Naturaliste dans le détroit de Banks et dans celui de Bass. 1re Campagne", "page": 535, "remarque": "", "vents_etat_du_ciel": "Petit frais du OSO. NNO. NO. O. S. SSE., interrompu par des calmes ; temps couvert ; pluie ; le soir, éclairs et tonnerre dans le NE.", "barometre_hpa": "", "obs_latitude": "", "obs_longitude": "△", "alerte": "", "journal_anonyme": "Beau tems belle mer, petit frais de SO au SSO et NO. A 6h relevé le milieu de lisle Western au N10ºO. à environ 9 milles. A midi nous lavons relevé du N2ºE au N7ºO à 3 milles"}}, {"type": "Feature", "geometry": {"type": "Point", "coordinates": [138.30944, -32.2]}, "properties": {"date": "1802-04-13", "date_republicaine": "23 germinal an X", "navire": "le Géographe", "table": "14 - Routes du Géographe à la Terre Napoléon, 1re campagne", "page": 499, "remarque": "", "vents_etat_du_ciel": "SSE. S. Bon frais par grains ; joli frais ; ciel nuageux.", "barometre_hpa": 1020.5, "obs_latitude": "", "obs_longitude": "", "alerte": "", "thermometre": "13,0"}}, {"type": "Feature", "geometry": {"type": "Point", "coordinates": [145.46389, -38.75]}, "properties": {"date": "1802-04-13", "date_republicaine": "23 germinal an X", "navire": "le Naturaliste", "table": "Suite de la TABLE 32.e Routes du Naturaliste dans le détroit de Banks et dans celui de Bass. 1re Campagne", "page": 535, "remarque": "", "vents_etat_du_ciel": "S. SSO. Bon frais par risées ; joli frais le soir ; ciel nuageux.", "barometre_hpa": "", "obs_latitude": "△", "obs_longitude": "△", "alerte": "", "journal_anonyme": "Beau tems, belle mer, presque calme. A midi et demi mis en panne strib au vent à 3h fait servir avec des vents du sud au SSE et SSO. On appercu le canot du Geographe on à mis en panne et à 4h il à été embarqué . A 2h du matin pris la panne strib au vent à 4h changé de panne à midi lisle Western au 35ºO à environ 8 milles"}}, {"type": "Feature", "geometry": {"type": "Point", "coordinates": [137.91389, -35.05556]}, "properties": {"date": "1802-04-14", "date_republicaine": "24 germinal an X", "navire": "le Géographe", "table": "14 - Routes du Géographe à la Terre Napoléon, 1re campagne", "page": 499, "remarque": "", "vents_etat_du_ciel": "SE. ESE. Joli frais, petit frais ; temps à grains, pluie.", "barometre_hpa": 1030.1, "obs_latitude": "*", "obs_longitude": "*", "alerte": "", "thermometre": "12,5"}}, {"type": "Feature", "geometry": {"type": "Point", "coordinates": [145.37055, -38.69167]}, "properties": {"date": "1802-04-14", "date_republicaine": "24 germinal an X", "navire": "le Naturaliste", "table": "Suite de la TABLE 32.e Routes du Naturaliste dans le détroit de Banks et dans celui de Bass. 1re Campagne", "page": 535, "remarque": "", "vents_etat_du_ciel": "S. SO. Petit frais et foible brise ; l'après-midi, calme ; beau temps, ciel nuageux.", "barometre_hpa": 1022.6, "obs_latitude": "△", "obs_longitude": "△", "alerte": "", "journal_anonyme": "Tems beau ciel nuageux bon frais du SSO au sud et SO. Nous avons louvoyé toute la nuit par le travers du port Western à 4h mis en panne à 6h fait servir. A midi relevé lisle Western du N21ºO au N30ºO. à 3 milles le cap de la Roche au N89ºE. 60"}}, {"type": "Feature", "geometry": {"type": "Point", "coordinates": [137.29278, -35.51139]}, "properties": {"date": "1802-04-15", "date_republicaine": "25 germinal an X", "navire": "le Géographe", "table": "14 - Routes du Géographe à la Terre Napoléon, 1re campagne", "page": 499, "remarque": "En vue des îles Vauban.", "vents_etat_du_ciel": "ESE. Joli frais ; beau temps.", "barometre_hpa": 1028.6, "obs_latitude": "", "obs_longitude": "", "alerte": "", "thermometre": "12,0"}}, {"type": "Feature", "geometry": {"type": "Point", "coordinates": [145.25889, -38.605]}, "properties": {"date": "1802-04-15", "date_republicaine": "25 germinal an X", "navire": "le Naturaliste", "table": "Suite de la TABLE 32.e Routes du Naturaliste dans le détroit de Banks et dans celui de Bass. 1re Campagne", "page": 535, "remarque": "", "vents_etat_du_ciel": "Calme ; ESE. SE. E. Joli fr. ; temps couvert.", "barometre_hpa": 1019.6, "obs_latitude": "△", "obs_longitude": "△", "alerte": "", "journal_anonyme": "Beau tems, ciel nuageux, mer belle petit frais du SO au SE par le[s] sud. A 11h½ mis en panne basbord amures lisle Western du N3ºO au N23E. à un demi mille"}}, {"type": "Feature", "geometry": {"type": "Point", "coordinates": [136.69278, -35.2525]}, "properties": {"date": "1802-04-16", "date_republicaine": "26 germinal an X", "navire": "le Géographe", "table": "14 - Routes du Géographe à la Terre Napoléon, 1re campagne", "page": 500, "remarque": "Entré dans le golfe Bonaparte, en passant à l'E. des îles Berthier.", "vents_etat_du_ciel": "ESE. ENE. N. Joli frais, mollissant par degrés. N. SSO. S. Presque calme ; b. temps.", "barometre_hpa": 1022.6, "obs_latitude": "", "obs_longitude": "", "alerte": "", "thermometre": "14,8"}}, {"type": "Feature", "geometry": {"type": "Point", "coordinates": [145.31055, -38.75]}, "properties": {"date": "1802-04-16", "date_republicaine": "26 germinal an X", "navire": "le Naturaliste", "table": "Suite de la TABLE 32.e Routes du Naturaliste dans le détroit de Banks et dans celui de Bass. 1re Campagne", "page": 535, "remarque": "", "vents_etat_du_ciel": "NE. E. ENE. Bon frais ; joli frais le soir ; beau temps.", "barometre_hpa": "", "obs_latitude": "", "obs_longitude": "△", "alerte": "", "journal_anonyme": "Beau tems, le vent joli frais du SE à lest au NE par le nord. A midi fait servir. A midi relevé lisle Western au N7ºE à 9 milles lext occid. du continen au N62ºO"}}, {"type": "Feature", "geometry": {"type": "Point", "coordinates": [137.12889, -34.71278]}, "properties": {"date": "1802-04-17", "date_republicaine": "27 germinal an X", "navire": "le Géographe", "table": "14 - Routes du Géographe à la Terre Napoléon, 1re campagne", "page": 500, "remarque": "En vue de l'île Dalberg.", "vents_etat_du_ciel": "S. SE. Foible brise ; b. temps.", "barometre_hpa": 1024.1, "obs_latitude": "", "obs_longitude": "", "alerte": "", "thermometre": "13,5"}}, {"type": "Feature", "geometry": {"type": "Point", "coordinates": [145.50389, -38.70472]}, "properties": {"date": "1802-04-17", "date_republicaine": "27 germinal an X", "navire": "le Naturaliste", "table": "Suite de la TABLE 32.e Routes du Naturaliste dans le détroit de Banks et dans celui de Bass. 1re Campagne", "page": 535, "remarque": "A 8 h. du soir, mis en route pour le Port Jackson.", "vents_etat_du_ciel": "ENE. NE. Petit frais ; ONO. NO. OSO. Bon fr. ; O. SO. Joli frais ; beau temps.", "barometre_hpa": 1019.6, "obs_latitude": "", "obs_longitude": "△", "alerte": "", "thermometre": "13,1", "journal_anonyme": "Tems beau, la mer belle et le vent bon frais . De lest au NE et au NO par le nord à 3h de laprès midi laissé porté sur lisle Western à 5h tenu le plus près basbord amures. A midi relevé lisle Western du N53ºO au N56ºO . Daprès le relevemen du promontoire qui nous restoit à un mille au N du monde jen ai conclu la latitude de 39º 10’ 26”"}}, {"type": "Feature", "geometry": {"type": "Point", "coordinates": [137.27722, -34.19389]}, "properties": {"date": "1802-04-18", "date_republicaine": "28 germinal an X", "navire": "le Géographe", "table": "14 - Routes du Géographe à la Terre Napoléon, 1re campagne", "page": 500, "remarque": "", "vents_etat_du_ciel": "SE. E. ONO. SO. S. SSE. Foibles et variables ; b. temps.", "barometre_hpa": 1021.1, "obs_latitude": "", "obs_longitude": "", "alerte": "", "thermometre": "14,0"}}, {"type": "Feature", "geometry": {"type": "Point", "coordinates": [146.26611, -39.12556]}, "properties": {"date": "1802-04-18", "date_republicaine": "28 germinal an X", "navire": "le Naturaliste", "table": "Suite de la TABLE 32.e Routes du Naturaliste dans le détroit de Banks et dans celui de Bass. 1re Campagne", "page": 535, "remarque": "", "vents_etat_du_ciel": "SO. SSO. Petit frais ; dans la matinée, calme jusqu'au soir ; ciel nuageux.", "barometre_hpa": 1019.6, "obs_latitude": "*", "obs_longitude": "*", "alerte": "", "journal_anonyme": "Beau tems, belle mer joli frais du OSO au SO. Les deux canots sont arrivés à 5h¼ on les à de suite embarqué à minuit mis en panne strib au vent à 4h½ fait servir et pris lof pour lof strib amures. Et fait route pour sortir du détroit"}}, {"type": "Feature", "geometry": {"type": "Point", "coordinates": [136.78055, -34.7425]}, "properties": {"date": "1802-04-19", "date_republicaine": "29 germinal an X", "navire": "le Géographe", "table": "14 - Routes du Géographe à la Terre Napoléon, 1re campagne", "page": 500, "remarque": "", "vents_etat_du_ciel": "NO. ONO. OSO. SO. Bon fr. ; temps à grains, ciel couv., pluie très-froide la nuit.", "barometre_hpa": 1015.0, "obs_latitude": "*", "obs_longitude": "*", "alerte": "", "thermometre": "12,3"}}, {"type": "Feature", "geometry": {"type": "Point", "coordinates": [146.79389, -39.24028]}, "properties": {"date": "1802-04-19", "date_republicaine": "29 germinal an X", "navire": "le Naturaliste", "table": "Suite de la TABLE 32.e Routes du Naturaliste dans le détroit de Banks et dans celui de Bass. 1re Campagne", "page": 535, "remarque": "A 11 h. du matin, doublé le promontoire de Wilson, à une lieue de distance.", "vents_etat_du_ciel": "N. NE. NO. NE. O. SO. Joli frais ; beau temps ; ciel nuageux.", "barometre_hpa": 1010.5, "obs_latitude": "", "obs_longitude": "△", "alerte": "", "journal_anonyme": "Tems beau, mer belle, calme plat. A 1h½ la brise s’est élevé du SO. Mis tout dehors. A 7h du soir cargué et serré les perroquets et dégr eé le grand pour le raccommoder. A 9h½ la brise s’est elevé du nord à [un mot illisible] le promontoire au N85ºE à 5 lieues nous avons pris lof pour lof basbord amures nous avons passé au milieu des ilots et rochers du promontoire. A midi relevé deux rochers l’un au N42ºE. lautre N78ºO à ½ mille. Le promontoire au N[illisible] à 9 milles le pain de sucre au N88ºO lilot A au S25ºE le rocher D au S57ºE une iles H au N70ºE"}}, {"type": "Feature", "geometry": {"type": "Point", "coordinates": [137.15389, -34.64889]}, "properties": {"date": "1802-04-20", "date_republicaine": "30 germinal an X", "navire": "le Géographe", "table": "14 - Routes du Géographe à la Terre Napoléon, 1re campagne", "page": 500, "remarque": "", "vents_etat_du_ciel": "SSO. SO. Grand frais par rafales ; grains avec pluie ; temps couvert.", "barometre_hpa": 1018.0, "obs_latitude": "", "obs_longitude": "△", "alerte": "", "thermometre": "10,8"}}, {"type": "Feature", "geometry": {"type": "Point", "coordinates": [149.00389, -37.95]}, "properties": {"date": "1802-04-20", "date_republicaine": "30 germinal an X", "navire": "le Naturaliste", "table": "Suite de la TABLE 32.e Routes du Naturaliste dans le détroit de Banks et dans celui de Bass. 1re Campagne", "page": 535, "remarque": "A 6 h. du soir, en vue du cap Howe.", "vents_etat_du_ciel": "SO. NO. ONO. OSO. NO. Grand frais et bon fr. ; temps couvert et à grains.", "barometre_hpa": 1001.5, "obs_latitude": "", "obs_longitude": "△", "alerte": "", "journal_anonyme": "Beau tems, belle mer joli frais du NE au O. SO . et NO. A 10h le vent grand frais par raffal les tems couvert et à grains, la mer grosse beaucoup de pluie à 6h du matin on à apperçu la terre au vent à 8h elle sétendoit du N23º E au N45ºO. Le vent toujours bon frais. A midi la terre du N22ºO au N70ºE"}}, {"type": "Feature", "geometry": {"type": "Point", "coordinates": [137.02889, -34.72278]}, "properties": {"date": "1802-04-21", "date_republicaine": "1er floréal an X", "navire": "le Géographe", "table": "14 - Routes du Géographe à la Terre Napoléon, 1re campagne", "page": 500, "remarque": "", "vents_etat_du_ciel": "SSO. SO. Bon frais par rafales ; grains et pluie.", "barometre_hpa": 1019.6, "obs_latitude": "", "obs_longitude": "△", "alerte": "", "thermometre": "12,0"}}, {"type": "Feature", "geometry": {"type": "Point", "coordinates": [151.1461, -33.8667]}, "properties": {"date": "1802-04-21", "date_republicaine": "", "navire": "le Naturaliste", "table": "", "page": "", "remarque": "", "vents_etat_du_ciel": "", "barometre_hpa": "", "obs_latitude": "", "obs_longitude": "", "alerte": "point ajouté pour une entrée du journal anonyme ; position escale de Port Jackson", "thermometre": "", "journal_anonyme": "Tems couvert et à grains bon frais de NO. A 4h relevé le cap Howe N32ºE lext visi de la terre au S76ºO à 4h½ le tems s’est embelli. A midi terre visible du N45ºO au S61ºO. A midi nous avons trouvé la meme latitude, la même longitude et la meme variation que Cook trouva. Nous étions aussi à la même distce de terre et le même mois", "extrapole": true}}, {"type": "Feature", "geometry": {"type": "Point", "coordinates": [136.66416, -34.64083]}, "properties": {"date": "1802-04-22", "date_republicaine": "2 floréal an X", "navire": "le Géographe", "table": "14 - Routes du Géographe à la Terre Napoléon, 1re campagne", "page": 500, "remarque": "", "vents_etat_du_ciel": "SSO. SO. S. Bon frais par rafales ; temps à grains, pluie par intervalles.", "barometre_hpa": 1013.5, "obs_latitude": "", "obs_longitude": "", "alerte": "", "thermometre": "11,5"}}, {"type": "Feature", "geometry": {"type": "Point", "coordinates": [151.1461, -33.8667]}, "properties": {"date": "1802-04-22", "date_republicaine": "", "navire": "le Naturaliste", "table": "", "page": "", "remarque": "", "vents_etat_du_ciel": "", "barometre_hpa": "", "obs_latitude": "", "obs_longitude": "", "alerte": "point ajouté pour une entrée du journal anonyme ; position escale de Port Jackson", "thermometre": "", "journal_anonyme": "Tems couvert, bon frais de SO au O et NO à 4h du matin le mont Dromadaire nous restoit au S54ºO le Colombier au N18ºO à 5h½ grand frais dO. La 61 mer grosse à 3h¼ du matin le vent ayant un peu molli appareillé le peroquet de fougue au point du jour la terre à perte de vue dans louest (d’en haut) à 5h elle sétendoit du O au N45º O à 11h pris strib amures", "extrapole": true}}, {"type": "Feature", "geometry": {"type": "Point", "coordinates": [136.53722, -34.84111]}, "properties": {"date": "1802-04-23", "date_republicaine": "3 floréal an X", "navire": "le Géographe", "table": "14 - Routes du Géographe à la Terre Napoléon, 1re campagne", "page": 500, "remarque": "", "vents_etat_du_ciel": "SSO. S. SE. Joli frais ; ciel nuageux ; beau temps.", "barometre_hpa": 1022.6, "obs_latitude": "", "obs_longitude": "", "alerte": "", "thermometre": "11,6"}}, {"type": "Feature", "geometry": {"type": "Point", "coordinates": [151.1461, -33.8667]}, "properties": {"date": "1802-04-23", "date_republicaine": "", "navire": "le Naturaliste", "table": "", "page": "", "remarque": "", "vents_etat_du_ciel": "", "barometre_hpa": "", "obs_latitude": "", "obs_longitude": "", "alerte": "point ajouté pour une entrée du journal anonyme ; position escale de Port Jackson", "thermometre": "", "journal_anonyme": "Beau tems, belle mer, bon frais du NO au NNO. A 5h du soir le cap George au S82ºO. A 8h pris lof pour lof strib. amures. Serré le gd perroquet et cargué le grand hunier pour le raccommoder à midi la terre à vue du S15ºO au N45ºO", "extrapole": true}}, {"type": "Feature", "geometry": {"type": "Point", "coordinates": [136.47889, -35.42361]}, "properties": {"date": "1802-04-24", "date_republicaine": "4 floréal an X", "navire": "le Géographe", "table": "14 - Routes du Géographe à la Terre Napoléon, 1re campagne", "page": 500, "remarque": "En vue des îles Berthier. Sorti du golfe Bonaparte.", "vents_etat_du_ciel": "SSE. ESE. SE. Jolie brise ; ciel nuageux, beau temps.", "barometre_hpa": 1028.6, "obs_latitude": "", "obs_longitude": "", "alerte": "", "thermometre": "12,5"}}, {"type": "Feature", "geometry": {"type": "Point", "coordinates": [151.1461, -33.8667]}, "properties": {"date": "1802-04-24", "date_republicaine": "", "navire": "le Naturaliste", "table": "", "page": "", "remarque": "", "vents_etat_du_ciel": "", "barometre_hpa": "", "obs_latitude": "", "obs_longitude": "", "alerte": "point ajouté pour une entrée du journal anonyme ; position escale de Port Jackson", "thermometre": "", "journal_anonyme": "Tems beau mer belle, pris vent devant strib amures. Bon frais du SO au O et SSO. A 4h½ le milieu de lentrée du Port Jackson au S73ºO. A 5h du soir nous avons entendu tirer un salu de 9 coups de canon nous avons pensé que cétoit en lhonneur de la fete St George. A 7h½ du soir le tems s’est couvert et le vent grand frais nous sommes restés sous les voiles majeures. A 6h½ mis en panne et mis le grand canot à la mer monsieur Milius alloit sy embarquer pour se rendre au Port Jackson mais la pluie survint on fila le canot de l’arriere à 8h du matin ayant appercu une embarquation qui portoit sur nous nous avons mis en panne le pilotte est monté à bord aussitot louvoyer pour nous elever à 11h¾ sous Northead [North Head] ayant manqué vent devant pris lof pour lof dans ce dernier mouvement notre grand canot qui étoit… …à la remorque à chaviré la bosse à cassé notre petit canot accompagné du canot anglais à été sauvé les canotiers et prendre le canot coulé à la remorque pour le conduire à terre", "extrapole": true}}, {"type": "Feature", "geometry": {"type": "Point", "coordinates": [135.9225, -35.3175]}, "properties": {"date": "1802-04-25", "date_republicaine": "5 floréal an X", "navire": "le Géographe", "table": "14 - Routes du Géographe à la Terre Napoléon, 1re campagne", "page": 500, "remarque": "En vue des îles Catinat.", "vents_etat_du_ciel": "E. ESE. ENE. E. Joli frais ; ciel nuageux, beau temps.", "barometre_hpa": 1033.1, "obs_latitude": "", "obs_longitude": "", "alerte": "", "thermometre": "12,0"}}, {"type": "Feature", "geometry": {"type": "Point", "coordinates": [135.26694, -34.82139]}, "properties": {"date": "1802-04-26", "date_republicaine": "6 floréal an X", "navire": "le Géographe", "table": "14 - Routes du Géographe à la Terre Napoléon, 1re campagne", "page": 500, "remarque": "En vue des îles Laplace.", "vents_etat_du_ciel": "ENE. ESE. SSE. E. Petit fr. ; beau temps.", "barometre_hpa": 1030.1, "obs_latitude": "*", "obs_longitude": "*", "alerte": "", "thermometre": "14,0"}}, {"type": "Feature", "geometry": {"type": "Point", "coordinates": [151.1461, -33.8667]}, "properties": {"date": "1802-04-26", "date_republicaine": "", "navire": "le Naturaliste", "table": "", "page": "", "remarque": "", "vents_etat_du_ciel": "", "barometre_hpa": "", "obs_latitude": "", "obs_longitude": "", "alerte": "point ajouté pour une entrée du journal anonyme ; position escale de Port Jackson", "thermometre": "", "journal_anonyme": "22 Tems couvert et à grains, la mer grosse bon frais du SO au SSE. A 1h¾ le vent ayant adonné nous avons laissé porté sur lentrée du port et diminué de voile successivement à 3h½ étant doublé de très près South head [South Head] nous avons laissé tombé lancre à l’ouvert du canal. Par 10 b. fond de sable et filé 60 b de cable relevant South Head au S52ºE. Camp Cowe [Camp Cove] au S16ºE. Bradleys Head S36ºO George [Georges] Head S48ºO Midle Cap [Middle Head] au N65ºO North Head au N67ºE du compas. Aussitot les voiles serré on à mis le grand canot du Geographe à la mer et est parti pour Sydney Town le vent bon frais tems par grains et de la pluie. A lancre à lentrée du Port Jackson", "extrapole": true}}, {"type": "Feature", "geometry": {"type": "Point", "coordinates": [135.04448, -34.53157]}, "properties": {"date": "1802-04-27", "date_republicaine": "", "navire": "le Géographe", "table": "", "page": "", "remarque": "", "vents_etat_du_ciel": "", "barometre_hpa": "", "obs_latitude": "", "obs_longitude": "", "alerte": "position extrapolée : contournement de côte entre le 1802-04-26 et le 1802-04-27 (détour de 8 km)", "thermometre": "", "section": "", "extrapole": true}}, {"type": "Feature", "geometry": {"type": "Point", "coordinates": [134.86472, -33.92222]}, "properties": {"date": "1802-04-27", "date_republicaine": "7 floréal an X", "navire": "le Géographe", "table": "14 - Routes du Géographe à la Terre Napoléon, 1re campagne", "page": 500, "remarque": "Mouillé pendant la nuit dans l'E. et à 10 milles du cap du Vétéran.", "vents_etat_du_ciel": "ESE. E. ENE. SO. SSE. NNE. Presque calme ; b. temps.", "barometre_hpa": 1030.1, "obs_latitude": "", "obs_longitude": "", "alerte": "", "thermometre": "13,1"}}, {"type": "Feature", "geometry": {"type": "Point", "coordinates": [151.1461, -33.8667]}, "properties": {"date": "1802-04-27", "date_republicaine": "", "navire": "le Naturaliste", "table": "", "page": "", "remarque": "", "vents_etat_du_ciel": "", "barometre_hpa": "", "obs_latitude": "", "obs_longitude": "", "alerte": "point ajouté pour une entrée du journal anonyme ; position escale de Port Jackson", "thermometre": "", "journal_anonyme": "Tems couvert et à grainsvents bon frais du sud au SSO. Pluie presque continuelle. A 3h il est arrivé à bord […] pour inviter le capitaine de la part du colonel Paterson à diner chez lui mais le mauvais tems là empêché de se rendre à son invitation on à dégrée les perroquets et dépassé les mats dhune. Une ordonnance à apporté des paquets au cap ne pour apprendre l’arrivée du gouverneur à Sidney [Sydney] Town (il étoit à la campagne lors de notre arrivee au Port Jackson). Un bateau de peche mà reconduit à bord. 22 Sic. Il manque la journée du 4-5 floréal [24-25 avril 1802]. 62", "extrapole": true}}, {"type": "Feature", "geometry": {"type": "Point", "coordinates": [134.80722, -33.79306]}, "properties": {"date": "1802-04-28", "date_republicaine": "8 floréal an X", "navire": "le Géographe", "table": "14 - Routes du Géographe à la Terre Napoléon, 1re campagne", "page": 500, "remarque": "En vue des îles Jérôme.", "vents_etat_du_ciel": "NE. NNO. OSO. NE. Presque calme ; beau temps.", "barometre_hpa": 1025.6, "obs_latitude": "", "obs_longitude": "", "alerte": "", "thermometre": "13,6"}}, {"type": "Feature", "geometry": {"type": "Point", "coordinates": [151.1461, -33.8667]}, "properties": {"date": "1802-04-28", "date_republicaine": "", "navire": "le Naturaliste", "table": "", "page": "", "remarque": "", "vents_etat_du_ciel": "", "barometre_hpa": "", "obs_latitude": "", "obs_longitude": "", "alerte": "point ajouté pour une entrée du journal anonyme ; position escale de Port Jackson", "thermometre": "", "journal_anonyme": "Joli frais du sud au SSO et SO pluie continuelle. A 3h notre canot est parti pour Sidney [Sydney] Town on a èlonger une touée et viré sur le cable mais le vent ayant fraichi on a cessé l’ouvrage en [un mot illisible] 45 b de cable à 5h du matin levé lancre de bossoir et viré sur le grelin étant à long pic nous avons laissé tombé lancre de bossoir . Le capitaine s’est embarqué dans son canot avec les officiers et savans pour aller rendre visite au gouverneur à 11h½ notre grand et petit canot sont arrivés à bord sans avarie il ny eut que le nommé Happeday matelot qui eut lépaule fracassé lors du naufrage du grand canot", "extrapole": true}}, {"type": "Feature", "geometry": {"type": "Point", "coordinates": [134.44265, -33.80098]}, "properties": {"date": "1802-04-29", "date_republicaine": "", "navire": "le Géographe", "table": "", "page": "", "remarque": "", "vents_etat_du_ciel": "", "barometre_hpa": "", "obs_latitude": "", "obs_longitude": "", "alerte": "position extrapolée : contournement de côte entre le 1802-04-28 et le 1802-04-29 (détour de 8 km)", "thermometre": "", "section": "", "extrapole": true}}, {"type": "Feature", "geometry": {"type": "Point", "coordinates": [133.81778, -33.615]}, "properties": {"date": "1802-04-29", "date_republicaine": "9 floréal an X", "navire": "le Géographe", "table": "14 - Routes du Géographe à la Terre Napoléon, 1re campagne", "page": 500, "remarque": "", "vents_etat_du_ciel": "NNE. NO. Joli frais ; calme plat ; S. SE. Foible brise ; b. temps, ciel nuageux.", "barometre_hpa": 1019.6, "obs_latitude": "", "obs_longitude": "", "alerte": "", "thermometre": "14,8"}}, {"type": "Feature", "geometry": {"type": "Point", "coordinates": [151.1461, -33.8667]}, "properties": {"date": "1802-04-29", "date_republicaine": "", "navire": "le Naturaliste", "table": "", "page": "", "remarque": "", "vents_etat_du_ciel": "", "barometre_hpa": "", "obs_latitude": "", "obs_longitude": "", "alerte": "point ajouté pour une entrée du journal anonyme ; position escale de Port Jackson", "thermometre": "", "journal_anonyme": "Tems couvert, petit frais du SSO. SO et OSO petite pluie jusqua 4h. A 1h levé l’ancre de bossoir et viré sur le grelin à 2h le capitaine et toutes les personnes qui laccompagnoient sont arrivés de Sidney [Sydney] Town à 4h levé lancre à jet et mouillé lancre de bossoir qui s’est trouvé surjaillé et viré sur le grelin. Lorsquon à été à long pic sur le grelin on à élongé une touée et caponné lancre de bossoir à 9h¼ levé lancre à jet sur laquelle on étoit à pic et viré sur la touée une corvette destiné pour Othahti [Tahiti] est sortie du Port Jackson", "extrapole": true}}, {"type": "Feature", "geometry": {"type": "Point", "coordinates": [133.94055, -32.77472]}, "properties": {"date": "1802-04-30", "date_republicaine": "10 floréal an X", "navire": "le Géographe", "table": "14 - Routes du Géographe à la Terre Napoléon, 1re campagne", "page": 500, "remarque": "En vue de l'île Cuvier.", "vents_etat_du_ciel": "SE. ENE. NE. Foible brise ; NNE. Petit frais ; ciel couv.", "barometre_hpa": 1012.0, "obs_latitude": "*", "obs_longitude": "*", "alerte": "", "thermometre": "12,9"}}, {"type": "Feature", "geometry": {"type": "Point", "coordinates": [151.1461, -33.8667]}, "properties": {"date": "1802-04-30", "date_republicaine": "", "navire": "le Naturaliste", "table": "", "page": "", "remarque": "", "vents_etat_du_ciel": "", "barometre_hpa": "", "obs_latitude": "", "obs_longitude": "", "alerte": "point ajouté pour une entrée du journal anonyme ; position escale de Port Jackson", "thermometre": "", "journal_anonyme": "Le tems beau calme à midi, le capitaine Scott commandant la corvette la Poupoise [Porpoise] est venu prevenir la visite du gouverneur à 1h le brick Lady Nelson portant le gouverneur et sa suite à passé à poupe il à été salué de 3 cris vive la république il s’est rendu de suite à bord avec les officiers civil et militaire de Sidney [Sydney] Town. Il est parti à 2h et à été suivi du capitaine et de son état major à 2h½ élongé une touée on leva de suite lancre à jet et la marée nous portans dedans remorqué par la chaloupe et le grand canot une petite fraicheur… …survint nous appareillames nos voiles en pointe. A 5h nous avons laissé tomb é lancre par 11 brasses fond de vase et filé 40 b de cable la chaloupe apporta un ancre à jet et nous [amarames] affourchames NNO et SSE ayant 90 b de cable dehors", "extrapole": true}}, {"type": "Feature", "geometry": {"type": "Point", "coordinates": [133.19139, -32.81083]}, "properties": {"date": "1802-05-01", "date_republicaine": "11 floréal an X", "navire": "le Géographe", "table": "14 - Routes du Géographe à la Terre Napoléon, 1re campagne", "page": 500, "remarque": "En vue des îles Saint-François.", "vents_etat_du_ciel": "N. NO. ONO. Joli frais ; O. SSO. SE. SO. Folles ventes et calmes par intervalles ; ciel nuageux.", "barometre_hpa": 1007.5, "obs_latitude": "*", "obs_longitude": "*", "alerte": "", "thermometre": "14,8"}}, {"type": "Feature", "geometry": {"type": "Point", "coordinates": [151.1461, -33.8667]}, "properties": {"date": "1802-05-01", "date_republicaine": "", "navire": "le Naturaliste", "table": "", "page": "", "remarque": "", "vents_etat_du_ciel": "", "barometre_hpa": "", "obs_latitude": "", "obs_longitude": "", "alerte": "point ajouté pour une entrée du journal anonyme ; position escale de Port Jackson", "thermometre": "", "journal_anonyme": "Beau tems, calme embarqué notre grand canot à 4h il est entré dans le port un trois mats venant de la peche à la baleine. La chaloupe à été faire de leau", "extrapole": true}}, {"type": "Feature", "geometry": {"type": "Point", "coordinates": [133.6125, -32.51667]}, "properties": {"date": "1802-05-02", "date_republicaine": "12 floréal an X", "navire": "le Géographe", "table": "14 - Routes du Géographe à la Terre Napoléon, 1re campagne", "page": 500, "remarque": "En vue des îles Saint-Pierre.", "vents_etat_du_ciel": "ONO. SO. ONO. O. Jolie brise, un peu inégale ; quelques grains avec pluie ; ciel nuageux.", "barometre_hpa": 1015.0, "obs_latitude": "*", "obs_longitude": "", "alerte": "", "thermometre": "14,3"}}, {"type": "Feature", "geometry": {"type": "Point", "coordinates": [151.1461, -33.8667]}, "properties": {"date": "1802-05-02", "date_republicaine": "", "navire": "le Naturaliste", "table": "", "page": "", "remarque": "", "vents_etat_du_ciel": "", "barometre_hpa": "", "obs_latitude": "", "obs_longitude": "", "alerte": "point ajouté pour une entrée du journal anonyme ; position escale de Port Jackson", "thermometre": "", "journal_anonyme": "Beau tems calme, la chaloupe à été faire de leau et du bois les malades ont été portés à lhopital les cables ont été tiré de la calle pour avoir du fer en barre. Pendant le tems de notre relache au Port Jackson nous fimes leau de nouvelle provisions furent embarques nous fimes du bois le 13 [floréal, an 10, 3 mai 1802] on établi des tentes à terre pour lobservatoire. Un Francais autorisé par le gouverneur est embarqué à bord et y est venu. A 5h½ du 63 soir le 19 [floréal, an 10, 9 mai 1802] est entré dans le port le navire lIinvestigatore [Investigator] parti depuis 10 mois dAngleterre et venant de la cote SO ou il à rencontré le Geographe par les 35º 41’ sud et 126º 49’ est longé. Le 20 [floréal, an 10, 10 mai 1802] à 5h une chaloupe anglaise nous à apporté une ancre à 7h du matin le 21 [ floréal, an 10, 11 mai 1802] un batiment anglaise qui apporta la nouvelle des préliminaires de paix. Les vents ont constamment été du ONO au OSO. et quelquefois de lest. Nous avons embarqué pour provision des [un mot illisible] des pommes de terre des [un mot illisible] et du bled [deux mots illisibles]. A 7h nous nous sommes disposé à appareiller. A 10h¼ nous étions sous voile", "extrapole": true}}, {"type": "Feature", "geometry": {"type": "Point", "coordinates": [133.385, -33.02722]}, "properties": {"date": "1802-05-03", "date_republicaine": "13 floréal an X", "navire": "le Géographe", "table": "14 - Routes du Géographe à la Terre Napoléon, 1re campagne", "page": 500, "remarque": "", "vents_etat_du_ciel": "O. OSO. SO. Petit frais ; OSO. O. Foibles et variables ; ciel nuageux.", "barometre_hpa": 1022.0, "obs_latitude": "*", "obs_longitude": "", "alerte": "", "thermometre": "13,7"}}, {"type": "Feature", "geometry": {"type": "Point", "coordinates": [132.98944, -32.77]}, "properties": {"date": "1802-05-04", "date_republicaine": "14 floréal an X", "navire": "le Géographe", "table": "14 - Routes du Géographe à la Terre Napoléon, 1re campagne", "page": 500, "remarque": "", "vents_etat_du_ciel": "ONO. Variable au NNO. NNE. ENE. N. Très-foibles ; ciel nuageux, beau temps.", "barometre_hpa": 1016.5, "obs_latitude": "", "obs_longitude": "", "alerte": "", "thermometre": "14,0"}}, {"type": "Feature", "geometry": {"type": "Point", "coordinates": [132.69278, -32.36972]}, "properties": {"date": "1802-05-05", "date_republicaine": "15 floréal an X", "navire": "le Géographe", "table": "14 - Routes du Géographe à la Terre Napoléon, 1re campagne", "page": 501, "remarque": "", "vents_etat_du_ciel": "ONO. OSO. O. Grand frais par rafales ; grains et pluie, ciel couvert.", "barometre_hpa": 1013.5, "obs_latitude": "", "obs_longitude": "*", "alerte": "", "thermometre": "14,3"}}, {"type": "Feature", "geometry": {"type": "Point", "coordinates": [133.38833, -33.43472]}, "properties": {"date": "1802-05-06", "date_republicaine": "16 floréal an X", "navire": "le Géographe", "table": "14 - Routes du Géographe à la Terre Napoléon, 1re campagne", "page": 501, "remarque": "", "vents_etat_du_ciel": "OSO. SO. SSO. Bon fr., mollissant par degrés ; temps couvert.", "barometre_hpa": 1019.6, "obs_latitude": "", "obs_longitude": "*", "alerte": "", "thermometre": "11,8"}}, {"type": "Feature", "geometry": {"type": "Point", "coordinates": [133.06028, -33.21944]}, "properties": {"date": "1802-05-07", "date_republicaine": "17 floréal an X", "navire": "le Géographe", "table": "14 - Routes du Géographe à la Terre Napoléon, 1re campagne", "page": 501, "remarque": "", "vents_etat_du_ciel": "SO. SSO. SE. ESE. E. Brise très-foible et variable ; ciel couvert.", "barometre_hpa": 1022.0, "obs_latitude": "", "obs_longitude": "*", "alerte": "", "thermometre": "12,0"}}, {"type": "Feature", "geometry": {"type": "Point", "coordinates": [131.95389, -32.57222]}, "properties": {"date": "1802-05-08", "date_republicaine": "18 floréal an X", "navire": "le Géographe", "table": "14 - Routes du Géographe à la Terre Napoléon, 1re campagne", "page": 501, "remarque": "En vue des îles Montenote.", "vents_etat_du_ciel": "ENE. NE. NNE. Joli frais et bon fr. par grains avec pluie ; temps orageux, éclairs ; ciel couvert.", "barometre_hpa": 1019.6, "obs_latitude": "", "obs_longitude": "*", "alerte": "", "thermometre": "12,0"}}, {"type": "Feature", "geometry": {"type": "Point", "coordinates": [131.65944, -34.25083]}, "properties": {"date": "1802-05-09", "date_republicaine": "19 floréal an X", "navire": "le Géographe", "table": "15 - Routes du Géographe, de la Terre Napoléon au port Jackson, en passant au S. de la Terre de Diémen", "page": 501, "remarque": "", "vents_etat_du_ciel": "N. Bon frais et joli fr. ; temps à grains et pluvieux.", "barometre_hpa": 1007.5, "obs_latitude": "*", "obs_longitude": "*", "alerte": "", "thermometre": "13,7"}}, {"type": "Feature", "geometry": {"type": "Point", "coordinates": [132.02333, -35.93389]}, "properties": {"date": "1802-05-10", "date_republicaine": "20 floréal an X", "navire": "le Géographe", "table": "15 - Routes du Géographe, de la Terre Napoléon au port Jackson, en passant au S. de la Terre de Diémen", "page": 501, "remarque": "", "vents_etat_du_ciel": "NO. NE. NNO. O. OSO. SO. Foible et très-variable ; SO. Joli frais ; beau temps ; ciel couvert, temps humide ; tonnerres dans le lointain.", "barometre_hpa": 1009.0, "obs_latitude": "", "obs_longitude": "", "alerte": "", "thermometre": "13,4"}}, {"type": "Feature", "geometry": {"type": "Point", "coordinates": [132.95389, -37.13167]}, "properties": {"date": "1802-05-11", "date_republicaine": "21 floréal an X", "navire": "le Géographe", "table": "15 - Routes du Géographe, de la Terre Napoléon au port Jackson, en passant au S. de la Terre de Diémen", "page": 501, "remarque": "", "vents_etat_du_ciel": "OSO. Joli frais par grains ; O. NO. Foible brise ; temps humide.", "barometre_hpa": 1016.5, "obs_latitude": "", "obs_longitude": "", "alerte": "", "thermometre": "11,8"}}, {"type": "Feature", "geometry": {"type": "Point", "coordinates": [133.90139, -38.43417]}, "properties": {"date": "1802-05-12", "date_republicaine": "22 floréal an X", "navire": "le Géographe", "table": "15 - Routes du Géographe, de la Terre Napoléon au port Jackson, en passant au S. de la Terre de Diémen", "page": 501, "remarque": "", "vents_etat_du_ciel": "NO. NNO. Bon frais ; temps humide ; ciel nuageux.", "barometre_hpa": 1019.6, "obs_latitude": "", "obs_longitude": "", "alerte": "", "thermometre": "12,0"}}, {"type": "Feature", "geometry": {"type": "Point", "coordinates": [135.89416, -40.65444]}, "properties": {"date": "1802-05-13", "date_republicaine": "23 floréal an X", "navire": "le Géographe", "table": "15 - Routes du Géographe, de la Terre Napoléon au port Jackson, en passant au S. de la Terre de Diémen", "page": 501, "remarque": "", "vents_etat_du_ciel": "NNO. Variable au SO. par l'O. Joli frais ; brise inégale et foible sur le soir ; b. temps.", "barometre_hpa": 1013.5, "obs_latitude": "", "obs_longitude": "", "alerte": "", "thermometre": "10,5"}}, {"type": "Feature", "geometry": {"type": "Point", "coordinates": [137.24278, -41.81667]}, "properties": {"date": "1802-05-14", "date_republicaine": "24 floréal an X", "navire": "le Géographe", "table": "15 - Routes du Géographe, de la Terre Napoléon au port Jackson, en passant au S. de la Terre de Diémen", "page": 501, "remarque": "", "vents_etat_du_ciel": "NE. NNE. Joli frais, petit fr. et calme ; temps sombre et pluvieux.", "barometre_hpa": 1013.5, "obs_latitude": "*", "obs_longitude": "*", "alerte": "", "thermometre": "10,7"}}, {"type": "Feature", "geometry": {"type": "Point", "coordinates": [136.875, -42.75472]}, "properties": {"date": "1802-05-15", "date_republicaine": "25 floréal an X", "navire": "le Géographe", "table": "15 - Routes du Géographe, de la Terre Napoléon au port Jackson, en passant au S. de la Terre de Diémen", "page": 501, "remarque": "", "vents_etat_du_ciel": "SE. Bon frais ; ESE. Joli frais et petit frais ; temps couv. ; pluie dans la matinée.", "barometre_hpa": 1024.1, "obs_latitude": "*", "obs_longitude": "*", "alerte": "", "thermometre": "8,4"}}, {"type": "Feature", "geometry": {"type": "Point", "coordinates": [137.33055, -43.36056]}, "properties": {"date": "1802-05-16", "date_republicaine": "26 floréal an X", "navire": "le Géographe", "table": "15 - Routes du Géographe, de la Terre Napoléon au port Jackson, en passant au S. de la Terre de Diémen", "page": 501, "remarque": "", "vents_etat_du_ciel": "ESE. SE. Foible ; SSE. Joli fr. et petit frais ; ciel nuageux ; beau temps.", "barometre_hpa": 1027.1, "obs_latitude": "", "obs_longitude": "", "alerte": "", "thermometre": "7,4"}}, {"type": "Feature", "geometry": {"type": "Point", "coordinates": [139.37055, -43.19444]}, "properties": {"date": "1802-05-17", "date_republicaine": "27 floréal an X", "navire": "le Géographe", "table": "15 - Routes du Géographe, de la Terre Napoléon au port Jackson, en passant au S. de la Terre de Diémen", "page": 501, "remarque": "", "vents_etat_du_ciel": "S. SSO. SO. Jolie brise inégale ; ciel nuageux ; un peu de pluie.", "barometre_hpa": 1019.6, "obs_latitude": "*", "obs_longitude": "*", "alerte": "", "thermometre": "8,0"}}, {"type": "Feature", "geometry": {"type": "Point", "coordinates": [141.02555, -43.71667]}, "properties": {"date": "1802-05-18", "date_republicaine": "28 floréal an X", "navire": "le Géographe", "table": "15 - Routes du Géographe, de la Terre Napoléon au port Jackson, en passant au S. de la Terre de Diémen", "page": 501, "remarque": "", "vents_etat_du_ciel": "OSO. SO. O. Joli frais ; grains et pluie.", "barometre_hpa": 1018.0, "obs_latitude": "*", "obs_longitude": "*", "alerte": "", "thermometre": "9,4"}}, {"type": "Feature", "geometry": {"type": "Point", "coordinates": [146.26222, -43.71667]}, "properties": {"date": "1802-05-19", "date_republicaine": "29 floréal an X", "navire": "le Géographe", "table": "15 - Routes du Géographe, de la Terre Napoléon au port Jackson, en passant au S. de la Terre de Diémen", "page": 502, "remarque": "A 8 h. du matin, vue de la Terre de Diémen.", "vents_etat_du_ciel": "O. ONO. Grand frais par rafales ; grains et pluie ; sur le soir, folles ventes et calmes ; ciel nuageux.", "barometre_hpa": 1013.5, "obs_latitude": "△", "obs_longitude": "△", "alerte": "", "thermometre": "10,5"}}, {"type": "Feature", "geometry": {"type": "Point", "coordinates": [151.1461, -33.8667]}, "properties": {"date": "1802-05-19", "date_republicaine": "", "navire": "le Naturaliste", "table": "", "page": "", "remarque": "", "vents_etat_du_ciel": "", "barometre_hpa": "", "obs_latitude": "", "obs_longitude": "", "alerte": "point ajouté pour une entrée du journal anonyme ; position escale de Port Jackson", "thermometre": "", "journal_anonyme": "Tems beau petit frais du OSO. SSO et sud le vent est venu grand frais. Au jour trouvé un homme étranger à léquipage il s’est dit soldat anglais et s’est rendu à bord à la nage dans la nuit du 27 au 28 [floréal, an 10, 17-18 mai 1802]", "extrapole": true}}, {"type": "Feature", "geometry": {"type": "Point", "coordinates": [147.17618, -43.67865]}, "properties": {"date": "1802-05-20", "date_republicaine": "", "navire": "le Géographe", "table": "", "page": "", "remarque": "", "vents_etat_du_ciel": "", "barometre_hpa": "", "obs_latitude": "", "obs_longitude": "", "alerte": "position extrapolée : contournement de côte entre le 1802-05-19 et le 1802-05-20 (détour de 25 km)", "thermometre": "", "section": "", "extrapole": true}}, {"type": "Feature", "geometry": {"type": "Point", "coordinates": [147.48166, -43.34028]}, "properties": {"date": "1802-05-20", "date_republicaine": "30 floréal an X", "navire": "le Géographe", "table": "15 - Routes du Géographe, de la Terre Napoléon au port Jackson, en passant au S. de la Terre de Diémen", "page": 502, "remarque": "Mouillé dans la baie de l'Aventure, à 9 h. du matin.", "vents_etat_du_ciel": "NO. SO. Joli frais inégal ; grains et pluie. SSO. SO. Foible ; beau temps, ciel nuageux.", "barometre_hpa": 1010.5, "obs_latitude": "△", "obs_longitude": "△", "alerte": "", "thermometre": "9,0"}}, {"type": "Feature", "geometry": {"type": "Point", "coordinates": [151.1461, -33.8667]}, "properties": {"date": "1802-05-20", "date_republicaine": "", "navire": "le Naturaliste", "table": "", "page": "", "remarque": "", "vents_etat_du_ciel": "", "barometre_hpa": "", "obs_latitude": "", "obs_longitude": "", "alerte": "point ajouté pour une entrée du journal anonyme ; position escale de Port Jackson", "thermometre": "", "journal_anonyme": "Beau tems mer houleuse bon frais du sud. SE . O et NO. A midi la terre du N28ºO au S48ºO", "extrapole": true}}, {"type": "Feature", "geometry": {"type": "Point", "coordinates": [151.1461, -33.8667]}, "properties": {"date": "1802-05-21", "date_republicaine": "", "navire": "le Naturaliste", "table": "", "page": "", "remarque": "", "vents_etat_du_ciel": "", "barometre_hpa": "", "obs_latitude": "", "obs_longitude": "", "alerte": "point ajouté pour une entrée du journal anonyme ; position escale de Port Jackson", "thermometre": "", "journal_anonyme": "Beau tems, ciel nuageux, petit frais du O au S et SE. Au jour apperçu la terre, elle sétendoit à midi du N29ºO au S51ºO", "extrapole": true}}, {"type": "Feature", "geometry": {"type": "Point", "coordinates": [147.95944, -43.32222]}, "properties": {"date": "1802-05-22", "date_republicaine": "2 prairial an X", "navire": "le Géographe", "table": "15 - Routes du Géographe, de la Terre Napoléon au port Jackson, en passant au S. de la Terre de Diémen", "page": 502, "remarque": "Remis en mer à 7 h. du matin.", "vents_etat_du_ciel": "O. ONO. NNO. NO. Brise foible et inégale ; b. temps.", "barometre_hpa": 1013.5, "obs_latitude": "△", "obs_longitude": "△", "alerte": "", "thermometre": "11,0"}}, {"type": "Feature", "geometry": {"type": "Point", "coordinates": [151.1461, -33.8667]}, "properties": {"date": "1802-05-22", "date_republicaine": "", "navire": "le Naturaliste", "table": "", "page": "", "remarque": "", "vents_etat_du_ciel": "", "barometre_hpa": "", "obs_latitude": "", "obs_longitude": "", "alerte": "point ajouté pour une entrée du journal anonyme ; position escale de Port Jackson", "thermometre": "", "journal_anonyme": "Beau tems, belle mer, joli frais du SE au S¼SE à midi et quart pris strib amures. A 10h du matin changé damures", "extrapole": true}}, {"type": "Feature", "geometry": {"type": "Point", "coordinates": [149.03972, -42.71667]}, "properties": {"date": "1802-05-23", "date_republicaine": "3 prairial an X", "navire": "le Géographe", "table": "15 - Routes du Géographe, de la Terre Napoléon au port Jackson, en passant au S. de la Terre de Diémen", "page": 502, "remarque": "Au jour, en vue de l'île Schouten.", "vents_etat_du_ciel": "NO. NNO. Jolie brise ; beau temps, ciel nuageux.", "barometre_hpa": 1010.5, "obs_latitude": "", "obs_longitude": "", "alerte": "", "thermometre": "12,0"}}, {"type": "Feature", "geometry": {"type": "Point", "coordinates": [151.1461, -33.8667]}, "properties": {"date": "1802-05-23", "date_republicaine": "", "navire": "le Naturaliste", "table": "", "page": "", "remarque": "", "vents_etat_du_ciel": "", "barometre_hpa": "", "obs_latitude": "", "obs_longitude": "", "alerte": "point ajouté pour une entrée du journal anonyme ; position escale de Port Jackson", "thermometre": "", "journal_anonyme": "Tems couvert, joli frais du SE. La mer belle à 6h du soir pris strib amures à 6h du matin pris basbord amures", "extrapole": true}}, {"type": "Feature", "geometry": {"type": "Point", "coordinates": [149.32055, -41.98]}, "properties": {"date": "1802-05-24", "date_republicaine": "4 prairial an X", "navire": "le Géographe", "table": "15 - Routes du Géographe, de la Terre Napoléon au port Jackson, en passant au S. de la Terre de Diémen", "page": 502, "remarque": "", "vents_etat_du_ciel": "ONO. O. SO. S. Jolie brise ; S. SE. Petit frais ; calme ; ciel nuageux, beau temps.", "barometre_hpa": 1010.5, "obs_latitude": "*", "obs_longitude": "*", "alerte": "", "thermometre": "11,5"}}, {"type": "Feature", "geometry": {"type": "Point", "coordinates": [151.1461, -33.8667]}, "properties": {"date": "1802-05-24", "date_republicaine": "", "navire": "le Naturaliste", "table": "", "page": "", "remarque": "", "vents_etat_du_ciel": "", "barometre_hpa": "", "obs_latitude": "", "obs_longitude": "", "alerte": "point ajouté pour une entrée du journal anonyme ; position escale de Port Jackson", "thermometre": "", "journal_anonyme": "Tems couvert et brumeux, la mer assez belle joli frais du SE au sud et SSO. A 8h pris lof pour lof strib amures. Le vent à fraichi successivemen et soufflé grand frais la mer grosse à minuit pris tous les ris du grand hunier le petit s’est déchiré en voulant prendre les ris dans la nuit le minot de basbord à été démonté par un coup de mer. On à réparé le petit hunier et le minot de basbord à été réparé", "extrapole": true}}, {"type": "Feature", "geometry": {"type": "Point", "coordinates": [148.65389, -42.15111]}, "properties": {"date": "1802-05-25", "date_republicaine": "5 prairial an X", "navire": "le Géographe", "table": "15 - Routes du Géographe, de la Terre Napoléon au port Jackson, en passant au S. de la Terre de Diémen", "page": 502, "remarque": "En vue de la presqu'île Freycinet.", "vents_etat_du_ciel": "ONO. NO. Brise foible ; N. NNO. Bonne brise ; beau temps.", "barometre_hpa": 1007.5, "obs_latitude": "", "obs_longitude": "", "alerte": "", "thermometre": "11,3"}}, {"type": "Feature", "geometry": {"type": "Point", "coordinates": [151.1461, -33.8667]}, "properties": {"date": "1802-05-25", "date_republicaine": "", "navire": "le Naturaliste", "table": "", "page": "", "remarque": "", "vents_etat_du_ciel": "", "barometre_hpa": "", "obs_latitude": "", "obs_longitude": "", "alerte": "point ajouté pour une entrée du journal anonyme ; position escale de Port Jackson", "thermometre": "", "journal_anonyme": "Le tems couvert joli frais du sud au SSO . La mer grosse. Pluie continuelle à 6h pris lof pour lof basbord amures à 9h¾ pris lof pour lof strib amures à 11h appareillé le perroquet de fougue. 64", "extrapole": true}}, {"type": "Feature", "geometry": {"type": "Point", "coordinates": [148.73722, -42.03917]}, "properties": {"date": "1802-05-26", "date_republicaine": "6 prairial an X", "navire": "le Géographe", "table": "15 - Routes du Géographe, de la Terre Napoléon au port Jackson, en passant au S. de la Terre de Diémen", "page": 502, "remarque": "Le soir, en vue de l'île Maria.", "vents_etat_du_ciel": "NNO. N. NO. Bonne brise ; temps couvert et humide ; éclairs dans le Sud.", "barometre_hpa": 1006.0, "obs_latitude": "*", "obs_longitude": "*", "alerte": "", "thermometre": "12,1"}}, {"type": "Feature", "geometry": {"type": "Point", "coordinates": [151.1461, -33.8667]}, "properties": {"date": "1802-05-26", "date_republicaine": "", "navire": "le Naturaliste", "table": "", "page": "", "remarque": "", "vents_etat_du_ciel": "", "barometre_hpa": "", "obs_latitude": "", "obs_longitude": "", "alerte": "point ajouté pour une entrée du journal anonyme ; position escale de Port Jackson", "thermometre": "", "journal_anonyme": "Tems couvert et brumeux, la mer houleuse le vent joli frais du SSO. Largué les ris des huniers. A 10h le fraicheur s’est élevée du N¼NE grée les bonnettes à stribord", "extrapole": true}}, {"type": "Feature", "geometry": {"type": "Point", "coordinates": [149.17055, -41.42111]}, "properties": {"date": "1802-05-27", "date_republicaine": "7 prairial an X", "navire": "le Géographe", "table": "15 - Routes du Géographe, de la Terre Napoléon au port Jackson, en passant au S. de la Terre de Diémen", "page": 502, "remarque": "", "vents_etat_du_ciel": "NO. ONO. O. Bon frais par rafales ; ciel nuageux.", "barometre_hpa": 1004.5, "obs_latitude": "*", "obs_longitude": "*", "alerte": "", "thermometre": "11,5"}}, {"type": "Feature", "geometry": {"type": "Point", "coordinates": [151.1461, -33.8667]}, "properties": {"date": "1802-05-27", "date_republicaine": "", "navire": "le Naturaliste", "table": "", "page": "", "remarque": "", "vents_etat_du_ciel": "", "barometre_hpa": "", "obs_latitude": "", "obs_longitude": "", "alerte": "point ajouté pour une entrée du journal anonyme ; position escale de Port Jackson", "thermometre": "", "journal_anonyme": "Tems couvert et brumeux, la mer houleuse petit frais du NO du sud au SO", "extrapole": true}}, {"type": "Feature", "geometry": {"type": "Point", "coordinates": [149.07055, -41.10389]}, "properties": {"date": "1802-05-28", "date_republicaine": "8 prairial an X", "navire": "le Géographe", "table": "15 - Routes du Géographe, de la Terre Napoléon au port Jackson, en passant au S. de la Terre de Diémen", "page": 502, "remarque": "", "vents_etat_du_ciel": "SO. Bon frais par rafales ; ciel nuageux.", "barometre_hpa": 1013.5, "obs_latitude": "", "obs_longitude": "*", "alerte": "", "thermometre": "11,5"}}, {"type": "Feature", "geometry": {"type": "Point", "coordinates": [151.1461, -33.8667]}, "properties": {"date": "1802-05-28", "date_republicaine": "", "navire": "le Naturaliste", "table": "", "page": "", "remarque": "", "vents_etat_du_ciel": "", "barometre_hpa": "", "obs_latitude": "", "obs_longitude": "", "alerte": "point ajouté pour une entrée du journal anonyme ; position escale de Port Jackson", "thermometre": "", "journal_anonyme": "Tems beau, la mer belle le vent joli frais du SSO au OSO. Le vent ayant fraichi nous avons pris tous les ris dans les huniers. A 4h du matin le tems s’est embelli à 10h tems couvert joli frais par raffales", "extrapole": true}}, {"type": "Feature", "geometry": {"type": "Point", "coordinates": [150.38805, -41.25556]}, "properties": {"date": "1802-05-29", "date_republicaine": "9 prairial an X", "navire": "le Géographe", "table": "15 - Routes du Géographe, de la Terre Napoléon au port Jackson, en passant au S. de la Terre de Diémen", "page": 502, "remarque": "", "vents_etat_du_ciel": "SO. Petit fr. par grains ; pluie ; calme le soir.", "barometre_hpa": 1021.1, "obs_latitude": "", "obs_longitude": "", "alerte": "", "thermometre": "12,3"}}, {"type": "Feature", "geometry": {"type": "Point", "coordinates": [151.1461, -33.8667]}, "properties": {"date": "1802-05-29", "date_republicaine": "", "navire": "le Naturaliste", "table": "", "page": "", "remarque": "", "vents_etat_du_ciel": "", "barometre_hpa": "", "obs_latitude": "", "obs_longitude": "", "alerte": "point ajouté pour une entrée du journal anonyme ; position escale de Port Jackson", "thermometre": "", "journal_anonyme": "Tems couvert et par grains, vent bon frais par raffales. Du SO. Au jour on s’est apperçu que le minot de basbord étoit démonté on la de suite réparé à 10h le vent petit frais le tems beau, la mer un peu grosse", "extrapole": true}}, {"type": "Feature", "geometry": {"type": "Point", "coordinates": [150.27055, -41.63639]}, "properties": {"date": "1802-05-30", "date_republicaine": "10 prairial an X", "navire": "le Géographe", "table": "15 - Routes du Géographe, de la Terre Napoléon au port Jackson, en passant au S. de la Terre de Diémen", "page": 502, "remarque": "", "vents_etat_du_ciel": "Calme ; NO. ONO. O. SO. Foible brise ; ciel couvert.", "barometre_hpa": 1013.5, "obs_latitude": "", "obs_longitude": "*", "alerte": "", "thermometre": "12,0"}}, {"type": "Feature", "geometry": {"type": "Point", "coordinates": [151.1461, -33.8667]}, "properties": {"date": "1802-05-30", "date_republicaine": "", "navire": "le Naturaliste", "table": "", "page": "", "remarque": "", "vents_etat_du_ciel": "", "barometre_hpa": "", "obs_latitude": "", "obs_longitude": "", "alerte": "point ajouté pour une entrée du journal anonyme ; position escale de Port Jackson", "thermometre": "", "journal_anonyme": "Tems beau, la mer un peu grosse petit frais du SO au NO par louest. A 6h½ du matin pris lof pour lof strib amures", "extrapole": true}}, {"type": "Feature", "geometry": {"type": "Point", "coordinates": [149.88361, -41.35917]}, "properties": {"date": "1802-05-31", "date_republicaine": "11 prairial an X", "navire": "le Géographe", "table": "15 - Routes du Géographe, de la Terre Napoléon au port Jackson, en passant au S. de la Terre de Diémen", "page": 502, "remarque": "", "vents_etat_du_ciel": "SO. S. SE. E. ENE. Foible et variable ; ciel nuageux ; petite pluie par intervalles.", "barometre_hpa": 1018.0, "obs_latitude": "", "obs_longitude": "", "alerte": "", "thermometre": "11,0"}}, {"type": "Feature", "geometry": {"type": "Point", "coordinates": [151.1461, -33.8667]}, "properties": {"date": "1802-05-31", "date_republicaine": "", "navire": "le Naturaliste", "table": "", "page": "", "remarque": "", "vents_etat_du_ciel": "", "barometre_hpa": "", "obs_latitude": "", "obs_longitude": "", "alerte": "point ajouté pour une entrée du journal anonyme ; position escale de Port Jackson", "thermometre": "", "journal_anonyme": "Le tems beau, le ciel nuageux, la mer [un mot effacé, illisible] petit frais du NO au O et SO. A 6h du soir pris basbord amures", "extrapole": true}}, {"type": "Feature", "geometry": {"type": "Point", "coordinates": [148.98861, -41.38139]}, "properties": {"date": "1802-06-01", "date_republicaine": "12 prairial an X", "navire": "le Géographe", "table": "15 - Routes du Géographe, de la Terre Napoléon au port Jackson, en passant au S. de la Terre de Diémen", "page": 502, "remarque": "En vue de la côte Orientale de la Terre de Diémen (a)", "vents_etat_du_ciel": "NE. ENE. NO. NE. ENE. Foibles et tres-variables ; grains avec pluie.", "barometre_hpa": 1025.6, "obs_latitude": "", "obs_longitude": "", "alerte": "", "thermometre": "10,5"}}, {"type": "Feature", "geometry": {"type": "Point", "coordinates": [151.1461, -33.8667]}, "properties": {"date": "1802-06-01", "date_republicaine": "", "navire": "le Naturaliste", "table": "", "page": "", "remarque": "", "vents_etat_du_ciel": "", "barometre_hpa": "", "obs_latitude": "", "obs_longitude": "", "alerte": "point ajouté pour une entrée du journal anonyme ; position escale de Port Jackson", "thermometre": "", "journal_anonyme": "Le tems assez beau, le ciel nuageux la mer belle joli frais du SO au sud et SO. A 6h et 9h du matin changé damures", "extrapole": true}}, {"type": "Feature", "geometry": {"type": "Point", "coordinates": [149.47416, -41.7]}, "properties": {"date": "1802-06-02", "date_republicaine": "13 prairial an X", "navire": "le Géographe", "table": "15 - Routes du Géographe, de la Terre Napoléon au port Jackson, en passant au S. de la Terre de Diémen", "page": 502, "remarque": "", "vents_etat_du_ciel": "Calme ; ENE. NE. Bon frais par rafales ; grains et grosse pluie, tonnerres et grêle.", "barometre_hpa": 1018.0, "obs_latitude": "*", "obs_longitude": "*", "alerte": "", "thermometre": "10,0"}}, {"type": "Feature", "geometry": {"type": "Point", "coordinates": [151.1461, -33.8667]}, "properties": {"date": "1802-06-02", "date_republicaine": "", "navire": "le Naturaliste", "table": "", "page": "", "remarque": "", "vents_etat_du_ciel": "", "barometre_hpa": "", "obs_latitude": "", "obs_longitude": "", "alerte": "point ajouté pour une entrée du journal anonyme ; position escale de Port Jackson", "thermometre": "", "journal_anonyme": "Le tems beau, la mer belle, petit frais de SSO presque calme. A 4h calme plat. A 9h½ la brise s’est élevé de lENE grée des bonnettes et mis tout dehors. On à largué tous les ris", "extrapole": true}}, {"type": "Feature", "geometry": {"type": "Point", "coordinates": [150.09139, -42.36139]}, "properties": {"date": "1802-06-03", "date_republicaine": "14 prairial an X", "navire": "le Géographe", "table": "15 - Routes du Géographe, de la Terre Napoléon au port Jackson, en passant au S. de la Terre de Diémen", "page": 503, "remarque": "", "vents_etat_du_ciel": "E. ESE. SE. SSE. Grand frais par rafales ; grains et pluie ; temps sombre.", "barometre_hpa": 1007.5, "obs_latitude": "*", "obs_longitude": "*", "alerte": "", "thermometre": "10,0"}}, {"type": "Feature", "geometry": {"type": "Point", "coordinates": [151.1461, -33.8667]}, "properties": {"date": "1802-06-03", "date_republicaine": "", "navire": "le Naturaliste", "table": "", "page": "", "remarque": "", "vents_etat_du_ciel": "", "barometre_hpa": "", "obs_latitude": "", "obs_longitude": "", "alerte": "point ajouté pour une entrée du journal anonyme ; position escale de Port Jackson", "thermometre": "", "journal_anonyme": "Tems couvert, bon frais de NE à lest et ESE. A 8h du matin rentré les bonnettes, et mis le grand foc à mi-mat", "extrapole": true}}, {"type": "Feature", "geometry": {"type": "Point", "coordinates": [150.77361, -41.15778]}, "properties": {"date": "1802-06-04", "date_republicaine": "15 prairial an X", "navire": "le Géographe", "table": "15 - Routes du Géographe, de la Terre Napoléon au port Jackson, en passant au S. de la Terre de Diémen", "page": 503, "remarque": "Mis en route pour le port Jackson.", "vents_etat_du_ciel": "SSE. Grand frais par violentes rafales ; temps humide et par grains.", "barometre_hpa": 1001.5, "obs_latitude": "", "obs_longitude": "*", "alerte": "", "thermometre": "11,0"}}, {"type": "Feature", "geometry": {"type": "Point", "coordinates": [151.1461, -33.8667]}, "properties": {"date": "1802-06-04", "date_republicaine": "", "navire": "le Naturaliste", "table": "", "page": "", "remarque": "", "vents_etat_du_ciel": "", "barometre_hpa": "", "obs_latitude": "", "obs_longitude": "", "alerte": "point ajouté pour une entrée du journal anonyme ; position escale de Port Jackson", "thermometre": "", "journal_anonyme": "Tems couvert, vent bon frais , la mer grosse à 3h½ mis la route au S56º 15’O. +23 du SE au SSE", "extrapole": true}}, {"type": "Feature", "geometry": {"type": "Point", "coordinates": [153.17055, -38.68333]}, "properties": {"date": "1802-06-05", "date_republicaine": "16 prairial an X", "navire": "le Géographe", "table": "15 - Routes du Géographe, de la Terre Napoléon au port Jackson, en passant au S. de la Terre de Diémen", "page": 503, "remarque": "", "vents_etat_du_ciel": "S. Grand frais par rafales, mollissant par degrés ; grains avec pluie.", "barometre_hpa": 1009.0, "obs_latitude": "", "obs_longitude": "*", "alerte": "", "thermometre": "10,0"}}, {"type": "Feature", "geometry": {"type": "Point", "coordinates": [151.1461, -33.8667]}, "properties": {"date": "1802-06-05", "date_republicaine": "", "navire": "le Naturaliste", "table": "", "page": "", "remarque": "", "vents_etat_du_ciel": "", "barometre_hpa": "", "obs_latitude": "", "obs_longitude": "", "alerte": "point ajouté pour une entrée du journal anonyme ; position escale de Port Jackson", "thermometre": "", "journal_anonyme": "Tems couvert, la mer houleuse, le vent dabord bon frais à molli en hallant du sud au SO à midi la route à été mise au S78º 45’O. 23 Sic. Plusieurs signes similaires ont été surajoutés au texte pour cette journée comme pour la suivante. 65", "extrapole": true}}, {"type": "Feature", "geometry": {"type": "Point", "coordinates": [153.77833, -36.62861]}, "properties": {"date": "1802-06-06", "date_republicaine": "17 prairial an X", "navire": "le Géographe", "table": "15 - Routes du Géographe, de la Terre Napoléon au port Jackson, en passant au S. de la Terre de Diémen", "page": 503, "remarque": "", "vents_etat_du_ciel": "S. SSO. Joli frais par grains avec pluie ; ciel nuageux.", "barometre_hpa": 1019.6, "obs_latitude": "", "obs_longitude": "", "alerte": "", "thermometre": "11,5"}}, {"type": "Feature", "geometry": {"type": "Point", "coordinates": [151.1461, -33.8667]}, "properties": {"date": "1802-06-06", "date_republicaine": "", "navire": "le Naturaliste", "table": "", "page": "", "remarque": "", "vents_etat_du_ciel": "", "barometre_hpa": "", "obs_latitude": "", "obs_longitude": "", "alerte": "point ajouté pour une entrée du journal anonyme ; position escale de Port Jackson", "thermometre": "", "journal_anonyme": "Tems couvert mer houleuse, joli frais du O au SO à midi et quart pris lof pour lof strib amures. A 8h grand frais par raffales. La mer très grosse", "extrapole": true}}, {"type": "Feature", "geometry": {"type": "Point", "coordinates": [152.78722, -34.39778]}, "properties": {"date": "1802-06-07", "date_republicaine": "18 prairial an X", "navire": "le Géographe", "table": "15 - Routes du Géographe, de la Terre Napoléon au port Jackson, en passant au S. de la Terre de Diémen", "page": 503, "remarque": "", "vents_etat_du_ciel": "S. SE. Bon frais par grains avec pluie ; ciel nuageux.", "barometre_hpa": 1024.1, "obs_latitude": "", "obs_longitude": "*", "alerte": "", "thermometre": "12,4"}}, {"type": "Feature", "geometry": {"type": "Point", "coordinates": [151.1461, -33.8667]}, "properties": {"date": "1802-06-07", "date_republicaine": "", "navire": "le Naturaliste", "table": "", "page": "", "remarque": "", "vents_etat_du_ciel": "", "barometre_hpa": "", "obs_latitude": "", "obs_longitude": "", "alerte": "point ajouté pour une entrée du journal anonyme ; position escale de Port Jackson", "thermometre": "", "journal_anonyme": "Tems couvert, le vent petit frais du OSO au O et NO. A 8h pris vent devant strib amures. Dans la matiné Mahulot [Mabulot] canonier reçut 15 coups de garcette pour avoir frappé le scond maitre canonier. Le 17 au soir les rations furent diminuée comme il sait. On donnoit à déjeuner 6 onces de bled bouilli , au diner une demi livre de pain 6 onces de bœuf et quatre onces de lard. Cette mesure n’eut lieu que le 18 au matin", "extrapole": true}}, {"type": "Feature", "geometry": {"type": "Point", "coordinates": [152.20389, -33.73333]}, "properties": {"date": "1802-06-08", "date_republicaine": "19 prairial an X", "navire": "le Géographe", "table": "15 - Routes du Géographe, de la Terre Napoléon au port Jackson, en passant au S. de la Terre de Diémen", "page": 503, "remarque": "", "vents_etat_du_ciel": "ESE. E. Bon frais par rafales ; grains et pluie ; ciel nuag.", "barometre_hpa": 1022.6, "obs_latitude": "*", "obs_longitude": "*", "alerte": "", "thermometre": "13,0"}}, {"type": "Feature", "geometry": {"type": "Point", "coordinates": [151.1461, -33.8667]}, "properties": {"date": "1802-06-08", "date_republicaine": "", "navire": "le Naturaliste", "table": "", "page": "", "remarque": "", "vents_etat_du_ciel": "", "barometre_hpa": "", "obs_latitude": "", "obs_longitude": "", "alerte": "point ajouté pour une entrée du journal anonyme ; position escale de Port Jackson", "thermometre": "", "journal_anonyme": "Tems couvert, la mer grosse et le vent joli frais du NO au NNO. Le vent à fraichi successivemen, à minuit il ventoit grand frais la drisse du petit foc cassé le grand hunier dechiré", "extrapole": true}}, {"type": "Feature", "geometry": {"type": "Point", "coordinates": [152.86666, -33.82972]}, "properties": {"date": "1802-06-09", "date_republicaine": "20 prairial an X", "navire": "le Géographe", "table": "15 - Routes du Géographe, de la Terre Napoléon au port Jackson, en passant au S. de la Terre de Diémen", "page": 503, "remarque": "", "vents_etat_du_ciel": "SE. SSE. S. Bon frais ; grains, rafales et pluie ; ciel nuag.", "barometre_hpa": 1013.5, "obs_latitude": "", "obs_longitude": "", "alerte": "saut_position", "thermometre": "14,5"}}, {"type": "Feature", "geometry": {"type": "Point", "coordinates": [151.1461, -33.8667]}, "properties": {"date": "1802-06-09", "date_republicaine": "", "navire": "le Naturaliste", "table": "", "page": "", "remarque": "", "vents_etat_du_ciel": "", "barometre_hpa": "", "obs_latitude": "", "obs_longitude": "", "alerte": "point ajouté pour une entrée du journal anonyme ; position escale de Port Jackson", "thermometre": "", "journal_anonyme": "Tems couvert et par grains, le vent grand frais la mer grosse du O au OSO et ONO. Par raffalles la [un mot illisible] de grande voile à cassé et malgré la promptitude qu’on à mise à la cargué elle s’est déralingué on la de suite desenvergué. A 1h le capitaine a tenu conseil sur ce qu’il nous restoit à faire dans la position ou nous nous trouvions il ne restoit à bord que pour 37 jours de vivres et pouvions nous espérer detre à lisle de France dans 74 jours en mettant à la demi ration il à été décidé qu’on relacheroit au Port Jackson. Après avoir pris le second ris au grand hunier nous avons pris lof pour lof strib24 amures et mis le cap au N67º 30’E", "extrapole": true}}, {"type": "Feature", "geometry": {"type": "Point", "coordinates": [151.90389, -33.83333]}, "properties": {"date": "1802-06-10", "date_republicaine": "21 prairial an X", "navire": "le Géographe", "table": "15 - Routes du Géographe, de la Terre Napoléon au port Jackson, en passant au S. de la Terre de Diémen", "page": 503, "remarque": "En vue des terres de l'entrée de Botany-Bay.", "vents_etat_du_ciel": "S. Bon frais et joli fr. ; grains, rafales et pluie ; temps sombre.", "barometre_hpa": 1015.0, "obs_latitude": "*", "obs_longitude": "*", "alerte": "saut_position", "thermometre": "13,6"}}, {"type": "Feature", "geometry": {"type": "Point", "coordinates": [151.1461, -33.8667]}, "properties": {"date": "1802-06-10", "date_republicaine": "", "navire": "le Naturaliste", "table": "", "page": "", "remarque": "", "vents_etat_du_ciel": "", "barometre_hpa": "", "obs_latitude": "", "obs_longitude": "", "alerte": "point ajouté pour une entrée du journal anonyme ; position escale de Port Jackson", "thermometre": "", "journal_anonyme": "Tems beau mer houleuse petit frais de OSO et sud on à envergué une grande voile neuve", "extrapole": true}}, {"type": "Feature", "geometry": {"type": "Point", "coordinates": [151.88, -33.44694]}, "properties": {"date": "1802-06-11", "date_republicaine": "22 prairial an X", "navire": "le Géographe", "table": "15 - Routes du Géographe, de la Terre Napoléon au port Jackson, en passant au S. de la Terre de Diémen", "page": 503, "remarque": "", "vents_etat_du_ciel": "S. SSO. Bon frais par rafales ; grains et pluie par intervalles ; ciel nuageux.", "barometre_hpa": 1013.5, "obs_latitude": "", "obs_longitude": "", "alerte": "saut_position", "thermometre": "12,4"}}, {"type": "Feature", "geometry": {"type": "Point", "coordinates": [151.1461, -33.8667]}, "properties": {"date": "1802-06-11", "date_republicaine": "", "navire": "le Naturaliste", "table": "", "page": "", "remarque": "", "vents_etat_du_ciel": "", "barometre_hpa": "", "obs_latitude": "", "obs_longitude": "", "alerte": "point ajouté pour une entrée du journal anonyme ; position escale de Port Jackson", "thermometre": "", "journal_anonyme": "Tems couvert petite pluie mer belle petit frais [A midi [un mot illisible]] du SO à lest et au NE. A 8h½ du matin pris strib amures", "extrapole": true}}, {"type": "Feature", "geometry": {"type": "Point", "coordinates": [151.94861, -33.41556]}, "properties": {"date": "1802-06-12", "date_republicaine": "23 prairial an X", "navire": "le Géographe", "table": "15 - Routes du Géographe, de la Terre Napoléon au port Jackson, en passant au S. de la Terre de Diémen", "page": 503, "remarque": "Les courans nous portent de 8 milles au N.", "vents_etat_du_ciel": "SSO. SO. Joli frais ; b. temps, ciel nuageux.", "barometre_hpa": 1015.0, "obs_latitude": "", "obs_longitude": "", "alerte": "", "thermometre": "12,0"}}, {"type": "Feature", "geometry": {"type": "Point", "coordinates": [151.1461, -33.8667]}, "properties": {"date": "1802-06-12", "date_republicaine": "", "navire": "le Naturaliste", "table": "", "page": "", "remarque": "", "vents_etat_du_ciel": "", "barometre_hpa": "", "obs_latitude": "", "obs_longitude": "", "alerte": "point ajouté pour une entrée du journal anonyme ; position escale de Port Jackson", "thermometre": "", "journal_anonyme": "Le tems dabord couvert s’est eclairci la mer belle. Petit frais dESE au SE", "extrapole": true}}, {"type": "Feature", "geometry": {"type": "Point", "coordinates": [152.00389, -34.05861]}, "properties": {"date": "1802-06-13", "date_republicaine": "24 prairial an X", "navire": "le Géographe", "table": "15 - Routes du Géographe, de la Terre Napoléon au port Jackson, en passant au S. de la Terre de Diémen", "page": 503, "remarque": "Les courans nous portent de 6 milles au N.", "vents_etat_du_ciel": "SO. SSO. Bonne brise par grains. Le temps s'est embelli sur le soir ; le vent petit frais et variable.", "barometre_hpa": 1010.5, "obs_latitude": "", "obs_longitude": "", "alerte": "", "thermometre": "11,2"}}, {"type": "Feature", "geometry": {"type": "Point", "coordinates": [151.1461, -33.8667]}, "properties": {"date": "1802-06-13", "date_republicaine": "", "navire": "le Naturaliste", "table": "", "page": "", "remarque": "", "vents_etat_du_ciel": "", "barometre_hpa": "", "obs_latitude": "", "obs_longitude": "", "alerte": "point ajouté pour une entrée du journal anonyme ; position escale de Port Jackson", "thermometre": "", "journal_anonyme": "Tems beau mer belle, petit frais de lest. A 5h¾ pris basbord amures. A 8h½ du matin pris strib amures", "extrapole": true}}, {"type": "Feature", "geometry": {"type": "Point", "coordinates": [151.50389, -33.79056]}, "properties": {"date": "1802-06-14", "date_republicaine": "25 prairial an X", "navire": "le Géographe", "table": "15 - Routes du Géographe, de la Terre Napoléon au port Jackson, en passant au S. de la Terre de Diémen", "page": 503, "remarque": "", "vents_etat_du_ciel": "SO. SSO. Petit frais ; SE. E. Foible brise ; calme plat ; beau temps.", "barometre_hpa": 1015.0, "obs_latitude": "", "obs_longitude": "*", "alerte": "", "thermometre": "11,0"}}, {"type": "Feature", "geometry": {"type": "Point", "coordinates": [151.1461, -33.8667]}, "properties": {"date": "1802-06-14", "date_republicaine": "", "navire": "le Naturaliste", "table": "", "page": "", "remarque": "", "vents_etat_du_ciel": "", "barometre_hpa": "", "obs_latitude": "", "obs_longitude": "", "alerte": "point ajouté pour une entrée du journal anonyme ; position escale de Port Jackson", "thermometre": "", "journal_anonyme": "Le tems beau ciel nuageux, la mer belle joli brise du SE. A 8h½ du soir et à 2h du matin changé damures", "extrapole": true}}, {"type": "Feature", "geometry": {"type": "Point", "coordinates": [151.63722, -33.77167]}, "properties": {"date": "1802-06-15", "date_republicaine": "26 prairial an X", "navire": "le Géographe", "table": "15 - Routes du Géographe, de la Terre Napoléon au port Jackson, en passant au S. de la Terre de Diémen", "page": 503, "remarque": "Les courans nous portent de 8 milles au N.", "vents_etat_du_ciel": "ENE. SSO. O. Variable ; orage avec forte pluie, grêle et tonnerre ; calme ; fraîcheurs de l'E. au SE. ; ciel nuag. ; éclairs au SSO.", "barometre_hpa": 1015.0, "obs_latitude": "", "obs_longitude": "*", "alerte": "", "thermometre": "11,7"}}, {"type": "Feature", "geometry": {"type": "Point", "coordinates": [151.1461, -33.8667]}, "properties": {"date": "1802-06-15", "date_republicaine": "", "navire": "le Naturaliste", "table": "", "page": "", "remarque": "", "vents_etat_du_ciel": "", "barometre_hpa": "", "obs_latitude": "", "obs_longitude": "", "alerte": "point ajouté pour une entrée du journal anonyme ; position escale de Port Jackson", "thermometre": "", "journal_anonyme": "Tems couvert, mer belle petit frais de lest… 24 Le mot « strib » n’est pas clair dans le texte, mais semble avoir été ajouté à un autre mot, lequel a été barré. 66 …au SE. Dans la matinée il à fraichi et soufflé par raffales", "extrapole": true}}, {"type": "Feature", "geometry": {"type": "Point", "coordinates": [151.83722, -33.52167]}, "properties": {"date": "1802-06-16", "date_republicaine": "27 prairial an X", "navire": "le Géographe", "table": "15 - Routes du Géographe, de la Terre Napoléon au port Jackson, en passant au S. de la Terre de Diémen", "page": 503, "remarque": "Les courans nous portent de 7 milles au N.", "vents_etat_du_ciel": "SSE. SO. OSO. Brise inégale et variable ; grains et pluie ; ciel nuageux.", "barometre_hpa": 1019.6, "obs_latitude": "", "obs_longitude": "*", "alerte": "", "thermometre": "10,5"}}, {"type": "Feature", "geometry": {"type": "Point", "coordinates": [151.1461, -33.8667]}, "properties": {"date": "1802-06-16", "date_republicaine": "", "navire": "le Naturaliste", "table": "", "page": "", "remarque": "", "vents_etat_du_ciel": "", "barometre_hpa": "", "obs_latitude": "", "obs_longitude": "", "alerte": "point ajouté pour une entrée du journal anonyme ; position escale de Port Jackson", "thermometre": "", "journal_anonyme": "Tems couvert et par grains, la mer grosse et le vent bon frais du SE au SSE. A 6h du soir et à 6h du matin changé d’amures", "extrapole": true}}, {"type": "Feature", "geometry": {"type": "Point", "coordinates": [152.00389, -34.10861]}, "properties": {"date": "1802-06-17", "date_republicaine": "28 prairial an X", "navire": "le Géographe", "table": "15 - Routes du Géographe, de la Terre Napoléon au port Jackson, en passant au S. de la Terre de Diémen", "page": 503, "remarque": "Les courans nous portent de 10 milles au N.", "vents_etat_du_ciel": "OSO. Bon frais inégal ; beau temps, ciel nuageux.", "barometre_hpa": 1012.0, "obs_latitude": "", "obs_longitude": "*", "alerte": "", "thermometre": "9,5"}}, {"type": "Feature", "geometry": {"type": "Point", "coordinates": [151.1461, -33.8667]}, "properties": {"date": "1802-06-17", "date_republicaine": "", "navire": "le Naturaliste", "table": "", "page": "", "remarque": "", "vents_etat_du_ciel": "", "barometre_hpa": "", "obs_latitude": "", "obs_longitude": "", "alerte": "point ajouté pour une entrée du journal anonyme ; position escale de Port Jackson", "thermometre": "", "journal_anonyme": "Tems couvert et par grains, la mer grosse bon frais de SSE au sud. A 4h apperçu la terre Diemen dans lest. A 4h¾ du soir et à 4h½ du matin cha ngé damures", "extrapole": true}}, {"type": "Feature", "geometry": {"type": "Point", "coordinates": [151.53722, -33.58833]}, "properties": {"date": "1802-06-18", "date_republicaine": "29 prairial an X", "navire": "le Géographe", "table": "15 - Routes du Géographe, de la Terre Napoléon au port Jackson, en passant au S. de la Terre de Diémen", "page": 503, "remarque": "Les courans nous portent de 11 milles au N.", "vents_etat_du_ciel": "OSO. O. Bonne brise inégale ; beau temps, ciel nuageux.", "barometre_hpa": 1007.5, "obs_latitude": "", "obs_longitude": "*", "alerte": "", "thermometre": "10,0"}}, {"type": "Feature", "geometry": {"type": "Point", "coordinates": [151.1461, -33.8667]}, "properties": {"date": "1802-06-18", "date_republicaine": "", "navire": "le Naturaliste", "table": "", "page": "", "remarque": "", "vents_etat_du_ciel": "", "barometre_hpa": "", "obs_latitude": "", "obs_longitude": "", "alerte": "point ajouté pour une entrée du journal anonyme ; position escale de Port Jackson", "thermometre": "", "journal_anonyme": "Tems couvert et par grains, la mer grosse bon frais du SE. A 5h du soir changé damures à 2h du matin id", "extrapole": true}}, {"type": "Feature", "geometry": {"type": "Point", "coordinates": [151.43722, -33.76667]}, "properties": {"date": "1802-06-19", "date_republicaine": "30 prairial an X", "navire": "le Géographe", "table": "15 - Routes du Géographe, de la Terre Napoléon au port Jackson, en passant au S. de la Terre de Diémen", "page": 503, "remarque": "En vue de l'entrée du port Jackson. Les courans nous portent de 12 milles au N.", "vents_etat_du_ciel": "SO. SSO. Bon frais inégal ; quelques rafales ; temps sombre et couvert.", "barometre_hpa": 1015.0, "obs_latitude": "△", "obs_longitude": "△", "alerte": "", "thermometre": "11,0"}}, {"type": "Feature", "geometry": {"type": "Point", "coordinates": [151.1461, -33.8667]}, "properties": {"date": "1802-06-19", "date_republicaine": "", "navire": "le Naturaliste", "table": "", "page": "", "remarque": "", "vents_etat_du_ciel": "", "barometre_hpa": "", "obs_latitude": "", "obs_longitude": "", "alerte": "point ajouté pour une entrée du journal anonyme ; position escale de Port Jackson", "thermometre": "", "journal_anonyme": "Tems couvert et par grains, la mer houleuse petit frais du sud SO et SSE. A 3h on à appercu la terre Diemen elle s’étendoit du nord au N22º 30’ est à 4h¼ de laprès midi et à 8h½ changé damures", "extrapole": true}}, {"type": "Feature", "geometry": {"type": "Point", "coordinates": [151.33722, -33.79583]}, "properties": {"date": "1802-06-20", "date_republicaine": "1er messidor an X", "navire": "le Géographe", "table": "15 - Routes du Géographe, de la Terre Napoléon au port Jackson, en passant au S. de la Terre de Diémen", "page": 503, "remarque": "Mouillé à l'entrée du port Jackson, à 5 h. 45' du soir.", "vents_etat_du_ciel": "S. OSO. S. Petit frais, calmissant ; beau temps.", "barometre_hpa": 1019.6, "obs_latitude": "△", "obs_longitude": "△", "alerte": "", "thermometre": "10,5"}}, {"type": "Feature", "geometry": {"type": "Point", "coordinates": [151.1461, -33.8667]}, "properties": {"date": "1802-06-20", "date_republicaine": "", "navire": "le Naturaliste", "table": "", "page": "", "remarque": "", "vents_etat_du_ciel": "", "barometre_hpa": "", "obs_latitude": "", "obs_longitude": "", "alerte": "point ajouté pour une entrée du journal anonyme ; position escale de Port Jackson", "thermometre": "", "journal_anonyme": "Le tems beau, ciel nuageux la mer belle, joli frais du SSO. Sud et SO. A midi la route à été mise au N67ºE à 6h½ on a apperçu la terre dans différentes parties depuis le N67º 30’O jusqu’au S67º 30’O . A 8h elle sétendoit du N64º O au S85ºO. A midi relevé lisle Maria au N86ºO", "extrapole": true}}, {"type": "Feature", "geometry": {"type": "Point", "coordinates": [151.19778, -33.83333]}, "properties": {"date": "1802-06-21", "date_republicaine": "2 messidor an X", "navire": "le Géographe", "table": "15 - Routes du Géographe, de la Terre Napoléon au port Jackson, en passant au S. de la Terre de Diémen", "page": 503, "remarque": "Mis sous voiles à 10 h. du matin pour gagner le fond du port, où l'on a mouillé à 4 h. du soir.", "vents_etat_du_ciel": "SO. OSO. Foibles et très-variables ; beau temps.", "barometre_hpa": 1018.0, "obs_latitude": "△", "obs_longitude": "△", "alerte": "", "thermometre": "10,0"}}, {"type": "Feature", "geometry": {"type": "Point", "coordinates": [151.1461, -33.8667]}, "properties": {"date": "1802-06-21", "date_republicaine": "", "navire": "le Naturaliste", "table": "", "page": "", "remarque": "", "vents_etat_du_ciel": "", "barometre_hpa": "", "obs_latitude": "", "obs_longitude": "", "alerte": "point ajouté pour une entrée du journal anonyme ; position escale de Port Jackson", "thermometre": "", "journal_anonyme": "Le tems beau, la mer belle. Joli frais du O au ONO à midi la route à été mise au N11º 15’O. A 4h relevé le milieu de lisle Maria au S65ºO et les terres hautes des iles et presquiles Schouten du S 80ºO au N77ºO. Au jour on à apperçu la terre de très loin des barres elle sétendoit du N34ºO au S22ºO. A midi à vue dans louest à très grande distance", "extrapole": true}}, {"type": "Feature", "geometry": {"type": "Point", "coordinates": [151.15972, -33.84861]}, "properties": {"date": "1802-06-22", "date_republicaine": "3 messidor an X", "navire": "les corvettes", "table": "16 - Séjour au port Jackson (Nouvelle-Galles du Sud)", "page": 504, "remarque": "Au mouillage au S. de Sirius-Cove, à l'entrée de Neutral-Harbour.", "vents_etat_du_ciel": "OSO. SO. Petit frais ; beau temps.", "barometre_hpa": 1022.0, "obs_latitude": "△", "obs_longitude": "△", "alerte": "", "thermometre": "9,0"}}, {"type": "Feature", "geometry": {"type": "Point", "coordinates": [151.1461, -33.8667]}, "properties": {"date": "1802-06-22", "date_republicaine": "", "navire": "le Naturaliste", "table": "", "page": "", "remarque": "", "vents_etat_du_ciel": "", "barometre_hpa": "", "obs_latitude": "", "obs_longitude": "", "alerte": "point ajouté pour une entrée du journal anonyme ; position escale de Port Jackson", "thermometre": "", "journal_anonyme": "Le tems beau [joli frais], la mer belle, joli frais du O au OSO et SO. A 8h du soir il à fraichi et soufflé par raffales à 6h du matin la terre à vue dans le NO. A 8h elle s’étendoit jusqu’au N15º 15’E. La route à été donné au nord et ensuite au N11º 15’E. A midi la terre du N15ºO au S44ºO", "extrapole": true}}, {"type": "Feature", "geometry": {"type": "Point", "coordinates": [151.1461, -33.8667]}, "properties": {"date": "1802-06-23", "date_republicaine": "", "navire": "le Naturaliste", "table": "", "page": "", "remarque": "", "vents_etat_du_ciel": "", "barometre_hpa": "", "obs_latitude": "", "obs_longitude": "", "alerte": "point ajouté pour une entrée du journal anonyme ; position escale de Port Jackson", "thermometre": "", "journal_anonyme": "Le tems beau, mer belle, joli frais du SO. A 4h la terre du N16ºO au S4ºO à 6h½ vu un feu par le travers à 8h du matin, la terre du N20ºO au S21ºO. A midi relevé la pointe Long-nez au N5ºO le Colombier au S86º et lext de la terre au S 39ºO. Presque calme. On à peint la corvette", "extrapole": true}}, {"type": "Feature", "geometry": {"type": "Point", "coordinates": [151.1461, -33.8667]}, "properties": {"date": "1802-06-24", "date_republicaine": "", "navire": "le Naturaliste", "table": "", "page": "", "remarque": "", "vents_etat_du_ciel": "", "barometre_hpa": "", "obs_latitude": "", "obs_longitude": "", "alerte": "point ajouté pour une entrée du journal anonyme ; position escale de Port Jackson", "thermometre": "", "journal_anonyme": "Beau tems, belle mer presque calme. A 3h fraicheur du nord à passé de suite à lest nous avons de suite pris lof pour lof basb amures. A 4h relevé la 67 pointe Long-nez au N6ºO le milieu de la baye de Jerwis [Jervis] au N18ºO le Colombier au S67ºO. Lext visi sud de la terre au S27ºO. A 2h du matin pris lof pour lof strib amures. Le vent à passé au nord en fraichissant. A 9h¼ du matin appercu un batiment par le travers courant à contre bord. On à étalingué les cables. Late obs. 34º 59’ 27” Longe esté148º 38’ 42”", "extrapole": true}}, {"type": "Feature", "geometry": {"type": "Point", "coordinates": [151.1461, -33.8667]}, "properties": {"date": "1802-06-25", "date_republicaine": "", "navire": "le Naturaliste", "table": "", "page": "", "remarque": "", "vents_etat_du_ciel": "", "barometre_hpa": "", "obs_latitude": "", "obs_longitude": "", "alerte": "point ajouté pour une entrée du journal anonyme ; position escale de Port Jackson", "thermometre": "", "journal_anonyme": "Le tems beau ciel couvert, la mer belle joli frais du nord. A 2h de laprès midi à 6h¼ du soir changé damures. A 2h du matin id. A 11h on à apperçu la terre très haute du N56ºO au O. Late obs 34º 20’ 22” Longe esté 148º 16’ 36”. Von 13º 13’ 20 ” NE", "extrapole": true}}, {"type": "Feature", "geometry": {"type": "Point", "coordinates": [151.1461, -33.8667]}, "properties": {"date": "1802-06-26", "date_republicaine": "", "navire": "le Naturaliste", "table": "", "page": "", "remarque": "", "vents_etat_du_ciel": "", "barometre_hpa": "", "obs_latitude": "", "obs_longitude": "", "alerte": "point ajouté pour une entrée du journal anonyme ; position escale de Port Jackson", "thermometre": "", "journal_anonyme": "Tems couvert, la mer un peu grosse, bon frais du N. NO SO. et sud. A 1h à 6h et 9h changé damures. A 2h du matin à 5h et à 9h changé damures. A 8h la terre en vue mais très embrumée Late esté 34º 1’ 28” longe id. 148º 27’ 30”", "extrapole": true}}, {"type": "Feature", "geometry": {"type": "Point", "coordinates": [151.1461, -33.8667]}, "properties": {"date": "1802-06-27", "date_republicaine": "", "navire": "le Naturaliste", "table": "", "page": "", "remarque": "", "vents_etat_du_ciel": "", "barometre_hpa": "", "obs_latitude": "", "obs_longitude": "", "alerte": "point ajouté pour une entrée du journal anonyme ; position escale de Port Jackson", "thermometre": "", "journal_anonyme": "Tems couvert, mer grosse, bon frais du sud au SSE et SE. A 4h et à 8h du soir changé damures. A 1h½ id. A 7h appercu la terre du N45ºO au S45ºO. Mis lancre de basbord en mouillage . A 10h¼ mis en panne le vent sur le grand hunier , la terre à petite distance. Late obs. 34º 23’ 33” longe esté 148º 15’ 12”", "extrapole": true}}, {"type": "Feature", "geometry": {"type": "Point", "coordinates": [151.1461, -33.8667]}, "properties": {"date": "1802-06-28", "date_republicaine": "", "navire": "le Naturaliste", "table": "", "page": "", "remarque": "", "vents_etat_du_ciel": "", "barometre_hpa": "", "obs_latitude": "", "obs_longitude": "", "alerte": "point ajouté pour une entrée du journal anonyme ; position escale de Port Jackson", "thermometre": "", "journal_anonyme": "[Late est] Tems beau, mer belle, joli frais du sud SE. et ESE. A midi fait servir pour ralier la terre après lavoir approché de très près nous lavons prolongé à un mille de distance . A 5h du soir étant à louvert du Port Jackson nous avons tenu le plus près strib amures relevant le feu du phare au S85 ºO. A 9h pris basb. amures . A 4h du matin mis en panne à 8h fait servir. A 9h½ du matin nous avons fait route pour donner dans le port et à 11h½ nous avons mouillé entre Midley Cap [Middle Head]25 et South-Head. Late 34º 3’ 9” longe. 148º 26’ 12”. La late détermine à lobservatoire et la long. étoit de 33º 51’ 10” longe.149º 5’. Von NE 9º 40’ 0 ”. 25 L’orthographe de ce site n’est pas claire dans le manuscrit. 68 Nous y trouvames le commandant qui y étoit arrivé depuis 10 jours il avoit les 3 quarts de son équipage à lhopital. Le capitaine fut à bord du commandant et de la à terre [dans le mois] qui étoit le lieu de sa résidence. Depart du Port Jackson", "extrapole": true}}, {"type": "Feature", "geometry": {"type": "Point", "coordinates": [151.14611, -33.86667]}, "properties": {"date": "1802-11-18", "date_republicaine": "27 brumaire an XI", "navire": "les corvettes", "table": "TABLE 17.e - Routes des corvettes françoises du port Jackson à l'île King et dans le détroit de Bass.", "page": 511, "remarque": "Sorti du port Jackson à 4 heures du matin.", "vents_etat_du_ciel": "O. SO. Foible ; S. variable au SSE. Bon frais ; temps orageux ; pluie ; éclairs et tonnerre de tous les points de l'horizon.", "barometre_hpa": "", "obs_latitude": "*", "obs_longitude": "", "alerte": "", "thermometre": "15,5"}}, {"type": "Feature", "geometry": {"type": "Point", "coordinates": [151.1461, -33.8667]}, "properties": {"date": "1802-11-18", "date_republicaine": "", "navire": "le Naturaliste", "table": "", "page": "", "remarque": "", "vents_etat_du_ciel": "", "barometre_hpa": "", "obs_latitude": "", "obs_longitude": "", "alerte": "point ajouté pour une entrée du journal anonyme ; position escale de Port Jackson", "thermometre": "", "journal_anonyme": "Le 26 brumaire nous avons été mouillé à louvert du port. Où nous y avons mouillé à 4h½ nous avons hissé nos huniers et appareillé ainsi que le commandant. A 6h½ étant en dehors des pointes, le pilote est parti nous avons gouverné au large. Les vents du sud au S¼ SO bon frais à midi 10’ le commandant à fait signal de changer d’amures nous lavons de suite exécuté. Late. 34º 1’ 24” longe 149º 19’ 30”", "extrapole": true}}, {"type": "Feature", "geometry": {"type": "Point", "coordinates": [151.62889, -33.79]}, "properties": {"date": "1802-11-19", "date_republicaine": "28 brumaire an XI", "navire": "les corvettes", "table": "TABLE 17.e - Routes des corvettes françoises du port Jackson à l'île King et dans le détroit de Bass.", "page": 511, "remarque": "", "vents_etat_du_ciel": "S. SE. Joli frais ; SSE. ESE. NE. Foible brise ; temps sombre et couvert.", "barometre_hpa": 1019.6, "obs_latitude": "*", "obs_longitude": "*", "alerte": "", "thermometre": "13,8"}}, {"type": "Feature", "geometry": {"type": "Point", "coordinates": [151.1461, -33.8667]}, "properties": {"date": "1802-11-19", "date_republicaine": "", "navire": "le Naturaliste", "table": "", "page": "", "remarque": "", "vents_etat_du_ciel": "", "barometre_hpa": "", "obs_latitude": "", "obs_longitude": "", "alerte": "point ajouté pour une entrée du journal anonyme ; position escale de Port Jackson", "thermometre": "", "journal_anonyme": "Le tems couvert, la mer grosse et bon frais du sud au SSE au SE. A 3h changé d’amures à 8h hissé un feu à la corne que nous avons gardé tout le quart à 4h 25’ et à 5h 30’ changé d’amures. Nous courions d’abord à rallié le commandant à 7h 50’ ayant viré nous avons imité sa manœuvre la terre à vue du O au SO. Late obs. 34º 20’ longe.149º 54’ 30”", "extrapole": true}}, {"type": "Feature", "geometry": {"type": "Point", "coordinates": [150.6425, -36.08472]}, "properties": {"date": "1802-11-20", "date_republicaine": "29 brumaire an XI", "navire": "les corvettes", "table": "TABLE 17.e - Routes des corvettes françoises du port Jackson à l'île King et dans le détroit de Bass.", "page": 511, "remarque": "En vue du mont Dromadaire : c'est une montagne isolée et très-élevée qui forme un excellent point de reconnaissance.", "vents_etat_du_ciel": "NE. NNE. N. Bon frais ; temps couvert.", "barometre_hpa": 1015.0, "obs_latitude": "", "obs_longitude": "", "alerte": "", "thermometre": "15,5"}}, {"type": "Feature", "geometry": {"type": "Point", "coordinates": [151.1461, -33.8667]}, "properties": {"date": "1802-11-20", "date_republicaine": "", "navire": "le Naturaliste", "table": "", "page": "", "remarque": "", "vents_etat_du_ciel": "", "barometre_hpa": "", "obs_latitude": "", "obs_longitude": "", "alerte": "point ajouté pour une entrée du journal anonyme ; position escale de Port Jackson", "thermometre": "", "journal_anonyme": "Tems nuageux, mer moins houleuse joli frais de lest au NE et nord. A 3h passé à poupe du Geographe qui nous à donné lordre de gouverner au sud. A 4h et à 5h mis le perroquet de fougue sur le mat pour attendre le Geographe et le Casuarina à 6h apperçu une voile dans le SO à 7h on la reconnu pour une go ëlette le Geographe à mis en panne et à envoyé un canot à son bord distce de terre six lieues environ. Late obs. 36º 3’ longe.149º 43’ 58”", "extrapole": true}}, {"type": "Feature", "geometry": {"type": "Point", "coordinates": [150.7625, -37.49139]}, "properties": {"date": "1802-11-21", "date_republicaine": "30 brumaire an XI", "navire": "les corvettes", "table": "TABLE 17.e - Routes des corvettes françoises du port Jackson à l'île King et dans le détroit de Bass.", "page": 511, "remarque": "", "vents_etat_du_ciel": "OSO. SO. Bon frais ; temps couvert et graineux.", "barometre_hpa": 1009.0, "obs_latitude": "*", "obs_longitude": "*", "alerte": "", "thermometre": "13,5"}}, {"type": "Feature", "geometry": {"type": "Point", "coordinates": [151.11416, -38.52917]}, "properties": {"date": "1802-11-22", "date_republicaine": "1.er frimaire an XI", "navire": "les corvettes", "table": "TABLE 17.e - Routes des corvettes françoises du port Jackson à l'île King et dans le détroit de Bass.", "page": 511, "remarque": "", "vents_etat_du_ciel": "SO. OSO. S. Petit frais ; temps sombre ; pluie par intervalles.", "barometre_hpa": 1015.0, "obs_latitude": "", "obs_longitude": "*", "alerte": "", "thermometre": "13,3"}}, {"type": "Feature", "geometry": {"type": "Point", "coordinates": [150.28139, -38.61861]}, "properties": {"date": "1802-11-23", "date_republicaine": "2 frimaire an XI", "navire": "les corvettes", "table": "TABLE 17.e - Routes des corvettes françoises du port Jackson à l'île King et dans le détroit de Bass.", "page": 511, "remarque": "", "vents_etat_du_ciel": "S. SSE. E. NE. Foible brise ; beau temps ; ciel nuageux.", "barometre_hpa": 1015.0, "obs_latitude": "", "obs_longitude": "", "alerte": "", "thermometre": "14,8"}}, {"type": "Feature", "geometry": {"type": "Point", "coordinates": [148.8525, -39.5725]}, "properties": {"date": "1802-11-24", "date_republicaine": "3 frimaire an XI", "navire": "les corvettes", "table": "TABLE 17.e - Routes des corvettes françoises du port Jackson à l'île King et dans le détroit de Bass.", "page": 511, "remarque": "", "vents_etat_du_ciel": "NE. Variable au N. Foible brise ; calme ; ciel nuageux ; pluie.", "barometre_hpa": 1007.5, "obs_latitude": "", "obs_longitude": "*", "alerte": "", "thermometre": "15,5"}}, {"type": "Feature", "geometry": {"type": "Point", "coordinates": [148.14944, -38.95056]}, "properties": {"date": "1802-11-25", "date_republicaine": "4 frimaire an XI", "navire": "les corvettes", "table": "TABLE 17.e - Routes des corvettes françoises du port Jackson à l'île King et dans le détroit de Bass.", "page": 511, "remarque": "", "vents_etat_du_ciel": "SSO. ENE. NE. NE. Presque calme ; O. Grand frais ; temps couvert ; pluie abondante.", "barometre_hpa": 995.5, "obs_latitude": "*", "obs_longitude": "*", "alerte": "", "thermometre": "15,2"}}, {"type": "Feature", "geometry": {"type": "Point", "coordinates": [147.89666, -38.9525]}, "properties": {"date": "1802-11-26", "date_republicaine": "5 frimaire an XI", "navire": "les corvettes", "table": "TABLE 17.e - Routes des corvettes françoises du port Jackson à l'île King et dans le détroit de Bass.", "page": 511, "remarque": "", "vents_etat_du_ciel": "O. ONO. Grand frais ; temps couvert ; un peu de pluie.", "barometre_hpa": 992.5, "obs_latitude": "*", "obs_longitude": "*", "alerte": "", "thermometre": "12,2"}}, {"type": "Feature", "geometry": {"type": "Point", "coordinates": [148.45944, -39.1375]}, "properties": {"date": "1802-11-27", "date_republicaine": "6 frimaire an XI", "navire": "les corvettes", "table": "TABLE 17.e - Routes des corvettes françoises du port Jackson à l'île King et dans le détroit de Bass.", "page": 511, "remarque": "", "vents_etat_du_ciel": "OSO. ONO. NO. O. SO. Joli frais ; temps sombre et humide.", "barometre_hpa": 1004.5, "obs_latitude": "", "obs_longitude": "", "alerte": "", "thermometre": "13,0"}}, {"type": "Feature", "geometry": {"type": "Point", "coordinates": [148.71778, -38.96333]}, "properties": {"date": "1802-11-28", "date_republicaine": "7 frimaire an XI", "navire": "les corvettes", "table": "TABLE 17.e - Routes des corvettes françoises du port Jackson à l'île King et dans le détroit de Bass.", "page": 511, "remarque": "", "vents_etat_du_ciel": "OSO. O. Grand frais et bon frais ; grains et pluie.", "barometre_hpa": 1012.0, "obs_latitude": "", "obs_longitude": "", "alerte": "", "thermometre": "11,5"}}, {"type": "Feature", "geometry": {"type": "Point", "coordinates": [148.94722, -38.83389]}, "properties": {"date": "1802-11-29", "date_republicaine": "8 frimaire an XI", "navire": "les corvettes", "table": "TABLE 17.e - Routes des corvettes françoises du port Jackson à l'île King et dans le détroit de Bass.", "page": 511, "remarque": "", "vents_etat_du_ciel": "O. Joli frais et petit frais ; beau temps.", "barometre_hpa": 1016.5, "obs_latitude": "", "obs_longitude": "", "alerte": "", "thermometre": "12,0"}}, {"type": "Feature", "geometry": {"type": "Point", "coordinates": [148.68472, -39.63028]}, "properties": {"date": "1802-11-30", "date_republicaine": "9 frimaire an XI", "navire": "les corvettes", "table": "TABLE 17.e - Routes des corvettes françoises du port Jackson à l'île King et dans le détroit de Bass.", "page": 511, "remarque": "Le 1.er décembre, inclinaison de l'aimant : Aiguille..... N.° 2 = 68° / N.° 3 = 70. / N.° 4 = 70. Inclinaison moy. = 69° 20'", "vents_etat_du_ciel": "O. ONO. OSO. O. Joli frais ; petit frais ; ciel couvert ; un peu de pluie.", "barometre_hpa": 1019.6, "obs_latitude": "", "obs_longitude": "", "alerte": "", "thermometre": "12,0"}}, {"type": "Feature", "geometry": {"type": "Point", "coordinates": [148.67778, -39.56194]}, "properties": {"date": "1802-12-01", "date_republicaine": "10 frimaire an XI", "navire": "les corvettes", "table": "TABLE 17.e - Routes des corvettes françoises du port Jackson à l'île King et dans le détroit de Bass.", "page": 511, "remarque": "Le 1.er décembre, inclinaison de l'aimant : Aiguille..... N.° 2 = 68° / N.° 3 = 70. / N.° 4 = 70. Inclinaison moy. = 69° 20'", "vents_etat_du_ciel": "OSO. O. OSO. Petite brise ; très-beau temps.", "barometre_hpa": 1016.5, "obs_latitude": "", "obs_longitude": "", "alerte": "", "thermometre": "13,0"}}, {"type": "Feature", "geometry": {"type": "Point", "coordinates": [148.35666, -39.4775]}, "properties": {"date": "1802-12-02", "date_republicaine": "11 frimaire an XI", "navire": "les corvettes", "table": "TABLE 17.e - Routes des corvettes françoises du port Jackson à l'île King et dans le détroit de Bass.", "page": 511, "remarque": "Inclinaison de l'aimant, observée le 2 déc. ; aiguille N.° 2 = 66° / N.° 3 = 68. / N.° 4 = 68. Inclin. moyenne = 67° 20'", "vents_etat_du_ciel": "Calme ; ENE. NNE. Brise très-foible ; beau temps.", "barometre_hpa": 1018.0, "obs_latitude": "", "obs_longitude": "", "alerte": "", "thermometre": "15,0"}}, {"type": "Feature", "geometry": {"type": "Point", "coordinates": [148.35666, -39.4775]}, "properties": {"date": "1802-12-02", "date_republicaine": "11 frimaire an XI", "navire": "le Casuarina", "table": "TABLE 33.e Routes du Casuarina dans le détroit de Bass et aux îles Hunter.", "page": 537, "remarque": "En vue de la partie N. des îles Furneaux.", "vents_etat_du_ciel": "NE. Joli frais ; calme la nuit; ciel nuageux.", "barometre_hpa": "", "obs_latitude": "", "obs_longitude": "", "alerte": ""}}, {"type": "Feature", "geometry": {"type": "Point", "coordinates": [146.84416, -39.40556]}, "properties": {"date": "1802-12-03", "date_republicaine": "12 frimaire an XI", "navire": "les corvettes", "table": "TABLE 17.e - Routes des corvettes françoises du port Jackson à l'île King et dans le détroit de Bass.", "page": 511, "remarque": "Inclinaison de l'aimant, observée le 2 déc. ; aiguille N.° 2 = 66° / N.° 3 = 68. / N.° 4 = 68. Inclin. moyenne = 67° 20'", "vents_etat_du_ciel": "NNE. E. SE. SO. Foible brise ; OSO. O. Joli frais ; b. temps.", "barometre_hpa": 1012.0, "obs_latitude": "", "obs_longitude": "", "alerte": "", "thermometre": "14,0"}}, {"type": "Feature", "geometry": {"type": "Point", "coordinates": [147.16055, -39.4125]}, "properties": {"date": "1802-12-03", "date_republicaine": "12 frimaire an XI", "navire": "le Casuarina", "table": "TABLE 33.e Routes du Casuarina dans le détroit de Bass et aux îles Hunter.", "page": 537, "remarque": "", "vents_etat_du_ciel": "Presque calme; fraîcheurs variables; SSE. SSO. Petit frais ; SO. OSO. Bon fr. ; temps couvert.", "barometre_hpa": "", "obs_latitude": "*", "obs_longitude": "*", "alerte": ""}}, {"type": "Feature", "geometry": {"type": "Point", "coordinates": [146.655, -39.7975]}, "properties": {"date": "1802-12-04", "date_republicaine": "13 frimaire an XI", "navire": "les corvettes", "table": "TABLE 17.e - Routes des corvettes françoises du port Jackson à l'île King et dans le détroit de Bass.", "page": 511, "remarque": "Inclinaison de l'aimant, observée le 2 déc. ; aiguille N.° 2 = 66° / N.° 3 = 68. / N.° 4 = 68. Inclin. moyenne = 67° 20'", "vents_etat_du_ciel": "OSO. SO. O. Joli frais ; ciel nuageux ; beau temps.", "barometre_hpa": 1016.5, "obs_latitude": "", "obs_longitude": "", "alerte": "", "thermometre": "11,7"}}, {"type": "Feature", "geometry": {"type": "Point", "coordinates": [146.92555, -39.18333]}, "properties": {"date": "1802-12-04", "date_republicaine": "13 frimaire an XI", "navire": "le Casuarina", "table": "TABLE 33.e Routes du Casuarina dans le détroit de Bass et aux îles Hunter.", "page": 537, "remarque": "A 10 h. du soir passé à l'O. au vent et à un jet de pierre de l'îlot du Coin-de-Mire ; les courans nous portoient fortement à l'O.", "vents_etat_du_ciel": "OSO. Bon frais et joli frais ; ciel nuageux.", "barometre_hpa": "", "obs_latitude": "*", "obs_longitude": "*", "alerte": ""}}, {"type": "Feature", "geometry": {"type": "Point", "coordinates": [146.01861, -40.17833]}, "properties": {"date": "1802-12-05", "date_republicaine": "14 frimaire an XI", "navire": "les corvettes", "table": "Suite de la TABLE 17.e - Routes des corvettes françoises du port Jackson à l'île King et dans le détroit de Bass.", "page": 512, "remarque": "Inclin. de l'aimant observée le 5 ; aiguille N.° 2 = 68° / N.° 3 = 70. / N.° 4 = 70. Inclin. moyenne = 69° 20'", "vents_etat_du_ciel": "SSE. Presque calme ; NE. ENE. E. Joli frais ; beau temps.", "barometre_hpa": 1021.7, "obs_latitude": "", "obs_longitude": "", "alerte": "", "thermometre": "14,0"}}, {"type": "Feature", "geometry": {"type": "Point", "coordinates": [146.48389, -39.69333]}, "properties": {"date": "1802-12-05", "date_republicaine": "14 frimaire an XI", "navire": "le Casuarina", "table": "TABLE 33.e Routes du Casuarina dans le détroit de Bass et aux îles Hunter.", "page": 537, "remarque": "", "vents_etat_du_ciel": "SO. S. SSE. Joli frais ; au jour calme; E. ENE. NE. Joli frais; ciel nuageux ; horizon gras.", "barometre_hpa": "", "obs_latitude": "*", "obs_longitude": "*", "alerte": ""}}, {"type": "Feature", "geometry": {"type": "Point", "coordinates": [144.57166, -40.165]}, "properties": {"date": "1802-12-06", "date_republicaine": "15 frimaire an XI", "navire": "les corvettes", "table": "Suite de la TABLE 17.e - Routes des corvettes françoises du port Jackson à l'île King et dans le détroit de Bass.", "page": 512, "remarque": "Inclin. de l'aimant observée le 5 ; aiguille N.° 2 = 68° / N.° 3 = 70. / N.° 4 = 70. Inclin. moyenne = 69° 20'", "vents_etat_du_ciel": "ENE. Bon frais ; SO. Grand frais, par rafales ; joli frais ; temps couvert.", "barometre_hpa": 1004.5, "obs_latitude": "", "obs_longitude": "", "alerte": "", "thermometre": "12,0"}}, {"type": "Feature", "geometry": {"type": "Point", "coordinates": [144.29278, -40.245]}, "properties": {"date": "1802-12-06", "date_republicaine": "15 frimaire an XI", "navire": "le Casuarina", "table": "TABLE 33.e Routes du Casuarina dans le détroit de Bass et aux îles Hunter.", "page": 537, "remarque": "A 6 h. du matin, découvert un îlot de roches qui gît dans l'E. et par la latitude de la partie S. de l'île King. Mouillé devant l'île King à 7 h. du soir.", "vents_etat_du_ciel": "ENE. ONO. OSO. NO. SO. Bon frais ; temps à grains ; pluie.", "barometre_hpa": "", "obs_latitude": "*", "obs_longitude": "*", "alerte": ""}}, {"type": "Feature", "geometry": {"type": "Point", "coordinates": [144.47805, -39.88333]}, "properties": {"date": "1802-12-07", "date_republicaine": "16 frimaire an XI", "navire": "les corvettes", "table": "Suite de la TABLE 17.e - Routes des corvettes françoises du port Jackson à l'île King et dans le détroit de Bass.", "page": 512, "remarque": "Le 7 décembre le Casuarina est parti pour aller faire la géographie des îles Hunter.", "vents_etat_du_ciel": "SO. S. Joli brise ; beau temps.", "barometre_hpa": 1019.6, "obs_latitude": "", "obs_longitude": "", "alerte": "", "thermometre": "13,0"}}, {"type": "Feature", "geometry": {"type": "Point", "coordinates": [144.47805, -39.88333]}, "properties": {"date": "1802-12-07", "date_republicaine": "16 frimaire an XI", "navire": "le Casuarina", "table": "TABLE 33.e Routes du Casuarina dans le détroit de Bass et aux îles Hunter.", "page": 537, "remarque": "Au mouillage dans la baie des Éléphans sur l'île King. Appareillé à 1 h. après midi pour aller aux îles Hunter. A 7 h. du soir nous en avons eu connoissance dans le SSE.", "vents_etat_du_ciel": "Calme ; à midi, SSO. et S. Petit frais ; beau temps.", "barometre_hpa": "", "obs_latitude": "", "obs_longitude": "", "alerte": ""}}, {"type": "Feature", "geometry": {"type": "Point", "coordinates": [145.105, -40.08278]}, "properties": {"date": "1802-12-08", "date_republicaine": "17 frimaire an XI", "navire": "le Casuarina", "table": "TABLE 33.e Routes du Casuarina dans le détroit de Bass et aux îles Hunter.", "page": 537, "remarque": "", "vents_etat_du_ciel": "Calme et fraîcheurs du S. au SSE. ; ciel nuageux.", "barometre_hpa": "", "obs_latitude": "*", "obs_longitude": "*", "alerte": ""}}, {"type": "Feature", "geometry": {"type": "Point", "coordinates": [144.72416, -40.28833]}, "properties": {"date": "1802-12-09", "date_republicaine": "18 frimaire an XI", "navire": "le Casuarina", "table": "TABLE 33.e Routes du Casuarina dans le détroit de Bass et aux îles Hunter.", "page": 537, "remarque": "", "vents_etat_du_ciel": "Calme; SSO. S. Joli frais; temps couvert; horizon gras.", "barometre_hpa": "", "obs_latitude": "△", "obs_longitude": "△", "alerte": ""}}, {"type": "Feature", "geometry": {"type": "Point", "coordinates": [145.00833, -40.41056]}, "properties": {"date": "1802-12-10", "date_republicaine": "19 frimaire an XI", "navire": "le Casuarina", "table": "TABLE 33.e Routes du Casuarina dans le détroit de Bass et aux îles Hunter.", "page": 537, "remarque": "Mouillé à 3 h. du soir dans l'E. du cap Kéraudren, sur l'île Fleurieu.", "vents_etat_du_ciel": "SSO. OSO. S. Bon frais et joli frais ; temps couvert.", "barometre_hpa": "", "obs_latitude": "*", "obs_longitude": "*", "alerte": ""}}, {"type": "Feature", "geometry": {"type": "Point", "coordinates": [144.99389, -40.42778]}, "properties": {"date": "1802-12-11", "date_republicaine": "20 frimaire an XI", "navire": "le Casuarina", "table": "TABLE 33.e Routes du Casuarina dans le détroit de Bass et aux îles Hunter.", "page": 537, "remarque": "A l'ancre dans l'E. du cap Kéraudren. Appareillé à 1 h. après midi ; mouillé dans la baie Coulomb, sur l'île Three Hummock, à 6 h. 30' du soir.", "vents_etat_du_ciel": "S. OSO. SO. Bon frais; joli frais et petit frais ; beau temps.", "barometre_hpa": "", "obs_latitude": "", "obs_longitude": "", "alerte": ""}}, {"type": "Feature", "geometry": {"type": "Point", "coordinates": [144.80889, -40.675]}, "properties": {"date": "1802-12-12", "date_republicaine": "21 frimaire an XI", "navire": "le Casuarina", "table": "TABLE 33.e Routes du Casuarina dans le détroit de Bass et aux îles Hunter.", "page": 537, "remarque": "Remis sous voiles à 4 h. du matin.", "vents_etat_du_ciel": "ENE. Joli frais , bon frais et grand frais par rafales ; temps couvert ; pluie le soir.", "barometre_hpa": "", "obs_latitude": "*", "obs_longitude": "*", "alerte": ""}}, {"type": "Feature", "geometry": {"type": "Point", "coordinates": [144.655, -39.83333]}, "properties": {"date": "1802-12-13", "date_republicaine": "22 frimaire an XI", "navire": "les corvettes", "table": "Suite de la TABLE 17.e - Routes des corvettes françoises du port Jackson à l'île King et dans le détroit de Bass.", "page": 512, "remarque": "A 8 h. du matin la brume s'est dissipée tout-à-coup, ainsi que les nuages qui couvroient l'horizon. Nous avons eu plusieurs fois dans les mêmes parages des exemples d'un changement de temps aussi subit.", "vents_etat_du_ciel": "SE. E. N. OSO. Jolie brise, mollissant par intervalles ; grains et pluie le soir.", "barometre_hpa": 1007.5, "obs_latitude": "", "obs_longitude": "*", "alerte": "", "thermometre": "15,0"}}, {"type": "Feature", "geometry": {"type": "Point", "coordinates": [144.77055, -41.42667]}, "properties": {"date": "1802-12-13", "date_republicaine": "22 frimaire an XI", "navire": "le Casuarina", "table": "TABLE 33.e Routes du Casuarina dans le détroit de Bass et aux îles Hunter.", "page": 537, "remarque": "A vue de la côte Occidentale de la Terre de Diémen, depuis le 13 jusqu'au 14 décemb.", "vents_etat_du_ciel": "ENE. NNE. Joli frais ; NNO. ONO. Petit frais le soir; pluie.", "barometre_hpa": "", "obs_latitude": "*", "obs_longitude": "*", "alerte": ""}}, {"type": "Feature", "geometry": {"type": "Point", "coordinates": [144.43222, -39.8925]}, "properties": {"date": "1802-12-14", "date_republicaine": "23 frimaire an XI", "navire": "les corvettes", "table": "Suite de la TABLE 17.e - Routes des corvettes françoises du port Jackson à l'île King et dans le détroit de Bass.", "page": 512, "remarque": "", "vents_etat_du_ciel": "O. SO. NE. NNE. Petit frais et bon frais ; temps brumeux ; pluie.", "barometre_hpa": 1007.5, "obs_latitude": "", "obs_longitude": "", "alerte": "", "thermometre": "15,0"}}, {"type": "Feature", "geometry": {"type": "Point", "coordinates": [144.72722, -41.175]}, "properties": {"date": "1802-12-14", "date_republicaine": "23 frimaire an XI", "navire": "le Casuarina", "table": "TABLE 33.e Routes du Casuarina dans le détroit de Bass et aux îles Hunter.", "page": 537, "remarque": "", "vents_etat_du_ciel": "SO. OSO. Foible brise ; après midi, calme; le soir, fraîcheurs du N. à l'ENE.; temps couvert et brumeux ; pluie.", "barometre_hpa": "", "obs_latitude": "*", "obs_longitude": "*", "alerte": ""}}, {"type": "Feature", "geometry": {"type": "Point", "coordinates": [144.90305, -39.59472]}, "properties": {"date": "1802-12-15", "date_republicaine": "24 frimaire an XI", "navire": "les corvettes", "table": "Suite de la TABLE 17.e - Routes des corvettes françoises du port Jackson à l'île King et dans le détroit de Bass.", "page": 512, "remarque": "Après le lever du soleil, le vent souffla avec une telle force, que les extrémités des lames étoient enlevées en l'air, et formoient une quantité de vapeurs si considérable que l'on eût pu croire qu'il pleuvoit continuellement autour de la corvette. Cette bourasque dura jusqu'à midi que les vents halèrent l'Ouest.", "vents_etat_du_ciel": "NNE. NNO. O. OSO. Bon frais par fortes rafales ; ciel couvert ; pluie le soir.", "barometre_hpa": 1001.5, "obs_latitude": "", "obs_longitude": "*", "alerte": "", "thermometre": "13,5"}}, {"type": "Feature", "geometry": {"type": "Point", "coordinates": [144.58305, -40.92]}, "properties": {"date": "1802-12-15", "date_republicaine": "24 frimaire an XI", "navire": "le Casuarina", "table": "TABLE 33.e Routes du Casuarina dans le détroit de Bass et aux îles Hunter.", "page": 537, "remarque": "", "vents_etat_du_ciel": "NE. ONO. OSO. Bon fr. et grand fr. ; temps par grains ; pluie; les nuages se croisent avec une vîtesse extrême.", "barometre_hpa": "", "obs_latitude": "*", "obs_longitude": "*", "alerte": ""}}, {"type": "Feature", "geometry": {"type": "Point", "coordinates": [145.2975, -39.42583]}, "properties": {"date": "1802-12-16", "date_republicaine": "25 frimaire an XI", "navire": "les corvettes", "table": "Suite de la TABLE 17.e - Routes des corvettes françoises du port Jackson à l'île King et dans le détroit de Bass.", "page": 512, "remarque": "", "vents_etat_du_ciel": "O. OSO. Joli frais inégal ; ciel nuageux ; beau temps.", "barometre_hpa": 1004.5, "obs_latitude": "", "obs_longitude": "*", "alerte": "", "thermometre": "13,3"}}, {"type": "Feature", "geometry": {"type": "Point", "coordinates": [144.61889, -40.6625]}, "properties": {"date": "1802-12-16", "date_republicaine": "25 frimaire an XI", "navire": "le Casuarina", "table": "TABLE 33.e Routes du Casuarina dans le détroit de Bass et aux îles Hunter.", "page": 537, "remarque": "", "vents_etat_du_ciel": "OSO. ONO. NO. Bon frais par rafales ; ciel couvert; pluie ; temps à grains.", "barometre_hpa": "", "obs_latitude": "*", "obs_longitude": "*", "alerte": ""}}, {"type": "Feature", "geometry": {"type": "Point", "coordinates": [145.24166, -39.70556]}, "properties": {"date": "1802-12-17", "date_republicaine": "26 frimaire an XI", "navire": "les corvettes", "table": "Suite de la TABLE 17.e - Routes des corvettes françoises du port Jackson à l'île King et dans le détroit de Bass.", "page": 512, "remarque": "", "vents_etat_du_ciel": "OSO. NO. O. Grand frais ; grains violens ; pluie ; nuages épais ; éclairs de tous les points de l'horizon.", "barometre_hpa": 992.5, "obs_latitude": "*", "obs_longitude": "*", "alerte": "", "thermometre": "10,5"}}, {"type": "Feature", "geometry": {"type": "Point", "coordinates": [144.42222, -40.75667]}, "properties": {"date": "1802-12-17", "date_republicaine": "26 frimaire an XI", "navire": "le Casuarina", "table": "TABLE 33.e Routes du Casuarina dans le détroit de Bass et aux îles Hunter.", "page": 537, "remarque": "", "vents_etat_du_ciel": "O. NO. OSO. Bon frais et grand frais par rafales; temps à grains ; pluie et grêle.", "barometre_hpa": "", "obs_latitude": "*", "obs_longitude": "*", "alerte": ""}}, {"type": "Feature", "geometry": {"type": "Point", "coordinates": [145.73305, -39.24722]}, "properties": {"date": "1802-12-18", "date_republicaine": "27 frimaire an XI", "navire": "les corvettes", "table": "Suite de la TABLE 17.e - Routes des corvettes françoises du port Jackson à l'île King et dans le détroit de Bass.", "page": 512, "remarque": "", "vents_etat_du_ciel": "OSO. O. Bon frais par rafales ; grains ; pluie et grêle.", "barometre_hpa": 1004.5, "obs_latitude": "", "obs_longitude": "*", "alerte": "", "thermometre": "13,0"}}, {"type": "Feature", "geometry": {"type": "Point", "coordinates": [144.65929, -40.46925]}, "properties": {"date": "1802-12-18", "date_republicaine": "", "navire": "le Casuarina", "table": "", "page": "", "remarque": "", "vents_etat_du_ciel": "", "barometre_hpa": "", "obs_latitude": "", "obs_longitude": "", "alerte": "position extrapolée : contournement de côte entre le 1802-12-17 et le 1802-12-18 (détour de 5 km)", "section": "", "extrapole": true}}, {"type": "Feature", "geometry": {"type": "Point", "coordinates": [144.85694, -40.35861]}, "properties": {"date": "1802-12-18", "date_republicaine": "27 frimaire an XI", "navire": "le Casuarina", "table": "TABLE 33.e Routes du Casuarina dans le détroit de Bass et aux îles Hunter.", "page": 537, "remarque": "En vue des îles Hunter.", "vents_etat_du_ciel": "OSO. SO. O. ONO. Grand frais; temps à grains ; pluie fréquente.", "barometre_hpa": "", "obs_latitude": "△", "obs_longitude": "△", "alerte": ""}}, {"type": "Feature", "geometry": {"type": "Point", "coordinates": [146.26972, -39.58139]}, "properties": {"date": "1802-12-19", "date_republicaine": "28 frimaire an XI", "navire": "les corvettes", "table": "Suite de la TABLE 17.e - Routes des corvettes françoises du port Jackson à l'île King et dans le détroit de Bass.", "page": 512, "remarque": "", "vents_etat_du_ciel": "O. OSO. Bon frais ; grains ; brume ; pluie.", "barometre_hpa": 1001.5, "obs_latitude": "△", "obs_longitude": "△", "alerte": "", "thermometre": "13,0"}}, {"type": "Feature", "geometry": {"type": "Point", "coordinates": [144.98813, -40.38867]}, "properties": {"date": "1802-12-19", "date_republicaine": "", "navire": "le Casuarina", "table": "", "page": "", "remarque": "", "vents_etat_du_ciel": "", "barometre_hpa": "", "obs_latitude": "", "obs_longitude": "", "alerte": "position extrapolée : contournement de côte entre le 1802-12-18 et le 1802-12-19 (détour de 5 km)", "section": "", "extrapole": true}}, {"type": "Feature", "geometry": {"type": "Point", "coordinates": [145.11833, -40.53944]}, "properties": {"date": "1802-12-19", "date_republicaine": "28 frimaire an XI", "navire": "le Casuarina", "table": "Suite de la TABLE 32.e Routes du Casuarina dans le détroit de Bass et aux îles Hunter.", "page": 538, "remarque": "A l'ancre au S. de l'île Three Hummock.", "vents_etat_du_ciel": "OSO. SO. Bon frais et grand frais; temps à grains ; pluie.", "barometre_hpa": "", "obs_latitude": "△", "obs_longitude": "△", "alerte": ""}}, {"type": "Feature", "geometry": {"type": "Point", "coordinates": [146.28055, -40.045]}, "properties": {"date": "1802-12-20", "date_republicaine": "29 frimaire an XI", "navire": "les corvettes", "table": "Suite de la TABLE 17.e - Routes des corvettes françoises du port Jackson à l'île King et dans le détroit de Bass.", "page": 512, "remarque": "", "vents_etat_du_ciel": "OSO. Grand frais par rafales ; grains fréquens, avec grêle et pluie.", "barometre_hpa": 1000.0, "obs_latitude": "*", "obs_longitude": "*", "alerte": "", "thermometre": "10,5"}}, {"type": "Feature", "geometry": {"type": "Point", "coordinates": [145.13555, -40.53056]}, "properties": {"date": "1802-12-20", "date_republicaine": "29 frimaire an XI", "navire": "le Casuarina", "table": "Suite de la TABLE 32.e Routes du Casuarina dans le détroit de Bass et aux îles Hunter.", "page": 538, "remarque": "A l'ancre au S. de l'île Three Hummock.", "vents_etat_du_ciel": "SO. OSO. SO. Grand frais ; temps à grains; pluie ; grêle.", "barometre_hpa": "", "obs_latitude": "△", "obs_longitude": "△", "alerte": ""}}, {"type": "Feature", "geometry": {"type": "Point", "coordinates": [145.63722, -39.095]}, "properties": {"date": "1802-12-21", "date_republicaine": "30 frimaire an XI", "navire": "les corvettes", "table": "Suite de la TABLE 17.e - Routes des corvettes françoises du port Jackson à l'île King et dans le détroit de Bass.", "page": 513, "remarque": "", "vents_etat_du_ciel": "SO. OSO. Joli frais ; presque calme sur le soir ; ciel nuageux ; beau temps.", "barometre_hpa": 1015.9, "obs_latitude": "△", "obs_longitude": "*", "alerte": "", "thermometre": "11,0"}}, {"type": "Feature", "geometry": {"type": "Point", "coordinates": [145.05583, -40.59417]}, "properties": {"date": "1802-12-21", "date_republicaine": "30 frimaire an XI", "navire": "le Casuarina", "table": "Suite de la TABLE 32.e Routes du Casuarina dans le détroit de Bass et aux îles Hunter.", "page": 538, "remarque": "A l'ancre dans l'O. du cap Buache.", "vents_etat_du_ciel": "SO. Joli frais ; calme et petit frais ; b. temps.", "barometre_hpa": "", "obs_latitude": "△", "obs_longitude": "△", "alerte": ""}}, {"type": "Feature", "geometry": {"type": "Point", "coordinates": [145.2825, -39.375]}, "properties": {"date": "1802-12-22", "date_republicaine": "1.er nivôse an XI", "navire": "les corvettes", "table": "Suite de la TABLE 17.e - Routes des corvettes françoises du port Jackson à l'île King et dans le détroit de Bass.", "page": 513, "remarque": "", "vents_etat_du_ciel": "Calme ; NE. Foible ; ESE. Joli frais ; ciel nuag. ; petite pluie.", "barometre_hpa": 1009.0, "obs_latitude": "*", "obs_longitude": "*", "alerte": "", "thermometre": "11,8"}}, {"type": "Feature", "geometry": {"type": "Point", "coordinates": [145.03555, -40.65111]}, "properties": {"date": "1802-12-22", "date_republicaine": "1er nivôse an XI", "navire": "le Casuarina", "table": "Suite de la TABLE 32.e Routes du Casuarina dans le détroit de Bass et aux îles Hunter.", "page": 538, "remarque": "Échoué sur le sable à 5 h. du soir; remis à flot à la marée montante 3 h. après. Mis à l'ancre à l'entrée de la baie Boullanger à 10 h. matin.", "vents_etat_du_ciel": "Calme ; ENE. NE. Petit fr., joli fr.; l'après-midi, E. Bon frais ; ciel couvert; à la nuit, petite pluie.", "barometre_hpa": "", "obs_latitude": "△", "obs_longitude": "△", "alerte": ""}}, {"type": "Feature", "geometry": {"type": "Point", "coordinates": [144.44, -39.88611]}, "properties": {"date": "1802-12-23", "date_republicaine": "2 nivôse an XI", "navire": "les corvettes", "table": "Suite de la TABLE 17.e - Routes des corvettes françoises du port Jackson à l'île King et dans le détroit de Bass.", "page": 513, "remarque": "", "vents_etat_du_ciel": "SE. ESE. SSE. S. Joli frais ; beau temps.", "barometre_hpa": 1016.5, "obs_latitude": "", "obs_longitude": "", "alerte": "", "thermometre": "14,0"}}, {"type": "Feature", "geometry": {"type": "Point", "coordinates": [145.16111, -40.51167]}, "properties": {"date": "1802-12-23", "date_republicaine": "2 nivôse an XI", "navire": "le Casuarina", "table": "Suite de la TABLE 32.e Routes du Casuarina dans le détroit de Bass et aux îles Hunter.", "page": 538, "remarque": "A l'ancre au SE. de l'île Three Hummock.", "vents_etat_du_ciel": "ESE. E. Joli frais; à midi, calme ; SO. OSO. SSO. Joli frais ; beau temps.", "barometre_hpa": "", "obs_latitude": "△", "obs_longitude": "△", "alerte": ""}}, {"type": "Feature", "geometry": {"type": "Point", "coordinates": [145.19389, -40.63139]}, "properties": {"date": "1802-12-24", "date_republicaine": "3 nivôse an XI", "navire": "le Casuarina", "table": "Suite de la TABLE 32.e Routes du Casuarina dans le détroit de Bass et aux îles Hunter.", "page": 538, "remarque": "A l'ancre dans la baie Ransonnet. Échoué sur le sable à 7 h. du soir ; remis à flot par la marée, une demi-heure après, dans l'entrée du Casuarina, où nous avons ensuite jeté l'ancre à 10 h. du soir.", "vents_etat_du_ciel": "SSO. S. Petit frais ; au jour, calme; après midi, NO. O. SSO Petit frais; beau temps.", "barometre_hpa": "", "obs_latitude": "", "obs_longitude": "△", "alerte": ""}}, {"type": "Feature", "geometry": {"type": "Point", "coordinates": [145.03111, -40.16583]}, "properties": {"date": "1802-12-25", "date_republicaine": "4 nivôse an XI", "navire": "les corvettes", "table": "Suite de la TABLE 17.e - Routes des corvettes françoises du port Jackson à l'île King et dans le détroit de Bass.", "page": 513, "remarque": "", "vents_etat_du_ciel": "SE. E. Petit fr. ; presque calme ; O. OSO. Petit frais ; temps brumeux.", "barometre_hpa": 1013.5, "obs_latitude": "*", "obs_longitude": "*", "alerte": "", "thermometre": "14,0"}}, {"type": "Feature", "geometry": {"type": "Point", "coordinates": [145.10806, -40.474]}, "properties": {"date": "1802-12-25", "date_republicaine": "", "navire": "le Casuarina", "table": "", "page": "", "remarque": "", "vents_etat_du_ciel": "", "barometre_hpa": "", "obs_latitude": "", "obs_longitude": "", "alerte": "position extrapolée : contournement de côte entre le 1802-12-24 et le 1802-12-25 (détour de 5 km)", "section": "", "extrapole": true}}, {"type": "Feature", "geometry": {"type": "Point", "coordinates": [144.92889, -40.37167]}, "properties": {"date": "1802-12-25", "date_republicaine": "4 nivôse an XI", "navire": "le Casuarina", "table": "Suite de la TABLE 32.e Routes du Casuarina dans le détroit de Bass et aux îles Hunter.", "page": 538, "remarque": "Appareillé à 4 h. du matin, et fait route pour l'île King.", "vents_etat_du_ciel": "Avant le jour, calme ; ENE. E. Joli frais; après midi, NE. Petite fraîcheur ; à la nuit, calme ; beau temps ; brume le soir.", "barometre_hpa": "", "obs_latitude": "*", "obs_longitude": "*", "alerte": ""}}, {"type": "Feature", "geometry": {"type": "Point", "coordinates": [145.24083, -40.315]}, "properties": {"date": "1802-12-26", "date_republicaine": "5 nivôse an XI", "navire": "les corvettes", "table": "Suite de la TABLE 17.e - Routes des corvettes françoises du port Jackson à l'île King et dans le détroit de Bass.", "page": 513, "remarque": "", "vents_etat_du_ciel": "SO. O. SSO. Jolie brise inégale ; SSE. Presque calme ; beau temps", "barometre_hpa": 1015.0, "obs_latitude": "", "obs_longitude": "", "alerte": "", "thermometre": "14,0"}}, {"type": "Feature", "geometry": {"type": "Point", "coordinates": [144.43722, -39.83333]}, "properties": {"date": "1802-12-26", "date_republicaine": "5 nivôse an XI", "navire": "le Casuarina", "table": "Suite de la TABLE 32.e Routes du Casuarina dans le détroit de Bass et aux îles Hunter.", "page": 538, "remarque": "Mouillé dans la baie des Éléphans, sur l'île King, à 7 h. du soir.", "vents_etat_du_ciel": "OSO. SO. SSO. Joli fr., petit fr.; à midi, calme; S. SSO. Bon fr. ; la nuit, calme; b. temps.", "barometre_hpa": "", "obs_latitude": "△", "obs_longitude": "△", "alerte": ""}}, {"type": "Feature", "geometry": {"type": "Point", "coordinates": [144.47583, -39.89889]}, "properties": {"date": "1802-12-27", "date_republicaine": "6 nivôse an XI", "navire": "les corvettes", "table": "Suite de la TABLE 17.e - Routes des corvettes françoises du port Jackson à l'île King et dans le détroit de Bass.", "page": 513, "remarque": "", "vents_etat_du_ciel": "SSE. E. ENE. NE. Foible et variable ; beau temps.", "barometre_hpa": 1016.5, "obs_latitude": "", "obs_longitude": "", "alerte": "", "thermometre": "15,0"}}, {"type": "Feature", "geometry": {"type": "Point", "coordinates": [143.86083, -40.24194]}, "properties": {"date": "1802-12-28", "date_republicaine": "7 nivôse an XI", "navire": "les corvettes", "table": "TABLE 18.e - Route des corvettes françoises à la Terre Napoléon, 2.e campagne", "page": 513, "remarque": "", "vents_etat_du_ciel": "ENE. NE. O. SO. Bonne brise ; brume épaisse ; ciel couvert.", "barometre_hpa": 1000.0, "obs_latitude": "", "obs_longitude": "", "alerte": "", "thermometre": "16,6"}}, {"type": "Feature", "geometry": {"type": "Point", "coordinates": [143.81889, -40.44]}, "properties": {"date": "1802-12-28", "date_republicaine": "7 nivôse an XI", "navire": "le Casuarina", "table": "Suite de la TABLE 32.e Routes du Casuarina dans le détroit de Bass et aux îles Hunter.", "page": 538, "remarque": "Fait route, de conserve avec le Géographe, pour nous rendre à l'île Decrès.", "vents_etat_du_ciel": "ENE. NE. Grand fr. et bon fr.; à midi, calme; ONO. OSO. Joli frais; temps brumeux et ciel couvert.", "barometre_hpa": "", "obs_latitude": "*", "obs_longitude": "*", "alerte": ""}}, {"type": "Feature", "geometry": {"type": "Point", "coordinates": [143.32278, -39.99778]}, "properties": {"date": "1802-12-29", "date_republicaine": "8 nivôse an XI", "navire": "les corvettes", "table": "TABLE 18.e - Route des corvettes françoises à la Terre Napoléon, 2.e campagne", "page": 513, "remarque": "", "vents_etat_du_ciel": "OSO. SSO. S. SSE. Petit frais ; beau temps.", "barometre_hpa": 1019.6, "obs_latitude": "", "obs_longitude": "", "alerte": "", "thermometre": "12,5"}}, {"type": "Feature", "geometry": {"type": "Point", "coordinates": [143.32278, -39.99778]}, "properties": {"date": "1802-12-29", "date_republicaine": "8 nivôse an XI", "navire": "le Casuarina", "table": "Suite de la TABLE 32.e Routes du Casuarina dans le détroit de Bass et aux îles Hunter.", "page": 538, "remarque": "", "vents_etat_du_ciel": "SO. SSO. S. SE. Joli frais ; beau temps.", "barometre_hpa": "", "obs_latitude": "", "obs_longitude": "", "alerte": ""}}, {"type": "Feature", "geometry": {"type": "Point", "coordinates": [141.08833, -38.85]}, "properties": {"date": "1802-12-30", "date_republicaine": "9 nivôse an XI", "navire": "les corvettes", "table": "TABLE 18.e - Route des corvettes françoises à la Terre Napoléon, 2.e campagne", "page": 513, "remarque": "", "vents_etat_du_ciel": "SE. Jolie brise ; beau temps.", "barometre_hpa": 1025.6, "obs_latitude": "", "obs_longitude": "", "alerte": "", "thermometre": "14,5"}}, {"type": "Feature", "geometry": {"type": "Point", "coordinates": [140.01083, -37.75306]}, "properties": {"date": "1802-12-31", "date_republicaine": "10 nivôse an XI", "navire": "les corvettes", "table": "TABLE 18.e - Route des corvettes françoises à la Terre Napoléon, 2.e campagne", "page": 513, "remarque": "Le 31 décembre, dans l'après-midi, une immense écharpe de vapeurs, fixée à l'horizon, présentoit si parfaitement l'apparence d'une terre, que tout le monde à bord y fut trompé ; de toute part en croyoit distinguer les caps, les pitons et les enfoncemens divers qui constituent un grand développement de côtes ; nous ne reconnûmes notre erreur qu'après avoir couru, pendant plusieurs heures, vers ces rivages fantastiques.", "vents_etat_du_ciel": "ESE. SE. S. Jolie brise mollissant graduellement. SO. SSO. Petit frais ; b. temps ; ciel couvert.", "barometre_hpa": 1018.0, "obs_latitude": "", "obs_longitude": "*", "alerte": "", "thermometre": "16,0"}}, {"type": "Feature", "geometry": {"type": "Point", "coordinates": [138.87389, -36.81528]}, "properties": {"date": "1803-01-01", "date_republicaine": "11 nivôse an XI", "navire": "les corvettes", "table": "TABLE 18.e - Route des corvettes françoises à la Terre Napoléon, 2.e campagne", "page": 513, "remarque": "Le 31 décembre, dans l'après-midi, une immense écharpe de vapeurs, fixée à l'horizon, présentoit si parfaitement l'apparence d'une terre, que tout le monde à bord y fut trompé ; de toute part en croyoit distinguer les caps, les pitons et les enfoncemens divers qui constituent un grand développement de côtes ; nous ne reconnûmes notre erreur qu'après avoir couru, pendant plusieurs heures, vers ces rivages fantastiques.", "vents_etat_du_ciel": "ESE. S. SSE. Foible brise ; beau temps.", "barometre_hpa": 1010.5, "obs_latitude": "", "obs_longitude": "", "alerte": "", "thermometre": "15,5"}}, {"type": "Feature", "geometry": {"type": "Point", "coordinates": [137.92861, -35.87472]}, "properties": {"date": "1803-01-02", "date_republicaine": "12 nivôse an XI", "navire": "les corvettes", "table": "TABLE 18.e - Route des corvettes françoises à la Terre Napoléon, 2.e campagne", "page": 513, "remarque": "Le 31 décembre, dans l'après-midi, une immense écharpe de vapeurs, fixée à l'horizon, présentoit si parfaitement l'apparence d'une terre, que tout le monde à bord y fut trompé ; de toute part en croyoit distinguer les caps, les pitons et les enfoncemens divers qui constituent un grand développement de côtes ; nous ne reconnûmes notre erreur qu'après avoir couru, pendant plusieurs heures, vers ces rivages fantastiques.", "vents_etat_du_ciel": "S. SE. SO. S. Joli frais ; beau temps ; ciel nuageux.", "barometre_hpa": 1012.0, "obs_latitude": "", "obs_longitude": "", "alerte": "", "thermometre": "14,8"}}, {"type": "Feature", "geometry": {"type": "Point", "coordinates": [137.48278, -36.10389]}, "properties": {"date": "1803-01-03", "date_republicaine": "13 nivôse an XI", "navire": "les corvettes", "table": "TABLE 18.e - Route des corvettes françoises à la Terre Napoléon, 2.e campagne", "page": 513, "remarque": "Inclin. de l'aiguille, moyenne de deux observat. = 63° 30'", "vents_etat_du_ciel": "SSE. SE. Joli frais ; b. temps ; ciel nuageux.", "barometre_hpa": 1022.6, "obs_latitude": "", "obs_longitude": "", "alerte": "", "thermometre": "14,5"}}, {"type": "Feature", "geometry": {"type": "Point", "coordinates": [136.69278, -35.66528]}, "properties": {"date": "1803-01-04", "date_republicaine": "14 nivôse an XI", "navire": "les corvettes", "table": "TABLE 18.e - Route des corvettes françoises à la Terre Napoléon, 2.e campagne", "page": 513, "remarque": "", "vents_etat_du_ciel": "SSE. SE. Bonne brise ; b. temps.", "barometre_hpa": 1021.1, "obs_latitude": "", "obs_longitude": "", "alerte": "", "thermometre": "15,0"}}, {"type": "Feature", "geometry": {"type": "Point", "coordinates": [137.66222, -35.4475]}, "properties": {"date": "1803-01-05", "date_republicaine": "15 nivôse an XI", "navire": "les corvettes", "table": "TABLE 18.e - Route des corvettes françoises à la Terre Napoléon, 2.e campagne", "page": 513, "remarque": "", "vents_etat_du_ciel": "SSE. SE. S. Joli frais ; beau temps.", "barometre_hpa": 1015.6, "obs_latitude": "", "obs_longitude": "", "alerte": "", "thermometre": "16,0"}}, {"type": "Feature", "geometry": {"type": "Point", "coordinates": [137.87444, -35.72111]}, "properties": {"date": "1803-01-06", "date_republicaine": "16 nivôse an XI", "navire": "les corvettes", "table": "18 - Routes des corvettes françoises à la Terre Napoléon, 2e campagne", "page": 514, "remarque": "Mouillé dans la baie Bougainville, sur l'île Decrès, à 8 h. et demie du matin.", "vents_etat_du_ciel": "SSE. ESE. Foible brise; NNE. SSO. Joli frais par rafales ; beau temps.", "barometre_hpa": 1007.5, "obs_latitude": "", "obs_longitude": "△", "alerte": "calendrier", "thermometre": "19,0"}}, {"type": "Feature", "geometry": {"type": "Point", "coordinates": [137.88278, -35.71833]}, "properties": {"date": "1803-01-10", "date_republicaine": "20 nivôse an XI", "navire": "le Casuarina", "table": "TABLE 34.e Routes du Casuarina à la Terre Napoléon et à la Terre de Nuyts.", "page": 538, "remarque": "Au mouillage dans la baie Bougainville sur l'île Decrès. Appareillé à 10 h. du soir pour nous rendre dans le golfe Joséphine.", "vents_etat_du_ciel": "SO. S. SE. Joli frais ; beau temps.", "barometre_hpa": "", "obs_latitude": "△", "obs_longitude": "△", "alerte": ""}}, {"type": "Feature", "geometry": {"type": "Point", "coordinates": [138.12833, -34.885]}, "properties": {"date": "1803-01-11", "date_republicaine": "21 nivôse an XI", "navire": "le Casuarina", "table": "TABLE 34.e Routes du Casuarina à la Terre Napoléon et à la Terre de Nuyts.", "page": 538, "remarque": "En vue des côtes Orientales du golfe Joséphine.", "vents_etat_du_ciel": "ESE. SE. SSE. S. Joli frais et bon frais ; beau temps.", "barometre_hpa": "", "obs_latitude": "", "obs_longitude": "", "alerte": ""}}, {"type": "Feature", "geometry": {"type": "Point", "coordinates": [138.12222, -34.28472]}, "properties": {"date": "1803-01-12", "date_republicaine": "22 nivôse an XI", "navire": "le Casuarina", "table": "TABLE 34.e Routes du Casuarina à la Terre Napoléon et à la Terre de Nuyts.", "page": 538, "remarque": "", "vents_etat_du_ciel": "ESE. SSE. S. Joli frais ; beau temps.", "barometre_hpa": "", "obs_latitude": "", "obs_longitude": "", "alerte": ""}}, {"type": "Feature", "geometry": {"type": "Point", "coordinates": [138.065, -34.28722]}, "properties": {"date": "1803-01-13", "date_republicaine": "23 nivôse an XI", "navire": "le Casuarina", "table": "TABLE 34.e Routes du Casuarina à la Terre Napoléon et à la Terre de Nuyts.", "page": 538, "remarque": "", "vents_etat_du_ciel": "Calme ; SSE. SSO. Joli frais ; calme la nuit; beau temps.", "barometre_hpa": "", "obs_latitude": "*", "obs_longitude": "*", "alerte": ""}}, {"type": "Feature", "geometry": {"type": "Point", "coordinates": [138.11666, -34.41028]}, "properties": {"date": "1803-01-14", "date_republicaine": "24 nivôse an XI", "navire": "le Casuarina", "table": "TABLE 34.e Routes du Casuarina à la Terre Napoléon et à la Terre de Nuyts.", "page": 538, "remarque": "En vue des côtes Occidentales du golfe Joséphine.", "vents_etat_du_ciel": "S. SO. Joli frais ; bon frais ; calme ; b. temps.", "barometre_hpa": "", "obs_latitude": "", "obs_longitude": "", "alerte": ""}}, {"type": "Feature", "geometry": {"type": "Point", "coordinates": [138.05111, -34.53556]}, "properties": {"date": "1803-01-15", "date_republicaine": "25 nivôse an XI", "navire": "le Casuarina", "table": "TABLE 34.e Routes du Casuarina à la Terre Napoléon et à la Terre de Nuyts.", "page": 538, "remarque": "", "vents_etat_du_ciel": "S. SE. NE. O. E. NNE. Presque calme; temps disposé à l'orage.", "barometre_hpa": "", "obs_latitude": "", "obs_longitude": "", "alerte": ""}}, {"type": "Feature", "geometry": {"type": "Point", "coordinates": [137.85111, -35.01611]}, "properties": {"date": "1803-01-16", "date_republicaine": "26 nivôse an XI", "navire": "le Casuarina", "table": "Suite de la TABLE 34.e Routes du Casuarina à la Terre Napoléon et à la Terre de Nuyts.", "page": 539, "remarque": "", "vents_etat_du_ciel": "O. OSO. SSO. Bon frais ; ciel nuageux.", "barometre_hpa": "", "obs_latitude": "*", "obs_longitude": "*", "alerte": ""}}, {"type": "Feature", "geometry": {"type": "Point", "coordinates": [137.93722, -35.14583]}, "properties": {"date": "1803-01-17", "date_republicaine": "27 nivôse an XI", "navire": "le Casuarina", "table": "Suite de la TABLE 34.e Routes du Casuarina à la Terre Napoléon et à la Terre de Nuyts.", "page": 539, "remarque": "", "vents_etat_du_ciel": "SSO. Joli frais ; S. Petit frais ; SO. SSE. ESE. Joli frais ; beau temps.", "barometre_hpa": "", "obs_latitude": "", "obs_longitude": "", "alerte": ""}}, {"type": "Feature", "geometry": {"type": "Point", "coordinates": [137.465, -35.25278]}, "properties": {"date": "1803-01-18", "date_republicaine": "28 nivôse an XI", "navire": "le Casuarina", "table": "Suite de la TABLE 34.e Routes du Casuarina à la Terre Napoléon et à la Terre de Nuyts.", "page": 539, "remarque": "En vue de la côte Sud de la presqu'île Cambacérés ; passé entre les îles Vauban à 9 h. du soir.", "vents_etat_du_ciel": "SE. ENE. ESE. E. Joli frais ; beau temps.", "barometre_hpa": "", "obs_latitude": "*", "obs_longitude": "", "alerte": ""}}, {"type": "Feature", "geometry": {"type": "Point", "coordinates": [136.79466, -35.31818]}, "properties": {"date": "1803-01-19", "date_republicaine": "", "navire": "le Casuarina", "table": "", "page": "", "remarque": "", "vents_etat_du_ciel": "", "barometre_hpa": "", "obs_latitude": "", "obs_longitude": "", "alerte": "position extrapolée : contournement de côte entre le 1803-01-18 et le 1803-01-19 (détour de 35 km)", "section": "", "extrapole": true}}, {"type": "Feature", "geometry": {"type": "Point", "coordinates": [136.85194, -34.98722]}, "properties": {"date": "1803-01-19", "date_republicaine": "29 nivôse an XI", "navire": "le Casuarina", "table": "Suite de la TABLE 34.e Routes du Casuarina à la Terre Napoléon et à la Terre de Nuyts.", "page": 539, "remarque": "A l'entrée du golfe Bonaparte.", "vents_etat_du_ciel": "E. ENE. NNE. ENE. Joli frais et petit frais ; calme le soir ; beau temps.", "barometre_hpa": "", "obs_latitude": "", "obs_longitude": "*", "alerte": ""}}, {"type": "Feature", "geometry": {"type": "Point", "coordinates": [136.87194, -34.36278]}, "properties": {"date": "1803-01-20", "date_republicaine": "30 nivôse an XI", "navire": "le Casuarina", "table": "Suite de la TABLE 34.e Routes du Casuarina à la Terre Napoléon et à la Terre de Nuyts.", "page": 539, "remarque": "En vue des côtes Orientales du golfe Bonaparte.", "vents_etat_du_ciel": "Calme; à 1 h. du matin, reçu un grain blanc du SO. ; NNO. ONO. NNO. Petit fr., presque calme ; l'après-midi, ESE. S. bon frais ; beau temps.", "barometre_hpa": "", "obs_latitude": "", "obs_longitude": "*", "alerte": ""}}, {"type": "Feature", "geometry": {"type": "Point", "coordinates": [137.73111, -33.64028]}, "properties": {"date": "1803-01-21", "date_republicaine": "1er pluviôse an XI", "navire": "le Casuarina", "table": "Suite de la TABLE 34.e Routes du Casuarina à la Terre Napoléon et à la Terre de Nuyts.", "page": 539, "remarque": "", "vents_etat_du_ciel": "S. SE. SO. S. Bon frais ; beau temps.", "barometre_hpa": "", "obs_latitude": "", "obs_longitude": "△", "alerte": ""}}, {"type": "Feature", "geometry": {"type": "Point", "coordinates": [137.82694, -32.7]}, "properties": {"date": "1803-01-22", "date_republicaine": "2 pluviôse an XI", "navire": "le Casuarina", "table": "Suite de la TABLE 34.e Routes du Casuarina à la Terre Napoléon et à la Terre de Nuyts.", "page": 539, "remarque": "A l'extrémité Nord du golfe Bonaparte.", "vents_etat_du_ciel": "SSE. S. SSO. S. Joli frais ; beau temps.", "barometre_hpa": "", "obs_latitude": "*", "obs_longitude": "*", "alerte": ""}}, {"type": "Feature", "geometry": {"type": "Point", "coordinates": [137.92944, -32.89361]}, "properties": {"date": "1803-01-23", "date_republicaine": "3 pluviôse an XI", "navire": "le Casuarina", "table": "Suite de la TABLE 34.e Routes du Casuarina à la Terre Napoléon et à la Terre de Nuyts.", "page": 539, "remarque": "En vue des côtes Occidentales du golfe Bonaparte.", "vents_etat_du_ciel": "S. SSE. SSO. Joli frais et petit frais le soir ; beau temps.", "barometre_hpa": "", "obs_latitude": "", "obs_longitude": "*", "alerte": ""}}, {"type": "Feature", "geometry": {"type": "Point", "coordinates": [137.75722, -33.03083]}, "properties": {"date": "1803-01-24", "date_republicaine": "4 pluviôse an XI", "navire": "le Casuarina", "table": "Suite de la TABLE 34.e Routes du Casuarina à la Terre Napoléon et à la Terre de Nuyts.", "page": 539, "remarque": "", "vents_etat_du_ciel": "SSE. S. SO. Presque calme ; SSO. Joli frais ; ensuite calme ; beau temps.", "barometre_hpa": "", "obs_latitude": "", "obs_longitude": "", "alerte": ""}}, {"type": "Feature", "geometry": {"type": "Point", "coordinates": [137.54722, -33.26556]}, "properties": {"date": "1803-01-25", "date_republicaine": "5 pluviôse an XI", "navire": "le Casuarina", "table": "Suite de la TABLE 34.e Routes du Casuarina à la Terre Napoléon et à la Terre de Nuyts.", "page": 539, "remarque": "", "vents_etat_du_ciel": "SSO. S. Petit frais et calme ; le soir SSO. S. SSE. Bon frais ; beau temps.", "barometre_hpa": "", "obs_latitude": "", "obs_longitude": "", "alerte": ""}}, {"type": "Feature", "geometry": {"type": "Point", "coordinates": [137.40805, -33.67889]}, "properties": {"date": "1803-01-26", "date_republicaine": "6 pluviôse an XI", "navire": "le Casuarina", "table": "Suite de la TABLE 34.e Routes du Casuarina à la Terre Napoléon et à la Terre de Nuyts.", "page": 539, "remarque": "", "vents_etat_du_ciel": "Calme ; S. SO. OSO. SE. ESE. SSE. SSO. ESE. NE. Petit frais et joli frais ; beau temps.", "barometre_hpa": "", "obs_latitude": "", "obs_longitude": "", "alerte": ""}}, {"type": "Feature", "geometry": {"type": "Point", "coordinates": [136.44083, -34.17889]}, "properties": {"date": "1803-01-27", "date_republicaine": "7 pluviôse an XI", "navire": "le Casuarina", "table": "Suite de la TABLE 34.e Routes du Casuarina à la Terre Napoléon et à la Terre de Nuyts.", "page": 539, "remarque": "La présence des vents de NO. nous a occasionné une chaleur étouffante et presque insupportable ; je l'attribue aux feux nombreux allumés sur la côte par les sauvages.", "vents_etat_du_ciel": "NNE. NO. ONO. SSE. SE. S. Bon frais et joli frais ; ciel nuageux.", "barometre_hpa": "", "obs_latitude": "", "obs_longitude": "*", "alerte": ""}}, {"type": "Feature", "geometry": {"type": "Point", "coordinates": [136.2, -34.59833]}, "properties": {"date": "1803-01-28", "date_republicaine": "8 pluviôse an XI", "navire": "le Casuarina", "table": "Suite de la TABLE 34.e Routes du Casuarina à la Terre Napoléon et à la Terre de Nuyts.", "page": 539, "remarque": "En vue des îles de Léoben.", "vents_etat_du_ciel": "S. SSE. Joli fr. ; ciel nuageux ; le matin, éclairs dans le SE. et le NO.", "barometre_hpa": "", "obs_latitude": "", "obs_longitude": "*", "alerte": ""}}, {"type": "Feature", "geometry": {"type": "Point", "coordinates": [136.08972, -34.76722]}, "properties": {"date": "1803-01-29", "date_republicaine": "9 pluviôse an XI", "navire": "le Casuarina", "table": "Suite de la TABLE 34.e Routes du Casuarina à la Terre Napoléon et à la Terre de Nuyts.", "page": 539, "remarque": "Dans le port Champagny.", "vents_etat_du_ciel": "E. ENE. SSE. SSO. S. Petit frais et joli frais ; beau temps.", "barometre_hpa": "", "obs_latitude": "*", "obs_longitude": "*", "alerte": ""}}, {"type": "Feature", "geometry": {"type": "Point", "coordinates": [136.68055, -34.99167]}, "properties": {"date": "1803-01-30", "date_republicaine": "10 pluviôse an XI", "navire": "le Casuarina", "table": "Suite de la TABLE 34.e Routes du Casuarina à la Terre Napoléon et à la Terre de Nuyts.", "page": 539, "remarque": "", "vents_etat_du_ciel": "S. SE. Presque calme et calme plat ; SSO. SSE. SSO. SE. Joli frais et petit frais.", "barometre_hpa": "", "obs_latitude": "", "obs_longitude": "*", "alerte": ""}}, {"type": "Feature", "geometry": {"type": "Point", "coordinates": [136.52722, -35.30611]}, "properties": {"date": "1803-01-31", "date_republicaine": "11 pluviôse an XI", "navire": "le Casuarina", "table": "Suite de la TABLE 34.e Routes du Casuarina à la Terre Napoléon et à la Terre de Nuyts.", "page": 539, "remarque": "", "vents_etat_du_ciel": "ESE. SSE. SE. Foible brise ; à midi, calme ; le soir, légères fraîcheurs du S. à l'ESE. ; beau temps, ciel nuageux.", "barometre_hpa": "", "obs_latitude": "", "obs_longitude": "*", "alerte": ""}}, {"type": "Feature", "geometry": {"type": "Point", "coordinates": [137.69166, -35.5075]}, "properties": {"date": "1803-02-01", "date_republicaine": "12 pluviôse an XI", "navire": "les corvettes", "table": "18 - Routes des corvettes françoises à la Terre Napoléon, 2e campagne", "page": 515, "remarque": "Le Géographe et le Casuarina sont partis de l'île Decrès, le 1.er février, à 8 h. du matin.", "vents_etat_du_ciel": "SSE. Foible brise ; presque calme ; S. SSE. Bon frais ; beau temps ; ciel nuageux.", "barometre_hpa": 1015.0, "obs_latitude": "*", "obs_longitude": "*", "alerte": "", "thermometre": "20,0"}}, {"type": "Feature", "geometry": {"type": "Point", "coordinates": [136.98639, -35.53917]}, "properties": {"date": "1803-02-01", "date_republicaine": "12 pluviôse an XI", "navire": "le Casuarina", "table": "Suite de la TABLE 34.e Routes du Casuarina à la Terre Napoléon et à la Terre de Nuyts.", "page": 539, "remarque": "En vue de l'île Decrès ; manœuvré pour rallier le Géographe, qui a forcé de voiles et a bientôt été perdu de vue dans le SO.", "vents_etat_du_ciel": "Calme plat ; au jour, SE. SSO. SO. Joli frais ; à midi, SSE. S. SE. ENE. Bon frais.", "barometre_hpa": "", "obs_latitude": "", "obs_longitude": "", "alerte": ""}}, {"type": "Feature", "geometry": {"type": "Point", "coordinates": [136.56641, -35.72416]}, "properties": {"date": "1803-02-02", "date_republicaine": "", "navire": "les corvettes", "table": "", "page": "", "remarque": "", "vents_etat_du_ciel": "", "barometre_hpa": "", "obs_latitude": "", "obs_longitude": "", "alerte": "position extrapolée : contournement de côte entre le 1803-02-01 et le 1803-02-02 (détour de 12 km)", "thermometre": "", "section": "", "extrapole": true}}, {"type": "Feature", "geometry": {"type": "Point", "coordinates": [136.34166, -35.905]}, "properties": {"date": "1803-02-02", "date_republicaine": "13 pluviôse an XI", "navire": "les corvettes", "table": "18 - Routes des corvettes françoises à la Terre Napoléon, 2e campagne", "page": 515, "remarque": "", "vents_etat_du_ciel": "NE. O. SO. ESE. SSE. E. NNO. Très-variable et inégal ; temps brumeux ; ciel couvert ; pluie orageuse ; éclairs dans le SE.", "barometre_hpa": 1014.4, "obs_latitude": "*", "obs_longitude": "*", "alerte": "", "thermometre": "16,4"}}, {"type": "Feature", "geometry": {"type": "Point", "coordinates": [135.80666, -35.60528]}, "properties": {"date": "1803-02-02", "date_republicaine": "13 pluviôse an XI", "navire": "le Casuarina", "table": "Suite de la TABLE 34.e Routes du Casuarina à la Terre Napoléon et à la Terre de Nuyts.", "page": 539, "remarque": "En vue des îles Laplace.", "vents_etat_du_ciel": "NE. Bon frais ; au jour, calme ; ensuite SSO. S. SE. Joli frais ; E. ENE. ESE. E. foible brise; NE. Joli frais ; ciel couvert ; éclairs dans l'E. et le SE. ; horizon gras ; pluie.", "barometre_hpa": "", "obs_latitude": "*", "obs_longitude": "*", "alerte": ""}}, {"type": "Feature", "geometry": {"type": "Point", "coordinates": [135.40416, -36.15889]}, "properties": {"date": "1803-02-03", "date_republicaine": "14 pluviôse an XI", "navire": "les corvettes", "table": "18 - Routes des corvettes françoises à la Terre Napoléon, 2e campagne", "page": 515, "remarque": "Nous avons éprouvé une forte houle du SO., qui nous a fait craindre des vents de cette partie.", "vents_etat_du_ciel": "Fraîcheur très-variable. S. SE. Petit frais ; SSE. SSO. S. Jolie brise ; pluie, avec grêle.", "barometre_hpa": 1007.5, "obs_latitude": "*", "obs_longitude": "*", "alerte": "", "thermometre": "17,3"}}, {"type": "Feature", "geometry": {"type": "Point", "coordinates": [134.57611, -34.65194]}, "properties": {"date": "1803-02-03", "date_republicaine": "14 pluviôse an XI", "navire": "le Casuarina", "table": "34 - Routes du Casuarina à la Terre Napoléon et à la Terre de Nuyts (suite)", "page": 540, "remarque": "Découvert les îles du Vétéran.", "vents_etat_du_ciel": "Calme ; SO. SSO. SSE. SE. Joli frais et petit fr. ; temps orageux, tonnerre dans le NO. ; pluie continuelle ; S. SSO. Bon frais le soir ; même temps.", "barometre_hpa": "", "obs_latitude": "*", "obs_longitude": "*", "alerte": ""}}, {"type": "Feature", "geometry": {"type": "Point", "coordinates": [133.76555, -34.92472]}, "properties": {"date": "1803-02-04", "date_republicaine": "15 pluviôse an XI", "navire": "les corvettes", "table": "18 - Routes des corvettes françoises à la Terre Napoléon, 2e campagne", "page": 515, "remarque": "", "vents_etat_du_ciel": "OSO. SO. S. Grand frais, inégal par rafales ; ciel nuageux.", "barometre_hpa": 1015.0, "obs_latitude": "", "obs_longitude": "*", "alerte": "", "thermometre": "16,0"}}, {"type": "Feature", "geometry": {"type": "Point", "coordinates": [133.00889, -33.07639]}, "properties": {"date": "1803-02-04", "date_republicaine": "15 pluviôse an XI", "navire": "le Casuarina", "table": "34 - Routes du Casuarina à la Terre Napoléon et à la Terre de Nuyts (suite)", "page": 540, "remarque": "", "vents_etat_du_ciel": "SSO. SO. S. SSE. Bon frais ; temps à grains ; pluie.", "barometre_hpa": "", "obs_latitude": "", "obs_longitude": "", "alerte": ""}}, {"type": "Feature", "geometry": {"type": "Point", "coordinates": [133.75389, -33.60833]}, "properties": {"date": "1803-02-05", "date_republicaine": "16 pluviôse an XI", "navire": "les corvettes", "table": "18 - Routes des corvettes françoises à la Terre Napoléon, 2e campagne", "page": 515, "remarque": "", "vents_etat_du_ciel": "SSO. SSE. S. SE. Petit frais ; temps couvert et graineux.", "barometre_hpa": 1022.6, "obs_latitude": "*", "obs_longitude": "*", "alerte": "", "thermometre": "16,0"}}, {"type": "Feature", "geometry": {"type": "Point", "coordinates": [132.76694, -32.43361]}, "properties": {"date": "1803-02-05", "date_republicaine": "16 pluviôse an XI", "navire": "le Casuarina", "table": "34 - Routes du Casuarina à la Terre Napoléon et à la Terre de Nuyts (suite)", "page": 540, "remarque": "", "vents_etat_du_ciel": "S. SE. SSE. Joli fr. et bon fr. ; ciel nuageux.", "barometre_hpa": "", "obs_latitude": "*", "obs_longitude": "", "alerte": ""}}, {"type": "Feature", "geometry": {"type": "Point", "coordinates": [133.87555, -32.72694]}, "properties": {"date": "1803-02-06", "date_republicaine": "17 pluviôse an XI", "navire": "les corvettes", "table": "18 - Routes des corvettes françoises à la Terre Napoléon, 2e campagne", "page": 515, "remarque": "", "vents_etat_du_ciel": "SE. SSE. Petit frais et bon frais ; ciel couvert ; beau temps.", "barometre_hpa": 1025.6, "obs_latitude": "*", "obs_longitude": "*", "alerte": "", "thermometre": "15,4"}}, {"type": "Feature", "geometry": {"type": "Point", "coordinates": [132.95416, -32.31139]}, "properties": {"date": "1803-02-06", "date_republicaine": "17 pluviôse an XI", "navire": "le Casuarina", "table": "34 - Routes du Casuarina à la Terre Napoléon et à la Terre de Nuyts (suite)", "page": 540, "remarque": "En vue des îles du Géographe et du continent voisin.", "vents_etat_du_ciel": "SE. ESE. SSE. SE. Bon frais et grand frais ; ciel couvert.", "barometre_hpa": "", "obs_latitude": "△", "obs_longitude": "△", "alerte": ""}}, {"type": "Feature", "geometry": {"type": "Point", "coordinates": [133.5375, -32.15]}, "properties": {"date": "1803-02-07", "date_republicaine": "18 pluviôse an XI", "navire": "les corvettes", "table": "18 - Routes des corvettes françoises à la Terre Napoléon, 2e campagne", "page": 515, "remarque": "Mouillé dans la baie Murat.", "vents_etat_du_ciel": "SE. SSE. Joli frais, par risées ; brise carabinée, par rafales ; beau temps.", "barometre_hpa": 1022.6, "obs_latitude": "", "obs_longitude": "", "alerte": "", "thermometre": "17,0"}}, {"type": "Feature", "geometry": {"type": "Point", "coordinates": [133.04694, -32.40667]}, "properties": {"date": "1803-02-07", "date_republicaine": "18 pluviôse an XI", "navire": "le Casuarina", "table": "34 - Routes du Casuarina à la Terre Napoléon et à la Terre de Nuyts (suite)", "page": 540, "remarque": "", "vents_etat_du_ciel": "SE. ESE. SE. Petit frais le matin ; ensuite bon frais ; ciel nuageux.", "barometre_hpa": "", "obs_latitude": "", "obs_longitude": "", "alerte": ""}}, {"type": "Feature", "geometry": {"type": "Point", "coordinates": [132.67916, -32.73472]}, "properties": {"date": "1803-02-08", "date_republicaine": "19 pluviôse an XI", "navire": "le Casuarina", "table": "34 - Routes du Casuarina à la Terre Napoléon et à la Terre de Nuyts (suite)", "page": 540, "remarque": "Mis en route pour le port du Roi-George.", "vents_etat_du_ciel": "SE. SSE. Bon frais ; ciel nuageux.", "barometre_hpa": "", "obs_latitude": "", "obs_longitude": "", "alerte": ""}}, {"type": "Feature", "geometry": {"type": "Point", "coordinates": [129.50778, -33.14167]}, "properties": {"date": "1803-02-09", "date_republicaine": "20 pluviôse an XI", "navire": "le Casuarina", "table": "34 - Routes du Casuarina à la Terre Napoléon et à la Terre de Nuyts (suite)", "page": 540, "remarque": "", "vents_etat_du_ciel": "SE. SSE. SE. Bon frais et joli frais ; ciel nuageux.", "barometre_hpa": "", "obs_latitude": "", "obs_longitude": "*", "alerte": ""}}, {"type": "Feature", "geometry": {"type": "Point", "coordinates": [126.38972, -33.98333]}, "properties": {"date": "1803-02-10", "date_republicaine": "21 pluviôse an XI", "navire": "le Casuarina", "table": "34 - Routes du Casuarina à la Terre Napoléon et à la Terre de Nuyts (suite)", "page": 540, "remarque": "", "vents_etat_du_ciel": "SE. ESE. Bon frais ; ciel couvert ; temps à grains ; pluie.", "barometre_hpa": "", "obs_latitude": "*", "obs_longitude": "*", "alerte": ""}}, {"type": "Feature", "geometry": {"type": "Point", "coordinates": [132.8475, -32.07861]}, "properties": {"date": "1803-02-11", "date_republicaine": "22 pluviôse an XI", "navire": "le Géographe", "table": "19 - Routes du Géographe à la Terre de Nuyts et à la Terre de Leuwin. Séjour au port du Roi-George", "page": 516, "remarque": "Appareillé à 6 h. 30' du m., et fait route pour le port du Roi-George.", "vents_etat_du_ciel": "SSE. SE. E. Joli frais ; le temps humide et beau.", "barometre_hpa": 1021.1, "obs_latitude": "", "obs_longitude": "", "alerte": "", "thermometre": "17,0"}}, {"type": "Feature", "geometry": {"type": "Point", "coordinates": [123.745, -34.9275]}, "properties": {"date": "1803-02-11", "date_republicaine": "22 pluviôse an XI", "navire": "le Casuarina", "table": "34 - Routes du Casuarina à la Terre Napoléon et à la Terre de Nuyts (suite)", "page": 540, "remarque": "", "vents_etat_du_ciel": "E. ENE. Bon frais ; ciel nuageux.", "barometre_hpa": "", "obs_latitude": "", "obs_longitude": "*", "alerte": ""}}, {"type": "Feature", "geometry": {"type": "Point", "coordinates": [130.78972, -33.88972]}, "properties": {"date": "1803-02-12", "date_republicaine": "23 pluviôse an XI", "navire": "le Géographe", "table": "19 - Routes du Géographe à la Terre de Nuyts et à la Terre de Leuwin. Séjour au port du Roi-George", "page": 516, "remarque": "", "vents_etat_du_ciel": "E. SE. Jolie brise ; beau temps.", "barometre_hpa": 1022.6, "obs_latitude": "", "obs_longitude": "", "alerte": "", "thermometre": "16,8"}}, {"type": "Feature", "geometry": {"type": "Point", "coordinates": [120.9225, -34.53]}, "properties": {"date": "1803-02-12", "date_republicaine": "23 pluviôse an XI", "navire": "le Casuarina", "table": "34 - Routes du Casuarina à la Terre Napoléon et à la Terre de Nuyts (suite)", "page": 540, "remarque": "", "vents_etat_du_ciel": "ENE. NE. E. Grand frais et bon frais ; ciel couvert.", "barometre_hpa": "", "obs_latitude": "", "obs_longitude": "", "alerte": ""}}, {"type": "Feature", "geometry": {"type": "Point", "coordinates": [127.18389, -35.18056]}, "properties": {"date": "1803-02-13", "date_republicaine": "24 pluviôse an XI", "navire": "le Géographe", "table": "19 - Routes du Géographe à la Terre de Nuyts et à la Terre de Leuwin. Séjour au port du Roi-George", "page": 516, "remarque": "", "vents_etat_du_ciel": "ESE. SE. E. Bonne brise ; beau temps ; ciel nuageux.", "barometre_hpa": 1019.6, "obs_latitude": "", "obs_longitude": "", "alerte": "", "thermometre": "16,0"}}, {"type": "Feature", "geometry": {"type": "Point", "coordinates": [118.25389, -35.08333]}, "properties": {"date": "1803-02-13", "date_republicaine": "24 pluviôse an XI", "navire": "le Casuarina", "table": "34 - Routes du Casuarina à la Terre Napoléon et à la Terre de Nuyts (suite)", "page": 540, "remarque": "Aperçu la terre à 6 h. du matin ; mouillé dans le port du Roi-George à une heure et demie du soir.", "vents_etat_du_ciel": "E. Bon frais ; ciel couvert ; temps brumeux.", "barometre_hpa": "", "obs_latitude": "*", "obs_longitude": "", "alerte": ""}}, {"type": "Feature", "geometry": {"type": "Point", "coordinates": [125.57694, -35.73833]}, "properties": {"date": "1803-02-14", "date_republicaine": "25 pluviôse an XI", "navire": "le Géographe", "table": "19 - Routes du Géographe à la Terre de Nuyts et à la Terre de Leuwin. Séjour au port du Roi-George", "page": 516, "remarque": "", "vents_etat_du_ciel": "E. ENE. ESE. E. SE. Jol. brise inégale ; ciel nuageux ; pluie.", "barometre_hpa": 1025.6, "obs_latitude": "*", "obs_longitude": "*", "alerte": "", "thermometre": "16,0"}}, {"type": "Feature", "geometry": {"type": "Point", "coordinates": [122.86028, -35.87222]}, "properties": {"date": "1803-02-15", "date_republicaine": "26 pluviôse an XI", "navire": "le Géographe", "table": "19 - Routes du Géographe à la Terre de Nuyts et à la Terre de Leuwin. Séjour au port du Roi-George", "page": 516, "remarque": "", "vents_etat_du_ciel": "SE. ESE. SSE. S. Jolie brise inégale ; temps sombre ; pluie.", "barometre_hpa": 1013.5, "obs_latitude": "", "obs_longitude": "*", "alerte": "", "thermometre": "17,0"}}, {"type": "Feature", "geometry": {"type": "Point", "coordinates": [120.28944, -35.44778]}, "properties": {"date": "1803-02-16", "date_republicaine": "27 pluviôse an XI", "navire": "le Géographe", "table": "19 - Routes du Géographe à la Terre de Nuyts et à la Terre de Leuwin. Séjour au port du Roi-George", "page": 516, "remarque": "", "vents_etat_du_ciel": "SSE. S. ESE. SO. Petite brise ; calme ; ciel couv. ; b. temps.", "barometre_hpa": 1018.0, "obs_latitude": "", "obs_longitude": "*", "alerte": "", "thermometre": "16,8"}}, {"type": "Feature", "geometry": {"type": "Point", "coordinates": [119.63944, -35.03333]}, "properties": {"date": "1803-02-17", "date_republicaine": "28 pluviôse an XI", "navire": "le Géographe", "table": "19 - Routes du Géographe à la Terre de Nuyts et à la Terre de Leuwin. Séjour au port du Roi-George", "page": 516, "remarque": "Mouillé dans le port du Roi-George, le 17 février, à 7 h. du soir.", "vents_etat_du_ciel": "S. Foible brise ; ciel couvert ; beau temps.", "barometre_hpa": 1019.6, "obs_latitude": "", "obs_longitude": "*", "alerte": "", "thermometre": "15,5"}}, {"type": "Feature", "geometry": {"type": "Point", "coordinates": [118.00361, -35.06861]}, "properties": {"date": "1803-02-18", "date_republicaine": "29 pluviôse an XI", "navire": "le Géographe", "table": "19 - Routes du Géographe à la Terre de Nuyts et à la Terre de Leuwin. Séjour au port du Roi-George", "page": 516, "remarque": "", "vents_etat_du_ciel": "ONO. OSO. Grand frais, par rafales ; pluie ; temps brum.", "barometre_hpa": 1009.0, "obs_latitude": "△", "obs_longitude": "△", "alerte": "", "thermometre": "17,0"}}, {"type": "Feature", "geometry": {"type": "Point", "coordinates": [118.31639, -35.32944]}, "properties": {"date": "1803-03-01", "date_republicaine": "10 ventôse an XI", "navire": "le Géographe", "table": "19 - Routes du Géographe à la Terre de Nuyts et à la Terre de Leuwin. Séjour au port du Roi-George", "page": 516, "remarque": "Appareillé du port du Roi-George, le 1.er mars, à 6 h. du matin.", "vents_etat_du_ciel": "NO. O. SO. OSO. O. Bon frais ; temps à grains ; brume ; pluie.", "barometre_hpa": 1010.5, "obs_latitude": "", "obs_longitude": "*", "alerte": "", "thermometre": "17,0"}}, {"type": "Feature", "geometry": {"type": "Point", "coordinates": [117.88972, -35.41778]}, "properties": {"date": "1803-03-02", "date_republicaine": "11 ventôse an XI", "navire": "le Géographe", "table": "19 - Routes du Géographe à la Terre de Nuyts et à la Terre de Leuwin. Séjour au port du Roi-George", "page": 516, "remarque": "", "vents_etat_du_ciel": "O. SO. S. SO. O. Bon frais ; petit frais ; temps à grains : il s'est embelli le soir.", "barometre_hpa": 1016.5, "obs_latitude": "", "obs_longitude": "", "alerte": "", "thermometre": "18,0"}}, {"type": "Feature", "geometry": {"type": "Point", "coordinates": [117.59278, -35.47028]}, "properties": {"date": "1803-03-03", "date_republicaine": "12 ventôse an XI", "navire": "le Géographe", "table": "19 - Routes du Géographe à la Terre de Nuyts et à la Terre de Leuwin. Séjour au port du Roi-George", "page": 516, "remarque": "Les courans, dans la journée, nous ont portés 12 milles au NO.", "vents_etat_du_ciel": "O. ONO. OSO. SO. Joli frais, par rafales ; ciel nuageux.", "barometre_hpa": 1018.0, "obs_latitude": "", "obs_longitude": "", "alerte": "", "thermometre": "16,0"}}, {"type": "Feature", "geometry": {"type": "Point", "coordinates": [116.67944, -35.24528]}, "properties": {"date": "1803-03-04", "date_republicaine": "13 ventôse an XI", "navire": "le Géographe", "table": "19 - Routes du Géographe à la Terre de Nuyts et à la Terre de Leuwin. Séjour au port du Roi-George", "page": 517, "remarque": "", "vents_etat_du_ciel": "SO. S. Foible brise ; grains et pluie ; ciel nuageux.", "barometre_hpa": 1019.6, "obs_latitude": "", "obs_longitude": "*", "alerte": "", "thermometre": "13,5"}}, {"type": "Feature", "geometry": {"type": "Point", "coordinates": [116.28222, -35.22694]}, "properties": {"date": "1803-03-05", "date_republicaine": "14 ventôse an XI", "navire": "le Géographe", "table": "19 - Routes du Géographe à la Terre de Nuyts et à la Terre de Leuwin. Séjour au port du Roi-George", "page": 517, "remarque": "", "vents_etat_du_ciel": "Presque calme ; folles ventes de tous les points du compas ; beau temps.", "barometre_hpa": 1024.1, "obs_latitude": "*", "obs_longitude": "*", "alerte": "", "thermometre": "17,0"}}, {"type": "Feature", "geometry": {"type": "Point", "coordinates": [116.88194, -35.16306]}, "properties": {"date": "1803-03-06", "date_republicaine": "15 ventôse an XI", "navire": "le Géographe", "table": "19 - Routes du Géographe à la Terre de Nuyts et à la Terre de Leuwin. Séjour au port du Roi-George", "page": 517, "remarque": "", "vents_etat_du_ciel": "NE. ESE. Joli frais ; b. temps ; l'après-midi, bon frais ; brume épaisse.", "barometre_hpa": 1022.6, "obs_latitude": "", "obs_longitude": "", "alerte": "", "thermometre": "15,3"}}, {"type": "Feature", "geometry": {"type": "Point", "coordinates": [116.78972, -35.31528]}, "properties": {"date": "1803-03-07", "date_republicaine": "16 ventôse an XI", "navire": "le Géographe", "table": "19 - Routes du Géographe à la Terre de Nuyts et à la Terre de Leuwin. Séjour au port du Roi-George", "page": 517, "remarque": "", "vents_etat_du_ciel": "E. ENE. Jolie brise ; calme ; S. SSE. Joli frais ; b. temps ; ciel nuageux.", "barometre_hpa": 1013.5, "obs_latitude": "", "obs_longitude": "", "alerte": "", "thermometre": "17,5"}}, {"type": "Feature", "geometry": {"type": "Point", "coordinates": [116.13889, -35.075]}, "properties": {"date": "1803-03-08", "date_republicaine": "17 ventôse an XI", "navire": "le Géographe", "table": "19 - Routes du Géographe à la Terre de Nuyts et à la Terre de Leuwin. Séjour au port du Roi-George", "page": 517, "remarque": "", "vents_etat_du_ciel": "SSE. SE. Bon frais ; temps couvert.", "barometre_hpa": 1018.7, "obs_latitude": "", "obs_longitude": "", "alerte": "", "thermometre": "17,0"}}, {"type": "Feature", "geometry": {"type": "Point", "coordinates": [115.04827, -34.46121]}, "properties": {"date": "1803-03-09", "date_republicaine": "", "navire": "le Géographe", "table": "", "page": "", "remarque": "", "vents_etat_du_ciel": "", "barometre_hpa": "", "obs_latitude": "", "obs_longitude": "", "alerte": "position extrapolée : contournement de côte entre le 1803-03-08 et le 1803-03-09 (détour de 35 km)", "thermometre": "", "section": "", "extrapole": true}}, {"type": "Feature", "geometry": {"type": "Point", "coordinates": [114.9175, -33.82694]}, "properties": {"date": "1803-03-09", "date_republicaine": "18 ventôse an XI", "navire": "le Géographe", "table": "19 - Routes du Géographe à la Terre de Nuyts et à la Terre de Leuwin. Séjour au port du Roi-George", "page": 517, "remarque": "", "vents_etat_du_ciel": "SE. SSE. Bon frais, mollissant sur le soir ; beau temps.", "barometre_hpa": 1019.6, "obs_latitude": "", "obs_longitude": "", "alerte": "", "thermometre": "15,5"}}, {"type": "Feature", "geometry": {"type": "Point", "coordinates": [114.99205, -33.50065]}, "properties": {"date": "1803-03-10", "date_republicaine": "", "navire": "le Géographe", "table": "", "page": "", "remarque": "", "vents_etat_du_ciel": "", "barometre_hpa": "", "obs_latitude": "", "obs_longitude": "", "alerte": "position extrapolée : contournement de côte entre le 1803-03-09 et le 1803-03-10 (détour de 5 km)", "thermometre": "", "section": "", "extrapole": true}}, {"type": "Feature", "geometry": {"type": "Point", "coordinates": [115.11083, -33.34694]}, "properties": {"date": "1803-03-10", "date_republicaine": "19 ventôse an XI", "navire": "le Géographe", "table": "19 - Routes du Géographe à la Terre de Nuyts et à la Terre de Leuwin. Séjour au port du Roi-George", "page": 517, "remarque": "A l'ancre dans la baie du Géographe, pendant la nuit du 10 au 11 mars.", "vents_etat_du_ciel": "ESE. ENE. N. NO. Joli frais, mollissant sur le soir ; ciel nuag. ; grains et pl. ; orages.", "barometre_hpa": 1019.6, "obs_latitude": "", "obs_longitude": "", "alerte": "", "thermometre": "18,5"}}, {"type": "Feature", "geometry": {"type": "Point", "coordinates": [115.58916, -33.26472]}, "properties": {"date": "1803-03-11", "date_republicaine": "20 ventôse an XI", "navire": "le Géographe", "table": "19 - Routes du Géographe à la Terre de Nuyts et à la Terre de Leuwin. Séjour au port du Roi-George", "page": 517, "remarque": "A l'ancre, devant le port Leschenault jusqu'au 12 au matin.", "vents_etat_du_ciel": "OSO. Jolie brise, fraîchissant graduellement ; b. temps.", "barometre_hpa": 1019.6, "obs_latitude": "", "obs_longitude": "", "alerte": "", "thermometre": "18,0"}}, {"type": "Feature", "geometry": {"type": "Point", "coordinates": [115.57972, -32.81389]}, "properties": {"date": "1803-03-12", "date_republicaine": "21 ventôse an XI", "navire": "le Géographe", "table": "19 - Routes du Géographe à la Terre de Nuyts et à la Terre de Leuwin. Séjour au port du Roi-George", "page": 517, "remarque": "", "vents_etat_du_ciel": "SSE. SO. Jolie brise, fraîchissant sur le soir ; b. temps.", "barometre_hpa": 1021.1, "obs_latitude": "", "obs_longitude": "", "alerte": "", "thermometre": "17,0"}}, {"type": "Feature", "geometry": {"type": "Point", "coordinates": [115.42222, -31.54639]}, "properties": {"date": "1803-03-13", "date_republicaine": "22 ventôse an XI", "navire": "les corvettes", "table": "20 - Routes des corvettes françoises à la Terre d'Édels et à la Terre d'Endracht, 2e campagne", "page": 517, "remarque": "", "vents_etat_du_ciel": "S. SSE. SSO. Bon frais ; beau temps.", "barometre_hpa": 1019.6, "obs_latitude": "", "obs_longitude": "", "alerte": "", "thermometre": "16,8"}}, {"type": "Feature", "geometry": {"type": "Point", "coordinates": [113.92944, -29.85944]}, "properties": {"date": "1803-03-14", "date_republicaine": "23 ventôse an XI", "navire": "les corvettes", "table": "20 - Routes des corvettes françoises à la Terre d'Édels et à la Terre d'Endracht, 2e campagne", "page": 517, "remarque": "", "vents_etat_du_ciel": "S. SSO. Bon frais ; beau temps.", "barometre_hpa": 1015.0, "obs_latitude": "", "obs_longitude": "", "alerte": "", "thermometre": "17,5"}}, {"type": "Feature", "geometry": {"type": "Point", "coordinates": [113.31416, -28.00528]}, "properties": {"date": "1803-03-15", "date_republicaine": "24 ventôse an XI", "navire": "les corvettes", "table": "20 - Routes des corvettes françoises à la Terre d'Édels et à la Terre d'Endracht, 2e campagne", "page": 517, "remarque": "", "vents_etat_du_ciel": "SE. SSE. Joli frais ; beau temps.", "barometre_hpa": 1022.6, "obs_latitude": "", "obs_longitude": "", "alerte": "", "thermometre": "19,0"}}, {"type": "Feature", "geometry": {"type": "Point", "coordinates": [112.89305, -25.57222]}, "properties": {"date": "1803-03-16", "date_republicaine": "25 ventôse an XI", "navire": "les corvettes", "table": "20 - Routes des corvettes françoises à la Terre d'Édels et à la Terre d'Endracht, 2e campagne", "page": 517, "remarque": "Mouillé dans la baie des Chiens-Marins, à 6 h. du soir.", "vents_etat_du_ciel": "SSE. S. SO. Joli frais ; beau temps.", "barometre_hpa": 1018.0, "obs_latitude": "", "obs_longitude": "", "alerte": "", "thermometre": "20,0"}}, {"type": "Feature", "geometry": {"type": "Point", "coordinates": [112.98509, -25.39992]}, "properties": {"date": "1803-03-17", "date_republicaine": "", "navire": "les corvettes", "table": "", "page": "", "remarque": "", "vents_etat_du_ciel": "", "barometre_hpa": "", "obs_latitude": "", "obs_longitude": "", "alerte": "position extrapolée : contournement de côte entre le 1803-03-16 et le 1803-03-17 (détour de 18 km)", "thermometre": "", "section": "", "extrapole": true}}, {"type": "Feature", "geometry": {"type": "Point", "coordinates": [113.45555, -25.51389]}, "properties": {"date": "1803-03-17", "date_republicaine": "26 ventôse an XI", "navire": "les corvettes", "table": "20 - Routes des corvettes françoises à la Terre d'Édels et à la Terre d'Endracht, 2e campagne", "page": 517, "remarque": "", "vents_etat_du_ciel": "S. SSO. Petit frais ; beau temps.", "barometre_hpa": 1018.0, "obs_latitude": "", "obs_longitude": "", "alerte": "", "thermometre": "19,0"}}, {"type": "Feature", "geometry": {"type": "Point", "coordinates": [113.04139, -25.46389]}, "properties": {"date": "1803-03-23", "date_republicaine": "2 germinal an XI", "navire": "les corvettes", "table": "20 - Routes des corvettes françoises à la Terre d'Édels et à la Terre d'Endracht, 2e campagne", "page": 518, "remarque": "Appareillé à 7 h. du matin, et sorti de la baie des Chiens-Marins, par le Passage du Naturaliste.", "vents_etat_du_ciel": "SE. S. Joli frais ; bon frais ; beau temps.", "barometre_hpa": 1019.6, "obs_latitude": "", "obs_longitude": "", "alerte": "", "thermometre": "19,5"}}, {"type": "Feature", "geometry": {"type": "Point", "coordinates": [112.42222, -23.37139]}, "properties": {"date": "1803-03-24", "date_republicaine": "3 germinal an XI", "navire": "les corvettes", "table": "20 - Routes des corvettes françoises à la Terre d'Édels et à la Terre d'Endracht, 2e campagne", "page": 518, "remarque": "", "vents_etat_du_ciel": "S. SSO. Joli frais ; beau temps.", "barometre_hpa": 1018.0, "obs_latitude": "", "obs_longitude": "", "alerte": "", "thermometre": "21,0"}}, {"type": "Feature", "geometry": {"type": "Point", "coordinates": [113.79111, -21.28056]}, "properties": {"date": "1803-03-25", "date_republicaine": "4 germinal an XI", "navire": "les corvettes", "table": "20 - Routes des corvettes françoises à la Terre d'Édels et à la Terre d'Endracht, 2e campagne", "page": 518, "remarque": "", "vents_etat_du_ciel": "SSO. S. SO. Joli frais ; beau temps.", "barometre_hpa": 1015.0, "obs_latitude": "", "obs_longitude": "", "alerte": "", "thermometre": "21,0"}}, {"type": "Feature", "geometry": {"type": "Point", "coordinates": [114.30111, -21.52528]}, "properties": {"date": "1803-03-26", "date_republicaine": "5 germinal an XI", "navire": "les corvettes", "table": "21 - Routes des corvettes françoises à la Terre de Witt, 2e campagne", "page": 518, "remarque": "En vue du cap Murat et des îles de Rivoli.", "vents_etat_du_ciel": "SSO. Joli frais ; beau temps.", "barometre_hpa": 1015.0, "obs_latitude": "", "obs_longitude": "", "alerte": "", "thermometre": "21,0"}}, {"type": "Feature", "geometry": {"type": "Point", "coordinates": [115.33222, -20.53111]}, "properties": {"date": "1803-03-27", "date_republicaine": "6 germinal an XI", "navire": "les corvettes", "table": "21 - Routes des corvettes françoises à la Terre de Witt, 2e campagne", "page": 518, "remarque": "En vue des îles de Montebello.", "vents_etat_du_ciel": "SSO. SO. Bonne brise ; petite brise ; beau temps.", "barometre_hpa": 1015.0, "obs_latitude": "", "obs_longitude": "", "alerte": "", "thermometre": "19,8"}}, {"type": "Feature", "geometry": {"type": "Point", "coordinates": [115.9775, -20.28194]}, "properties": {"date": "1803-03-28", "date_republicaine": "7 germinal an XI", "navire": "les corvettes", "table": "21 - Routes des corvettes françoises à la Terre de Witt, 2e campagne", "page": 518, "remarque": "", "vents_etat_du_ciel": "SSO. OSO. Joli frais, mollissant par intervalles ; b. temps.", "barometre_hpa": 1013.5, "obs_latitude": "", "obs_longitude": "", "alerte": "", "thermometre": "23,0"}}, {"type": "Feature", "geometry": {"type": "Point", "coordinates": [116.50722, -20.41667]}, "properties": {"date": "1803-03-29", "date_republicaine": "8 germinal an XI", "navire": "les corvettes", "table": "21 - Routes des corvettes françoises à la Terre de Witt, 2e campagne", "page": 518, "remarque": "En vue de l'archipel de Dampier. Mouillé à 6 h. 40' du soir, dans le NE. de l'île Delambre.", "vents_etat_du_ciel": "SO. OSO. O. Petit frais ; joli frais ; beau temps. Dans la nuit, la brise a fraîchi.", "barometre_hpa": 1016.5, "obs_latitude": "", "obs_longitude": "", "alerte": "", "thermometre": "23,3"}}, {"type": "Feature", "geometry": {"type": "Point", "coordinates": [117.32666, -20.47778]}, "properties": {"date": "1803-03-30", "date_republicaine": "9 germinal an XI", "navire": "les corvettes", "table": "21 - Routes des corvettes françoises à la Terre de Witt, 2e campagne", "page": 518, "remarque": "En vue des îles Forestier. Appareillé à 6 h. du matin ; mis à l'ancre à 7. h. 30' du matin.", "vents_etat_du_ciel": "SO. O. ONO. OSO. Petit frais, variable en force ; b. temps.", "barometre_hpa": 1015.0, "obs_latitude": "", "obs_longitude": "", "alerte": "", "thermometre": "24,8"}}, {"type": "Feature", "geometry": {"type": "Point", "coordinates": [118.01916, -20.07278]}, "properties": {"date": "1803-03-31", "date_republicaine": "10 germinal an XI", "navire": "les corvettes", "table": "21 - Routes des corvettes françoises à la Terre de Witt, 2e campagne", "page": 518, "remarque": "Appareillé à 6 h. 15' du matin ; mis à l'ancre à 7 h. du soir.", "vents_etat_du_ciel": "OSO. Petit frais; SE. Bon frais ; E. NE. N. ONO. Petit frais ; beau temps.", "barometre_hpa": 1013.5, "obs_latitude": "", "obs_longitude": "", "alerte": "", "thermometre": "23,0"}}, {"type": "Feature", "geometry": {"type": "Point", "coordinates": [117.98528, -19.85667]}, "properties": {"date": "1803-04-01", "date_republicaine": "11 germinal an XI", "navire": "les corvettes", "table": "21 - Routes des corvettes françoises à la Terre de Witt, 2e campagne", "page": 518, "remarque": "Appareillé à 6 h. du matin ; mouillé à 9 h. du soir.", "vents_etat_du_ciel": "Brise foible et très-variable du S. au N., par l'E. ; beau temps.", "barometre_hpa": 1016.5, "obs_latitude": "", "obs_longitude": "", "alerte": "", "thermometre": "24,7"}}, {"type": "Feature", "geometry": {"type": "Point", "coordinates": [118.73389, -19.83694]}, "properties": {"date": "1803-04-02", "date_republicaine": "12 germinal an XI", "navire": "les corvettes", "table": "21 - Routes des corvettes françoises à la Terre de Witt, 2e campagne", "page": 518, "remarque": "En vue des îles des Tortues. Appareillé à 6 h. du matin ; mouillé à 10 h. du soir.", "vents_etat_du_ciel": "O. SO. ONO. Fraîcheur très-variable ; b. temps. Le soir, la brise a fraîchi.", "barometre_hpa": 1019.6, "obs_latitude": "", "obs_longitude": "", "alerte": "", "thermometre": "25,0"}}, {"type": "Feature", "geometry": {"type": "Point", "coordinates": [119.39389, -19.69194]}, "properties": {"date": "1803-04-03", "date_republicaine": "13 germinal an XI", "navire": "les corvettes", "table": "21 - Routes des corvettes françoises à la Terre de Witt, 2e campagne", "page": 518, "remarque": "Appareillé à 6 h. du matin ; mouillé à 8 h. du soir.", "vents_etat_du_ciel": "S. Joli frais ; calme plat; NNO. SO. Foible brise ; b. temps.", "barometre_hpa": 1015.0, "obs_latitude": "", "obs_longitude": "", "alerte": "", "thermometre": "25,0"}}, {"type": "Feature", "geometry": {"type": "Point", "coordinates": [119.84555, -19.51917]}, "properties": {"date": "1803-04-04", "date_republicaine": "14 germinal an XI", "navire": "les corvettes", "table": "21 - Routes des corvettes françoises à la Terre de Witt, 2e campagne", "page": 518, "remarque": "", "vents_etat_du_ciel": "SO. SSE. ESE. Jolie brise ; calme ; NNO. O. Petit frais ; beau temps.", "barometre_hpa": 1013.5, "obs_latitude": "", "obs_longitude": "", "alerte": "", "thermometre": "25,5"}}, {"type": "Feature", "geometry": {"type": "Point", "coordinates": [120.43, -19.45]}, "properties": {"date": "1803-04-05", "date_republicaine": "15 germinal an XI", "navire": "les corvettes", "table": "21 - Routes des corvettes françoises à la Terre de Witt, 2e campagne", "page": 518, "remarque": "", "vents_etat_du_ciel": "SO. SSO. Joli fr.; ESE. Presque calme; N. NNO. Petit frais ; beau temps.", "barometre_hpa": 1013.5, "obs_latitude": "", "obs_longitude": "", "alerte": "", "thermometre": "25,0"}}, {"type": "Feature", "geometry": {"type": "Point", "coordinates": [120.99166, -19.07806]}, "properties": {"date": "1803-04-06", "date_republicaine": "16 germinal an XI", "navire": "les corvettes", "table": "21 - Routes des corvettes françoises à la Terre de Witt, 2e campagne", "page": 518, "remarque": "Le Casuarina traverse le récif attenant au cap Bossut.", "vents_etat_du_ciel": "O. SE. ESE. Foible brise ; calm. NNO. N. Petit fr. ; b. temps.", "barometre_hpa": 1013.5, "obs_latitude": "", "obs_longitude": "", "alerte": "", "thermometre": "26,0"}}, {"type": "Feature", "geometry": {"type": "Point", "coordinates": [121.41389, -18.85861]}, "properties": {"date": "1803-04-07", "date_republicaine": "17 germinal an XI", "navire": "les corvettes", "table": "21 - Routes des corvettes françoises à la Terre de Witt, 2e campagne", "page": 518, "remarque": "Les 4, 5, 6 et 7 avril, on a mouillé à la nuit, et appareillé à la pointe du jour.", "vents_etat_du_ciel": "NO. SSO. SE. Presque calme. O.Petit fr. ; SO. NE. Presque calme ; beau temps.", "barometre_hpa": 1013.5, "obs_latitude": "", "obs_longitude": "", "alerte": "", "thermometre": "25,5"}}, {"type": "Feature", "geometry": {"type": "Point", "coordinates": [121.69639, -18.32583]}, "properties": {"date": "1803-04-08", "date_republicaine": "18 germinal an XI", "navire": "les corvettes", "table": "21 - Routes des corvettes françoises à la Terre de Witt, 2e campagne", "page": 519, "remarque": "En vue de l'île Gantheaume. Au mouillage pendant la nuit.", "vents_etat_du_ciel": "Calme plat ; SSE. Petit frais ; SO. O. ONO. variable ; E. SE. Jolie brise par risée ; temps orageux, tonnerre et éclairs.", "barometre_hpa": 1013.5, "obs_latitude": "", "obs_longitude": "", "alerte": "", "thermometre": "25,0"}}, {"type": "Feature", "geometry": {"type": "Point", "coordinates": [122.00944, -17.6575]}, "properties": {"date": "1803-04-09", "date_republicaine": "19 germinal an XI", "navire": "les corvettes", "table": "21 - Routes des corvettes françoises à la Terre de Witt, 2e campagne", "page": 519, "remarque": "Au mouillage pendant la nuit.", "vents_etat_du_ciel": "Calme ; SE. E. Bonne brise, mollissant par degrés. A midi, calme plat ; O. Foible brise ; beau temps.", "barometre_hpa": 1012.0, "obs_latitude": "", "obs_longitude": "", "alerte": "", "thermometre": "25,0"}}, {"type": "Feature", "geometry": {"type": "Point", "coordinates": [121.93972, -17.27917]}, "properties": {"date": "1803-04-10", "date_republicaine": "20 germinal an XI", "navire": "les corvettes", "table": "21 - Routes des corvettes françoises à la Terre de Witt, 2e campagne", "page": 519, "remarque": "En vue de l'île Carnot et des îles Lacepède. Au mouillage pendant la nuit.", "vents_etat_du_ciel": "SO. S. SE. SO. Petit frais ; temps orageux.", "barometre_hpa": 1015.0, "obs_latitude": "", "obs_longitude": "", "alerte": "", "thermometre": "25,0"}}, {"type": "Feature", "geometry": {"type": "Point", "coordinates": [121.995, -16.71889]}, "properties": {"date": "1803-04-11", "date_republicaine": "21 germinal an XI", "navire": "les corvettes", "table": "21 - Routes des corvettes françoises à la Terre de Witt, 2e campagne", "page": 519, "remarque": "Au mouillage pendant la nuit.", "vents_etat_du_ciel": "SE. S. Jolie brise ; SSO. SO. Foible brise ; beau temps.", "barometre_hpa": 1012.6, "obs_latitude": "", "obs_longitude": "", "alerte": "", "thermometre": "25,5"}}, {"type": "Feature", "geometry": {"type": "Point", "coordinates": [122.11722, -16.45556]}, "properties": {"date": "1803-04-12", "date_republicaine": "22 germinal an XI", "navire": "les corvettes", "table": "21 - Routes des corvettes françoises à la Terre de Witt, 2e campagne", "page": 519, "remarque": "En vue des îles Émériau. Au mouillage pendant la nuit.", "vents_etat_du_ciel": "SSO. S. ESE. Foible brise, fraîchissant par intervalles ; beau temps.", "barometre_hpa": 1013.5, "obs_latitude": "", "obs_longitude": "", "alerte": "", "thermometre": "24,5"}}, {"type": "Feature", "geometry": {"type": "Point", "coordinates": [122.42889, -16.37167]}, "properties": {"date": "1803-04-13", "date_republicaine": "23 germinal an XI", "navire": "les corvettes", "table": "21 - Routes des corvettes françoises à la Terre de Witt, 2e campagne", "page": 519, "remarque": "", "vents_etat_du_ciel": "ENE. S. E. OSO. Foible brise ; calme par intervalles ; temps couvert et orageux.", "barometre_hpa": 1013.5, "obs_latitude": "*", "obs_longitude": "*", "alerte": "", "thermometre": "24,0"}}, {"type": "Feature", "geometry": {"type": "Point", "coordinates": [122.70028, -16.28806]}, "properties": {"date": "1803-04-14", "date_republicaine": "24 germinal an XI", "navire": "les corvettes", "table": "21 - Routes des corvettes françoises à la Terre de Witt, 2e campagne", "page": 519, "remarque": "Au mouillage pendant la nuit.", "vents_etat_du_ciel": "SSO. SE. ESE. S. Petit frais ; calme ; O. Foible brise ; beau temps ; ciel nuageux.", "barometre_hpa": 1012.0, "obs_latitude": "", "obs_longitude": "", "alerte": "", "thermometre": "24,0"}}, {"type": "Feature", "geometry": {"type": "Point", "coordinates": [123.96666, -15.84111]}, "properties": {"date": "1803-04-15", "date_republicaine": "25 germinal an XI", "navire": "les corvettes", "table": "21 - Routes des corvettes françoises à la Terre de Witt, 2e campagne", "page": 519, "remarque": "En vue de l'île Caffarelli et de l'île Adèle.", "vents_etat_du_ciel": "SE. E. Petit frais ; temps orageux ; grain, tonnerre, éclairs et pluie.", "barometre_hpa": 1013.5, "obs_latitude": "*", "obs_longitude": "*", "alerte": "", "thermometre": "24,0"}}, {"type": "Feature", "geometry": {"type": "Point", "coordinates": [122.68889, -15.15278]}, "properties": {"date": "1803-04-16", "date_republicaine": "26 germinal an XI", "navire": "les corvettes", "table": "21 - Routes des corvettes françoises à la Terre de Witt, 2e campagne", "page": 519, "remarque": "", "vents_etat_du_ciel": "NNE. E. N. Brise foible et inégale ; beau temps.", "barometre_hpa": 1015.0, "obs_latitude": "", "obs_longitude": "", "alerte": "", "thermometre": "24,0"}}, {"type": "Feature", "geometry": {"type": "Point", "coordinates": [122.60555, -14.93778]}, "properties": {"date": "1803-04-17", "date_republicaine": "27 germinal an XI", "navire": "les corvettes", "table": "21 - Routes des corvettes françoises à la Terre de Witt, 2e campagne", "page": 519, "remarque": "", "vents_etat_du_ciel": "Calme plat jusqu'à midi ; SSO. OSO. Petit frais ; joli frais ; beau temps.", "barometre_hpa": 1013.5, "obs_latitude": "", "obs_longitude": "", "alerte": "", "thermometre": "24,7"}}, {"type": "Feature", "geometry": {"type": "Point", "coordinates": [123.82555, -15.17667]}, "properties": {"date": "1803-04-18", "date_republicaine": "28 germinal an XI", "navire": "les corvettes", "table": "21 - Routes des corvettes françoises à la Terre de Witt, 2e campagne", "page": 519, "remarque": "Du 18 au 28 avril, en vue des îles de l'archipel Bonaparte.", "vents_etat_du_ciel": "SO. Jolie brise inégale ; OSO. Petit frais ; beau temps. Le soir, temps orageux, tonnerre, éclairs et pluie. Vent par fortes rafales, du O. au NO.", "barometre_hpa": 1016.5, "obs_latitude": "", "obs_longitude": "", "alerte": "", "thermometre": "25,0"}}, {"type": "Feature", "geometry": {"type": "Point", "coordinates": [124.05333, -14.96556]}, "properties": {"date": "1803-04-19", "date_republicaine": "29 germinal an XI", "navire": "les corvettes", "table": "21 - Routes des corvettes françoises à la Terre de Witt, 2e campagne", "page": 519, "remarque": "", "vents_etat_du_ciel": "NO. S. OSO. Foible brise et calme. Le temps, d'abord orageux, s'est embelli.", "barometre_hpa": 1013.5, "obs_latitude": "", "obs_longitude": "", "alerte": "", "thermometre": "25,0"}}, {"type": "Feature", "geometry": {"type": "Point", "coordinates": [124.74055, -14.62333]}, "properties": {"date": "1803-04-20", "date_republicaine": "30 germinal an XI", "navire": "les corvettes", "table": "21 - Routes des corvettes françoises à la Terre de Witt, 2e campagne", "page": 519, "remarque": "Mouillé à 8 h. du soir dans le NNO. des îles Maret ; remis sous voiles à 5 h. 30' du matin.", "vents_etat_du_ciel": "OSO. Brise foible et inégale ; calme ; ciel nuageux.", "barometre_hpa": 1016.5, "obs_latitude": "", "obs_longitude": "", "alerte": "", "thermometre": "25,0"}}, {"type": "Feature", "geometry": {"type": "Point", "coordinates": [124.95555, -14.33389]}, "properties": {"date": "1803-04-21", "date_republicaine": "1.er floréal an XI", "navire": "les corvettes", "table": "21 - Routes des corvettes françoises à la Terre de Witt, 2e campagne", "page": 519, "remarque": "A l'ancre pendant la nuit.", "vents_etat_du_ciel": "SO. ONO. O. Presque calme ; beau temps.", "barometre_hpa": 1013.5, "obs_latitude": "", "obs_longitude": "", "alerte": "", "thermometre": "25,0"}}, {"type": "Feature", "geometry": {"type": "Point", "coordinates": [125.35, -14.10917]}, "properties": {"date": "1803-04-22", "date_republicaine": "2 floréal an XI", "navire": "les corvettes", "table": "21 - Routes des corvettes françoises à la Terre de Witt, 2e campagne", "page": 519, "remarque": "A l'ancre pendant la nuit.", "vents_etat_du_ciel": "SSO. SSE. NNO. Brise légère ; calme plat ; beau temps.", "barometre_hpa": 1017.4, "obs_latitude": "", "obs_longitude": "", "alerte": "", "thermometre": "24,0"}}, {"type": "Feature", "geometry": {"type": "Point", "coordinates": [125.47055, -13.98389]}, "properties": {"date": "1803-04-23", "date_republicaine": "3 floréal an XI", "navire": "les corvettes", "table": "21 - Routes des corvettes françoises à la Terre de Witt, 2e campagne", "page": 519, "remarque": "Mis à l'ancre au NO. de l'île Cassini, à 8 h. du soir.", "vents_etat_du_ciel": "S. OSO. O. Presque calme ; b. temps.", "barometre_hpa": 1016.5, "obs_latitude": "", "obs_longitude": "", "alerte": "", "thermometre": "24,8"}}, {"type": "Feature", "geometry": {"type": "Point", "coordinates": [125.5775, -13.84861]}, "properties": {"date": "1803-04-24", "date_republicaine": "4 floréal an XI", "navire": "les corvettes", "table": "21 - Routes des corvettes françoises à la Terre de Witt, 2e campagne", "page": 520, "remarque": "A l'ancre.", "vents_etat_du_ciel": "Calme plat ; fraîcheur légère du NO. ; beau temps.", "barometre_hpa": 1018.0, "obs_latitude": "", "obs_longitude": "", "alerte": "", "thermometre": "24,5"}}, {"type": "Feature", "geometry": {"type": "Point", "coordinates": [125.64083, -13.83417]}, "properties": {"date": "1803-04-27", "date_republicaine": "7 floréal an XI", "navire": "les corvettes", "table": "21 - Routes des corvettes françoises à la Terre de Witt, 2e campagne", "page": 520, "remarque": "Mis sous voiles à 11 h. du matin, et prolongé les bancs des Holothuries ; mouillé à 6 h. 30' du soir.", "vents_etat_du_ciel": "S. SSO. ESE. NNE. NE. Petite brise inégale ; beau temps.", "barometre_hpa": 1018.0, "obs_latitude": "", "obs_longitude": "", "alerte": "", "thermometre": "24,8"}}, {"type": "Feature", "geometry": {"type": "Point", "coordinates": [125.74666, -13.55611]}, "properties": {"date": "1803-04-28", "date_republicaine": "8 floréal an XI", "navire": "les corvettes", "table": "21 - Routes des corvettes françoises à la Terre de Witt, 2e campagne", "page": 520, "remarque": "Appareillé à 6 h. du matin ; mouillé à 8 h. 10' du soir.", "vents_etat_du_ciel": "Calme ; SO. Très-foible brise ; beau temps.", "barometre_hpa": 1016.5, "obs_latitude": "", "obs_longitude": "", "alerte": "", "thermometre": "25,0"}}, {"type": "Feature", "geometry": {"type": "Point", "coordinates": [125.69611, -13.35]}, "properties": {"date": "1803-04-29", "date_republicaine": "9 floréal an XI", "navire": "les corvettes", "table": "21 - Routes des corvettes françoises à la Terre de Witt, 2e campagne", "page": 520, "remarque": "A l'ancre.", "vents_etat_du_ciel": "OSO. Petit frais ; calme plat ; folles ventes du SO. au NO. ; beau temps.", "barometre_hpa": 1016.5, "obs_latitude": "", "obs_longitude": "", "alerte": "", "thermometre": "25,0"}}, {"type": "Feature", "geometry": {"type": "Point", "coordinates": [125.69055, -13.00167]}, "properties": {"date": "1803-04-30", "date_republicaine": "10 floréal an XI", "navire": "les corvettes", "table": "22 - Routes des corvettes françoises de la Nouvelle-Hollande à Timor, 2e campagne", "page": 520, "remarque": "Appareillé à 5 h. 45' du matin, et mis le cap en route pour Timor.", "vents_etat_du_ciel": "ONO. SO. Petit frais inégal ; calme ; beau temps.", "barometre_hpa": 1013.5, "obs_latitude": "", "obs_longitude": "", "alerte": "", "thermometre": "24,5"}}, {"type": "Feature", "geometry": {"type": "Point", "coordinates": [125.67611, -12.12194]}, "properties": {"date": "1803-05-01", "date_republicaine": "11 floréal an XI", "navire": "les corvettes", "table": "22 - Routes des corvettes françoises de la Nouvelle-Hollande à Timor, 2e campagne", "page": 520, "remarque": "", "vents_etat_du_ciel": "SO. S. SE. ESE. Petit frais ; beau temps ; ciel nuageux.", "barometre_hpa": 1015.6, "obs_latitude": "", "obs_longitude": "", "alerte": "", "thermometre": "25,2"}}, {"type": "Feature", "geometry": {"type": "Point", "coordinates": [125.46, -11.1375]}, "properties": {"date": "1803-05-02", "date_republicaine": "12 floréal an XI", "navire": "les corvettes", "table": "22 - Routes des corvettes françoises de la Nouvelle-Hollande à Timor, 2e campagne", "page": 520, "remarque": "Au coucher du soleil, aperçu la côte de Timor.", "vents_etat_du_ciel": "E. ESE. ENE. SE. Petite brise inégale ; calme ; ciel nuageux ; horizon embrumé.", "barometre_hpa": 1016.5, "obs_latitude": "", "obs_longitude": "", "alerte": "", "thermometre": "25,5"}}, {"type": "Feature", "geometry": {"type": "Point", "coordinates": [124.72278, -10.36028]}, "properties": {"date": "1803-05-03", "date_republicaine": "13 floréal an XI", "navire": "les corvettes", "table": "22 - Routes des corvettes françoises de la Nouvelle-Hollande à Timor, 2e campagne", "page": 520, "remarque": "", "vents_etat_du_ciel": "ESE. SE. NNE. SE. Petit frais ; beau temps ; ciel nuageux.", "barometre_hpa": 1013.5, "obs_latitude": "", "obs_longitude": "", "alerte": "", "thermometre": "23,5"}}, {"type": "Feature", "geometry": {"type": "Point", "coordinates": [124.06861, -10.36028]}, "properties": {"date": "1803-05-04", "date_republicaine": "14 floréal an XI", "navire": "les corvettes", "table": "22 - Routes des corvettes françoises de la Nouvelle-Hollande à Timor, 2e campagne", "page": 520, "remarque": "", "vents_etat_du_ciel": "N. E. ESE. SE. Petit frais ; calme ; beau temps.", "barometre_hpa": 1015.0, "obs_latitude": "", "obs_longitude": "*", "alerte": "", "thermometre": "23,0"}}, {"type": "Feature", "geometry": {"type": "Point", "coordinates": [123.56194, -10.40889]}, "properties": {"date": "1803-05-05", "date_republicaine": "15 floréal an XI", "navire": "les corvettes", "table": "22 - Routes des corvettes françoises de la Nouvelle-Hollande à Timor, 2e campagne", "page": 520, "remarque": "Traversé le détroit de Rottie et tourné par l'O. l'île de Simâô.", "vents_etat_du_ciel": "ESE. NNE. ESSE. SE. Petit frais et joli frais ; beau temps.", "barometre_hpa": 1015.0, "obs_latitude": "", "obs_longitude": "*", "alerte": "", "thermometre": "24,5"}}, {"type": "Feature", "geometry": {"type": "Point", "coordinates": [123.22759, -10.32977]}, "properties": {"date": "1803-05-06", "date_republicaine": "", "navire": "les corvettes", "table": "", "page": "", "remarque": "", "vents_etat_du_ciel": "", "barometre_hpa": "", "obs_latitude": "", "obs_longitude": "", "alerte": "position extrapolée : contournement de côte entre le 1803-05-05 et le 1803-05-06 (détour de 25 km)", "thermometre": "", "section": "", "extrapole": true}}, {"type": "Feature", "geometry": {"type": "Point", "coordinates": [123.2675, -9.99361]}, "properties": {"date": "1803-05-06", "date_republicaine": "16 floréal an XI", "navire": "les corvettes", "table": "22 - Routes des corvettes françoises de la Nouvelle-Hollande à Timor, 2e campagne", "page": 520, "remarque": "Mouillé sur la rade de Coupang (île Timor), à 10 h. 1/2 du soir.", "vents_etat_du_ciel": "SE. ESE. Petit frais ; SO. NO. SE. E. Foible et variable ; beau temps.", "barometre_hpa": 1016.5, "obs_latitude": "*", "obs_longitude": "*", "alerte": "", "thermometre": "24,0"}}, {"type": "Feature", "geometry": {"type": "Point", "coordinates": [123.59583, -10.15]}, "properties": {"date": "1803-05-07", "date_republicaine": "17 floréal an XI", "navire": "les corvettes", "table": "23 - Deuxième séjour à Timor", "page": 521, "remarque": "Au mouillage sur la rade de Coupang (île Timor).", "vents_etat_du_ciel": "Calme ; N. NNE. Foible ; E. SE. Joli frais ; calme ; beau temps.", "barometre_hpa": 1016.5, "obs_latitude": "△", "obs_longitude": "△", "alerte": "", "thermometre": "24,0"}}, {"type": "Feature", "geometry": {"type": "Point", "coordinates": [123.41083, -10.06833]}, "properties": {"date": "1803-06-03", "date_republicaine": "14 prairial an XI", "navire": "les corvettes", "table": "24 - Routes des corvettes françoises de Timor à la Terre de Witt", "page": 522, "remarque": "Parti de Timor à 9 h. du matin.", "vents_etat_du_ciel": "E. Petit frais ; l'après-midi, calme ; une brise très-vari., prend faveur au SSE. ; ciel nuageux ; beau temps.", "barometre_hpa": 1015.0, "obs_latitude": "*", "obs_longitude": "*", "alerte": "", "thermometre": "22,7"}}, {"type": "Feature", "geometry": {"type": "Point", "coordinates": [122.88805, -10.73833]}, "properties": {"date": "1803-06-04", "date_republicaine": "15 prairial an XI", "navire": "les corvettes", "table": "24 - Routes des corvettes françoises de Timor à la Terre de Witt", "page": 522, "remarque": "", "vents_etat_du_ciel": "ESE. Joli frais ; SE. S. ESE. ENE. N. SO. SE. Foible et très-variable ; au coucher du soleil, ESE. E. Bon frais ; beau temps.", "barometre_hpa": 1016.5, "obs_latitude": "", "obs_longitude": "", "alerte": "", "thermometre": "23,0"}}, {"type": "Feature", "geometry": {"type": "Point", "coordinates": [122.62163, -10.83738]}, "properties": {"date": "1803-06-05", "date_republicaine": "", "navire": "les corvettes", "table": "", "page": "", "remarque": "", "vents_etat_du_ciel": "", "barometre_hpa": "", "obs_latitude": "", "obs_longitude": "", "alerte": "position extrapolée : contournement de côte entre le 1803-06-04 et le 1803-06-05 (détour de 25 km)", "thermometre": "", "section": "", "extrapole": true}}, {"type": "Feature", "geometry": {"type": "Point", "coordinates": [122.65722, -11.53917]}, "properties": {"date": "1803-06-05", "date_republicaine": "16 prairial an XI", "navire": "les corvettes", "table": "24 - Routes des corvettes françoises de Timor à la Terre de Witt", "page": 522, "remarque": "", "vents_etat_du_ciel": "E. Joli frais ; beau temps.", "barometre_hpa": 1016.5, "obs_latitude": "", "obs_longitude": "", "alerte": "", "thermometre": "23,0"}}, {"type": "Feature", "geometry": {"type": "Point", "coordinates": [122.76222, -12.39083]}, "properties": {"date": "1803-06-06", "date_republicaine": "17 prairial an XI", "navire": "les corvettes", "table": "24 - Routes des corvettes françoises de Timor à la Terre de Witt", "page": 522, "remarque": "", "vents_etat_du_ciel": "ENE. Jolie brise inégale ; petite brise ; beau temps.", "barometre_hpa": 1018.0, "obs_latitude": "", "obs_longitude": "", "alerte": "", "thermometre": "22,0"}}, {"type": "Feature", "geometry": {"type": "Point", "coordinates": [122.80361, -13.04583]}, "properties": {"date": "1803-06-07", "date_republicaine": "18 prairial an XI", "navire": "les corvettes", "table": "24 - Routes des corvettes françoises de Timor à la Terre de Witt", "page": 522, "remarque": "", "vents_etat_du_ciel": "E. ESE. SE. Petit frais ; beau temps.", "barometre_hpa": 1018.0, "obs_latitude": "", "obs_longitude": "", "alerte": "", "thermometre": "22,5"}}, {"type": "Feature", "geometry": {"type": "Point", "coordinates": [123.00444, -13.2825]}, "properties": {"date": "1803-06-08", "date_republicaine": "19 prairial an XI", "navire": "les corvettes", "table": "24 - Routes des corvettes françoises de Timor à la Terre de Witt", "page": 522, "remarque": "", "vents_etat_du_ciel": "S. SSE. S. SSO. Jolie brise et foible brise ; beau temps.", "barometre_hpa": 1018.0, "obs_latitude": "", "obs_longitude": "", "alerte": "", "thermometre": "22,0"}}, {"type": "Feature", "geometry": {"type": "Point", "coordinates": [123.93472, -13.01806]}, "properties": {"date": "1803-06-09", "date_republicaine": "20 prairial an XI", "navire": "les corvettes", "table": "24 - Routes des corvettes françoises de Timor à la Terre de Witt", "page": 522, "remarque": "", "vents_etat_du_ciel": "SSO. SO. Petit frais ; calme ; S. Jolie brise ; beau temps.", "barometre_hpa": 1018.0, "obs_latitude": "", "obs_longitude": "", "alerte": "", "thermometre": "22,0"}}, {"type": "Feature", "geometry": {"type": "Point", "coordinates": [125.535, -13.02139]}, "properties": {"date": "1803-06-10", "date_republicaine": "21 prairial an XI", "navire": "les corvettes", "table": "24 - Routes des corvettes françoises de Timor à la Terre de Witt", "page": 522, "remarque": "", "vents_etat_du_ciel": "SSO. Joli frais et petit frais, variable ; beau temps.", "barometre_hpa": 1017.4, "obs_latitude": "", "obs_longitude": "", "alerte": "", "thermometre": "23,0"}}, {"type": "Feature", "geometry": {"type": "Point", "coordinates": [126.48916, -12.91167]}, "properties": {"date": "1803-06-11", "date_republicaine": "22 prairial an XI", "navire": "les corvettes", "table": "24 - Routes des corvettes françoises de Timor à la Terre de Witt", "page": 522, "remarque": "", "vents_etat_du_ciel": "OSO. SO. SSO. Jolie brise et petite brise ; calme ; b. temps.", "barometre_hpa": 1018.0, "obs_latitude": "", "obs_longitude": "", "alerte": "", "thermometre": "22,5"}}, {"type": "Feature", "geometry": {"type": "Point", "coordinates": [127.24528, -13.435]}, "properties": {"date": "1803-06-12", "date_republicaine": "23 prairial an XI", "navire": "les corvettes", "table": "25 - Routes des corvettes françoises à la Terre de Witt, 3e campagne", "page": 523, "remarque": "Mouillé une ancre à jet à 7 h. du soir, dans le NE. des îles Lesueur.", "vents_etat_du_ciel": "OSO. SO. SSE. ESE. E. Jolie brise ; petit frais, ensuite calme le soir ; beau temps.", "barometre_hpa": 1016.5, "obs_latitude": "", "obs_longitude": "*", "alerte": "", "thermometre": "22,8"}}, {"type": "Feature", "geometry": {"type": "Point", "coordinates": [127.39805, -12.86056]}, "properties": {"date": "1803-06-13", "date_republicaine": "24 prairial an XI", "navire": "les corvettes", "table": "25 - Routes des corvettes françoises à la Terre de Witt, 3e campagne", "page": 523, "remarque": "Appareillé à 6 h. du matin ; mouillé à 8 h. du soir, à 3 lieues de la côte.", "vents_etat_du_ciel": "Calme ; SO. NO. Fraîcheur variable ; NNO. NNE. Petit frais ; à la nuit, calme ; beau temps.", "barometre_hpa": 1016.5, "obs_latitude": "", "obs_longitude": "*", "alerte": "", "thermometre": "22,5"}}, {"type": "Feature", "geometry": {"type": "Point", "coordinates": [127.81722, -14.07833]}, "properties": {"date": "1803-06-14", "date_republicaine": "25 prairial an XI", "navire": "les corvettes", "table": "25 - Routes des corvettes françoises à la Terre de Witt, 3e campagne", "page": 523, "remarque": "Appareillé à 6 h. du matin.", "vents_etat_du_ciel": "O. ONO. SO. SSE. ESE. NO. Brise foible et variable ; beau temps.", "barometre_hpa": 1014.4, "obs_latitude": "", "obs_longitude": "", "alerte": "", "thermometre": "22,8"}}, {"type": "Feature", "geometry": {"type": "Point", "coordinates": [128.265, -13.99722]}, "properties": {"date": "1803-06-15", "date_republicaine": "26 prairial an XI", "navire": "les corvettes", "table": "25 - Routes des corvettes françoises à la Terre de Witt, 3e campagne", "page": 523, "remarque": "", "vents_etat_du_ciel": "NO. O. SSE. SE. Joli frais ; bon fr. ; mollissant un peu à la nuit ; beau temps.", "barometre_hpa": 1015.0, "obs_latitude": "", "obs_longitude": "", "alerte": "", "thermometre": "20,5"}}, {"type": "Feature", "geometry": {"type": "Point", "coordinates": [127.97805, -14.33194]}, "properties": {"date": "1803-06-16", "date_republicaine": "27 prairial an XI", "navire": "les corvettes", "table": "25 - Routes des corvettes françoises à la Terre de Witt, 3e campagne", "page": 523, "remarque": "A 8 h. du soir, mis à l'ancre dans l'ESE. de la montagne du Casuarina.", "vents_etat_du_ciel": "SE. Joli frais inégal ; après midi SE. E. Petit frais ; calme à la nuit ; beau temps.", "barometre_hpa": 1016.5, "obs_latitude": "", "obs_longitude": "", "alerte": "", "thermometre": "21,0"}}, {"type": "Feature", "geometry": {"type": "Point", "coordinates": [128.27944, -14.10444]}, "properties": {"date": "1803-06-17", "date_republicaine": "28 prairial an XI", "navire": "les corvettes", "table": "25 - Routes des corvettes françoises à la Terre de Witt, 3e campagne", "page": 523, "remarque": "Mis sous voiles à 5 h. du matin ; mouillé à 7 h. du soir dans le N. du banc des Méduses.", "vents_etat_du_ciel": "Calme ; SO. SE. Petit fr. ; ESE. SO. SE. Presque calme ; beau temps.", "barometre_hpa": 1018.0, "obs_latitude": "", "obs_longitude": "", "alerte": "", "thermometre": "21,0"}}, {"type": "Feature", "geometry": {"type": "Point", "coordinates": [128.29972, -14.40528]}, "properties": {"date": "1803-06-18", "date_republicaine": "29 prairial an XI", "navire": "les corvettes", "table": "25 - Routes des corvettes françoises à la Terre de Witt, 3e campagne", "page": 523, "remarque": "Mis sous voiles à 1 h. du matin.", "vents_etat_du_ciel": "SSE. ESE. Bon frais, par rafales ; le soir la brise mollissant beaucoup ; b. temps.", "barometre_hpa": 1018.0, "obs_latitude": "", "obs_longitude": "", "alerte": "", "thermometre": "20,6"}}, {"type": "Feature", "geometry": {"type": "Point", "coordinates": [128.75472, -13.87167]}, "properties": {"date": "1803-06-19", "date_republicaine": "30 prairial an XI", "navire": "les corvettes", "table": "25 - Routes des corvettes françoises à la Terre de Witt, 3e campagne", "page": 523, "remarque": "", "vents_etat_du_ciel": "SE. ESE. Bon frais ; SE. SSE. Joli frais inégal ; beau temps.", "barometre_hpa": 1019.6, "obs_latitude": "", "obs_longitude": "", "alerte": "", "thermometre": "20,0"}}, {"type": "Feature", "geometry": {"type": "Point", "coordinates": [129.22222, -13.14083]}, "properties": {"date": "1803-06-20", "date_republicaine": "1.er messidor an XI", "navire": "les corvettes", "table": "25 - Routes des corvettes françoises à la Terre de Witt, 3e campagne", "page": 523, "remarque": "", "vents_etat_du_ciel": "SE. Bon frais par rafales ; à midi, ESE. NE. E. Foible et variable ; beau temps.", "barometre_hpa": 1019.6, "obs_latitude": "", "obs_longitude": "", "alerte": "", "thermometre": "19,0"}}, {"type": "Feature", "geometry": {"type": "Point", "coordinates": [129.30889, -13.5875]}, "properties": {"date": "1803-06-21", "date_republicaine": "2 messidor an XI", "navire": "les corvettes", "table": "25 - Routes des corvettes françoises à la Terre de Witt, 3e campagne", "page": 523, "remarque": "Navigué à vue des îles Barthelemy ; mouillé le soir à 3 lieues de la côte.", "vents_etat_du_ciel": "ESE. E. NE. Joli frais ; après midi, N. O. OSO. Très-foible ; à la nuit, calme plat ; beau temps.", "barometre_hpa": 1018.0, "obs_latitude": "", "obs_longitude": "", "alerte": "", "thermometre": "21,0"}}, {"type": "Feature", "geometry": {"type": "Point", "coordinates": [129.47889, -13.44861]}, "properties": {"date": "1803-06-22", "date_republicaine": "3 messidor an XI", "navire": "les corvettes", "table": "25 - Routes des corvettes françoises à la Terre de Witt, 3e campagne", "page": 523, "remarque": "Appareillé à 6 h. matin ; mouillé à 7 h. du soir.", "vents_etat_du_ciel": "ESE. ENE. Petit frais ; calme à midi ; le soir foible brise du N. au NNO. ; b. temps.", "barometre_hpa": 1018.0, "obs_latitude": "", "obs_longitude": "", "alerte": "", "thermometre": "23,0"}}, {"type": "Feature", "geometry": {"type": "Point", "coordinates": [129.59944, -13.25194]}, "properties": {"date": "1803-06-23", "date_republicaine": "4 messidor an XI", "navire": "les corvettes", "table": "25 - Routes des corvettes françoises à la Terre de Witt, 3e campagne", "page": 523, "remarque": "Appareillé à 5 h. matin ; mouillé à 8 h. du soir dans l'O. de l'île Péron, à 3 lieues de distance.", "vents_etat_du_ciel": "NNO. SO. Joli frais ; au jour, calme ; NO. NNO. NNE. à midi, joli frais ; NNO. S. SSO. SSE. petit fr. mêlé de calme ; temps couvert ; petite pluie par intervalles.", "barometre_hpa": 1018.0, "obs_latitude": "*", "obs_longitude": "*", "alerte": "", "thermometre": "21,5"}}, {"type": "Feature", "geometry": {"type": "Point", "coordinates": [129.95111, -12.75111]}, "properties": {"date": "1803-06-24", "date_republicaine": "5 messidor an XI", "navire": "les corvettes", "table": "25 - Routes des corvettes françoises à la Terre de Witt, 3e campagne", "page": 523, "remarque": "Appareillé à 4 h. 30' matin ; jeté l'ancre à 10 h. du soir à grande distance de terre ; c'est notre dernier mouillage sur les côtes de la Nouvelle-Hollande.", "vents_etat_du_ciel": "Calme ; SSE. SE. E. Joli frais et petit frais ; après midi, calme et légère brise très-variable ; beau temps.", "barometre_hpa": 1016.5, "obs_latitude": "", "obs_longitude": "", "alerte": "", "thermometre": "21,0"}}, {"type": "Feature", "geometry": {"type": "Point", "coordinates": [130.0975, -12.41667]}, "properties": {"date": "1803-06-25", "date_republicaine": "6 messidor an XI", "navire": "les corvettes", "table": "25 - Routes des corvettes françoises à la Terre de Witt, 3e campagne", "page": 523, "remarque": "Appareillé à 6 h. du matin.", "vents_etat_du_ciel": "Calme ; S. SSE. SE. Joli frais, petit frais ; à midi, calme ; N. NO. OSO. Petit frais ; E. ENE. NNE. Foible et varia. ; b. temps, horizon brumeux.", "barometre_hpa": 1016.5, "obs_latitude": "", "obs_longitude": "", "alerte": "", "thermometre": "22,0"}}, {"type": "Feature", "geometry": {"type": "Point", "coordinates": [130.01083, -12.05306]}, "properties": {"date": "1803-06-26", "date_republicaine": "7 messidor an XI", "navire": "les corvettes", "table": "25 - Routes des corvettes françoises à la Terre de Witt, 3e campagne", "page": 524, "remarque": "A la nuit, perdu de vue les côtes de la Nouvelle-Hollande, et pris notre dernier relèvement au cap Helvétius.", "vents_etat_du_ciel": "NE. NNE. ENE. ESE. NNO. Joli frais et petit fr. ; l'après-midi, SO. Bon fr. et joli fr. ; ciel couv. et pluie ; le soir, S. ESE. ENE. Joli fr. inégal, par grains avec pluie.", "barometre_hpa": 1018.0, "obs_latitude": "", "obs_longitude": "*", "alerte": "", "thermometre": "22,5"}}, {"type": "Feature", "geometry": {"type": "Point", "coordinates": [129.68666, -11.34083]}, "properties": {"date": "1803-06-27", "date_republicaine": "8 messidor an XI", "navire": "les corvettes", "table": "25 - Routes des corvettes françoises à la Terre de Witt, 3e campagne", "page": 524, "remarque": "", "vents_etat_du_ciel": "ESE. E. ENE. E. NE. Petit fr. et joli fr., mollissant le soir ; beau temps, ciel nuageux ; grains à l'horizon ; pluie le soir.", "barometre_hpa": 1017.4, "obs_latitude": "", "obs_longitude": "", "alerte": "", "thermometre": "21,5"}}, {"type": "Feature", "geometry": {"type": "Point", "coordinates": [129.87444, -10.41861]}, "properties": {"date": "1803-06-28", "date_republicaine": "9 messidor an XI", "navire": "les corvettes", "table": "25 - Routes des corvettes françoises à la Terre de Witt, 3e campagne", "page": 524, "remarque": "", "vents_etat_du_ciel": "E. SE. SSE. Bon frais, ensuite calme ; SE. Bon frais ; ciel couvert ; pluie le matin.", "barometre_hpa": 1018.0, "obs_latitude": "", "obs_longitude": "", "alerte": "", "thermometre": "21,0"}}, {"type": "Feature", "geometry": {"type": "Point", "coordinates": [130.17889, -9.81083]}, "properties": {"date": "1803-06-29", "date_republicaine": "10 messidor an XI", "navire": "les corvettes", "table": "26 - Routes des corvettes françoises au nord de la Terre d'Arnheim", "page": 524, "remarque": "", "vents_etat_du_ciel": "SE. SSE. ESE. Bon frais et joli frais ; ciel couvert.", "barometre_hpa": 1016.5, "obs_latitude": "*", "obs_longitude": "*", "alerte": "", "thermometre": "21,0"}}, {"type": "Feature", "geometry": {"type": "Point", "coordinates": [130.01278, -9.72583]}, "properties": {"date": "1803-06-30", "date_republicaine": "11 messidor an XI", "navire": "les corvettes", "table": "26 - Routes des corvettes françoises au nord de la Terre d'Arnheim", "page": 524, "remarque": "", "vents_etat_du_ciel": "SE. ESE. SE. S. Bon frais par rafales inégales ; temps sombre et couvert.", "barometre_hpa": 1016.5, "obs_latitude": "", "obs_longitude": "*", "alerte": "", "thermometre": "20,5"}}, {"type": "Feature", "geometry": {"type": "Point", "coordinates": [129.67722, -9.6]}, "properties": {"date": "1803-07-01", "date_republicaine": "12 messidor an XI", "navire": "les corvettes", "table": "26 - Routes des corvettes françoises au nord de la Terre d'Arnheim", "page": 524, "remarque": "", "vents_etat_du_ciel": "S. SSE. SE. Bon frais et grand frais par rafales ; temps couv. ; forte pluie presque continuelle.", "barometre_hpa": 1018.0, "obs_latitude": "", "obs_longitude": "*", "alerte": "", "thermometre": "20,5"}}, {"type": "Feature", "geometry": {"type": "Point", "coordinates": [129.43333, -9.67028]}, "properties": {"date": "1803-07-02", "date_republicaine": "13 messidor an XI", "navire": "les corvettes", "table": "26 - Routes des corvettes françoises au nord de la Terre d'Arnheim", "page": 524, "remarque": "", "vents_etat_du_ciel": "SSE. SE. ESE. SE. Bon frais et joli frais, inégal et variable ; temps couv. ; pluie le matin.", "barometre_hpa": 1015.0, "obs_latitude": "", "obs_longitude": "", "alerte": "", "thermometre": "19,0"}}, {"type": "Feature", "geometry": {"type": "Point", "coordinates": [130.43972, -9.98083]}, "properties": {"date": "1803-07-03", "date_republicaine": "14 messidor an XI", "navire": "les corvettes", "table": "26 - Routes des corvettes françoises au nord de la Terre d'Arnheim", "page": 524, "remarque": "", "vents_etat_du_ciel": "S. SSE. SE. Joli fr. et bon fr. inégal ; le soir, SE. Petit fr. ; ciel nuageux.", "barometre_hpa": 1019.6, "obs_latitude": "", "obs_longitude": "", "alerte": "", "thermometre": "19,5"}}, {"type": "Feature", "geometry": {"type": "Point", "coordinates": [131.05444, -9.73611]}, "properties": {"date": "1803-07-04", "date_republicaine": "15 messidor an XI", "navire": "les corvettes", "table": "26 - Routes des corvettes françoises au nord de la Terre d'Arnheim", "page": 524, "remarque": "", "vents_etat_du_ciel": "SE. Brise inégale et calme ; le matin, joli frais par rafales ; SSE. SE. Joli frais ; ciel nuageux.", "barometre_hpa": 1018.0, "obs_latitude": "", "obs_longitude": "", "alerte": "", "thermometre": "19,0"}}, {"type": "Feature", "geometry": {"type": "Point", "coordinates": [132.09111, -8.93]}, "properties": {"date": "1803-07-05", "date_republicaine": "16 messidor an XI", "navire": "les corvettes", "table": "26 - Routes des corvettes françoises au nord de la Terre d'Arnheim", "page": 524, "remarque": "", "vents_etat_du_ciel": "SE. SSE. SE. Joli frais, par risées ; ciel nuageux.", "barometre_hpa": 1017.4, "obs_latitude": "", "obs_longitude": "", "alerte": "", "thermometre": "20,8"}}, {"type": "Feature", "geometry": {"type": "Point", "coordinates": [132.34583, -8.98028]}, "properties": {"date": "1803-07-06", "date_republicaine": "17 messidor an XI", "navire": "les corvettes", "table": "26 - Routes des corvettes françoises au nord de la Terre d'Arnheim", "page": 524, "remarque": "", "vents_etat_du_ciel": "SE. S. SE. SSE. SE. Joli frais ; ciel nuageux.", "barometre_hpa": 1016.5, "obs_latitude": "", "obs_longitude": "", "alerte": "", "thermometre": "20,7"}}, {"type": "Feature", "geometry": {"type": "Point", "coordinates": [133.50361, -8.4425]}, "properties": {"date": "1803-07-07", "date_republicaine": "18 messidor an XI", "navire": "les corvettes", "table": "26 - Routes des corvettes françoises au nord de la Terre d'Arnheim", "page": 524, "remarque": "A 10 h. du soir, mis en route pour l'île de France.", "vents_etat_du_ciel": "SE. SSE. SE. Joli frais ; temps couvert.", "barometre_hpa": 1016.5, "obs_latitude": "", "obs_longitude": "", "alerte": "", "thermometre": "20,0"}}, {"type": "Feature", "geometry": {"type": "Point", "coordinates": [132.96028, -9.17889]}, "properties": {"date": "1803-07-08", "date_republicaine": "19 messidor an XI", "navire": "les corvettes", "table": "27 - Retour des corvettes françoises à l'Ile-de-France", "page": 525, "remarque": "", "vents_etat_du_ciel": "SE. ESE. Bon frais et joli frais ; ciel nuageux.", "barometre_hpa": 1018.0, "obs_latitude": "", "obs_longitude": "", "alerte": "", "thermometre": "22,0"}}, {"type": "Feature", "geometry": {"type": "Point", "coordinates": [129.80416, -9.68389]}, "properties": {"date": "1803-07-09", "date_republicaine": "20 messidor an XI", "navire": "les corvettes", "table": "27 - Retour des corvettes françoises à l'Ile-de-France", "page": 525, "remarque": "", "vents_etat_du_ciel": "ESE. Forte brise inégale ; temps couvert ; grains et pluie.", "barometre_hpa": 1016.5, "obs_latitude": "", "obs_longitude": "", "alerte": "", "thermometre": "21,5"}}, {"type": "Feature", "geometry": {"type": "Point", "coordinates": [127.52666, -10.19889]}, "properties": {"date": "1803-07-10", "date_republicaine": "21 messidor an XI", "navire": "les corvettes", "table": "27 - Retour des corvettes françoises à l'Ile-de-France", "page": 525, "remarque": "", "vents_etat_du_ciel": "E. ESE. Joli frais ; beau temps.", "barometre_hpa": 1018.0, "obs_latitude": "", "obs_longitude": "", "alerte": "", "thermometre": "22,0"}}, {"type": "Feature", "geometry": {"type": "Point", "coordinates": [125.43833, -10.41667]}, "properties": {"date": "1803-07-11", "date_republicaine": "22 messidor an XI", "navire": "les corvettes", "table": "27 - Retour des corvettes françoises à l'Ile-de-France", "page": 525, "remarque": "A 6 h. en vue de la côte SE. de l'île Timor.", "vents_etat_du_ciel": "ESE. E. SE. ESE. Joli frais ; beau temps.", "barometre_hpa": 1018.0, "obs_latitude": "", "obs_longitude": "", "alerte": "", "thermometre": "21,7"}}, {"type": "Feature", "geometry": {"type": "Point", "coordinates": [124.45, -10.27083]}, "properties": {"date": "1803-07-12", "date_republicaine": "23 messidor an XI", "navire": "les corvettes", "table": "27 - Retour des corvettes françoises à l'Ile-de-France", "page": 525, "remarque": "En vue de la côte de Timor, et ensuite de celle de Rottie.", "vents_etat_du_ciel": "ESE. E. Petit frais et joli frais ; beau temps.", "barometre_hpa": 1016.5, "obs_latitude": "", "obs_longitude": "", "alerte": "", "thermometre": "22,0"}}, {"type": "Feature", "geometry": {"type": "Point", "coordinates": [123.7645, -10.39323]}, "properties": {"date": "1803-07-13", "date_republicaine": "", "navire": "les corvettes", "table": "", "page": "", "remarque": "", "vents_etat_du_ciel": "", "barometre_hpa": "", "obs_latitude": "", "obs_longitude": "", "alerte": "position extrapolée : contournement de côte entre le 1803-07-12 et le 1803-07-13 (détour de 5 km)", "thermometre": "", "section": "", "extrapole": true}}, {"type": "Feature", "geometry": {"type": "Point", "coordinates": [123.06861, -10.42639]}, "properties": {"date": "1803-07-13", "date_republicaine": "24 messidor an XI", "navire": "les corvettes", "table": "27 - Retour des corvettes françoises à l'Ile-de-France", "page": 525, "remarque": "Traversé le détroit de Rottie dans la matinée ; à midi, la pointe Occid. de l'île Cambi nous restoit au N. 13° E.", "vents_etat_du_ciel": "ESE. ENE. E. ESE. SE. Petit frais et joli frais.", "barometre_hpa": 1017.4, "obs_latitude": "", "obs_longitude": "", "alerte": "", "thermometre": "22,4"}}, {"type": "Feature", "geometry": {"type": "Point", "coordinates": [121.19666, -11.11417]}, "properties": {"date": "1803-07-14", "date_republicaine": "25 messidor an XI", "navire": "les corvettes", "table": "27 - Retour des corvettes françoises à l'Ile-de-France", "page": 525, "remarque": "Doublé l'île Savu au S., à 9 lieues de distance.", "vents_etat_du_ciel": "SE. ESE. SE. Joli frais et petit frais ; beau temps.", "barometre_hpa": 1019.6, "obs_latitude": "", "obs_longitude": "", "alerte": "", "thermometre": "22,5"}}, {"type": "Feature", "geometry": {"type": "Point", "coordinates": [118.97222, -12.02056]}, "properties": {"date": "1803-07-15", "date_republicaine": "26 messidor an XI", "navire": "les corvettes", "table": "27 - Retour des corvettes françoises à l'Ile-de-France", "page": 525, "remarque": "", "vents_etat_du_ciel": "SE. ESE. E. Joli frais ; beau temps.", "barometre_hpa": 1019.6, "obs_latitude": "", "obs_longitude": "", "alerte": "", "thermometre": "21,5"}}, {"type": "Feature", "geometry": {"type": "Point", "coordinates": [116.98361, -13.565]}, "properties": {"date": "1803-07-16", "date_republicaine": "27 messidor an XI", "navire": "les corvettes", "table": "27 - Retour des corvettes françoises à l'Ile-de-France", "page": 525, "remarque": "", "vents_etat_du_ciel": "E. ESE. SE. E. Joli frais et petit frais ; beau temps.", "barometre_hpa": 1018.7, "obs_latitude": "", "obs_longitude": "", "alerte": "", "thermometre": "21,5"}}, {"type": "Feature", "geometry": {"type": "Point", "coordinates": [114.80111, -12.34806]}, "properties": {"date": "1803-07-17", "date_republicaine": "28 messidor an XI", "navire": "les corvettes", "table": "27 - Retour des corvettes françoises à l'Ile-de-France", "page": 525, "remarque": "", "vents_etat_du_ciel": "E. Bon frais et joli frais ; beau temps.", "barometre_hpa": 1018.0, "obs_latitude": "", "obs_longitude": "", "alerte": "", "thermometre": "21,7"}}, {"type": "Feature", "geometry": {"type": "Point", "coordinates": [112.56222, -12.46361]}, "properties": {"date": "1803-07-18", "date_republicaine": "29 messidor an XI", "navire": "les corvettes", "table": "27 - Retour des corvettes françoises à l'Ile-de-France", "page": 525, "remarque": "", "vents_etat_du_ciel": "ESE. E. Bonne brise ; ciel couvert ; temps à grains ; pluie l'après-midi.", "barometre_hpa": 1018.0, "obs_latitude": "", "obs_longitude": "", "alerte": "", "thermometre": "22,5"}}, {"type": "Feature", "geometry": {"type": "Point", "coordinates": [109.98916, -12.5125]}, "properties": {"date": "1803-07-19", "date_republicaine": "30 messidor an XI", "navire": "les corvettes", "table": "27 - Retour des corvettes françoises à l'Ile-de-France", "page": 525, "remarque": "", "vents_etat_du_ciel": "E. Bonne brise et joli frais par risée ; beau temps.", "barometre_hpa": 1016.5, "obs_latitude": "", "obs_longitude": "", "alerte": "", "thermometre": "21,5"}}, {"type": "Feature", "geometry": {"type": "Point", "coordinates": [107.59, -12.64583]}, "properties": {"date": "1803-07-20", "date_republicaine": "1.er thermidor an XI", "navire": "les corvettes", "table": "27 - Retour des corvettes françoises à l'Ile-de-France", "page": 525, "remarque": "", "vents_etat_du_ciel": "E. Joli frais inégal ; b. temps.", "barometre_hpa": 1016.5, "obs_latitude": "", "obs_longitude": "", "alerte": "", "thermometre": "22,5"}}, {"type": "Feature", "geometry": {"type": "Point", "coordinates": [105.13694, -12.72306]}, "properties": {"date": "1803-07-21", "date_republicaine": "2 thermidor an XI", "navire": "les corvettes", "table": "27 - Retour des corvettes françoises à l'Ile-de-France", "page": 525, "remarque": "", "vents_etat_du_ciel": "E. SE. ESE. Joli frais et bon frais ; temps nuageux.", "barometre_hpa": 1017.4, "obs_latitude": "", "obs_longitude": "", "alerte": "", "thermometre": "22,3"}}, {"type": "Feature", "geometry": {"type": "Point", "coordinates": [102.51583, -13.25]}, "properties": {"date": "1803-07-22", "date_republicaine": "3 thermidor an XI", "navire": "les corvettes", "table": "27 - Retour des corvettes françoises à l'Ile-de-France", "page": 525, "remarque": "", "vents_etat_du_ciel": "E. Joli frais inégal ; ciel nuageux.", "barometre_hpa": 1015.0, "obs_latitude": "", "obs_longitude": "", "alerte": "", "thermometre": "22,0"}}, {"type": "Feature", "geometry": {"type": "Point", "coordinates": [100.50361, -13.75]}, "properties": {"date": "1803-07-23", "date_republicaine": "4 thermidor an XI", "navire": "les corvettes", "table": "27 - Retour des corvettes françoises à l'Ile-de-France", "page": 525, "remarque": "", "vents_etat_du_ciel": "E. Joli frais et petit frais ; pluie l'après-midi ; à la nuit, ESE. SSE. NO. NNE. foible ; temps à grains ; pluie et orage ; temps couvert.", "barometre_hpa": 1016.5, "obs_latitude": "", "obs_longitude": "", "alerte": "", "thermometre": "21,7"}}, {"type": "Feature", "geometry": {"type": "Point", "coordinates": [99.13028, -14.14333]}, "properties": {"date": "1803-07-24", "date_republicaine": "5 thermidor an XI", "navire": "les corvettes", "table": "27 - Retour des corvettes françoises à l'Ile-de-France", "page": 525, "remarque": "A 9 h. du soir, le Géographe et le Casuarina se sont perdus de vue, et ne se sont plus rejoints qu'à l'Ile-de France. Les routes suivantes, depuis le 25 juillet jusqu'au 7 août sont donc exclusivement celles du Géographe.", "vents_etat_du_ciel": "N. NNE. E. SE. SSE. S. Variable en force ; bon frais et joli frais, ensuite grand frais ; temps à grains ; pluie ; rafales.", "barometre_hpa": 1012.0, "obs_latitude": "*", "obs_longitude": "*", "alerte": "", "thermometre": "22,0"}}, {"type": "Feature", "geometry": {"type": "Point", "coordinates": [96.55972, -14.24333]}, "properties": {"date": "1803-07-25", "date_republicaine": "6 thermidor an XI", "navire": "les corvettes", "table": "27 - Retour des corvettes françoises à l'Ile-de-France", "page": 525, "remarque": "", "vents_etat_du_ciel": "SSE. Grand frais par fortes rafales ; grains ; pluie ; temps sombre.", "barometre_hpa": 1016.5, "obs_latitude": "*", "obs_longitude": "", "alerte": "", "thermometre": "21,0"}}, {"type": "Feature", "geometry": {"type": "Point", "coordinates": [94.22, -14.50083]}, "properties": {"date": "1803-07-26", "date_republicaine": "7 thermidor an XI", "navire": "les corvettes", "table": "27 - Retour des corvettes françoises à l'Ile-de-France", "page": 526, "remarque": "", "vents_etat_du_ciel": "SSE. Bon frais par rafales ; temps à grains ; pluie.", "barometre_hpa": 1018.0, "obs_latitude": "", "obs_longitude": "", "alerte": "", "thermometre": "20,5"}}, {"type": "Feature", "geometry": {"type": "Point", "coordinates": [90.6, -15.05528]}, "properties": {"date": "1803-07-27", "date_republicaine": "8 thermidor an XI", "navire": "les corvettes", "table": "27 - Retour des corvettes françoises à l'Ile-de-France", "page": 526, "remarque": "", "vents_etat_du_ciel": "SE. Grand frais par rafales ; temps sombre et couvert ; pluie.", "barometre_hpa": 1018.0, "obs_latitude": "", "obs_longitude": "", "alerte": "", "thermometre": "20,5"}}, {"type": "Feature", "geometry": {"type": "Point", "coordinates": [87.06778, -15.65778]}, "properties": {"date": "1803-07-28", "date_republicaine": "9 thermidor an XI", "navire": "les corvettes", "table": "27 - Retour des corvettes françoises à l'Ile-de-France", "page": 526, "remarque": "", "vents_etat_du_ciel": "SE. ESE. SSE. Bon frais par risées ; ciel nuageux ; pluie avant le jour.", "barometre_hpa": 1019.6, "obs_latitude": "", "obs_longitude": "", "alerte": "", "thermometre": "20,0"}}, {"type": "Feature", "geometry": {"type": "Point", "coordinates": [83.54111, -16.31194]}, "properties": {"date": "1803-07-29", "date_republicaine": "10 thermidor an XI", "navire": "les corvettes", "table": "27 - Retour des corvettes françoises à l'Ile-de-France", "page": 526, "remarque": "", "vents_etat_du_ciel": "SE. Bon frais et joli frais inégal ; ciel nuageux ; le soir légères grenasses avec quelques gouttes de pluie.", "barometre_hpa": 1022.6, "obs_latitude": "", "obs_longitude": "", "alerte": "", "thermometre": "20,0"}}, {"type": "Feature", "geometry": {"type": "Point", "coordinates": [80.41139, -16.97611]}, "properties": {"date": "1803-07-30", "date_republicaine": "11 thermidor an XI", "navire": "les corvettes", "table": "27 - Retour des corvettes françoises à l'Ile-de-France", "page": 526, "remarque": "", "vents_etat_du_ciel": "ESE. SSE. SE. Joli frais ; ciel nuageux ; pluie par intervalles.", "barometre_hpa": 1021.7, "obs_latitude": "", "obs_longitude": "", "alerte": "", "thermometre": "20,0"}}, {"type": "Feature", "geometry": {"type": "Point", "coordinates": [76.90444, -17.79278]}, "properties": {"date": "1803-07-31", "date_republicaine": "12 thermidor an XI", "navire": "les corvettes", "table": "27 - Retour des corvettes françoises à l'Ile-de-France", "page": 526, "remarque": "", "vents_etat_du_ciel": "SE. ESE. Vent bon frais ; temps couvert ; grains et pluie.", "barometre_hpa": 1019.6, "obs_latitude": "*", "obs_longitude": "", "alerte": "", "thermometre": "19,0"}}, {"type": "Feature", "geometry": {"type": "Point", "coordinates": [73.64028, -18.51167]}, "properties": {"date": "1803-08-01", "date_republicaine": "13 thermidor an XI", "navire": "les corvettes", "table": "27 - Retour des corvettes françoises à l'Ile-de-France", "page": 526, "remarque": "", "vents_etat_du_ciel": "E. ESE. Bon frais ; temps à grains ; pluie le matin.", "barometre_hpa": 1022.6, "obs_latitude": "", "obs_longitude": "", "alerte": "", "thermometre": "19,0"}}, {"type": "Feature", "geometry": {"type": "Point", "coordinates": [70.34028, -19.44667]}, "properties": {"date": "1803-08-02", "date_republicaine": "14 thermidor an XI", "navire": "les corvettes", "table": "27 - Retour des corvettes françoises à l'Ile-de-France", "page": 526, "remarque": "", "vents_etat_du_ciel": "E. SE. E. Bon frais et joli frais ; temps à grains et pluie le matin.", "barometre_hpa": 1024.1, "obs_latitude": "", "obs_longitude": "", "alerte": "", "thermometre": "19,2"}}, {"type": "Feature", "geometry": {"type": "Point", "coordinates": [67.56166, -20.13611]}, "properties": {"date": "1803-08-03", "date_republicaine": "15 thermidor an XI", "navire": "les corvettes", "table": "27 - Retour des corvettes françoises à l'Ile-de-France", "page": 526, "remarque": "", "vents_etat_du_ciel": "E. ESE. SE. Joli frais ; beau temps ; ciel nuageux.", "barometre_hpa": 1022.6, "obs_latitude": "", "obs_longitude": "", "alerte": "", "thermometre": "19,3"}}, {"type": "Feature", "geometry": {"type": "Point", "coordinates": [64.81055, -20.05]}, "properties": {"date": "1803-08-04", "date_republicaine": "16 thermidor an XI", "navire": "les corvettes", "table": "27 - Retour des corvettes françoises à l'Ile-de-France", "page": 526, "remarque": "A 6 h. du soir, vu l'île Rodrigue dans le N. 60° O.", "vents_etat_du_ciel": "ESE. SE. S. SSE. SE. Ciel nuageux ; pluie le soir.", "barometre_hpa": 1025.6, "obs_latitude": "", "obs_longitude": "", "alerte": "", "thermometre": "19,0"}}, {"type": "Feature", "geometry": {"type": "Point", "coordinates": [61.1325, -19.81222]}, "properties": {"date": "1803-08-05", "date_republicaine": "17 thermidor an XI", "navire": "les corvettes", "table": "27 - Retour des corvettes françoises à l'Ile-de-France", "page": 526, "remarque": "A midi, fait la remise de tous nos journaux entre les mains du Commandant.", "vents_etat_du_ciel": "Jusqu'à midi, SE ESE. SE. Bon frais inégal ; grains et pluie.", "barometre_hpa": 1025.6, "obs_latitude": "", "obs_longitude": "", "alerte": "", "thermometre": "19,0"}}, {"type": "Feature", "geometry": {"type": "Point", "coordinates": [59.20389, -19.9375]}, "properties": {"date": "1803-08-06", "date_republicaine": "18 thermidor an XI", "navire": "les corvettes", "table": "27 - Retour des corvettes françoises à l'Ile-de-France", "page": 526, "remarque": "", "vents_etat_du_ciel": ".........................", "barometre_hpa": "", "obs_latitude": "*", "obs_longitude": "*", "alerte": ""}}, {"type": "Feature", "geometry": {"type": "Point", "coordinates": [57.73857, -19.65507]}, "properties": {"date": "1803-08-07", "date_republicaine": "", "navire": "les corvettes", "table": "", "page": "", "remarque": "", "vents_etat_du_ciel": "", "barometre_hpa": "", "obs_latitude": "", "obs_longitude": "", "alerte": "position extrapolée : contournement de côte entre le 1803-08-06 et le 1803-08-07 (détour de 50 km)", "section": "", "extrapole": true}}, {"type": "Feature", "geometry": {"type": "Point", "coordinates": [57.44555, -20.14167]}, "properties": {"date": "1803-08-07", "date_republicaine": "19 thermidor an XI", "navire": "les corvettes", "table": "27 - Retour des corvettes françoises à l'Ile-de-France", "page": 526, "remarque": "Arrivé à l'Ile-de-France, et mouillé à l'entrée du port Nord-Ouest.", "vents_etat_du_ciel": ".........................", "barometre_hpa": "", "obs_latitude": "△", "obs_longitude": "△", "alerte": ""}}, {"type": "Feature", "geometry": {"type": "LineString", "coordinates": [[148.35666, -39.4775], [147.16055, -39.4125], [146.92555, -39.18333], [146.48389, -39.69333], [144.29278, -40.245], [144.47805, -39.88333], [145.105, -40.08278], [144.72416, -40.28833], [145.00833, -40.41056], [144.99389, -40.42778], [144.80889, -40.675], [144.77055, -41.42667], [144.72722, -41.175], [144.58305, -40.92], [144.61889, -40.6625], [144.42222, -40.75667], [144.65929, -40.46925], [144.85694, -40.35861], [144.98813, -40.38867], [145.11833, -40.53944], [145.13555, -40.53056], [145.05583, -40.59417], [145.03555, -40.65111], [145.16111, -40.51167], [145.19389, -40.63139], [145.10806, -40.474], [144.92889, -40.37167], [144.43722, -39.83333], [143.81889, -40.44], [143.32278, -39.99778], [137.88278, -35.71833], [138.12833, -34.885], [138.12222, -34.28472], [138.065, -34.28722], [138.11666, -34.41028], [138.05111, -34.53556], [137.85111, -35.01611], [137.93722, -35.14583], [137.465, -35.25278], [136.79466, -35.31818], [136.85194, -34.98722], [136.87194, -34.36278], [137.73111, -33.64028], [137.82694, -32.7], [137.92944, -32.89361], [137.75722, -33.03083], [137.54722, -33.26556], [137.40805, -33.67889], [136.44083, -34.17889], [136.2, -34.59833], [136.08972, -34.76722], [136.68055, -34.99167], [136.52722, -35.30611], [136.98639, -35.53917], [135.80666, -35.60528], [134.57611, -34.65194], [133.00889, -33.07639], [132.76694, -32.43361], [132.95416, -32.31139], [133.04694, -32.40667], [132.67916, -32.73472], [129.50778, -33.14167], [126.38972, -33.98333], [123.745, -34.9275], [120.9225, -34.53], [118.25389, -35.08333]]}, "properties": {"navire": "le Casuarina", "type": "trajectoire"}}, {"type": "Feature", "geometry": {"type": "LineString", "coordinates": [[114.78305, -34.75139], [114.80889, -34.19833], [114.9552, -33.50543], [115.14528, -33.37556], [115.10389, -33.48056], [115.19389, -33.31667], [115.17055, -33.53333], [115.16028, -33.26694], [115.41166, -33.46667], [115.40389, -33.53333], [115.1325, -33.42222], [114.8794, -33.56659], [114.70194, -33.775], [114.77139, -34.08889], [114.91861, -34.63056], [114.95194, -34.43333], [114.83722, -33.51667], [115.33722, -32.61389], [115.38639, -32.72639], [115.23278, -32.71222], [115.46528, -32.27667], [114.63028, -31.63333], [113.61972, -30.54556], [113.49416, -29.81167], [113.61666, -27.39028], [112.88305, -26.02806], [112.97055, -24.30167], [113.13555, -23.98111], [113.34861, -23.80778], [113.33083, -24.63361], [113.32944, -24.79611], [113.465, -24.73139], [113.53972, -24.99639], [113.49416, -25.32167], [113.41389, -25.50333], [113.38444, -24.74111], [113.36861, -24.83056], [113.40278, -24.83056], [113.26778, -24.55306], [113.17528, -24.31611], [113.08111, -22.285], [114.20528, -21.1075], [114.74194, -21.08056], [114.88389, -21.32472], [114.64694, -21.54167], [114.12194, -21.47889], [114.2125, -21.47444], [114.29555, -21.55083], [115.18139, -20.11111], [116.00278, -19.14667], [116.46389, -19.23528], [117.36, -19.50472], [117.61, -20.33333], [117.66889, -20.25778], [118.30222, -20.00917], [118.65555, -19.71611], [119.54916, -19.24083], [119.73028, -19.17694], [120.50916, -18.73833], [121.43166, -18.10917], [121.76722, -17.47389], [121.90028, -16.89167], [122.18166, -16.02417], [123.01055, -15.6825], [123.1825, -15.29083], [124.01361, -15.14167], [124.3075, -15.00083], [124.55416, -14.79722], [124.93861, -14.28278], [125.25972, -14.03333], [125.69416, -13.87111], [125.55583, -13.58306], [125.63916, -13.41667], [125.78166, -13.02528], [126.03361, -12.34278], [126.65333, -10.99806], [124.45778, -10.36472], [123.60166, -11.16449], [123.45889, -10.3], [148.60194, -41.68333], [149.48778, -41.61083], [148.60305, -42.27389], [149.83778, -42.18639], [149.90139, -41.56889], [149.42055, -41.37194], [149.37055, -41.02194], [149.78722, -41.4], [148.90916, -40.80167], [147.66889, -40.62778], [147.80555, -40.73694], [147.53528, -40.36278], [146.97778, -40.49611], [147.50389, -39.40889], [149.42028, -39.10944], [148.7275, -38.44472], [149.30555, -38.935], [148.75166, -38.71306], [148.08528, -39.03389], [146.53889, -39.50139], [145.59166, -38.79167], [144.61, -38.55], [143.61004, -38.87706], [143.32472, -38.87333], [142.23805, -38.45694], [141.44083, -38.48838], [141.29555, -38.29861], [140.71777, -38.1269], [140.19, -37.87444], [140.64416, -37.93833], [140.18305, -37.80861], [140.00389, -37.5], [139.73793, -37.29294], [139.56222, -37.03194], [139.39639, -36.02278], [138.40278, -35.58333], [138.1575, -35.64722], [137.72861, -35.66333], [137.95666, -35.45], [138.30944, -32.2], [137.91389, -35.05556], [137.29278, -35.51139], [136.69278, -35.2525], [137.12889, -34.71278], [137.27722, -34.19389], [136.78055, -34.7425], [137.15389, -34.64889], [137.02889, -34.72278], [136.66416, -34.64083], [136.53722, -34.84111], [136.47889, -35.42361], [135.9225, -35.3175], [135.26694, -34.82139], [135.04448, -34.53157], [134.86472, -33.92222], [134.80722, -33.79306], [134.44265, -33.80098], [133.81778, -33.615], [133.94055, -32.77472], [133.19139, -32.81083], [133.6125, -32.51667], [133.385, -33.02722], [132.98944, -32.77], [132.69278, -32.36972], [133.38833, -33.43472], [133.06028, -33.21944], [131.95389, -32.57222], [131.65944, -34.25083], [132.02333, -35.93389], [132.95389, -37.13167], [133.90139, -38.43417], [135.89416, -40.65444], [137.24278, -41.81667], [136.875, -42.75472], [137.33055, -43.36056], [139.37055, -43.19444], [141.02555, -43.71667], [146.26222, -43.71667], [147.17618, -43.67865], [147.48166, -43.34028], [147.95944, -43.32222], [149.03972, -42.71667], [149.32055, -41.98], [148.65389, -42.15111], [148.73722, -42.03917], [149.17055, -41.42111], [149.07055, -41.10389], [150.38805, -41.25556], [150.27055, -41.63639], [149.88361, -41.35917], [148.98861, -41.38139], [149.47416, -41.7], [150.09139, -42.36139], [150.77361, -41.15778], [153.17055, -38.68333], [153.77833, -36.62861], [152.78722, -34.39778], [152.20389, -33.73333], [152.86666, -33.82972], [151.90389, -33.83333], [151.88, -33.44694], [151.94861, -33.41556], [152.00389, -34.05861], [151.50389, -33.79056], [151.63722, -33.77167], [151.83722, -33.52167], [152.00389, -34.10861], [151.53722, -33.58833], [151.43722, -33.76667], [151.33722, -33.79583], [151.19778, -33.83333], [132.8475, -32.07861], [130.78972, -33.88972], [127.18389, -35.18056], [125.57694, -35.73833], [122.86028, -35.87222], [120.28944, -35.44778], [119.63944, -35.03333], [118.00361, -35.06861], [118.31639, -35.32944], [117.88972, -35.41778], [117.59278, -35.47028], [116.67944, -35.24528], [116.28222, -35.22694], [116.88194, -35.16306], [116.78972, -35.31528], [116.13889, -35.075], [115.04827, -34.46121], [114.9175, -33.82694], [114.99205, -33.50065], [115.11083, -33.34694], [115.58916, -33.26472], [115.57972, -32.81389]]}, "properties": {"navire": "le Géographe", "type": "trajectoire"}}, {"type": "Feature", "geometry": {"type": "LineString", "coordinates": [[115.51639, -31.83306], [115.42944, -31.17111], [115.05055, -30.80306], [115.24055, -30.66083], [114.625, -31.16667], [113.70805, -31.945], [113.81361, -32.01667], [114.34778, -31.01667], [114.93055, -30.51667], [114.53444, -30.21306], [114.04778, -29.41111], [114.08555, -28.85444], [113.67528, -28.19528], [113.82972, -27.7], [113.325, -27.63889], [113.00444, -27.59083], [113.53222, -27.84444], [113.42611, -27.03333], [112.85389, -25.67778], [112.89768, -25.48721], [113.10944, -25.45], [113.12861, -25.46917], [113.19139, -25.485], [113.36778, -25.57833], [113.47611, -25.54306], [113.32055, -25.53333], [113.09763, -24.47813], [112.72194, -23.45944], [113.00944, -20.72389], [114.21083, -18.58333], [115.00028, -17.55], [115.83916, -17.06667], [116.65694, -16.41667], [118.17528, -15.53333], [119.56222, -14.5], [120.41361, -13.11667], [120.83555, -11.9], [121.13722, -10.95], [121.60805, -10.42083], [122.3725, -9.85], [122.37389, -9.86667], [122.50944, -10.28333], [122.97055, -10.18333], [123.27837, -10.12016], [123.59166, -10.14667], [148.67055, -41.1375], [148.78222, -40.41667], [148.41055, -40.71167], [148.26389, -40.65], [147.93055, -40.60333], [147.39722, -40.67278], [147.52555, -40.695], [147.74055, -40.75167], [148.23389, -40.65833], [148.50722, -40.72], [148.53222, -40.69111], [148.09389, -40.68333], [147.84055, -40.75389], [147.76194, -40.70722], [146.97694, -40.84694], [146.47889, -39.35], [145.52555, -38.78333], [145.31166, -38.65], [145.47722, -38.92833], [145.25555, -38.65], [145.46389, -38.75], [145.37055, -38.69167], [145.25889, -38.605], [145.31055, -38.75], [145.50389, -38.70472], [146.26611, -39.12556], [146.79389, -39.24028], [149.00389, -37.95]]}, "properties": {"navire": "le Naturaliste", "type": "trajectoire"}}, {"type": "Feature", "geometry": {"type": "LineString", "coordinates": [[-0.07056, 49.51056], [-1.29306, 50.18333], [-2.41556, 49.96028], [-3.74306, 49.6], [-5.73195, 48.31667], [-6.62528, 47.53333], [-9.09306, 46.965], [-10.19306, 43.38806], [-11.75972, 42.66667], [-11.39306, 39.78861], [-11.84306, 36.25222], [-11.90972, 33.3375], [-12.92639, 31.03333], [-15.52945, 28.83333], [-16.25695, 28.47694], [-17.78167, 26.01667], [-19.19945, 23.26667], [-20.1725, 20.01667], [-19.84306, 16.75], [-19.59667, 14.33333], [-19.64222, 13.21667], [-18.40445, 10.25], [-17.52472, 8.95], [-17.26195, 8.11667], [-16.71556, 7.66667], [-16.71945, 7.7], [-16.59, 7.65], [-16.27695, 7.11667], [-16.2975, 6.96667], [-16.08445, 6.81667], [-16.11056, 6.68333], [-16.07556, 6.63333], [-16.2125, 5.45], [-16.38306, 4.48333], [-17.17056, 3.73333], [-17.37667, 3.26667], [-17.19722, 2.83333], [-17.8175, 2.4833], [-17.83528, 2.1333], [-19.83917, 2.2167], [-19.12611, 2.4], [-17.69667, 1.3667], [-21.11695, 1.3333], [-21.3375, -0.31667], [-23.07667, -1.15], [-24.02834, -2.15], [-24.84889, -2.96667], [-26.03584, -3.86667], [-26.65639, -4.91667], [-27.11028, -6.55], [-27.43056, -8.01667], [-27.42695, -9.60417], [-27.72167, -11.18333], [-27.52528, -12.75], [-27.2125, -14.22806], [-27.21611, -15.71667], [-25.93667, -17.38333], [-24.45722, -19.03722], [-23.6775, -20.05], [-23.16472, -21.21667], [-23.05195, -22.08333], [-22.98889, -23.31667], [-23.25945, -24.0], [-23.14639, -24.96667], [-22.61695, -24.93333], [-22.10417, -25.31667], [-21.99111, -26.1], [-21.32834, -26.61667], [-19.66528, -26.1], [-18.86917, -25.78333], [-18.97806, -27.01667], [-18.26, -28.51389], [-17.49722, -29.78333], [-16.48445, -31.0], [-14.35472, -31.71667], [-12.74195, -32.49222], [-10.87889, -33.02139], [-7.91778, -33.07639], [-5.55306, -33.2], [-2.54028, -33.0], [-0.0775, -32.71667], [1.23555, -31.63333], [0.63166, -33.15], [0.32778, -34.51667], [0.3325, -35.66833], [0.57028, -36.21667], [4.65, -35.7], [6.16389, -35.14083], [7.62555, -34.72444], [8.38861, -34.48083], [8.76805, -34.35], [9.495, -34.10306], [10.47722, -34.4875], [13.4175, -34.90583], [15.33639, -33.95389], [16.69916, -34.03333], [19.39528, -35.03333], [21.125, -35.2], [23.88778, -36.81667], [28.8175, -36.98333], [29.16361, -34.96667], [30.45972, -35.4], [31.38944, -36.18333], [34.30222, -36.75], [36.21222, -36.75], [37.86139, -36.2], [39.69083, -35.68333], [40.35389, -36.33333], [40.93333, -35.86667], [40.52694, -34.82389], [40.65639, -33.47444], [40.9525, -32.80806], [41.03222, -33.28778], [41.595, -33.01417], [43.19972, -33.60333], [44.67361, -33.25], [45.49722, -31.84833], [46.72389, -30.39556], [47.565, -28.88306], [48.12222, -28.56667], [48.03611, -29.485], [49.1175, -30.2], [50.86361, -30.76667], [52.89333, -31.41667], [53.87278, -31.88333], [55.1525, -31.55], [56.66528, -31.46667], [57.74472, -30.46667], [57.90555, -29.66389], [58.16555, -28.70472], [58.74611, -28.21556], [60.42972, -25.33333], [60.50361, -22.77417], [60.85555, -21.45], [60.65555, -20.32722], [59.02861, -19.88389], [57.63944, -19.86583], [57.51037, -19.98648], [57.46416, -20.15194], [57.35111, -20.17778], [58.52665, -19.12396], [59.75, -21.31667], [57.77833, -22.67667], [57.94666, -23.94722], [58.48805, -25.06972], [58.06416, -25.83333], [58.32944, -27.47], [60.31, -28.59611], [62.98583, -28.89833], [64.83416, -29.20583], [66.90472, -28.97611], [67.80666, -28.62278], [67.69722, -30.47694], [68.54583, -31.62694], [70.57333, -32.16667], [73.29, -32.775], [76.87333, -33.53889], [79.72639, -33.66833], [82.51444, -33.56861], [84.21805, -33.58278], [87.90694, -33.40806], [89.49333, -32.85722], [90.47611, -32.33611], [93.42194, -33.93056], [97.23778, -34.48667], [101.32666, -35.075], [104.25889, -34.80056], [106.01528, -34.64528], [108.58528, -34.2275], [110.67166, -33.71111], [111.40333, -33.85278], [112.68778, -33.83278], [114.68833, -34.59806], [123.59166, -10.14667], [123.42139, -9.99333], [123.09528, -9.96667], [122.30194, -9.6525], [121.75472, -10.01222], [121.22278, -11.03972], [120.16861, -11.57444], [119.0725, -11.51417], [118.31722, -11.57278], [118.70694, -12.31667], [118.95055, -13.01139], [119.33833, -13.96556], [119.71805, -14.88167], [119.95972, -15.62194], [120.12139, -16.15417], [119.80972, -15.98306], [118.85528, -15.40083], [117.97389, -14.76194], [117.42333, -14.93944], [116.58639, -14.92778], [115.54611, -15.08222], [114.30028, -15.01528], [113.20389, -15.21917], [111.41722, -15.735], [109.88166, -16.07056], [108.43778, -16.40861], [107.22611, -17.43167], [106.17611, -18.59472], [104.47, -19.78556], [103.44083, -21.13028], [102.79222, -22.51944], [102.1725, -24.06028], [101.00333, -25.50833], [100.24166, -26.61194], [99.11389, -27.69722], [98.84805, -28.42333], [101.08, -29.02639], [102.49833, -29.51139], [103.48694, -29.90611], [105.52916, -30.26778], [106.60389, -30.31028], [109.56833, -30.06611], [110.59972, -30.14056], [109.65972, -31.45528], [109.2275, -31.91667], [110.7425, -31.71], [110.94694, -31.84222], [110.38528, -32.03667], [111.33194, -32.03389], [110.39222, -33.22556], [109.51583, -34.13528], [110.36139, -34.08278], [111.10416, -34.11528], [114.24944, -35.24833], [117.65444, -36.52417], [120.25278, -37.64444], [123.17278, -39.56389], [126.52278, -41.15889], [130.33611, -41.96111], [135.11472, -43.04222], [139.58139, -43.82889], [143.765, -43.55417], [146.83166, -43.66667], [147.23722, -43.39444], [147.40805, -43.20278], [147.39833, -43.17], [147.42611, -43.07361], [147.61222, -43.08333], [147.86303, -43.37928], [148.19278, -43.03611], [148.20278, -42.70333], [148.19555, -42.77361], [148.58083, -43.07528], [149.53722, -42.9], [148.98722, -42.2475], [148.90389, -41.8], [149.53361, -41.53167], [149.29166, -41.56361], [148.71944, -42.17889], [148.62055, -42.07917], [148.61944, -41.81972], [151.15972, -33.84861], [151.14611, -33.86667], [151.62889, -33.79], [150.6425, -36.08472], [150.7625, -37.49139], [151.11416, -38.52917], [150.28139, -38.61861], [148.8525, -39.5725], [148.14944, -38.95056], [147.89666, -38.9525], [148.45944, -39.1375], [148.71778, -38.96333], [148.94722, -38.83389], [148.68472, -39.63028], [148.67778, -39.56194], [148.35666, -39.4775], [146.84416, -39.40556], [146.655, -39.7975], [146.01861, -40.17833], [144.57166, -40.165], [144.47805, -39.88333], [144.655, -39.83333], [144.43222, -39.8925], [144.90305, -39.59472], [145.2975, -39.42583], [145.24166, -39.70556], [145.73305, -39.24722], [146.26972, -39.58139], [146.28055, -40.045], [145.63722, -39.095], [145.2825, -39.375], [144.44, -39.88611], [145.03111, -40.16583], [145.24083, -40.315], [144.47583, -39.89889], [143.86083, -40.24194], [143.32278, -39.99778], [141.08833, -38.85], [140.01083, -37.75306], [138.87389, -36.81528], [137.92861, -35.87472], [137.48278, -36.10389], [136.69278, -35.66528], [137.66222, -35.4475], [137.87444, -35.72111], [137.69166, -35.5075], [136.56641, -35.72416], [136.34166, -35.905], [135.40416, -36.15889], [133.76555, -34.92472], [133.75389, -33.60833], [133.87555, -32.72694], [133.5375, -32.15], [115.42222, -31.54639], [113.92944, -29.85944], [113.31416, -28.00528], [112.89305, -25.57222], [112.98509, -25.39992], [113.45555, -25.51389], [113.04139, -25.46389], [112.42222, -23.37139], [113.79111, -21.28056], [114.30111, -21.52528], [115.33222, -20.53111], [115.9775, -20.28194], [116.50722, -20.41667], [117.32666, -20.47778], [118.01916, -20.07278], [117.98528, -19.85667], [118.73389, -19.83694], [119.39389, -19.69194], [119.84555, -19.51917], [120.43, -19.45], [120.99166, -19.07806], [121.41389, -18.85861], [121.69639, -18.32583], [122.00944, -17.6575], [121.93972, -17.27917], [121.995, -16.71889], [122.11722, -16.45556], [122.42889, -16.37167], [122.70028, -16.28806], [123.96666, -15.84111], [122.68889, -15.15278], [122.60555, -14.93778], [123.82555, -15.17667], [124.05333, -14.96556], [124.74055, -14.62333], [124.95555, -14.33389], [125.35, -14.10917], [125.47055, -13.98389], [125.5775, -13.84861], [125.64083, -13.83417], [125.74666, -13.55611], [125.69611, -13.35], [125.69055, -13.00167], [125.67611, -12.12194], [125.46, -11.1375], [124.72278, -10.36028], [124.06861, -10.36028], [123.56194, -10.40889], [123.22759, -10.32977], [123.2675, -9.99361], [123.59583, -10.15], [123.41083, -10.06833], [122.88805, -10.73833], [122.62163, -10.83738], [122.65722, -11.53917], [122.76222, -12.39083], [122.80361, -13.04583], [123.00444, -13.2825], [123.93472, -13.01806], [125.535, -13.02139], [126.48916, -12.91167], [127.24528, -13.435], [127.39805, -12.86056], [127.81722, -14.07833], [128.265, -13.99722], [127.97805, -14.33194], [128.27944, -14.10444], [128.29972, -14.40528], [128.75472, -13.87167], [129.22222, -13.14083], [129.30889, -13.5875], [129.47889, -13.44861], [129.59944, -13.25194], [129.95111, -12.75111], [130.0975, -12.41667], [130.01083, -12.05306], [129.68666, -11.34083], [129.87444, -10.41861], [130.17889, -9.81083], [130.01278, -9.72583], [129.67722, -9.6], [129.43333, -9.67028], [130.43972, -9.98083], [131.05444, -9.73611], [132.09111, -8.93], [132.34583, -8.98028], [133.50361, -8.4425], [132.96028, -9.17889], [129.80416, -9.68389], [127.52666, -10.19889], [125.43833, -10.41667], [124.45, -10.27083], [123.7645, -10.39323], [123.06861, -10.42639], [121.19666, -11.11417], [118.97222, -12.02056], [116.98361, -13.565], [114.80111, -12.34806], [112.56222, -12.46361], [109.98916, -12.5125], [107.59, -12.64583], [105.13694, -12.72306], [102.51583, -13.25], [100.50361, -13.75], [99.13028, -14.14333], [96.55972, -14.24333], [94.22, -14.50083], [90.6, -15.05528], [87.06778, -15.65778], [83.54111, -16.31194], [80.41139, -16.97611], [76.90444, -17.79278], [73.64028, -18.51167], [70.34028, -19.44667], [67.56166, -20.13611], [64.81055, -20.05], [61.1325, -19.81222], [59.20389, -19.9375], [57.73857, -19.65507], [57.44555, -20.14167]]}, "properties": {"navire": "les corvettes", "type": "trajectoire"}}]}