{"type": "FeatureCollection", "features": [{"type": "Feature", "geometry": {"type": "Point", "coordinates": [-7.59195, 47.7]}, "properties": {"date": "1791-09-29", "section": "De Brest à Sainte-Croix.", "page_verso": "522", "page_recto": "523", "source_latitude": "observée", "source_longitude": "estimée", "vents_etat_du_ciel": "E. S. E., S. E. bon frais, beau temps.", "barometre_hpa": 1019.3, "thermometre": "14,0", "declinaison_dms": "21.30", "declinaison_ref": "Ouest", "alerte": "", "longitude_brute": -7.26278, "ajustement_lon": -0.329}}, {"type": "Feature", "geometry": {"type": "Point", "coordinates": [-8.64334, 47.1]}, "properties": {"date": "1791-09-30", "section": "De Brest à Sainte-Croix.", "page_verso": "522", "page_recto": "523", "source_latitude": "observée", "source_longitude": "estimée", "vents_etat_du_ciel": "Du S. à l'E. N. E. foibles, temps sombre.", "barometre_hpa": 1021.7, "thermometre": "16,0", "declinaison_dms": "", "declinaison_ref": "Ouest", "alerte": "", "longitude_brute": -8.36278, "ajustement_lon": -0.281}}, {"type": "Feature", "geometry": {"type": "Point", "coordinates": [-9.22667, 46.75]}, "properties": {"date": "1791-10-01", "section": "De Brest à Sainte-Croix.", "page_verso": "522", "page_recto": "523", "source_latitude": "estimée", "source_longitude": "estimée", "vents_etat_du_ciel": "Vents foibles et variables, beau temps.", "barometre_hpa": 1022.3, "thermometre": "16,3", "declinaison_dms": "", "declinaison_ref": "Ouest", "alerte": "", "longitude_brute": -8.94611, "ajustement_lon": -0.281}}, {"type": "Feature", "geometry": {"type": "Point", "coordinates": [-9.16278, 46.56667]}, "properties": {"date": "1791-10-02", "section": "De Brest à Sainte-Croix.", "page_verso": "522", "page_recto": "523", "source_latitude": "estimée", "source_longitude": "estimée", "vents_etat_du_ciel": "De l'O. N. O. à l'O. S. O. calme par intervalles.", "barometre_hpa": 1023.2, "thermometre": "16,0", "declinaison_dms": "21.1", "declinaison_ref": "Ouest", "alerte": "", "longitude_brute": -8.89611, "ajustement_lon": -0.267}}, {"type": "Feature", "geometry": {"type": "Point", "coordinates": [-8.0075, 45.76667]}, "properties": {"date": "1791-10-03", "section": "De Brest à Sainte-Croix.", "page_verso": "522", "page_recto": "523", "source_latitude": "observée", "source_longitude": "montre", "vents_etat_du_ciel": "O., O. S. O. foibles, temps couvert.", "barometre_hpa": 1021.4, "thermometre": "16,3", "declinaison_dms": "", "declinaison_ref": "Ouest", "alerte": "longitude montre", "longitude_brute": -8.0075, "ajustement_lon": ""}}, {"type": "Feature", "geometry": {"type": "Point", "coordinates": [-8.83361, 45.6]}, "properties": {"date": "1791-10-04", "section": "De Brest à Sainte-Croix.", "page_verso": "522", "page_recto": "523", "source_latitude": "observée", "source_longitude": "montre", "vents_etat_du_ciel": "O. S. O., O. N. O. foibles, nuages.", "barometre_hpa": 1011.7, "thermometre": "14,0", "declinaison_dms": "", "declinaison_ref": "Ouest", "alerte": "", "longitude_brute": -8.83361, "ajustement_lon": ""}}, {"type": "Feature", "geometry": {"type": "Point", "coordinates": [-10.26278, 44.46667]}, "properties": {"date": "1791-10-05", "section": "De Brest à Sainte-Croix.", "page_verso": "522", "page_recto": "523", "source_latitude": "estimée", "source_longitude": "estimée", "vents_etat_du_ciel": "Du N. O. au N. N. E. joli frais, pluie et orage.", "barometre_hpa": 1014.1, "thermometre": "12,4", "declinaison_dms": "", "declinaison_ref": "Ouest", "alerte": "longitude estimée", "longitude_brute": -9.99611, "ajustement_lon": -0.267}}, {"type": "Feature", "geometry": {"type": "Point", "coordinates": [-11.57944, 42.83333]}, "properties": {"date": "1791-10-06", "section": "De Brest à Sainte-Croix.", "page_verso": "522", "page_recto": "523", "source_latitude": "observée", "source_longitude": "montre", "vents_etat_du_ciel": "N. N. E., N. E. bon frais, beau temps.", "barometre_hpa": 1021.4, "thermometre": "14,4", "declinaison_dms": "", "declinaison_ref": "Ouest", "alerte": "longitude montre", "longitude_brute": -11.57944, "ajustement_lon": ""}}, {"type": "Feature", "geometry": {"type": "Point", "coordinates": [-12.71417, 40.68333]}, "properties": {"date": "1791-10-07", "section": "De Brest à Sainte-Croix.", "page_verso": "522", "page_recto": "523", "source_latitude": "observée", "source_longitude": "montre", "vents_etat_du_ciel": "N. N. E., N. E. et S. E. bon frais, pluie.", "barometre_hpa": 1021.1, "thermometre": "15,5", "declinaison_dms": "21.33", "declinaison_ref": "Ouest", "alerte": "", "longitude_brute": -12.71417, "ajustement_lon": ""}}, {"type": "Feature", "geometry": {"type": "Point", "coordinates": [-14.57875, 38.36667]}, "properties": {"date": "1791-10-08", "section": "De Brest à Sainte-Croix.", "page_verso": "522", "page_recto": "523", "source_latitude": "observée", "source_longitude": "estimée", "vents_etat_du_ciel": "N. E. bon frais, temps couvert et pluvieux.", "barometre_hpa": 1019.3, "thermometre": "16,5", "declinaison_dms": "19.56", "declinaison_ref": "Ouest", "alerte": "longitude estimée", "longitude_brute": -14.32944, "ajustement_lon": -0.249}}, {"type": "Feature", "geometry": {"type": "Point", "coordinates": [-14.72944, 36.5]}, "properties": {"date": "1791-10-09", "section": "De Brest à Sainte-Croix.", "page_verso": "522", "page_recto": "523", "source_latitude": "observée", "source_longitude": "montre", "vents_etat_du_ciel": "N. E. frais, temps couvert.", "barometre_hpa": 1016.5, "thermometre": "17,0", "declinaison_dms": "", "declinaison_ref": "Ouest", "alerte": "longitude montre", "longitude_brute": -14.72944, "ajustement_lon": ""}}, {"type": "Feature", "geometry": {"type": "Point", "coordinates": [-15.26278, 34.11667]}, "properties": {"date": "1791-10-10", "section": "De Brest à Sainte-Croix.", "page_verso": "522", "page_recto": "523", "source_latitude": "observée", "source_longitude": "montre", "vents_etat_du_ciel": "N. N. E., N. bon frais, beau temps.", "barometre_hpa": 1019.3, "thermometre": "16,0", "declinaison_dms": "", "declinaison_ref": "Ouest", "alerte": "", "longitude_brute": -15.26278, "ajustement_lon": ""}}, {"type": "Feature", "geometry": {"type": "Point", "coordinates": [-16.64875, 31.43333]}, "properties": {"date": "1791-10-11", "section": "De Brest à Sainte-Croix.", "page_verso": "522", "page_recto": "523", "source_latitude": "observée", "source_longitude": "estimée", "vents_etat_du_ciel": "N. N. E. bon frais, nuages.", "barometre_hpa": 1021.1, "thermometre": "15,8", "declinaison_dms": "19.20", "declinaison_ref": "Ouest", "alerte": "longitude estimée", "longitude_brute": -16.46278, "ajustement_lon": -0.186}}, {"type": "Feature", "geometry": {"type": "Point", "coordinates": [-16.5075, 29.43333]}, "properties": {"date": "1791-10-12", "section": "De Brest à Sainte-Croix.", "page_verso": "522", "page_recto": "523", "source_latitude": "observée", "source_longitude": "montre", "vents_etat_du_ciel": "N. N. E. bon frais, beau temps.", "barometre_hpa": 1022.0, "thermometre": "17,5", "declinaison_dms": "18.48", "declinaison_ref": "Ouest", "alerte": "longitude montre", "longitude_brute": -16.5075, "ajustement_lon": ""}}, {"type": "Feature", "geometry": {"type": "Point", "coordinates": [-16.32028, 26.5]}, "properties": {"date": "1791-10-24", "section": "De Sainte-Croix au Cap de Bonne-Espérance.", "page_verso": "522", "page_recto": "523", "source_latitude": "observée", "source_longitude": "estimée", "vents_etat_du_ciel": "Du N. E. à l'E. petit frais, beau temps.", "barometre_hpa": 1022.0, "thermometre": "18,8", "declinaison_dms": "", "declinaison_ref": "Ouest", "alerte": "longitude estimée", "longitude_brute": -16.76278, "ajustement_lon": 0.442}}, {"type": "Feature", "geometry": {"type": "Point", "coordinates": [-16.65278, 25.35]}, "properties": {"date": "1791-10-25", "section": "De Sainte-Croix au Cap de Bonne-Espérance.", "page_verso": "522", "page_recto": "523", "source_latitude": "observée", "source_longitude": "estimée", "vents_etat_du_ciel": "De l'E. N. E. au N. N. E. petit frais, beau temps.", "barometre_hpa": 1019.6, "thermometre": "19,0", "declinaison_dms": "16.56", "declinaison_ref": "Ouest", "alerte": "", "longitude_brute": -17.09611, "ajustement_lon": 0.443}}, {"type": "Feature", "geometry": {"type": "Point", "coordinates": [-18.05611, 23.55]}, "properties": {"date": "1791-10-26", "section": "De Sainte-Croix au Cap de Bonne-Espérance.", "page_verso": "522", "page_recto": "523", "source_latitude": "observée", "source_longitude": "montre", "vents_etat_du_ciel": "Du N. à l'E. joli frais, beau temps.", "barometre_hpa": 1019.0, "thermometre": "19,5", "declinaison_dms": "17.13", "declinaison_ref": "Ouest", "alerte": "longitude montre", "longitude_brute": -18.05611, "ajustement_lon": ""}}, {"type": "Feature", "geometry": {"type": "Point", "coordinates": [-18.80528, 21.55]}, "properties": {"date": "1791-10-27", "section": "De Sainte-Croix au Cap de Bonne-Espérance.", "page_verso": "522", "page_recto": "523", "source_latitude": "observée", "source_longitude": "montre", "vents_etat_du_ciel": "E. N. E., N. E. bon frais, beau temps.", "barometre_hpa": 1019.6, "thermometre": "19,5", "declinaison_dms": "16.45", "declinaison_ref": "Ouest", "alerte": "", "longitude_brute": -18.80528, "ajustement_lon": ""}}, {"type": "Feature", "geometry": {"type": "Point", "coordinates": [-19.76, 19.96667]}, "properties": {"date": "1791-10-28", "section": "De Sainte-Croix au Cap de Bonne-Espérance.", "page_verso": "522", "page_recto": "523", "source_latitude": "observée", "source_longitude": "montre", "vents_etat_du_ciel": "E. N. E., N. E. joli frais, beau temps,", "barometre_hpa": 1018.0, "thermometre": "18,5", "declinaison_dms": "", "declinaison_ref": "Ouest", "alerte": "", "longitude_brute": -19.76, "ajustement_lon": ""}}, {"type": "Feature", "geometry": {"type": "Point", "coordinates": [-19.93333, 18.71667]}, "properties": {"date": "1791-10-29", "section": "De Sainte-Croix au Cap de Bonne-Espérance.", "page_verso": "522", "page_recto": "523", "source_latitude": "observée", "source_longitude": "montre", "vents_etat_du_ciel": "N. E., E. N. E. petit frais, beau temps.", "barometre_hpa": 1018.7, "thermometre": "18,8", "declinaison_dms": "", "declinaison_ref": "Ouest", "alerte": "", "longitude_brute": -19.93333, "ajustement_lon": ""}}, {"type": "Feature", "geometry": {"type": "Point", "coordinates": [-20.19722, 17.88333]}, "properties": {"date": "1791-10-30", "section": "De Sainte-Croix au Cap de Bonne-Espérance.", "page_verso": "522", "page_recto": "523", "source_latitude": "observée", "source_longitude": "montre", "vents_etat_du_ciel": "N. E., E. N. E. petit frais, beau temps.", "barometre_hpa": 1019.6, "thermometre": "18,8", "declinaison_dms": "14.45", "declinaison_ref": "Ouest", "alerte": "", "longitude_brute": -20.19722, "ajustement_lon": ""}}, {"type": "Feature", "geometry": {"type": "Point", "coordinates": [-20.52667, 16.34639]}, "properties": {"date": "1791-10-31", "section": "De Sainte-Croix au Cap de Bonne-Espérance.", "page_verso": "522", "page_recto": "523", "source_latitude": "observée", "source_longitude": "montre", "vents_etat_du_ciel": "N. E., E. joli frais, beau temps.", "barometre_hpa": 1019.0, "thermometre": "19,6", "declinaison_dms": "14.24", "declinaison_ref": "Ouest", "alerte": "", "longitude_brute": -20.52667, "ajustement_lon": ""}}, {"type": "Feature", "geometry": {"type": "Point", "coordinates": [-20.48806, 14.92972]}, "properties": {"date": "1791-11-01", "section": "De Sainte-Croix au Cap de Bonne-Espérance.", "page_verso": "522", "page_recto": "523", "source_latitude": "observée", "source_longitude": "montre", "vents_etat_du_ciel": "N. N. E., E. N. E. joli frais, beau temps.", "barometre_hpa": 1018.4, "thermometre": "20,5", "declinaison_dms": "13.22", "declinaison_ref": "Ouest", "alerte": "", "longitude_brute": -20.48806, "ajustement_lon": ""}}, {"type": "Feature", "geometry": {"type": "Point", "coordinates": [-18.64889, 13.095]}, "properties": {"date": "1791-11-02", "section": "De Sainte-Croix au Cap de Bonne-Espérance.", "page_verso": "522", "page_recto": "523", "source_latitude": "observée", "source_longitude": "estimée", "vents_etat_du_ciel": "N. N. E., E. N. E. bon frais, beau temps.", "barometre_hpa": 1018.0, "thermometre": "21,8", "declinaison_dms": "", "declinaison_ref": "Ouest", "alerte": "longitude estimée", "longitude_brute": -19.51278, "ajustement_lon": 0.864}}, {"type": "Feature", "geometry": {"type": "Point", "coordinates": [-20.30944, 12.1]}, "properties": {"date": "1791-11-03", "section": "De Sainte-Croix au Cap de Bonne-Espérance.", "page_verso": "522", "page_recto": "523", "source_latitude": "estimée", "source_longitude": "montre", "vents_etat_du_ciel": "Vents foibles et variables du N. à l'E. temps couv. et orag.", "barometre_hpa": 1019.3, "thermometre": "22,0", "declinaison_dms": "", "declinaison_ref": "Ouest", "alerte": "longitude montre", "longitude_brute": -20.30944, "ajustement_lon": ""}}, {"type": "Feature", "geometry": {"type": "Point", "coordinates": [-19.03528, 10.3775]}, "properties": {"date": "1791-11-04", "section": "De Sainte-Croix au Cap de Bonne-Espérance.", "page_verso": "522", "page_recto": "523", "source_latitude": "observée", "source_longitude": "montre", "vents_etat_du_ciel": "N. E., E. N. E. bon frais, beau temps.", "barometre_hpa": 1019.3, "thermometre": "22,0", "declinaison_dms": "", "declinaison_ref": "Ouest", "alerte": "", "longitude_brute": -19.03528, "ajustement_lon": ""}}, {"type": "Feature", "geometry": {"type": "Point", "coordinates": [-18.63222, 9.1]}, "properties": {"date": "1791-11-05", "section": "De Sainte-Croix au Cap de Bonne-Espérance.", "page_verso": "522", "page_recto": "523", "source_latitude": "observée", "source_longitude": "montre", "vents_etat_du_ciel": "N. E., E. N. E. joli frais, E. S. E., S. O. très-foibl. beau t.", "barometre_hpa": 1017.7, "thermometre": "22,5", "declinaison_dms": "12.32", "declinaison_ref": "Ouest", "alerte": "", "longitude_brute": -18.63222, "ajustement_lon": ""}}, {"type": "Feature", "geometry": {"type": "Point", "coordinates": [-16.08778, 9.11667]}, "properties": {"date": "1791-11-06", "section": "De Sainte-Croix au Cap de Bonne-Espérance.", "page_verso": "522", "page_recto": "523", "source_latitude": "observée", "source_longitude": "estimée", "vents_etat_du_ciel": "Variables du S. S. E. au S. O. foibles, calme, temps couv.", "barometre_hpa": 1017.4, "thermometre": "22,7", "declinaison_dms": "", "declinaison_ref": "Ouest", "alerte": "longitude estimée", "longitude_brute": -17.34611, "ajustement_lon": 1.258}}, {"type": "Feature", "geometry": {"type": "Point", "coordinates": [-18.47111, 9.01667]}, "properties": {"date": "1791-11-07", "section": "De Sainte-Croix au Cap de Bonne-Espérance.", "page_verso": "522", "page_recto": "523", "source_latitude": "observée", "source_longitude": "montre", "vents_etat_du_ciel": "Foibles et variables du S. E. à l'O. S. O., calme, t. couv.", "barometre_hpa": 1019.0, "thermometre": "22,0", "declinaison_dms": "12.29", "declinaison_ref": "Ouest", "alerte": "longitude montre", "longitude_brute": -18.47111, "ajustement_lon": ""}}, {"type": "Feature", "geometry": {"type": "Point", "coordinates": [-18.20917, 8.35694]}, "properties": {"date": "1791-11-08", "section": "De Sainte-Croix au Cap de Bonne-Espérance.", "page_verso": "522", "page_recto": "523", "source_latitude": "observée", "source_longitude": "montre", "vents_etat_du_ciel": "O. et N. E. foibles, calme, nuages.", "barometre_hpa": 1017.1, "thermometre": "22,0", "declinaison_dms": "", "declinaison_ref": "Ouest", "alerte": "", "longitude_brute": -18.20917, "ajustement_lon": ""}}, {"type": "Feature", "geometry": {"type": "Point", "coordinates": [-14.83305, 7.82167]}, "properties": {"date": "1791-11-09", "section": "De Sainte-Croix au Cap de Bonne-Espérance.", "page_verso": "522", "page_recto": "523", "source_latitude": "observée", "source_longitude": "estimée", "vents_etat_du_ciel": "De l'E. N. E. à l'E. S. E. foibles, orage.", "barometre_hpa": 1017.7, "thermometre": "22,0", "declinaison_dms": "13.40", "declinaison_ref": "Ouest", "alerte": "longitude estimée", "longitude_brute": -16.27944, "ajustement_lon": 1.446}}, {"type": "Feature", "geometry": {"type": "Point", "coordinates": [-14.69972, 7.18333]}, "properties": {"date": "1791-11-10", "section": "De Sainte-Croix au Cap de Bonne-Espérance.", "page_verso": "522", "page_recto": "523", "source_latitude": "estimée", "source_longitude": "estimée", "vents_etat_du_ciel": "Variables, calme, pluie et orage.", "barometre_hpa": 1019.0, "thermometre": "21,7", "declinaison_dms": "13.44", "declinaison_ref": "Ouest", "alerte": "", "longitude_brute": -16.14611, "ajustement_lon": 1.446}}, {"type": "Feature", "geometry": {"type": "Point", "coordinates": [-17.49639, 7.03222]}, "properties": {"date": "1791-11-11", "section": "De Sainte-Croix au Cap de Bonne-Espérance.", "page_verso": "522", "page_recto": "523", "source_latitude": "observée", "source_longitude": "montre", "vents_etat_du_ciel": "Variables et très-foibles.", "barometre_hpa": 1019.6, "thermometre": "21,8", "declinaison_dms": "", "declinaison_ref": "Ouest", "alerte": "longitude montre", "longitude_brute": -17.49639, "ajustement_lon": ""}}, {"type": "Feature", "geometry": {"type": "Point", "coordinates": [-17.18778, 6.74167]}, "properties": {"date": "1791-11-12", "section": "De Sainte-Croix au Cap de Bonne-Espérance.", "page_verso": "522", "page_recto": "523", "source_latitude": "observée", "source_longitude": "montre", "vents_etat_du_ciel": "E., calme, S. O., beau temps.", "barometre_hpa": 1017.7, "thermometre": "22,5", "declinaison_dms": "13.23", "declinaison_ref": "Ouest", "alerte": "", "longitude_brute": -17.18778, "ajustement_lon": ""}}, {"type": "Feature", "geometry": {"type": "Point", "coordinates": [-17.39389, 6.16667]}, "properties": {"date": "1791-11-13", "section": "De Sainte-Croix au Cap de Bonne-Espérance.", "page_verso": "524", "page_recto": "525", "source_latitude": "observée", "source_longitude": "montre", "vents_etat_du_ciel": "O., S. E. foibles, beau temps.", "barometre_hpa": 1016.2, "thermometre": "22,4", "declinaison_dms": "13.30", "declinaison_ref": "Ouest", "alerte": "", "longitude_brute": -17.39389, "ajustement_lon": ""}}, {"type": "Feature", "geometry": {"type": "Point", "coordinates": [-17.45333, 6.0]}, "properties": {"date": "1791-11-14", "section": "De Sainte-Croix au Cap de Bonne-Espérance.", "page_verso": "524", "page_recto": "525", "source_latitude": "observée", "source_longitude": "montre", "vents_etat_du_ciel": "S. E., S. foibles, beau temps.", "barometre_hpa": 1016.5, "thermometre": "22,6", "declinaison_dms": "13.29", "declinaison_ref": "Ouest", "alerte": "", "longitude_brute": -17.45333, "ajustement_lon": ""}}, {"type": "Feature", "geometry": {"type": "Point", "coordinates": [-17.44694, 5.86667]}, "properties": {"date": "1791-11-15", "section": "De Sainte-Croix au Cap de Bonne-Espérance.", "page_verso": "524", "page_recto": "525", "source_latitude": "observée", "source_longitude": "montre", "vents_etat_du_ciel": "Calme, E. N. E., S, E. foibles, beau temps.", "barometre_hpa": 1016.2, "thermometre": "22,6", "declinaison_dms": "", "declinaison_ref": "Ouest", "alerte": "", "longitude_brute": -17.44694, "ajustement_lon": ""}}, {"type": "Feature", "geometry": {"type": "Point", "coordinates": [-17.83722, 5.54583]}, "properties": {"date": "1791-11-16", "section": "De Sainte-Croix au Cap de Bonne-Espérance.", "page_verso": "524", "page_recto": "525", "source_latitude": "observée", "source_longitude": "montre", "vents_etat_du_ciel": "S. E., S. foibles, beau temps.", "barometre_hpa": 1016.5, "thermometre": "22,3", "declinaison_dms": "13.29", "declinaison_ref": "Ouest", "alerte": "", "longitude_brute": -17.83722, "ajustement_lon": ""}}, {"type": "Feature", "geometry": {"type": "Point", "coordinates": [-15.19305, 5.23333]}, "properties": {"date": "1791-11-17", "section": "De Sainte-Croix au Cap de Bonne-Espérance.", "page_verso": "524", "page_recto": "525", "source_latitude": "estimée", "source_longitude": "estimée", "vents_etat_du_ciel": "S. S. E., S., S. O. foibles, temps couvert.", "barometre_hpa": 1018.0, "thermometre": "22,5", "declinaison_dms": "", "declinaison_ref": "Ouest", "alerte": "longitude estimée", "longitude_brute": -16.67944, "ajustement_lon": 1.486}}, {"type": "Feature", "geometry": {"type": "Point", "coordinates": [-15.33778, 5.03333]}, "properties": {"date": "1791-11-18", "section": "De Sainte-Croix au Cap de Bonne-Espérance.", "page_verso": "524", "page_recto": "525", "source_latitude": "estimée", "source_longitude": "estimée", "vents_etat_du_ciel": "S. E., calme, N. N. E. très-foibles.", "barometre_hpa": 1016.5, "thermometre": "22,0", "declinaison_dms": "", "declinaison_ref": "Ouest", "alerte": "", "longitude_brute": -16.74611, "ajustement_lon": 1.408}}, {"type": "Feature", "geometry": {"type": "Point", "coordinates": [-17.77333, 5.04778]}, "properties": {"date": "1791-11-19", "section": "De Sainte-Croix au Cap de Bonne-Espérance.", "page_verso": "524", "page_recto": "525", "source_latitude": "observée", "source_longitude": "montre", "vents_etat_du_ciel": "S. E., S. O. foibles, temps couvert.", "barometre_hpa": 1013.5, "thermometre": "21,4", "declinaison_dms": "", "declinaison_ref": "Ouest", "alerte": "longitude montre", "longitude_brute": -17.77333, "ajustement_lon": ""}}, {"type": "Feature", "geometry": {"type": "Point", "coordinates": [-17.05972, 4.68778]}, "properties": {"date": "1791-11-20", "section": "De Sainte-Croix au Cap de Bonne-Espérance.", "page_verso": "524", "page_recto": "525", "source_latitude": "observée", "source_longitude": "montre", "vents_etat_du_ciel": "Foibles et très-variables du S. O. au S. E., grains.", "barometre_hpa": 1016.5, "thermometre": "21,0", "declinaison_dms": "", "declinaison_ref": "Ouest", "alerte": "", "longitude_brute": -17.05972, "ajustement_lon": ""}}, {"type": "Feature", "geometry": {"type": "Point", "coordinates": [-14.27861, 4.51667]}, "properties": {"date": "1791-11-21", "section": "De Sainte-Croix au Cap de Bonne-Espérance.", "page_verso": "524", "page_recto": "525", "source_latitude": "observée", "source_longitude": "estimée", "vents_etat_du_ciel": "S. S. O., S. E. variables et par grains.", "barometre_hpa": 1015.9, "thermometre": "21,0", "declinaison_dms": "14.58", "declinaison_ref": "Ouest", "alerte": "longitude estimée", "longitude_brute": -15.86278, "ajustement_lon": 1.584}}, {"type": "Feature", "geometry": {"type": "Point", "coordinates": [-16.46833, 4.45]}, "properties": {"date": "1791-11-22", "section": "De Sainte-Croix au Cap de Bonne-Espérance.", "page_verso": "524", "page_recto": "525", "source_latitude": "observée", "source_longitude": "montre", "vents_etat_du_ciel": "Calme, E. N. E., E. S. E. très-foibles, pluie.", "barometre_hpa": 1013.8, "thermometre": "21,0", "declinaison_dms": "15.15", "declinaison_ref": "Ouest", "alerte": "longitude montre", "longitude_brute": -16.46833, "ajustement_lon": ""}}, {"type": "Feature", "geometry": {"type": "Point", "coordinates": [-14.93361, 3.78333]}, "properties": {"date": "1791-11-23", "section": "De Sainte-Croix au Cap de Bonne-Espérance.", "page_verso": "524", "page_recto": "525", "source_latitude": "observée", "source_longitude": "estimée", "vents_etat_du_ciel": "S. E., S. S. E. petit frais, pluie.", "barometre_hpa": 1012.9, "thermometre": "22,0", "declinaison_dms": "12.32", "declinaison_ref": "Ouest", "alerte": "longitude estimée", "longitude_brute": -16.54611, "ajustement_lon": 1.612}}, {"type": "Feature", "geometry": {"type": "Point", "coordinates": [-18.43889, 3.27889]}, "properties": {"date": "1791-11-24", "section": "De Sainte-Croix au Cap de Bonne-Espérance.", "page_verso": "524", "page_recto": "525", "source_latitude": "observée", "source_longitude": "montre", "vents_etat_du_ciel": "S., E. S. E. joli frais.", "barometre_hpa": 1014.1, "thermometre": "21,3", "declinaison_dms": "14.26", "declinaison_ref": "Ouest", "alerte": "longitude montre", "longitude_brute": -18.43889, "ajustement_lon": ""}}, {"type": "Feature", "geometry": {"type": "Point", "coordinates": [-19.77639, 2.95]}, "properties": {"date": "1791-11-25", "section": "De Sainte-Croix au Cap de Bonne-Espérance.", "page_verso": "524", "page_recto": "525", "source_latitude": "observée", "source_longitude": "montre", "vents_etat_du_ciel": "S., E. S. E. joli frais, nuages.", "barometre_hpa": 1015.3, "thermometre": "21,4", "declinaison_dms": "14.13", "declinaison_ref": "Ouest", "alerte": "", "longitude_brute": -19.77639, "ajustement_lon": ""}}, {"type": "Feature", "geometry": {"type": "Point", "coordinates": [-20.94194, 2.08333]}, "properties": {"date": "1791-11-26", "section": "De Sainte-Croix au Cap de Bonne-Espérance.", "page_verso": "524", "page_recto": "525", "source_latitude": "observée", "source_longitude": "montre", "vents_etat_du_ciel": "S. S. E., S. E. joli frais, nuages.", "barometre_hpa": 1014.4, "thermometre": "21,2", "declinaison_dms": "12.00", "declinaison_ref": "Ouest", "alerte": "", "longitude_brute": -20.94194, "ajustement_lon": ""}}, {"type": "Feature", "geometry": {"type": "Point", "coordinates": [-21.98111, 1.33333]}, "properties": {"date": "1791-11-27", "section": "De Sainte-Croix au Cap de Bonne-Espérance.", "page_verso": "524", "page_recto": "525", "source_latitude": "observée", "source_longitude": "montre", "vents_etat_du_ciel": "S. E. joli frais, nuages.", "barometre_hpa": 1013.5, "thermometre": "21,0", "declinaison_dms": "11.45", "declinaison_ref": "Ouest", "alerte": "", "longitude_brute": -21.98111, "ajustement_lon": ""}}, {"type": "Feature", "geometry": {"type": "Point", "coordinates": [-22.94361, 0.54556]}, "properties": {"date": "1791-11-28", "section": "De Sainte-Croix au Cap de Bonne-Espérance.", "page_verso": "524", "page_recto": "525", "source_latitude": "observée", "source_longitude": "montre", "vents_etat_du_ciel": "S. E. joli frais, beau temps.", "barometre_hpa": 1015.9, "thermometre": "21,2", "declinaison_dms": "11.13", "declinaison_ref": "Ouest", "alerte": "", "longitude_brute": -22.94361, "ajustement_lon": ""}}, {"type": "Feature", "geometry": {"type": "Point", "coordinates": [-23.96333, -0.46667]}, "properties": {"date": "1791-11-29", "section": "De Sainte-Croix au Cap de Bonne-Espérance.", "page_verso": "524", "page_recto": "525", "source_latitude": "observée", "source_longitude": "montre", "vents_etat_du_ciel": "S. E., S. S. E. bon frais, beau temps.", "barometre_hpa": 1016.8, "thermometre": "21,3", "declinaison_dms": "10.41", "declinaison_ref": "Ouest", "alerte": "", "longitude_brute": -23.96333, "ajustement_lon": ""}}, {"type": "Feature", "geometry": {"type": "Point", "coordinates": [-24.94472, -1.53333]}, "properties": {"date": "1791-11-30", "section": "De Sainte-Croix au Cap de Bonne-Espérance.", "page_verso": "524", "page_recto": "525", "source_latitude": "observée", "source_longitude": "montre", "vents_etat_du_ciel": "S. E. bon frais, beau temps.", "barometre_hpa": 1015.9, "thermometre": "21,1", "declinaison_dms": "9.9", "declinaison_ref": "Ouest", "alerte": "", "longitude_brute": -24.94472, "ajustement_lon": ""}}, {"type": "Feature", "geometry": {"type": "Point", "coordinates": [-25.94333, -2.51667]}, "properties": {"date": "1791-12-01", "section": "De Sainte-Croix au Cap de Bonne-Espérance.", "page_verso": "524", "page_recto": "525", "source_latitude": "observée", "source_longitude": "montre", "vents_etat_du_ciel": "S. E. bon frais, beau temps.", "barometre_hpa": 1017.4, "thermometre": "21,2", "declinaison_dms": "8.16", "declinaison_ref": "Ouest", "alerte": "", "longitude_brute": -25.94333, "ajustement_lon": ""}}, {"type": "Feature", "geometry": {"type": "Point", "coordinates": [-26.61944, -3.85417]}, "properties": {"date": "1791-12-02", "section": "De Sainte-Croix au Cap de Bonne-Espérance.", "page_verso": "524", "page_recto": "525", "source_latitude": "observée", "source_longitude": "montre", "vents_etat_du_ciel": "S. E., E. S. E. joli frais, nuages.", "barometre_hpa": 1017.1, "thermometre": "21,0", "declinaison_dms": "8.9", "declinaison_ref": "Ouest", "alerte": "", "longitude_brute": -26.61944, "ajustement_lon": ""}}, {"type": "Feature", "geometry": {"type": "Point", "coordinates": [-27.68139, -5.17972]}, "properties": {"date": "1791-12-03", "section": "De Sainte-Croix au Cap de Bonne-Espérance.", "page_verso": "524", "page_recto": "525", "source_latitude": "observée", "source_longitude": "montre", "vents_etat_du_ciel": "S. E., E. S. E. joli frais, beau temps.", "barometre_hpa": 1016.5, "thermometre": "20,8", "declinaison_dms": "7.40", "declinaison_ref": "Ouest", "alerte": "", "longitude_brute": -27.68139, "ajustement_lon": ""}}, {"type": "Feature", "geometry": {"type": "Point", "coordinates": [-28.33528, -6.4625]}, "properties": {"date": "1791-12-04", "section": "De Sainte-Croix au Cap de Bonne-Espérance.", "page_verso": "524", "page_recto": "525", "source_latitude": "observée", "source_longitude": "montre", "vents_etat_du_ciel": "S. S. E., S. E., E. S. E. joli frais, beau temps.", "barometre_hpa": 1016.8, "thermometre": "21,2", "declinaison_dms": "7.15", "declinaison_ref": "Ouest", "alerte": "", "longitude_brute": -28.33528, "ajustement_lon": ""}}, {"type": "Feature", "geometry": {"type": "Point", "coordinates": [-28.58056, -7.54417]}, "properties": {"date": "1791-12-05", "section": "De Sainte-Croix au Cap de Bonne-Espérance.", "page_verso": "524", "page_recto": "525", "source_latitude": "observée", "source_longitude": "montre", "vents_etat_du_ciel": "E. S. E. joli frais, beau temps.", "barometre_hpa": 1017.4, "thermometre": "21,5", "declinaison_dms": "6.42", "declinaison_ref": "Ouest", "alerte": "", "longitude_brute": -28.58056, "ajustement_lon": ""}}, {"type": "Feature", "geometry": {"type": "Point", "coordinates": [-28.96083, -9.04722]}, "properties": {"date": "1791-12-06", "section": "De Sainte-Croix au Cap de Bonne-Espérance.", "page_verso": "524", "page_recto": "525", "source_latitude": "observée", "source_longitude": "montre", "vents_etat_du_ciel": "E., E. S. E. bon frais, beau temps.", "barometre_hpa": 1018.7, "thermometre": "21,3", "declinaison_dms": "5.28", "declinaison_ref": "Ouest", "alerte": "", "longitude_brute": -28.96083, "ajustement_lon": ""}}, {"type": "Feature", "geometry": {"type": "Point", "coordinates": [-29.35194, -10.55]}, "properties": {"date": "1791-12-07", "section": "De Sainte-Croix au Cap de Bonne-Espérance.", "page_verso": "524", "page_recto": "525", "source_latitude": "observée", "source_longitude": "montre", "vents_etat_du_ciel": "E. S. E. joli frais, beau temps.", "barometre_hpa": 1018.7, "thermometre": "21,1", "declinaison_dms": "4.44", "declinaison_ref": "Ouest", "alerte": "", "longitude_brute": -29.35194, "ajustement_lon": ""}}, {"type": "Feature", "geometry": {"type": "Point", "coordinates": [-29.20417, -11.65]}, "properties": {"date": "1791-12-08", "section": "De Sainte-Croix au Cap de Bonne-Espérance.", "page_verso": "524", "page_recto": "525", "source_latitude": "estimée", "source_longitude": "montre", "vents_etat_du_ciel": "De l'E. S. E. à l'E. N. E. joli frais, nuages.", "barometre_hpa": 1019.0, "thermometre": "21,0", "declinaison_dms": "3.36", "declinaison_ref": "Ouest", "alerte": "", "longitude_brute": -29.20417, "ajustement_lon": ""}}, {"type": "Feature", "geometry": {"type": "Point", "coordinates": [-28.73861, -12.76667]}, "properties": {"date": "1791-12-09", "section": "De Sainte-Croix au Cap de Bonne-Espérance.", "page_verso": "524", "page_recto": "525", "source_latitude": "observée", "source_longitude": "montre", "vents_etat_du_ciel": "E. N. E., N. E. joli frais, grains.", "barometre_hpa": 1018.0, "thermometre": "20,4", "declinaison_dms": "4.5", "declinaison_ref": "Ouest", "alerte": "", "longitude_brute": -28.73861, "ajustement_lon": ""}}, {"type": "Feature", "geometry": {"type": "Point", "coordinates": [-28.12639, -14.23333]}, "properties": {"date": "1791-12-10", "section": "De Sainte-Croix au Cap de Bonne-Espérance.", "page_verso": "524", "page_recto": "525", "source_latitude": "observée", "source_longitude": "montre", "vents_etat_du_ciel": "E. N. E., N. E. joli frais, beau temps.", "barometre_hpa": 1019.0, "thermometre": "20,3", "declinaison_dms": "3.48", "declinaison_ref": "Ouest", "alerte": "", "longitude_brute": -28.12639, "ajustement_lon": ""}}, {"type": "Feature", "geometry": {"type": "Point", "coordinates": [-27.30917, -15.68944]}, "properties": {"date": "1791-12-11", "section": "De Sainte-Croix au Cap de Bonne-Espérance.", "page_verso": "524", "page_recto": "525", "source_latitude": "observée", "source_longitude": "montre", "vents_etat_du_ciel": "E. N. E. bon frais, beau temps.", "barometre_hpa": 1021.4, "thermometre": "20,0", "declinaison_dms": "4.6", "declinaison_ref": "Ouest", "alerte": "", "longitude_brute": -27.30917, "ajustement_lon": ""}}, {"type": "Feature", "geometry": {"type": "Point", "coordinates": [-26.73472, -16.91667]}, "properties": {"date": "1791-12-12", "section": "De Sainte-Croix au Cap de Bonne-Espérance.", "page_verso": "524", "page_recto": "525", "source_latitude": "observée", "source_longitude": "montre", "vents_etat_du_ciel": "E. N. E. joli frais, nuages.", "barometre_hpa": 1021.4, "thermometre": "20,0", "declinaison_dms": "5.8", "declinaison_ref": "Ouest", "alerte": "", "longitude_brute": -26.73472, "ajustement_lon": ""}}, {"type": "Feature", "geometry": {"type": "Point", "coordinates": [-26.25139, -18.06667]}, "properties": {"date": "1791-12-13", "section": "De Sainte-Croix au Cap de Bonne-Espérance.", "page_verso": "524", "page_recto": "525", "source_latitude": "observée", "source_longitude": "montre", "vents_etat_du_ciel": "E. N. E., E. petit frais, temps variable.", "barometre_hpa": 1022.3, "thermometre": "19,5", "declinaison_dms": "5.17", "declinaison_ref": "Ouest", "alerte": "", "longitude_brute": -26.25139, "ajustement_lon": ""}}, {"type": "Feature", "geometry": {"type": "Point", "coordinates": [-25.93583, -19.13333]}, "properties": {"date": "1791-12-14", "section": "De Sainte-Croix au Cap de Bonne-Espérance.", "page_verso": "524", "page_recto": "525", "source_latitude": "observée", "source_longitude": "montre", "vents_etat_du_ciel": "E. joli frais, beau temps.", "barometre_hpa": 1022.6, "thermometre": "19,5", "declinaison_dms": "5.19", "declinaison_ref": "Ouest", "alerte": "", "longitude_brute": -25.93583, "ajustement_lon": ""}}, {"type": "Feature", "geometry": {"type": "Point", "coordinates": [-26.05972, -20.5]}, "properties": {"date": "1791-12-15", "section": "De Sainte-Croix au Cap de Bonne-Espérance.", "page_verso": "524", "page_recto": "525", "source_latitude": "estimée", "source_longitude": "montre", "vents_etat_du_ciel": "E., E. S. E. bon frais, temps couvert, grains.", "barometre_hpa": 1023.2, "thermometre": "19,5", "declinaison_dms": "4.59", "declinaison_ref": "Ouest", "alerte": "", "longitude_brute": -26.05972, "ajustement_lon": ""}}, {"type": "Feature", "geometry": {"type": "Point", "coordinates": [-26.255, -22.25]}, "properties": {"date": "1791-12-16", "section": "De Sainte-Croix au Cap de Bonne-Espérance.", "page_verso": "524", "page_recto": "525", "source_latitude": "observée", "source_longitude": "montre", "vents_etat_du_ciel": "E., E. S. E. bon frais, beau temps.", "barometre_hpa": 1025.3, "thermometre": "19,6", "declinaison_dms": "5.8", "declinaison_ref": "Ouest", "alerte": "", "longitude_brute": -26.255, "ajustement_lon": ""}}, {"type": "Feature", "geometry": {"type": "Point", "coordinates": [-26.86972, -23.81667]}, "properties": {"date": "1791-12-17", "section": "De Sainte-Croix au Cap de Bonne-Espérance.", "page_verso": "524", "page_recto": "525", "source_latitude": "observée", "source_longitude": "montre", "vents_etat_du_ciel": "De l'E. S. E. au S. S. E. bon frais, grains.", "barometre_hpa": 1026.2, "thermometre": "19,4", "declinaison_dms": "4.28", "declinaison_ref": "Ouest", "alerte": "", "longitude_brute": -26.86972, "ajustement_lon": ""}}, {"type": "Feature", "geometry": {"type": "Point", "coordinates": [-27.12583, -25.33389]}, "properties": {"date": "1791-12-18", "section": "De Sainte-Croix au Cap de Bonne-Espérance.", "page_verso": "526", "page_recto": "527", "source_latitude": "observée", "source_longitude": "montre", "vents_etat_du_ciel": "E. S. E. joli frais, beau temps,", "barometre_hpa": 1025.6, "thermometre": "18,0", "declinaison_dms": "2.8", "declinaison_ref": "Ouest", "alerte": "", "longitude_brute": -27.12583, "ajustement_lon": ""}}, {"type": "Feature", "geometry": {"type": "Point", "coordinates": [-27.09944, -26.55]}, "properties": {"date": "1791-12-19", "section": "De Sainte-Croix au Cap de Bonne-Espérance.", "page_verso": "526", "page_recto": "527", "source_latitude": "observée", "source_longitude": "montre", "vents_etat_du_ciel": "E. petit frais, temps variable.", "barometre_hpa": 1024.1, "thermometre": "17,8", "declinaison_dms": "3.12", "declinaison_ref": "Ouest", "alerte": "", "longitude_brute": -27.09944, "ajustement_lon": ""}}, {"type": "Feature", "geometry": {"type": "Point", "coordinates": [-26.17083, -27.46667]}, "properties": {"date": "1791-12-20", "section": "De Sainte-Croix au Cap de Bonne-Espérance.", "page_verso": "526", "page_recto": "527", "source_latitude": "observée", "source_longitude": "montre", "vents_etat_du_ciel": "De l'E. N. E. au N. joli frais, temps couvert.", "barometre_hpa": 1021.1, "thermometre": "18,4", "declinaison_dms": "3.36", "declinaison_ref": "Ouest", "alerte": "", "longitude_brute": -26.17083, "ajustement_lon": ""}}, {"type": "Feature", "geometry": {"type": "Point", "coordinates": [-23.39472, -28.12833]}, "properties": {"date": "1791-12-21", "section": "De Sainte-Croix au Cap de Bonne-Espérance.", "page_verso": "526", "page_recto": "527", "source_latitude": "observée", "source_longitude": "montre", "vents_etat_du_ciel": "N., N. N. O. bon frais, pluie,", "barometre_hpa": 1017.4, "thermometre": "18,8", "declinaison_dms": "4.42", "declinaison_ref": "Ouest", "alerte": "", "longitude_brute": -23.39472, "ajustement_lon": ""}}, {"type": "Feature", "geometry": {"type": "Point", "coordinates": [-21.62667, -28.82444]}, "properties": {"date": "1791-12-22", "section": "De Sainte-Croix au Cap de Bonne-Espérance.", "page_verso": "526", "page_recto": "527", "source_latitude": "observée", "source_longitude": "montre", "vents_etat_du_ciel": "De l'O. N. O. au N. bon frais, pluie.", "barometre_hpa": 1017.4, "thermometre": "18,0", "declinaison_dms": "5.52", "declinaison_ref": "Ouest", "alerte": "", "longitude_brute": -21.62667, "ajustement_lon": ""}}, {"type": "Feature", "geometry": {"type": "Point", "coordinates": [-20.33417, -28.56944]}, "properties": {"date": "1791-12-23", "section": "De Sainte-Croix au Cap de Bonne-Espérance.", "page_verso": "526", "page_recto": "527", "source_latitude": "observée", "source_longitude": "montre", "vents_etat_du_ciel": "O. N. O., S., S. E. bon frais, temps couvert.", "barometre_hpa": 1022.0, "thermometre": "17,0", "declinaison_dms": "", "declinaison_ref": "Ouest", "alerte": "", "longitude_brute": -20.33417, "ajustement_lon": ""}}, {"type": "Feature", "geometry": {"type": "Point", "coordinates": [-19.78861, -27.83333]}, "properties": {"date": "1791-12-24", "section": "De Sainte-Croix au Cap de Bonne-Espérance.", "page_verso": "526", "page_recto": "527", "source_latitude": "observée", "source_longitude": "montre", "vents_etat_du_ciel": "Du S. E. à l'E. S. E. grand frais, temps couvert.", "barometre_hpa": 1026.5, "thermometre": "17,0", "declinaison_dms": "", "declinaison_ref": "Ouest", "alerte": "", "longitude_brute": -19.78861, "ajustement_lon": ""}}, {"type": "Feature", "geometry": {"type": "Point", "coordinates": [-20.0475, -28.31667]}, "properties": {"date": "1791-12-25", "section": "De Sainte-Croix au Cap de Bonne-Espérance.", "page_verso": "526", "page_recto": "527", "source_latitude": "estimée", "source_longitude": "montre", "vents_etat_du_ciel": "De l'E. au S. S. E. bon frais, pluie.", "barometre_hpa": 1022.6, "thermometre": "17,9", "declinaison_dms": "", "declinaison_ref": "Ouest", "alerte": "", "longitude_brute": -20.0475, "ajustement_lon": ""}}, {"type": "Feature", "geometry": {"type": "Point", "coordinates": [-20.49444, -29.5475]}, "properties": {"date": "1791-12-26", "section": "De Sainte-Croix au Cap de Bonne-Espérance.", "page_verso": "526", "page_recto": "527", "source_latitude": "observée", "source_longitude": "montre", "vents_etat_du_ciel": "De l'E. au S. E. joli frais, pluie.", "barometre_hpa": 1025.0, "thermometre": "16,5", "declinaison_dms": "5.47", "declinaison_ref": "Ouest", "alerte": "", "longitude_brute": -20.49444, "ajustement_lon": ""}}, {"type": "Feature", "geometry": {"type": "Point", "coordinates": [-20.25833, -30.7]}, "properties": {"date": "1791-12-27", "section": "De Sainte-Croix au Cap de Bonne-Espérance.", "page_verso": "526", "page_recto": "527", "source_latitude": "observée", "source_longitude": "montre", "vents_etat_du_ciel": "De l'E. S. E. à l'E. N. E. joli frais, temps variable.", "barometre_hpa": 1024.1, "thermometre": "16,7", "declinaison_dms": "", "declinaison_ref": "Ouest", "alerte": "", "longitude_brute": -20.25833, "ajustement_lon": ""}}, {"type": "Feature", "geometry": {"type": "Point", "coordinates": [-19.57444, -31.25]}, "properties": {"date": "1791-12-28", "section": "De Sainte-Croix au Cap de Bonne-Espérance.", "page_verso": "526", "page_recto": "527", "source_latitude": "observée", "source_longitude": "montre", "vents_etat_du_ciel": "E. N. E., N. N. O. petit frais, beau temps.", "barometre_hpa": 1022.3, "thermometre": "16,8", "declinaison_dms": "5.55", "declinaison_ref": "Ouest", "alerte": "", "longitude_brute": -19.57444, "ajustement_lon": ""}}, {"type": "Feature", "geometry": {"type": "Point", "coordinates": [-17.44139, -31.50333]}, "properties": {"date": "1791-12-29", "section": "De Sainte-Croix au Cap de Bonne-Espérance.", "page_verso": "526", "page_recto": "527", "source_latitude": "observée", "source_longitude": "montre", "vents_etat_du_ciel": "N., N. N. E. joli frais, beau temps,", "barometre_hpa": 1022.3, "thermometre": "17,5", "declinaison_dms": "6.31", "declinaison_ref": "Ouest", "alerte": "", "longitude_brute": -17.44139, "ajustement_lon": ""}}, {"type": "Feature", "geometry": {"type": "Point", "coordinates": [-15.39139, -31.825]}, "properties": {"date": "1791-12-30", "section": "De Sainte-Croix au Cap de Bonne-Espérance.", "page_verso": "526", "page_recto": "527", "source_latitude": "observée", "source_longitude": "montre", "vents_etat_du_ciel": "N., N. N. E. joli frais, beau temps.", "barometre_hpa": 1010.5, "thermometre": "17,0", "declinaison_dms": "", "declinaison_ref": "Ouest", "alerte": "", "longitude_brute": -15.39139, "ajustement_lon": ""}}, {"type": "Feature", "geometry": {"type": "Point", "coordinates": [-13.32556, -32.08556]}, "properties": {"date": "1791-12-31", "section": "De Sainte-Croix au Cap de Bonne-Espérance.", "page_verso": "526", "page_recto": "527", "source_latitude": "observée", "source_longitude": "montre", "vents_etat_du_ciel": "N., N. N. E. joli frais, beau temps.", "barometre_hpa": 1010.5, "thermometre": "17,0", "declinaison_dms": "5.21", "declinaison_ref": "Ouest", "alerte": "", "longitude_brute": -13.32556, "ajustement_lon": ""}}, {"type": "Feature", "geometry": {"type": "Point", "coordinates": [-11.08083, -32.30472]}, "properties": {"date": "1792-01-01", "section": "De Sainte-Croix au Cap de Bonne-Espérance.", "page_verso": "526", "page_recto": "527", "source_latitude": "observée", "source_longitude": "montre", "vents_etat_du_ciel": "N. N. E. joli frais, nuages.", "barometre_hpa": 1020.5, "thermometre": "16,9", "declinaison_dms": "6.20", "declinaison_ref": "Ouest", "alerte": "", "longitude_brute": -11.08083, "ajustement_lon": ""}}, {"type": "Feature", "geometry": {"type": "Point", "coordinates": [-9.13389, -32.46667]}, "properties": {"date": "1792-01-02", "section": "De Sainte-Croix au Cap de Bonne-Espérance.", "page_verso": "526", "page_recto": "527", "source_latitude": "estimée", "source_longitude": "montre", "vents_etat_du_ciel": "N. N. E., N. bon frais, beau temps.", "barometre_hpa": 1020.2, "thermometre": "17,0", "declinaison_dms": "7.24", "declinaison_ref": "Ouest", "alerte": "", "longitude_brute": -9.13389, "ajustement_lon": ""}}, {"type": "Feature", "geometry": {"type": "Point", "coordinates": [-6.60639, -32.675]}, "properties": {"date": "1792-01-03", "section": "De Sainte-Croix au Cap de Bonne-Espérance.", "page_verso": "526", "page_recto": "527", "source_latitude": "observée", "source_longitude": "montre", "vents_etat_du_ciel": "N. bon frais, beau temps.", "barometre_hpa": 1020.8, "thermometre": "17,1", "declinaison_dms": "10.37", "declinaison_ref": "Ouest", "alerte": "", "longitude_brute": -6.60639, "ajustement_lon": ""}}, {"type": "Feature", "geometry": {"type": "Point", "coordinates": [-4.68528, -32.8225]}, "properties": {"date": "1792-01-04", "section": "De Sainte-Croix au Cap de Bonne-Espérance.", "page_verso": "526", "page_recto": "527", "source_latitude": "observée", "source_longitude": "montre", "vents_etat_du_ciel": "N. bon frais, beau temps.", "barometre_hpa": 1022.9, "thermometre": "16,8", "declinaison_dms": "12.59", "declinaison_ref": "Ouest", "alerte": "", "longitude_brute": -4.68528, "ajustement_lon": ""}}, {"type": "Feature", "geometry": {"type": "Point", "coordinates": [-3.52444, -32.91389]}, "properties": {"date": "1792-01-05", "section": "De Sainte-Croix au Cap de Bonne-Espérance.", "page_verso": "526", "page_recto": "527", "source_latitude": "observée", "source_longitude": "montre", "vents_etat_du_ciel": "N. petit frais, temps variable.", "barometre_hpa": 1022.6, "thermometre": "16,9", "declinaison_dms": "13.44", "declinaison_ref": "Ouest", "alerte": "", "longitude_brute": -3.52444, "ajustement_lon": ""}}, {"type": "Feature", "geometry": {"type": "Point", "coordinates": [-1.78389, -32.93333]}, "properties": {"date": "1792-01-06", "section": "De Sainte-Croix au Cap de Bonne-Espérance.", "page_verso": "526", "page_recto": "527", "source_latitude": "observée", "source_longitude": "montre", "vents_etat_du_ciel": "N., N. N. O. joli frais, beau temps.", "barometre_hpa": 1020.5, "thermometre": "16,8", "declinaison_dms": "14.53", "declinaison_ref": "Ouest", "alerte": "", "longitude_brute": -1.78389, "ajustement_lon": ""}}, {"type": "Feature", "geometry": {"type": "Point", "coordinates": [3.33472, -32.925]}, "properties": {"date": "1792-01-07", "section": "De Sainte-Croix au Cap de Bonne-Espérance.", "page_verso": "526", "page_recto": "527", "source_latitude": "observée", "source_longitude": "montre", "vents_etat_du_ciel": "N., N. N. O. grand frais, nuages.", "barometre_hpa": 1015.6, "thermometre": "16,6", "declinaison_dms": "16.23", "declinaison_ref": "Ouest", "alerte": "", "longitude_brute": 3.33472, "ajustement_lon": ""}}, {"type": "Feature", "geometry": {"type": "Point", "coordinates": [3.80389, -32.96667]}, "properties": {"date": "1792-01-08", "section": "De Sainte-Croix au Cap de Bonne-Espérance.", "page_verso": "526", "page_recto": "527", "source_latitude": "observée", "source_longitude": "montre", "vents_etat_du_ciel": "Du N. O. au N. grand frais, nuages.", "barometre_hpa": 1018.0, "thermometre": "17,2", "declinaison_dms": "16.30", "declinaison_ref": "Ouest", "alerte": "", "longitude_brute": 3.80389, "ajustement_lon": ""}}, {"type": "Feature", "geometry": {"type": "Point", "coordinates": [6.38306, -32.95556]}, "properties": {"date": "1792-01-09", "section": "De Sainte-Croix au Cap de Bonne-Espérance.", "page_verso": "526", "page_recto": "527", "source_latitude": "observée", "source_longitude": "montre", "vents_etat_du_ciel": "Du N. N. O. au N. E. joli frais, nuages.", "barometre_hpa": 1022.6, "thermometre": "17,2", "declinaison_dms": "17.39", "declinaison_ref": "Ouest", "alerte": "", "longitude_brute": 6.38306, "ajustement_lon": ""}}, {"type": "Feature", "geometry": {"type": "Point", "coordinates": [6.63528, -33.00556]}, "properties": {"date": "1792-01-10", "section": "De Sainte-Croix au Cap de Bonne-Espérance.", "page_verso": "526", "page_recto": "527", "source_latitude": "observée", "source_longitude": "montre", "vents_etat_du_ciel": "N., N. N. O. foibles, calme, beau temps.", "barometre_hpa": 1025.3, "thermometre": "17,4", "declinaison_dms": "19.37", "declinaison_ref": "Ouest", "alerte": "", "longitude_brute": 6.63528, "ajustement_lon": ""}}, {"type": "Feature", "geometry": {"type": "Point", "coordinates": [7.72556, -32.78889]}, "properties": {"date": "1792-01-11", "section": "De Sainte-Croix au Cap de Bonne-Espérance.", "page_verso": "526", "page_recto": "527", "source_latitude": "observée", "source_longitude": "montre", "vents_etat_du_ciel": "Calme, du N. O. à l'O. foibles, temps couvert.", "barometre_hpa": 1022.6, "thermometre": "17,7", "declinaison_dms": "20.50", "declinaison_ref": "Ouest", "alerte": "", "longitude_brute": 7.72556, "ajustement_lon": ""}}, {"type": "Feature", "geometry": {"type": "Point", "coordinates": [9.57694, -32.88778]}, "properties": {"date": "1792-01-12", "section": "De Sainte-Croix au Cap de Bonne-Espérance.", "page_verso": "526", "page_recto": "527", "source_latitude": "observée", "source_longitude": "montre", "vents_etat_du_ciel": "De l'O. N. O. à l'O. S. O. joli frais, pluie.", "barometre_hpa": 1021.4, "thermometre": "17,5", "declinaison_dms": "", "declinaison_ref": "Ouest", "alerte": "", "longitude_brute": 9.57694, "ajustement_lon": ""}}, {"type": "Feature", "geometry": {"type": "Point", "coordinates": [11.22806, -32.85]}, "properties": {"date": "1792-01-13", "section": "De Sainte-Croix au Cap de Bonne-Espérance.", "page_verso": "526", "page_recto": "527", "source_latitude": "observée", "source_longitude": "montre", "vents_etat_du_ciel": "Du S. à l'O. petit frais, temps variable.", "barometre_hpa": 1019.9, "thermometre": "16,4", "declinaison_dms": "22.59", "declinaison_ref": "Ouest", "alerte": "", "longitude_brute": 11.22806, "ajustement_lon": ""}}, {"type": "Feature", "geometry": {"type": "Point", "coordinates": [13.05806, -33.24417]}, "properties": {"date": "1792-01-14", "section": "De Sainte-Croix au Cap de Bonne-Espérance.", "page_verso": "526", "page_recto": "527", "source_latitude": "observée", "source_longitude": "montre", "vents_etat_du_ciel": "Du S. O. à l'O. N. O. petit frais, beau temps.", "barometre_hpa": 1017.4, "thermometre": "16,8", "declinaison_dms": "22.17", "declinaison_ref": "Ouest", "alerte": "", "longitude_brute": 13.05806, "ajustement_lon": ""}}, {"type": "Feature", "geometry": {"type": "Point", "coordinates": [14.42139, -33.58139]}, "properties": {"date": "1792-01-15", "section": "De Sainte-Croix au Cap de Bonne-Espérance.", "page_verso": "526", "page_recto": "527", "source_latitude": "observée", "source_longitude": "montre", "vents_etat_du_ciel": "De l'O. S. O. au N. O. petit frais, temps variable.", "barometre_hpa": 1015.0, "thermometre": "17,0", "declinaison_dms": "23.17", "declinaison_ref": "Ouest", "alerte": "", "longitude_brute": 14.42139, "ajustement_lon": ""}}, {"type": "Feature", "geometry": {"type": "Point", "coordinates": [17.16944, -34.06389]}, "properties": {"date": "1792-01-16", "section": "De Sainte-Croix au Cap de Bonne-Espérance.", "page_verso": "526", "page_recto": "527", "source_latitude": "observée", "source_longitude": "montre", "vents_etat_du_ciel": "Du N. N. E. au N. N. O. grand frais, temps variable.", "barometre_hpa": 1015.0, "thermometre": "16,5", "declinaison_dms": "24.5", "declinaison_ref": "Ouest", "alerte": "", "longitude_brute": 17.16944, "ajustement_lon": ""}}, {"type": "Feature", "geometry": {"type": "Point", "coordinates": [17.04361, -33.9]}, "properties": {"date": "1792-02-16", "section": "Du Cap de Bonne-Espérance au port du Nord.", "page_verso": "526", "page_recto": "527", "source_latitude": "estimée", "source_longitude": "estimée", "vents_etat_du_ciel": "", "barometre_hpa": 1010.5, "thermometre": "15,0", "declinaison_dms": "24.8", "declinaison_ref": "Ouest", "alerte": "longitude estimée", "longitude_brute": 18.00389, "ajustement_lon": -0.96}}, {"type": "Feature", "geometry": {"type": "Point", "coordinates": [16.87389, -34.17778]}, "properties": {"date": "1792-02-17", "section": "Du Cap de Bonne-Espérance au port du Nord.", "page_verso": "526", "page_recto": "527", "source_latitude": "observée", "source_longitude": "montre", "vents_etat_du_ciel": "Du S. S. E. au S. S. O. bon frais, pluie.", "barometre_hpa": 1010.5, "thermometre": "15,0", "declinaison_dms": "", "declinaison_ref": "Ouest", "alerte": "longitude montre", "longitude_brute": 16.87389, "ajustement_lon": ""}}, {"type": "Feature", "geometry": {"type": "Point", "coordinates": [16.89361, -34.16667]}, "properties": {"date": "1792-02-18", "section": "Du Cap de Bonne-Espérance au port du Nord.", "page_verso": "526", "page_recto": "527", "source_latitude": "estimée", "source_longitude": "montre", "vents_etat_du_ciel": "S., S. S. O. joli frais, beau temps.", "barometre_hpa": 1017.7, "thermometre": "15,5", "declinaison_dms": "", "declinaison_ref": "Ouest", "alerte": "", "longitude_brute": 16.89361, "ajustement_lon": ""}}, {"type": "Feature", "geometry": {"type": "Point", "coordinates": [17.61861, -34.71667]}, "properties": {"date": "1792-02-19", "section": "Du Cap de Bonne-Espérance au port du Nord.", "page_verso": "526", "page_recto": "527", "source_latitude": "estimée", "source_longitude": "estimée", "vents_etat_du_ciel": "S. O., S. S. E. petit frais, temps couvert.", "barometre_hpa": 1018.7, "thermometre": "17,2", "declinaison_dms": "23.22", "declinaison_ref": "Ouest", "alerte": "longitude estimée", "longitude_brute": 18.53722, "ajustement_lon": -0.919}}, {"type": "Feature", "geometry": {"type": "Point", "coordinates": [19.44361, -34.76667]}, "properties": {"date": "1792-02-20", "section": "Du Cap de Bonne-Espérance au port du Nord.", "page_verso": "526", "page_recto": "527", "source_latitude": "observée", "source_longitude": "montre", "vents_etat_du_ciel": "Du S. O. au N. N. O. petit frais, nuages.", "barometre_hpa": 1016.5, "thermometre": "17,0", "declinaison_dms": "25.26", "declinaison_ref": "Ouest", "alerte": "longitude montre", "longitude_brute": 19.44361, "ajustement_lon": ""}}, {"type": "Feature", "geometry": {"type": "Point", "coordinates": [20.61441, -34.89807]}, "properties": {"date": "1792-02-21", "section": "Du Cap de Bonne-Espérance au port du Nord.", "page_verso": "", "page_recto": "", "source_latitude": "", "source_longitude": "", "vents_etat_du_ciel": "", "barometre_hpa": "", "thermometre": "", "declinaison_dms": "", "declinaison_ref": "", "alerte": "position extrapolée : contournement de côte entre le 1792-02-20 et le 1792-02-21 (détour de 5 km)", "longitude_brute": "", "ajustement_lon": "", "extrapole": true, "contournement": true}}, {"type": "Feature", "geometry": {"type": "Point", "coordinates": [21.795, -34.94]}, "properties": {"date": "1792-02-21", "section": "Du Cap de Bonne-Espérance au port du Nord.", "page_verso": "528", "page_recto": "529", "source_latitude": "observée", "source_longitude": "montre", "vents_etat_du_ciel": "O. N. O., N. O. grand frais, temps couvert.", "barometre_hpa": 1022.6, "thermometre": "18,0", "declinaison_dms": "26.0", "declinaison_ref": "Ouest", "alerte": "", "longitude_brute": 21.795, "ajustement_lon": ""}}, {"type": "Feature", "geometry": {"type": "Point", "coordinates": [22.44556, -34.94861]}, "properties": {"date": "1792-02-22", "section": "Du Cap de Bonne-Espérance au port du Nord.", "page_verso": "528", "page_recto": "529", "source_latitude": "observée", "source_longitude": "montre", "vents_etat_du_ciel": "De l'O. N. O. à l'O. petit frais, nuages.", "barometre_hpa": 1016.2, "thermometre": "18,5", "declinaison_dms": "26.27", "declinaison_ref": "Ouest", "alerte": "", "longitude_brute": 22.44556, "ajustement_lon": ""}}, {"type": "Feature", "geometry": {"type": "Point", "coordinates": [24.925, -34.57222]}, "properties": {"date": "1792-02-23", "section": "Du Cap de Bonne-Espérance au port du Nord.", "page_verso": "528", "page_recto": "529", "source_latitude": "observée", "source_longitude": "montre", "vents_etat_du_ciel": "De l'O. N. O. à l'O. grand frais, nuages.", "barometre_hpa": 1015.0, "thermometre": "17,0", "declinaison_dms": "25.48", "declinaison_ref": "Ouest", "alerte": "", "longitude_brute": 24.925, "ajustement_lon": ""}}, {"type": "Feature", "geometry": {"type": "Point", "coordinates": [26.63333, -34.21667]}, "properties": {"date": "1792-02-24", "section": "Du Cap de Bonne-Espérance au port du Nord.", "page_verso": "528", "page_recto": "529", "source_latitude": "observée", "source_longitude": "montre", "vents_etat_du_ciel": "De l'O. au S. S. O. grand frais, temps sombre.", "barometre_hpa": 1031.3, "thermometre": "16,0", "declinaison_dms": "27.34", "declinaison_ref": "Ouest", "alerte": "", "longitude_brute": 26.63333, "ajustement_lon": ""}}, {"type": "Feature", "geometry": {"type": "Point", "coordinates": [26.56972, -34.18333]}, "properties": {"date": "1792-02-25", "section": "Du Cap de Bonne-Espérance au port du Nord.", "page_verso": "528", "page_recto": "529", "source_latitude": "observée", "source_longitude": "montre", "vents_etat_du_ciel": "Du S. S. E. à l'E. joli frais, nuages.", "barometre_hpa": 1018.7, "thermometre": "18,2", "declinaison_dms": "27.50", "declinaison_ref": "Ouest", "alerte": "ecart estime/montre atypique", "longitude_brute": 26.56972, "ajustement_lon": ""}}, {"type": "Feature", "geometry": {"type": "Point", "coordinates": [28.575, -35.11667]}, "properties": {"date": "1792-02-26", "section": "Du Cap de Bonne-Espérance au port du Nord.", "page_verso": "528", "page_recto": "529", "source_latitude": "estimée", "source_longitude": "estimée", "vents_etat_du_ciel": "E. N. E., N. E. petit frais, beau temps.", "barometre_hpa": 1010.5, "thermometre": "19,8", "declinaison_dms": "28.0", "declinaison_ref": "Ouest", "alerte": "longitude estimée", "longitude_brute": 29.08722, "ajustement_lon": -0.512}}, {"type": "Feature", "geometry": {"type": "Point", "coordinates": [29.30139, -35.35556]}, "properties": {"date": "1792-02-27", "section": "Du Cap de Bonne-Espérance au port du Nord.", "page_verso": "528", "page_recto": "529", "source_latitude": "observée", "source_longitude": "montre", "vents_etat_du_ciel": "Du N. N. E. et N. N. O. à l'O. joli frais, beau temps.", "barometre_hpa": 1019.3, "thermometre": "19,0", "declinaison_dms": "28.11", "declinaison_ref": "Ouest", "alerte": "longitude montre", "longitude_brute": 29.30139, "ajustement_lon": ""}}, {"type": "Feature", "geometry": {"type": "Point", "coordinates": [30.72972, -35.3]}, "properties": {"date": "1792-02-28", "section": "Du Cap de Bonne-Espérance au port du Nord.", "page_verso": "528", "page_recto": "529", "source_latitude": "observée", "source_longitude": "montre", "vents_etat_du_ciel": "De l'O. N. O. au S. petit frais, beau temps.", "barometre_hpa": 1018.7, "thermometre": "18,4", "declinaison_dms": "27.44", "declinaison_ref": "Ouest", "alerte": "", "longitude_brute": 30.72972, "ajustement_lon": ""}}, {"type": "Feature", "geometry": {"type": "Point", "coordinates": [32.25417, -35.61667]}, "properties": {"date": "1792-02-29", "section": "Du Cap de Bonne-Espérance au port du Nord.", "page_verso": "528", "page_recto": "529", "source_latitude": "estimée", "source_longitude": "estimée", "vents_etat_du_ciel": "Calme, S. E., E. S. E. petit frais, beau temps.", "barometre_hpa": 1004.5, "thermometre": "19,5", "declinaison_dms": "28.9", "declinaison_ref": "Ouest", "alerte": "longitude estimée", "longitude_brute": 32.70389, "ajustement_lon": -0.45}}, {"type": "Feature", "geometry": {"type": "Point", "coordinates": [35.3225, -35.26667]}, "properties": {"date": "1792-03-01", "section": "Du Cap de Bonne-Espérance au port du Nord.", "page_verso": "528", "page_recto": "529", "source_latitude": "observée", "source_longitude": "montre", "vents_etat_du_ciel": "S. S. E. grand frais, beau temps.", "barometre_hpa": 1009.0, "thermometre": "15,8", "declinaison_dms": "28.15", "declinaison_ref": "Ouest", "alerte": "longitude montre", "longitude_brute": 35.3225, "ajustement_lon": ""}}, {"type": "Feature", "geometry": {"type": "Point", "coordinates": [38.15833, -34.77833]}, "properties": {"date": "1792-03-02", "section": "Du Cap de Bonne-Espérance au port du Nord.", "page_verso": "528", "page_recto": "529", "source_latitude": "observée", "source_longitude": "montre", "vents_etat_du_ciel": "S. S. E. grand frais, nuages.", "barometre_hpa": 1014.1, "thermometre": "18,0", "declinaison_dms": "28.37", "declinaison_ref": "Ouest", "alerte": "", "longitude_brute": 38.15833, "ajustement_lon": ""}}, {"type": "Feature", "geometry": {"type": "Point", "coordinates": [40.615, -34.53333]}, "properties": {"date": "1792-03-03", "section": "Du Cap de Bonne-Espérance au port du Nord.", "page_verso": "528", "page_recto": "529", "source_latitude": "observée", "source_longitude": "montre", "vents_etat_du_ciel": "S. S. E. bon frais, nuages.", "barometre_hpa": 1019.6, "thermometre": "18,5", "declinaison_dms": "30.45", "declinaison_ref": "Ouest", "alerte": "", "longitude_brute": 40.615, "ajustement_lon": ""}}, {"type": "Feature", "geometry": {"type": "Point", "coordinates": [42.35528, -34.57361]}, "properties": {"date": "1792-03-04", "section": "Du Cap de Bonne-Espérance au port du Nord.", "page_verso": "528", "page_recto": "529", "source_latitude": "observée", "source_longitude": "estimée", "vents_etat_du_ciel": "Du N. E. au N. petit frais, beau temps.", "barometre_hpa": 1017.7, "thermometre": "17,9", "declinaison_dms": "", "declinaison_ref": "Ouest", "alerte": "longitude estimée", "longitude_brute": 42.80389, "ajustement_lon": -0.449}}, {"type": "Feature", "geometry": {"type": "Point", "coordinates": [44.79611, -34.61667]}, "properties": {"date": "1792-03-05", "section": "Du Cap de Bonne-Espérance au port du Nord.", "page_verso": "528", "page_recto": "529", "source_latitude": "estimée", "source_longitude": "montre", "vents_etat_du_ciel": "De l'E. S. E. au S. E. petit frais, pluie.", "barometre_hpa": 1017.7, "thermometre": "17,9", "declinaison_dms": "", "declinaison_ref": "Ouest", "alerte": "longitude montre", "longitude_brute": 44.79611, "ajustement_lon": ""}}, {"type": "Feature", "geometry": {"type": "Point", "coordinates": [46.01833, -34.69167]}, "properties": {"date": "1792-03-06", "section": "Du Cap de Bonne-Espérance au port du Nord.", "page_verso": "528", "page_recto": "529", "source_latitude": "observée", "source_longitude": "montre", "vents_etat_du_ciel": "E. S. E., N. foibles, calme, beau temps.", "barometre_hpa": 1019.6, "thermometre": "18,7", "declinaison_dms": "28.37", "declinaison_ref": "Ouest", "alerte": "", "longitude_brute": 46.01833, "ajustement_lon": ""}}, {"type": "Feature", "geometry": {"type": "Point", "coordinates": [46.46, -34.65]}, "properties": {"date": "1792-03-07", "section": "Du Cap de Bonne-Espérance au port du Nord.", "page_verso": "528", "page_recto": "529", "source_latitude": "estimée", "source_longitude": "montre", "vents_etat_du_ciel": "Du S. S. O. au S. E. foibles, temps couvert.", "barometre_hpa": 1022.6, "thermometre": "17,0", "declinaison_dms": "27.20", "declinaison_ref": "Ouest", "alerte": "", "longitude_brute": 46.46, "ajustement_lon": ""}}, {"type": "Feature", "geometry": {"type": "Point", "coordinates": [47.27917, -35.4]}, "properties": {"date": "1792-03-08", "section": "Du Cap de Bonne-Espérance au port du Nord.", "page_verso": "528", "page_recto": "529", "source_latitude": "observée", "source_longitude": "montre", "vents_etat_du_ciel": "De l'E. S. E. au N. N. E. petit frais, temps couvert.", "barometre_hpa": 1022.3, "thermometre": "18,0", "declinaison_dms": "", "declinaison_ref": "Ouest", "alerte": "", "longitude_brute": 47.27917, "ajustement_lon": ""}}, {"type": "Feature", "geometry": {"type": "Point", "coordinates": [49.01389, -34.86083]}, "properties": {"date": "1792-03-09", "section": "Du Cap de Bonne-Espérance au port du Nord.", "page_verso": "528", "page_recto": "529", "source_latitude": "observée", "source_longitude": "estimée", "vents_etat_du_ciel": "Très-variables, joli frais, temps couvert.", "barometre_hpa": 1025.6, "thermometre": "15,0", "declinaison_dms": "", "declinaison_ref": "Ouest", "alerte": "longitude estimée", "longitude_brute": 49.28722, "ajustement_lon": -0.273}}, {"type": "Feature", "geometry": {"type": "Point", "coordinates": [49.42194, -35.66667]}, "properties": {"date": "1792-03-10", "section": "Du Cap de Bonne-Espérance au port du Nord.", "page_verso": "528", "page_recto": "529", "source_latitude": "observée", "source_longitude": "montre", "vents_etat_du_ciel": "Du S. au S. E. petit frais, beau temps.", "barometre_hpa": 1028.6, "thermometre": "16,0", "declinaison_dms": "", "declinaison_ref": "Ouest", "alerte": "longitude montre", "longitude_brute": 49.42194, "ajustement_lon": ""}}, {"type": "Feature", "geometry": {"type": "Point", "coordinates": [51.81361, -36.3525]}, "properties": {"date": "1792-03-11", "section": "Du Cap de Bonne-Espérance au port du Nord.", "page_verso": "528", "page_recto": "529", "source_latitude": "observée", "source_longitude": "montre", "vents_etat_du_ciel": "N. E., N. N. E., bon frais, beau temps.", "barometre_hpa": 1019.6, "thermometre": "17,1", "declinaison_dms": "27.3", "declinaison_ref": "Ouest", "alerte": "", "longitude_brute": 51.81361, "ajustement_lon": ""}}, {"type": "Feature", "geometry": {"type": "Point", "coordinates": [55.30417, -35.72694]}, "properties": {"date": "1792-03-12", "section": "Du Cap de Bonne-Espérance au port du Nord.", "page_verso": "528", "page_recto": "529", "source_latitude": "observée", "source_longitude": "montre", "vents_etat_du_ciel": "N. N. E., N. grand frais, temps couvert.", "barometre_hpa": 1019.3, "thermometre": "17,0", "declinaison_dms": "28.11", "declinaison_ref": "Ouest", "alerte": "", "longitude_brute": 55.30417, "ajustement_lon": ""}}, {"type": "Feature", "geometry": {"type": "Point", "coordinates": [55.58194, -36.73611]}, "properties": {"date": "1792-03-13", "section": "Du Cap de Bonne-Espérance au port du Nord.", "page_verso": "528", "page_recto": "529", "source_latitude": "observée", "source_longitude": "montre", "vents_etat_du_ciel": "O., N., N. E. très-foibles, calme, beau temps.", "barometre_hpa": 1025.6, "thermometre": "16,0", "declinaison_dms": "", "declinaison_ref": "Ouest", "alerte": "", "longitude_brute": 55.58194, "ajustement_lon": ""}}, {"type": "Feature", "geometry": {"type": "Point", "coordinates": [55.95944, -37.28528]}, "properties": {"date": "1792-03-14", "section": "Du Cap de Bonne-Espérance au port du Nord.", "page_verso": "528", "page_recto": "529", "source_latitude": "observée", "source_longitude": "montre", "vents_etat_du_ciel": "E. S. E., S., S. S. E. petit frais, pluie.", "barometre_hpa": 1026.5, "thermometre": "15,0", "declinaison_dms": "26.6", "declinaison_ref": "Ouest", "alerte": "", "longitude_brute": 55.95944, "ajustement_lon": ""}}, {"type": "Feature", "geometry": {"type": "Point", "coordinates": [56.56528, -36.24778]}, "properties": {"date": "1792-03-15", "section": "Du Cap de Bonne-Espérance au port du Nord.", "page_verso": "528", "page_recto": "529", "source_latitude": "observée", "source_longitude": "estimée", "vents_etat_du_ciel": "E. S. E., S., S. S. E. petit frais, pluie.", "barometre_hpa": 1029.5, "thermometre": "15,0", "declinaison_dms": "26.3", "declinaison_ref": "Ouest", "alerte": "longitude estimée", "longitude_brute": 56.73722, "ajustement_lon": -0.172}}, {"type": "Feature", "geometry": {"type": "Point", "coordinates": [57.05944, -36.88889]}, "properties": {"date": "1792-03-16", "section": "Du Cap de Bonne-Espérance au port du Nord.", "page_verso": "528", "page_recto": "529", "source_latitude": "observée", "source_longitude": "montre", "vents_etat_du_ciel": "S. E., E. S. E., E. N. E. petit frais, nuages.", "barometre_hpa": 1031.6, "thermometre": "14,8", "declinaison_dms": "24.33", "declinaison_ref": "Ouest", "alerte": "longitude montre", "longitude_brute": 57.05944, "ajustement_lon": ""}}, {"type": "Feature", "geometry": {"type": "Point", "coordinates": [58.28417, -37.71667]}, "properties": {"date": "1792-03-17", "section": "Du Cap de Bonne-Espérance au port du Nord.", "page_verso": "528", "page_recto": "529", "source_latitude": "estimée", "source_longitude": "montre", "vents_etat_du_ciel": "E., E. N. E., N. E. joli frais, temps couvert.", "barometre_hpa": 1028.3, "thermometre": "15,0", "declinaison_dms": "25.26", "declinaison_ref": "Ouest", "alerte": "", "longitude_brute": 58.28417, "ajustement_lon": ""}}, {"type": "Feature", "geometry": {"type": "Point", "coordinates": [60.58667, -37.94889]}, "properties": {"date": "1792-03-18", "section": "Du Cap de Bonne-Espérance au port du Nord.", "page_verso": "528", "page_recto": "529", "source_latitude": "observée", "source_longitude": "montre", "vents_etat_du_ciel": "N. E., N. joli frais, temps couvert.", "barometre_hpa": 1025.6, "thermometre": "16,0", "declinaison_dms": "26.52", "declinaison_ref": "Ouest", "alerte": "", "longitude_brute": 60.58667, "ajustement_lon": ""}}, {"type": "Feature", "geometry": {"type": "Point", "coordinates": [61.6325, -38.0]}, "properties": {"date": "1792-03-19", "section": "Du Cap de Bonne-Espérance au port du Nord.", "page_verso": "528", "page_recto": "529", "source_latitude": "observée", "source_longitude": "montre", "vents_etat_du_ciel": "Du N. au N. O. petit frais, temps sombre.", "barometre_hpa": 1028.6, "thermometre": "16,0", "declinaison_dms": "24.46", "declinaison_ref": "Ouest", "alerte": "", "longitude_brute": 61.6325, "ajustement_lon": ""}}, {"type": "Feature", "geometry": {"type": "Point", "coordinates": [62.81139, -38.19306]}, "properties": {"date": "1792-03-20", "section": "Du Cap de Bonne-Espérance au port du Nord.", "page_verso": "528", "page_recto": "529", "source_latitude": "observée", "source_longitude": "montre", "vents_etat_du_ciel": "Calme, du N. N. E à l'E. N. E. petit frais, nuages.", "barometre_hpa": 1030.1, "thermometre": "16,0", "declinaison_dms": "25.20", "declinaison_ref": "Ouest", "alerte": "", "longitude_brute": 62.81139, "ajustement_lon": ""}}, {"type": "Feature", "geometry": {"type": "Point", "coordinates": [64.29139, -38.54028]}, "properties": {"date": "1792-03-21", "section": "Du Cap de Bonne-Espérance au port du Nord.", "page_verso": "528", "page_recto": "529", "source_latitude": "observée", "source_longitude": "montre", "vents_etat_du_ciel": "De l'E. N. E. au N. N. E. joli frais, beau temps.", "barometre_hpa": 1027.1, "thermometre": "15,0", "declinaison_dms": "24.17", "declinaison_ref": "Ouest", "alerte": "", "longitude_brute": 64.29139, "ajustement_lon": ""}}, {"type": "Feature", "geometry": {"type": "Point", "coordinates": [66.69361, -38.42417]}, "properties": {"date": "1792-03-22", "section": "Du Cap de Bonne-Espérance au port du Nord.", "page_verso": "528", "page_recto": "529", "source_latitude": "observée", "source_longitude": "montre", "vents_etat_du_ciel": "Du N. N. E. au N. N. O. joli frais, beau temps.", "barometre_hpa": 1022.0, "thermometre": "15,0", "declinaison_dms": "25.6", "declinaison_ref": "Ouest", "alerte": "", "longitude_brute": 66.69361, "ajustement_lon": ""}}, {"type": "Feature", "geometry": {"type": "Point", "coordinates": [68.86987, -38.16083]}, "properties": {"date": "1792-03-23", "section": "Du Cap de Bonne-Espérance au port du Nord.", "page_verso": "528", "page_recto": "529", "source_latitude": "observée", "source_longitude": "estimée", "vents_etat_du_ciel": "N. O., O., S. joli frais, temps couvert.", "barometre_hpa": 1021.1, "thermometre": "13,9", "declinaison_dms": "23.38", "declinaison_ref": "Ouest", "alerte": "longitude estimée", "longitude_brute": 68.42056, "ajustement_lon": 0.449}}, {"type": "Feature", "geometry": {"type": "Point", "coordinates": [70.51889, -37.22222]}, "properties": {"date": "1792-03-24", "section": "Du Cap de Bonne-Espérance au port du Nord.", "page_verso": "528", "page_recto": "529", "source_latitude": "observée", "source_longitude": "montre", "vents_etat_du_ciel": "S., S. S. E. grand frais, grains.", "barometre_hpa": 1027.4, "thermometre": "12,0", "declinaison_dms": "", "declinaison_ref": "Ouest", "alerte": "longitude montre", "longitude_brute": 70.51889, "ajustement_lon": ""}}, {"type": "Feature", "geometry": {"type": "Point", "coordinates": [71.19278, -36.80722]}, "properties": {"date": "1792-03-25", "section": "Du Cap de Bonne-Espérance au port du Nord.", "page_verso": "528", "page_recto": "529", "source_latitude": "observée", "source_longitude": "montre", "vents_etat_du_ciel": "S. S. E., S., O. S. O. foibles, beau temps.", "barometre_hpa": 1028.6, "thermometre": "13,3", "declinaison_dms": "22.9", "declinaison_ref": "Ouest", "alerte": "", "longitude_brute": 71.19278, "ajustement_lon": ""}}, {"type": "Feature", "geometry": {"type": "Point", "coordinates": [73.35417, -37.06083]}, "properties": {"date": "1792-03-26", "section": "Du Cap de Bonne-Espérance au port du Nord.", "page_verso": "528", "page_recto": "529", "source_latitude": "observée", "source_longitude": "montre", "vents_etat_du_ciel": "De l'O. au S. bon frais, nuages.", "barometre_hpa": 1025.6, "thermometre": "14,0", "declinaison_dms": "19.27", "declinaison_ref": "Ouest", "alerte": "", "longitude_brute": 73.35417, "ajustement_lon": ""}}, {"type": "Feature", "geometry": {"type": "Point", "coordinates": [74.51695, -36.78528]}, "properties": {"date": "1792-03-27", "section": "Du Cap de Bonne-Espérance au port du Nord.", "page_verso": "530", "page_recto": "531", "source_latitude": "observée", "source_longitude": "estimée", "vents_etat_du_ciel": "Du S. S. O. au S. E. foibles, temps couvert.", "barometre_hpa": 1028.0, "thermometre": "13,5", "declinaison_dms": "20.5", "declinaison_ref": "Ouest", "alerte": "longitude estimée", "longitude_brute": 73.90389, "ajustement_lon": 0.613}}, {"type": "Feature", "geometry": {"type": "Point", "coordinates": [76.8175, -37.5525]}, "properties": {"date": "1792-03-28", "section": "Du Cap de Bonne-Espérance au port du Nord.", "page_verso": "530", "page_recto": "531", "source_latitude": "observée", "source_longitude": "montre", "vents_etat_du_ciel": "N. N. O., N. grand frais, nuages.", "barometre_hpa": 1019.6, "thermometre": "15,0", "declinaison_dms": "19.28", "declinaison_ref": "Ouest", "alerte": "longitude montre", "longitude_brute": 76.8175, "ajustement_lon": ""}}, {"type": "Feature", "geometry": {"type": "Point", "coordinates": [80.445, -38.72722]}, "properties": {"date": "1792-03-29", "section": "Du Cap de Bonne-Espérance au port du Nord.", "page_verso": "530", "page_recto": "531", "source_latitude": "observée", "source_longitude": "estimée", "vents_etat_du_ciel": "N. N. O., N. grand frais, nuages.", "barometre_hpa": 1008.1, "thermometre": "15,0", "declinaison_dms": "17.42", "declinaison_ref": "Ouest", "alerte": "longitude estimée", "longitude_brute": 79.37056, "ajustement_lon": 1.074}}, {"type": "Feature", "geometry": {"type": "Point", "coordinates": [82.59833, -39.37694]}, "properties": {"date": "1792-03-30", "section": "Du Cap de Bonne-Espérance au port du Nord.", "page_verso": "530", "page_recto": "531", "source_latitude": "observée", "source_longitude": "montre", "vents_etat_du_ciel": "De l'O. S. O. au N. O. joli frais, temps couvert.", "barometre_hpa": 1004.5, "thermometre": "13,0", "declinaison_dms": "", "declinaison_ref": "Ouest", "alerte": "longitude montre", "longitude_brute": 82.59833, "ajustement_lon": ""}}, {"type": "Feature", "geometry": {"type": "Point", "coordinates": [84.8725, -39.93556]}, "properties": {"date": "1792-03-31", "section": "Du Cap de Bonne-Espérance au port du Nord.", "page_verso": "530", "page_recto": "531", "source_latitude": "observée", "source_longitude": "montre", "vents_etat_du_ciel": "Du N. O. au S. bon frais, beau temps.", "barometre_hpa": 1010.2, "thermometre": "10,0", "declinaison_dms": "", "declinaison_ref": "Ouest", "alerte": "", "longitude_brute": 84.8725, "ajustement_lon": ""}}, {"type": "Feature", "geometry": {"type": "Point", "coordinates": [87.52944, -40.71]}, "properties": {"date": "1792-04-01", "section": "Du Cap de Bonne-Espérance au port du Nord.", "page_verso": "530", "page_recto": "531", "source_latitude": "observée", "source_longitude": "montre", "vents_etat_du_ciel": "Du S. O. au N. bon frais, nuages.", "barometre_hpa": 995.5, "thermometre": "10,0", "declinaison_dms": "14.53", "declinaison_ref": "Ouest", "alerte": "", "longitude_brute": 87.52944, "ajustement_lon": ""}}, {"type": "Feature", "geometry": {"type": "Point", "coordinates": [90.72583, -40.92667]}, "properties": {"date": "1792-04-02", "section": "Du Cap de Bonne-Espérance au port du Nord.", "page_verso": "530", "page_recto": "531", "source_latitude": "observée", "source_longitude": "montre", "vents_etat_du_ciel": "Du N. N. O. au S. S. O. bon frais, grains.", "barometre_hpa": 1001.5, "thermometre": "10,0", "declinaison_dms": "", "declinaison_ref": "Ouest", "alerte": "", "longitude_brute": 90.72583, "ajustement_lon": ""}}, {"type": "Feature", "geometry": {"type": "Point", "coordinates": [92.94556, -40.74111]}, "properties": {"date": "1792-04-03", "section": "Du Cap de Bonne-Espérance au port du Nord.", "page_verso": "530", "page_recto": "531", "source_latitude": "observée", "source_longitude": "montre", "vents_etat_du_ciel": "Du S. O. au S. S. O. bon frais, grains.", "barometre_hpa": 1018.0, "thermometre": "8,5", "declinaison_dms": "17.44", "declinaison_ref": "Ouest", "alerte": "", "longitude_brute": 92.94556, "ajustement_lon": ""}}, {"type": "Feature", "geometry": {"type": "Point", "coordinates": [95.41472, -41.02]}, "properties": {"date": "1792-04-04", "section": "Du Cap de Bonne-Espérance au port du Nord.", "page_verso": "530", "page_recto": "531", "source_latitude": "observée", "source_longitude": "montre", "vents_etat_du_ciel": "Du S. O. au N. O. bon frais, nuages.", "barometre_hpa": 1017.4, "thermometre": "12,1", "declinaison_dms": "", "declinaison_ref": "Ouest", "alerte": "", "longitude_brute": 95.41472, "ajustement_lon": ""}}, {"type": "Feature", "geometry": {"type": "Point", "coordinates": [99.60083, -41.52417]}, "properties": {"date": "1792-04-05", "section": "Du Cap de Bonne-Espérance au port du Nord.", "page_verso": "530", "page_recto": "531", "source_latitude": "observée", "source_longitude": "montre", "vents_etat_du_ciel": "O. N. O. grand frais, nuages.", "barometre_hpa": 1019.6, "thermometre": "12,5", "declinaison_dms": "18.15", "declinaison_ref": "Ouest", "alerte": "", "longitude_brute": 99.60083, "ajustement_lon": ""}}, {"type": "Feature", "geometry": {"type": "Point", "coordinates": [102.95, -42.06972]}, "properties": {"date": "1792-04-06", "section": "Du Cap de Bonne-Espérance au port du Nord.", "page_verso": "530", "page_recto": "531", "source_latitude": "observée", "source_longitude": "montre", "vents_etat_du_ciel": "O. N. O., N. O. grand frais, grains.", "barometre_hpa": 1020.2, "thermometre": "13,0", "declinaison_dms": "19.6", "declinaison_ref": "Ouest", "alerte": "", "longitude_brute": 102.95, "ajustement_lon": ""}}, {"type": "Feature", "geometry": {"type": "Point", "coordinates": [105.87889, -42.33333]}, "properties": {"date": "1792-04-07", "section": "Du Cap de Bonne-Espérance au port du Nord.", "page_verso": "530", "page_recto": "531", "source_latitude": "estimée", "source_longitude": "estimée", "vents_etat_du_ciel": "Du N. O. à l'O. S. O. bon frais, temps sombre.", "barometre_hpa": 1015.6, "thermometre": "11,0", "declinaison_dms": "", "declinaison_ref": "Ouest", "alerte": "longitude estimée", "longitude_brute": 103.87056, "ajustement_lon": 2.008}}, {"type": "Feature", "geometry": {"type": "Point", "coordinates": [109.18, -42.23278]}, "properties": {"date": "1792-04-08", "section": "Du Cap de Bonne-Espérance au port du Nord.", "page_verso": "530", "page_recto": "531", "source_latitude": "observée", "source_longitude": "montre", "vents_etat_du_ciel": "Du S. O. à l'O. bon frais, pluie.", "barometre_hpa": 1019.6, "thermometre": "10,8", "declinaison_dms": "14.1", "declinaison_ref": "Ouest", "alerte": "longitude montre", "longitude_brute": 109.18, "ajustement_lon": ""}}, {"type": "Feature", "geometry": {"type": "Point", "coordinates": [112.45473, -42.6]}, "properties": {"date": "1792-04-09", "section": "Du Cap de Bonne-Espérance au port du Nord.", "page_verso": "530", "page_recto": "531", "source_latitude": "estimée", "source_longitude": "estimée", "vents_etat_du_ciel": "De l'O. au N. O. grand frais, beau temps.", "barometre_hpa": 1016.5, "thermometre": "11,8", "declinaison_dms": "14.10", "declinaison_ref": "Ouest", "alerte": "longitude estimée", "longitude_brute": 110.12056, "ajustement_lon": 2.334}}, {"type": "Feature", "geometry": {"type": "Point", "coordinates": [117.01111, -42.96667]}, "properties": {"date": "1792-04-10", "section": "Du Cap de Bonne-Espérance au port du Nord.", "page_verso": "530", "page_recto": "531", "source_latitude": "estimée", "source_longitude": "estimée", "vents_etat_du_ciel": "N. O. coup de vent, temps brumeux.", "barometre_hpa": 1009.3, "thermometre": "11,5", "declinaison_dms": "", "declinaison_ref": "Ouest", "alerte": "", "longitude_brute": 114.65389, "ajustement_lon": 2.357}}, {"type": "Feature", "geometry": {"type": "Point", "coordinates": [119.50472, -42.95111]}, "properties": {"date": "1792-04-11", "section": "Du Cap de Bonne-Espérance au port du Nord.", "page_verso": "530", "page_recto": "531", "source_latitude": "observée", "source_longitude": "montre", "vents_etat_du_ciel": "Du N. O. à l'O. bon frais, pluie.", "barometre_hpa": 1013.5, "thermometre": "10,7", "declinaison_dms": "", "declinaison_ref": "Ouest", "alerte": "longitude montre", "longitude_brute": 119.50472, "ajustement_lon": ""}}, {"type": "Feature", "geometry": {"type": "Point", "coordinates": [122.08417, -42.75]}, "properties": {"date": "1792-04-12", "section": "Du Cap de Bonne-Espérance au port du Nord.", "page_verso": "530", "page_recto": "531", "source_latitude": "estimée", "source_longitude": "estimée", "vents_etat_du_ciel": "O., S., S. S. E. joli frais, temps couvert.", "barometre_hpa": 1022.6, "thermometre": "8,5", "declinaison_dms": "", "declinaison_ref": "Ouest", "alerte": "longitude estimée", "longitude_brute": 119.70389, "ajustement_lon": 2.38}}, {"type": "Feature", "geometry": {"type": "Point", "coordinates": [123.43403, -41.63333]}, "properties": {"date": "1792-04-13", "section": "Du Cap de Bonne-Espérance au port du Nord.", "page_verso": "530", "page_recto": "531", "source_latitude": "estimée", "source_longitude": "estimée", "vents_etat_du_ciel": "S. S. E., S. E. joli frais, pluie.", "barometre_hpa": 1019.6, "thermometre": "9,0", "declinaison_dms": "", "declinaison_ref": "Ouest", "alerte": "", "longitude_brute": 120.98722, "ajustement_lon": 2.447}}, {"type": "Feature", "geometry": {"type": "Point", "coordinates": [125.92139, -42.02222]}, "properties": {"date": "1792-04-14", "section": "Du Cap de Bonne-Espérance au port du Nord.", "page_verso": "530", "page_recto": "531", "source_latitude": "observée", "source_longitude": "estimée", "vents_etat_du_ciel": "Du S. E. au S. petit frais, O. S. O. grand frais, grains.", "barometre_hpa": 997.0, "thermometre": "9,2", "declinaison_dms": "4.30", "declinaison_ref": "Ouest", "alerte": "", "longitude_brute": 123.58722, "ajustement_lon": 2.334}}, {"type": "Feature", "geometry": {"type": "Point", "coordinates": [129.47139, -42.05]}, "properties": {"date": "1792-04-15", "section": "Du Cap de Bonne-Espérance au port du Nord.", "page_verso": "530", "page_recto": "531", "source_latitude": "observée", "source_longitude": "estimée", "vents_etat_du_ciel": "Du S. O. au S. S. O. coup de vent, orage.", "barometre_hpa": 1004.5, "thermometre": "8,5", "declinaison_dms": "3.51", "declinaison_ref": "Ouest", "alerte": "", "longitude_brute": 127.13722, "ajustement_lon": 2.334}}, {"type": "Feature", "geometry": {"type": "Point", "coordinates": [129.80805, -42.40028]}, "properties": {"date": "1792-04-16", "section": "Du Cap de Bonne-Espérance au port du Nord.", "page_verso": "530", "page_recto": "531", "source_latitude": "observée", "source_longitude": "estimée", "vents_etat_du_ciel": "Du S. O. à l'O. bon frais, temps couvert.", "barometre_hpa": 1019.6, "thermometre": "10,0", "declinaison_dms": "", "declinaison_ref": "Ouest", "alerte": "", "longitude_brute": 128.43722, "ajustement_lon": 1.371}}, {"type": "Feature", "geometry": {"type": "Point", "coordinates": [133.67472, -43.9575]}, "properties": {"date": "1792-04-17", "section": "Du Cap de Bonne-Espérance au port du Nord.", "page_verso": "530", "page_recto": "531", "source_latitude": "observée", "source_longitude": "estimée", "vents_etat_du_ciel": "O. S. O., O. grand frais, temps couvert.", "barometre_hpa": 1019.6, "thermometre": "12,0", "declinaison_dms": "", "declinaison_ref": "Ouest", "alerte": "", "longitude_brute": 132.30389, "ajustement_lon": 1.371}}, {"type": "Feature", "geometry": {"type": "Point", "coordinates": [137.32472, -44.35]}, "properties": {"date": "1792-04-18", "section": "Du Cap de Bonne-Espérance au port du Nord.", "page_verso": "530", "page_recto": "531", "source_latitude": "estimée", "source_longitude": "estimée", "vents_etat_du_ciel": "S. O., O. grand frais, temps couvert.", "barometre_hpa": 1024.7, "thermometre": "12,5", "declinaison_dms": "2.12", "declinaison_ref": "Est", "alerte": "", "longitude_brute": 135.95389, "ajustement_lon": 1.371}}, {"type": "Feature", "geometry": {"type": "Point", "coordinates": [141.12472, -43.56222]}, "properties": {"date": "1792-04-19", "section": "Du Cap de Bonne-Espérance au port du Nord.", "page_verso": "530", "page_recto": "531", "source_latitude": "observée", "source_longitude": "montre", "vents_etat_du_ciel": "O. grand frais, temps couvert.", "barometre_hpa": 1024.1, "thermometre": "12,0", "declinaison_dms": "1.49", "declinaison_ref": "Est", "alerte": "longitude montre", "longitude_brute": 141.12472, "ajustement_lon": ""}}, {"type": "Feature", "geometry": {"type": "Point", "coordinates": [142.92514, -43.81583]}, "properties": {"date": "1792-04-20", "section": "Du Cap de Bonne-Espérance au port du Nord.", "page_verso": "530", "page_recto": "531", "source_latitude": "observée", "source_longitude": "estimée", "vents_etat_du_ciel": "O. grand frais, beau temps.", "barometre_hpa": 1015.6, "thermometre": "11,5", "declinaison_dms": "5.52", "declinaison_ref": "Est", "alerte": "longitude estimée", "longitude_brute": 143.25389, "ajustement_lon": -0.329}}, {"type": "Feature", "geometry": {"type": "Point", "coordinates": [147.05, -43.78]}, "properties": {"date": "1792-04-21", "section": "Du Cap de Bonne-Espérance au port du Nord.", "page_verso": "", "page_recto": "", "source_latitude": "", "source_longitude": "", "vents_etat_du_ciel": "", "barometre_hpa": "", "thermometre": "", "declinaison_dms": "", "declinaison_ref": "", "alerte": "point ajouté (contournement du sud de la Tasmanie, sans relevé)", "longitude_brute": "", "ajustement_lon": "", "extrapole": true, "contournement": true}}, {"type": "Feature", "geometry": {"type": "Point", "coordinates": [147.03355, -43.64619]}, "properties": {"date": "1792-04-21", "section": "Du Cap de Bonne-Espérance au port du Nord.", "page_verso": "", "page_recto": "", "source_latitude": "", "source_longitude": "", "vents_etat_du_ciel": "", "barometre_hpa": "", "thermometre": "", "declinaison_dms": "", "declinaison_ref": "", "alerte": "position extrapolée : contournement de côte entre le 1792-04-21 et le 1792-04-21 (détour de 5 km)", "longitude_brute": "", "ajustement_lon": "", "remarque": "", "renfloue": "", "extrapole": true, "contournement": true}}, {"type": "Feature", "geometry": {"type": "Point", "coordinates": [146.9042, -43.5498]}, "properties": {"date": "1792-04-21", "section": "Du Cap de Bonne-Espérance au port du Nord.", "page_verso": "", "page_recto": "", "source_latitude": "", "source_longitude": "", "vents_etat_du_ciel": "", "barometre_hpa": "", "thermometre": "", "declinaison_dms": "", "declinaison_ref": "", "alerte": "point ajouté (arrivée au port du Nord, sans relevé)", "longitude_brute": "", "ajustement_lon": "", "remarque": "En 1792, l’expédition de d’Entrecasteaux mouilla dans le Port du Nord, que le commandant considérait comme l’un des sites les mieux adaptés aux réparations des navires. Son mouillage relativement abrité offrait de meilleures conditions que les secteurs plus exposés situés vers le nord-est de la baie de la Recherche. L’expédition repartit le 28 mai 1792.", "renfloue": "position décalée de 2 km vers le large : le trait de côte employé par la carte, au 1/10 000 000, ne dessine pas ce mouillage, et la position relevée y tombait en pleine terre. Le relevé lui-même n'est pas en cause"}}, {"type": "Feature", "geometry": {"type": "Point", "coordinates": [147.00403, -43.16667]}, "properties": {"date": "1792-05-28", "section": "Du port du Nord à Amboine.", "page_verso": "530", "page_recto": "531", "source_latitude": "estimée", "source_longitude": "estimée", "vents_etat_du_ciel": "", "barometre_hpa": "", "thermometre": "", "declinaison_dms": "", "declinaison_ref": "Est", "alerte": "", "longitude_brute": 147.75389, "ajustement_lon": -0.75}}, {"type": "Feature", "geometry": {"type": "Point", "coordinates": [149.23306, -42.605]}, "properties": {"date": "1792-05-29", "section": "Du port du Nord à Amboine.", "page_verso": "530", "page_recto": "531", "source_latitude": "observée", "source_longitude": "corrigée", "vents_etat_du_ciel": "N. E., N., S. O. bon frais, nuages.", "barometre_hpa": 1005.4, "thermometre": "9,0", "declinaison_dms": "7.6", "declinaison_ref": "Est", "alerte": "longitude corrigée", "longitude_brute": 149.23306, "ajustement_lon": ""}}, {"type": "Feature", "geometry": {"type": "Point", "coordinates": [151.67028, -40.83333]}, "properties": {"date": "1792-05-30", "section": "Du port du Nord à Amboine.", "page_verso": "530", "page_recto": "531", "source_latitude": "estimée", "source_longitude": "estimée", "vents_etat_du_ciel": "Du S. O. au S. S. O. grand frais, temps couvert.", "barometre_hpa": 997.0, "thermometre": "9,2", "declinaison_dms": "", "declinaison_ref": "Est", "alerte": "longitude estimée", "longitude_brute": 152.30389, "ajustement_lon": -0.634}}, {"type": "Feature", "geometry": {"type": "Point", "coordinates": [153.75361, -39.28333]}, "properties": {"date": "1792-05-31", "section": "Du port du Nord à Amboine.", "page_verso": "530", "page_recto": "531", "source_latitude": "estimée", "source_longitude": "estimée", "vents_etat_du_ciel": "Du S. au S. S. E. grand frais, grains.", "barometre_hpa": 1009.0, "thermometre": "12,0", "declinaison_dms": "", "declinaison_ref": "Est", "alerte": "", "longitude_brute": 154.38722, "ajustement_lon": -0.634}}, {"type": "Feature", "geometry": {"type": "Point", "coordinates": [156.15056, -37.2525]}, "properties": {"date": "1792-06-01", "section": "Du port du Nord à Amboine.", "page_verso": "530", "page_recto": "531", "source_latitude": "observée", "source_longitude": "corrigée", "vents_etat_du_ciel": "S. S. E., S. grand frais, nuages.", "barometre_hpa": 1012.0, "thermometre": "11,0", "declinaison_dms": "", "declinaison_ref": "Est", "alerte": "longitude corrigée", "longitude_brute": 156.15056, "ajustement_lon": ""}}, {"type": "Feature", "geometry": {"type": "Point", "coordinates": [157.94083, -35.59222]}, "properties": {"date": "1792-06-02", "section": "Du port du Nord à Amboine.", "page_verso": "532", "page_recto": "533", "source_latitude": "observée", "source_longitude": "corrigée", "vents_etat_du_ciel": "Du S. S. E. au S. S. O. bon frais, beau temps.", "barometre_hpa": 1019.6, "thermometre": "13,0", "declinaison_dms": "12.21", "declinaison_ref": "Est", "alerte": "", "longitude_brute": 157.94083, "ajustement_lon": ""}}, {"type": "Feature", "geometry": {"type": "Point", "coordinates": [158.39111, -34.69222]}, "properties": {"date": "1792-06-03", "section": "Du port du Nord à Amboine.", "page_verso": "532", "page_recto": "533", "source_latitude": "observée", "source_longitude": "corrigée", "vents_etat_du_ciel": "Du S. S. O. au N. O. joli frais, beau temps.", "barometre_hpa": 1022.6, "thermometre": "14,8", "declinaison_dms": "10.1", "declinaison_ref": "Est", "alerte": "", "longitude_brute": 158.39111, "ajustement_lon": ""}}, {"type": "Feature", "geometry": {"type": "Point", "coordinates": [160.29083, -34.57472]}, "properties": {"date": "1792-06-04", "section": "Du port du Nord à Amboine.", "page_verso": "532", "page_recto": "533", "source_latitude": "observée", "source_longitude": "corrigée", "vents_etat_du_ciel": "N. N. O., N. bon frais, beau temps.", "barometre_hpa": 1021.1, "thermometre": "14,8", "declinaison_dms": "11.32", "declinaison_ref": "Est", "alerte": "", "longitude_brute": 160.29083, "ajustement_lon": ""}}, {"type": "Feature", "geometry": {"type": "Point", "coordinates": [162.07098, -34.87]}, "properties": {"date": "1792-06-05", "section": "Du port du Nord à Amboine.", "page_verso": "532", "page_recto": "533", "source_latitude": "observée", "source_longitude": "estimée", "vents_etat_du_ciel": "Du N. N. O. au N. N. E. petit frais, beau temps.", "barometre_hpa": 1014.4, "thermometre": "15,0", "declinaison_dms": "11.56", "declinaison_ref": "Est", "alerte": "longitude estimée", "longitude_brute": 162.57056, "ajustement_lon": -0.5}}, {"type": "Feature", "geometry": {"type": "Point", "coordinates": [161.92028, -34.7275]}, "properties": {"date": "1792-06-06", "section": "Du port du Nord à Amboine.", "page_verso": "532", "page_recto": "533", "source_latitude": "observée", "source_longitude": "corrigée", "vents_etat_du_ciel": "N. N. E., calme, N. N. O. très-foible, temps couvert.", "barometre_hpa": 1007.5, "thermometre": "14,0", "declinaison_dms": "", "declinaison_ref": "Est", "alerte": "longitude corrigée", "longitude_brute": 161.92028, "ajustement_lon": ""}}, {"type": "Feature", "geometry": {"type": "Point", "coordinates": [163.67098, -32.5075]}, "properties": {"date": "1792-06-07", "section": "Du port du Nord à Amboine.", "page_verso": "532", "page_recto": "533", "source_latitude": "observée", "source_longitude": "estimée", "vents_etat_du_ciel": "De l'O. S. O. au S. joli frais, beau temps.", "barometre_hpa": 1004.5, "thermometre": "15,0", "declinaison_dms": "", "declinaison_ref": "Est", "alerte": "longitude estimée", "longitude_brute": 164.17056, "ajustement_lon": -0.5}}, {"type": "Feature", "geometry": {"type": "Point", "coordinates": [164.90806, -29.82222]}, "properties": {"date": "1792-06-08", "section": "Du port du Nord à Amboine.", "page_verso": "532", "page_recto": "533", "source_latitude": "observée", "source_longitude": "corrigée", "vents_etat_du_ciel": "S. O. grand frais, nuages.", "barometre_hpa": 1025.6, "thermometre": "15,0", "declinaison_dms": "12.7", "declinaison_ref": "Est", "alerte": "longitude corrigée", "longitude_brute": 164.90806, "ajustement_lon": ""}}, {"type": "Feature", "geometry": {"type": "Point", "coordinates": [165.35694, -28.30139]}, "properties": {"date": "1792-06-09", "section": "Du port du Nord à Amboine.", "page_verso": "532", "page_recto": "533", "source_latitude": "observée", "source_longitude": "corrigée", "vents_etat_du_ciel": "De l'O. au S. bon frais, beau temps.", "barometre_hpa": 1019.3, "thermometre": "15,3", "declinaison_dms": "11.55", "declinaison_ref": "Est", "alerte": "", "longitude_brute": 165.35694, "ajustement_lon": ""}}, {"type": "Feature", "geometry": {"type": "Point", "coordinates": [165.70583, -27.63333]}, "properties": {"date": "1792-06-10", "section": "Du port du Nord à Amboine.", "page_verso": "532", "page_recto": "533", "source_latitude": "estimée", "source_longitude": "estimée", "vents_etat_du_ciel": "S. O., N. O. joli frais, temps couvert.", "barometre_hpa": 1019.6, "thermometre": "16,0", "declinaison_dms": "13.1", "declinaison_ref": "Est", "alerte": "longitude estimée", "longitude_brute": 165.90389, "ajustement_lon": -0.198}}, {"type": "Feature", "geometry": {"type": "Point", "coordinates": [166.7125, -27.16389]}, "properties": {"date": "1792-06-11", "section": "Du port du Nord à Amboine.", "page_verso": "532", "page_recto": "533", "source_latitude": "observée", "source_longitude": "corrigée", "vents_etat_du_ciel": "De l'O. N. O. au N. N. O. foibles, beau temps.", "barometre_hpa": 1017.4, "thermometre": "16,4", "declinaison_dms": "11.16", "declinaison_ref": "Est", "alerte": "longitude corrigée", "longitude_brute": 166.7125, "ajustement_lon": ""}}, {"type": "Feature", "geometry": {"type": "Point", "coordinates": [167.40583, -25.83528]}, "properties": {"date": "1792-06-12", "section": "Du port du Nord à Amboine.", "page_verso": "532", "page_recto": "533", "source_latitude": "observée", "source_longitude": "corrigée", "vents_etat_du_ciel": "Du N. à l'O. joli frais, beau temps.", "barometre_hpa": 1016.5, "thermometre": "17,0", "declinaison_dms": "11.27", "declinaison_ref": "Est", "alerte": "", "longitude_brute": 167.40583, "ajustement_lon": ""}}, {"type": "Feature", "geometry": {"type": "Point", "coordinates": [167.70944, -24.68361]}, "properties": {"date": "1792-06-13", "section": "Du port du Nord à Amboine.", "page_verso": "532", "page_recto": "533", "source_latitude": "observée", "source_longitude": "corrigée", "vents_etat_du_ciel": "De l'O. au S. O. foibles, beau temps.", "barometre_hpa": 1019.6, "thermometre": "18,0", "declinaison_dms": "11.46", "declinaison_ref": "Est", "alerte": "", "longitude_brute": 167.70944, "ajustement_lon": ""}}, {"type": "Feature", "geometry": {"type": "Point", "coordinates": [167.63833, -24.3]}, "properties": {"date": "1792-06-14", "section": "Du port du Nord à Amboine.", "page_verso": "532", "page_recto": "533", "source_latitude": "observée", "source_longitude": "estimée", "vents_etat_du_ciel": "Du N. O. au S. très-foibles, temps couvert.", "barometre_hpa": 1020.8, "thermometre": "18,0", "declinaison_dms": "", "declinaison_ref": "Est", "alerte": "longitude estimée", "longitude_brute": 167.53722, "ajustement_lon": 0.101}}, {"type": "Feature", "geometry": {"type": "Point", "coordinates": [167.54694, -23.94306]}, "properties": {"date": "1792-06-15", "section": "Du port du Nord à Amboine.", "page_verso": "532", "page_recto": "533", "source_latitude": "observée", "source_longitude": "corrigée", "vents_etat_du_ciel": "De l'O. au S. très-foibles, beau temps.", "barometre_hpa": 1021.1, "thermometre": "18,0", "declinaison_dms": "11.43", "declinaison_ref": "Est", "alerte": "longitude corrigée", "longitude_brute": 167.54694, "ajustement_lon": ""}}, {"type": "Feature", "geometry": {"type": "Point", "coordinates": [167.36361, -23.08667]}, "properties": {"date": "1792-06-16", "section": "Du port du Nord à Amboine.", "page_verso": "532", "page_recto": "533", "source_latitude": "observée", "source_longitude": "corrigée", "vents_etat_du_ciel": "S. O., O. S. O. petit frais, beau temps.", "barometre_hpa": 1021.1, "thermometre": "17,0", "declinaison_dms": "", "declinaison_ref": "Est", "alerte": "", "longitude_brute": 167.36361, "ajustement_lon": ""}}, {"type": "Feature", "geometry": {"type": "Point", "coordinates": [167.105, -22.86528]}, "properties": {"date": "1792-06-17", "section": "Du port du Nord à Amboine.", "page_verso": "532", "page_recto": "533", "source_latitude": "observée", "source_longitude": "corrigée", "vents_etat_du_ciel": "Du S. S. E. à l'O. très-foibles, beau temps.", "barometre_hpa": 1018.4, "thermometre": "18,0", "declinaison_dms": "10.31", "declinaison_ref": "Est", "alerte": "", "longitude_brute": 167.105, "ajustement_lon": ""}}, {"type": "Feature", "geometry": {"type": "Point", "coordinates": [166.94472, -23.10028]}, "properties": {"date": "1792-06-18", "section": "Du port du Nord à Amboine.", "page_verso": "532", "page_recto": "533", "source_latitude": "observée", "source_longitude": "corrigée", "vents_etat_du_ciel": "O. S. O., O. petit frais, beau temps.", "barometre_hpa": 1016.5, "thermometre": "18,0", "declinaison_dms": "10.41", "declinaison_ref": "Est", "alerte": "", "longitude_brute": 166.94472, "ajustement_lon": ""}}, {"type": "Feature", "geometry": {"type": "Point", "coordinates": [166.81361, -23.1]}, "properties": {"date": "1792-06-19", "section": "Du port du Nord à Amboine.", "page_verso": "532", "page_recto": "533", "source_latitude": "estimée", "source_longitude": "estimée", "vents_etat_du_ciel": "De l'O. au S. foibles, temps couvert.", "barometre_hpa": 1016.2, "thermometre": "17,0", "declinaison_dms": "10.40", "declinaison_ref": "Est", "alerte": "longitude estimée", "longitude_brute": 166.53722, "ajustement_lon": 0.276}}, {"type": "Feature", "geometry": {"type": "Point", "coordinates": [166.38167, -22.72444]}, "properties": {"date": "1792-06-20", "section": "Du port du Nord à Amboine.", "page_verso": "532", "page_recto": "533", "source_latitude": "observée", "source_longitude": "corrigée", "vents_etat_du_ciel": "Du S. au S. O. joli frais, nuages.", "barometre_hpa": 1016.2, "thermometre": "16,9", "declinaison_dms": "", "declinaison_ref": "Est", "alerte": "longitude corrigée", "longitude_brute": 166.38167, "ajustement_lon": ""}}, {"type": "Feature", "geometry": {"type": "Point", "coordinates": [165.77167, -22.14528]}, "properties": {"date": "1792-06-21", "section": "Du port du Nord à Amboine.", "page_verso": "532", "page_recto": "533", "source_latitude": "observée", "source_longitude": "corrigée", "vents_etat_du_ciel": "Du S. S. O. au S. S. E. petit frais, beau temps.", "barometre_hpa": 1020.5, "thermometre": "17,0", "declinaison_dms": "10.18", "declinaison_ref": "Est", "alerte": "", "longitude_brute": 165.77167, "ajustement_lon": ""}}, {"type": "Feature", "geometry": {"type": "Point", "coordinates": [165.27639, -21.86278]}, "properties": {"date": "1792-06-22", "section": "Du port du Nord à Amboine.", "page_verso": "532", "page_recto": "533", "source_latitude": "observée", "source_longitude": "corrigée", "vents_etat_du_ciel": "Du S. S. E. à l'E. N. E. petit frais, nuages.", "barometre_hpa": 1019.9, "thermometre": "17,8", "declinaison_dms": "10.24", "declinaison_ref": "Est", "alerte": "", "longitude_brute": 165.27639, "ajustement_lon": ""}}, {"type": "Feature", "geometry": {"type": "Point", "coordinates": [165.04917, -21.69111]}, "properties": {"date": "1792-06-23", "section": "Du port du Nord à Amboine.", "page_verso": "532", "page_recto": "533", "source_latitude": "observée", "source_longitude": "corrigée", "vents_etat_du_ciel": "De l'E. N. E. au N. O. foibles, temps pluvieux.", "barometre_hpa": 1013.5, "thermometre": "18,0", "declinaison_dms": "10.7", "declinaison_ref": "Est", "alerte": "", "longitude_brute": 165.04917, "ajustement_lon": ""}}, {"type": "Feature", "geometry": {"type": "Point", "coordinates": [165.10694, -21.74861]}, "properties": {"date": "1792-06-24", "section": "Du port du Nord à Amboine.", "page_verso": "532", "page_recto": "533", "source_latitude": "observée", "source_longitude": "corrigée", "vents_etat_du_ciel": "S. O., S. S. O. petit frais, temps couvert.", "barometre_hpa": 1016.5, "thermometre": "18,0", "declinaison_dms": "10.1", "declinaison_ref": "Est", "alerte": "", "longitude_brute": 165.10694, "ajustement_lon": ""}}, {"type": "Feature", "geometry": {"type": "Point", "coordinates": [164.99944, -21.63444]}, "properties": {"date": "1792-06-25", "section": "Du port du Nord à Amboine.", "page_verso": "532", "page_recto": "533", "source_latitude": "observée", "source_longitude": "corrigée", "vents_etat_du_ciel": "S. O., S. S. O. foibles, beau temps.", "barometre_hpa": 1037.6, "thermometre": "18,0", "declinaison_dms": "10.41", "declinaison_ref": "Est", "alerte": "", "longitude_brute": 164.99944, "ajustement_lon": ""}}, {"type": "Feature", "geometry": {"type": "Point", "coordinates": [164.98694, -21.70361]}, "properties": {"date": "1792-06-26", "section": "Du port du Nord à Amboine.", "page_verso": "532", "page_recto": "533", "source_latitude": "observée", "source_longitude": "corrigée", "vents_etat_du_ciel": "Du S. O. au S. foibles, nuages.", "barometre_hpa": 1017.4, "thermometre": "18,0", "declinaison_dms": "9.55", "declinaison_ref": "Est", "alerte": "", "longitude_brute": 164.98694, "ajustement_lon": ""}}, {"type": "Feature", "geometry": {"type": "Point", "coordinates": [164.57556, -21.40111]}, "properties": {"date": "1792-06-27", "section": "Du port du Nord à Amboine.", "page_verso": "532", "page_recto": "533", "source_latitude": "observée", "source_longitude": "corrigée", "vents_etat_du_ciel": "Du S. O. au S. joli frais, beau temps.", "barometre_hpa": 1021.1, "thermometre": "17,8", "declinaison_dms": "9.44", "declinaison_ref": "Est", "alerte": "", "longitude_brute": 164.57556, "ajustement_lon": ""}}, {"type": "Feature", "geometry": {"type": "Point", "coordinates": [163.70833, -20.41361]}, "properties": {"date": "1792-06-28", "section": "Du port du Nord à Amboine.", "page_verso": "532", "page_recto": "533", "source_latitude": "observée", "source_longitude": "corrigée", "vents_etat_du_ciel": "Du S. à l'E. S. E. bon frais, grains.", "barometre_hpa": 1022.6, "thermometre": "17,0", "declinaison_dms": "", "declinaison_ref": "Est", "alerte": "", "longitude_brute": 163.70833, "ajustement_lon": ""}}, {"type": "Feature", "geometry": {"type": "Point", "coordinates": [163.42389, -20.11306]}, "properties": {"date": "1792-06-29", "section": "Du port du Nord à Amboine.", "page_verso": "532", "page_recto": "533", "source_latitude": "observée", "source_longitude": "corrigée", "vents_etat_du_ciel": "S. E., E. S. E. bon frais, beau temps.", "barometre_hpa": 1022.6, "thermometre": "18,0", "declinaison_dms": "9.5", "declinaison_ref": "Est", "alerte": "", "longitude_brute": 163.42389, "ajustement_lon": ""}}, {"type": "Feature", "geometry": {"type": "Point", "coordinates": [162.99861, -19.39694]}, "properties": {"date": "1792-06-30", "section": "Du port du Nord à Amboine.", "page_verso": "532", "page_recto": "533", "source_latitude": "observée", "source_longitude": "corrigée", "vents_etat_du_ciel": "De l'E. au S. E. bon frais, nuages.", "barometre_hpa": 1022.6, "thermometre": "19,0", "declinaison_dms": "10.11", "declinaison_ref": "Est", "alerte": "", "longitude_brute": 162.99861, "ajustement_lon": ""}}, {"type": "Feature", "geometry": {"type": "Point", "coordinates": [162.76389, -18.82167]}, "properties": {"date": "1792-07-01", "section": "Du port du Nord à Amboine.", "page_verso": "532", "page_recto": "533", "source_latitude": "observée", "source_longitude": "corrigée", "vents_etat_du_ciel": "De l'E. au S. E. joli frais, nuages.", "barometre_hpa": 1019.3, "thermometre": "19,0", "declinaison_dms": "10.54", "declinaison_ref": "Est", "alerte": "", "longitude_brute": 162.76389, "ajustement_lon": ""}}, {"type": "Feature", "geometry": {"type": "Point", "coordinates": [162.59861, -18.16194]}, "properties": {"date": "1792-07-02", "section": "Du port du Nord à Amboine.", "page_verso": "532", "page_recto": "533", "source_latitude": "observée", "source_longitude": "corrigée", "vents_etat_du_ciel": "E., E. N. E. joli frais, pluie.", "barometre_hpa": 1018.0, "thermometre": "20,0", "declinaison_dms": "9.28", "declinaison_ref": "Est", "alerte": "", "longitude_brute": 162.59861, "ajustement_lon": ""}}, {"type": "Feature", "geometry": {"type": "Point", "coordinates": [162.30167, -17.36583]}, "properties": {"date": "1792-07-03", "section": "Du port du Nord à Amboine.", "page_verso": "532", "page_recto": "533", "source_latitude": "observée", "source_longitude": "corrigée", "vents_etat_du_ciel": "De l'E. au N. E. joli frais, temps couvert.", "barometre_hpa": 1016.5, "thermometre": "21,0", "declinaison_dms": "9.28", "declinaison_ref": "Est", "alerte": "", "longitude_brute": 162.30167, "ajustement_lon": ""}}, {"type": "Feature", "geometry": {"type": "Point", "coordinates": [161.93472, -16.76917]}, "properties": {"date": "1792-07-04", "section": "Du port du Nord à Amboine.", "page_verso": "532", "page_recto": "533", "source_latitude": "observée", "source_longitude": "corrigée", "vents_etat_du_ciel": "E., E. N. E. foibles, beau temps.", "barometre_hpa": 1016.5, "thermometre": "22,0", "declinaison_dms": "9.5", "declinaison_ref": "Est", "alerte": "", "longitude_brute": 161.93472, "ajustement_lon": ""}}, {"type": "Feature", "geometry": {"type": "Point", "coordinates": [161.23722, -15.775]}, "properties": {"date": "1792-07-05", "section": "Du port du Nord à Amboine.", "page_verso": "532", "page_recto": "533", "source_latitude": "observée", "source_longitude": "corrigée", "vents_etat_du_ciel": "Du N. E. au S. foibles, nuages.", "barometre_hpa": 1014.4, "thermometre": "20,2", "declinaison_dms": "9.7", "declinaison_ref": "Est", "alerte": "", "longitude_brute": 161.23722, "ajustement_lon": ""}}, {"type": "Feature", "geometry": {"type": "Point", "coordinates": [160.23472, -14.46944]}, "properties": {"date": "1792-07-06", "section": "Du port du Nord à Amboine.", "page_verso": "532", "page_recto": "533", "source_latitude": "observée", "source_longitude": "corrigée", "vents_etat_du_ciel": "S. E., S. S. E. joli frais, nuages.", "barometre_hpa": 1013.5, "thermometre": "20,0", "declinaison_dms": "8.19", "declinaison_ref": "Est", "alerte": "", "longitude_brute": 160.23472, "ajustement_lon": ""}}, {"type": "Feature", "geometry": {"type": "Point", "coordinates": [158.45375, -12.78333]}, "properties": {"date": "1792-07-07", "section": "Du port du Nord à Amboine.", "page_verso": "534", "page_recto": "535", "source_latitude": "estimée", "source_longitude": "estimée", "vents_etat_du_ciel": "S. E., S. S. E. bon frais, nuages.", "barometre_hpa": 1015.0, "thermometre": "20,0", "declinaison_dms": "8.8", "declinaison_ref": "Est", "alerte": "longitude estimée", "longitude_brute": 157.50389, "ajustement_lon": 0.95}}, {"type": "Feature", "geometry": {"type": "Point", "coordinates": [157.23444, -10.85583]}, "properties": {"date": "1792-07-08", "section": "Du port du Nord à Amboine.", "page_verso": "534", "page_recto": "535", "source_latitude": "observée", "source_longitude": "corrigée", "vents_etat_du_ciel": "S. E., S. S. E. bon frais, temps couvert.", "barometre_hpa": 1015.9, "thermometre": "20,4", "declinaison_dms": "", "declinaison_ref": "Est", "alerte": "longitude corrigée", "longitude_brute": 157.23444, "ajustement_lon": ""}}, {"type": "Feature", "geometry": {"type": "Point", "coordinates": [156.70194, -8.80806]}, "properties": {"date": "1792-07-09", "section": "Du port du Nord à Amboine.", "page_verso": "534", "page_recto": "535", "source_latitude": "observée", "source_longitude": "corrigée", "vents_etat_du_ciel": "S. S. E. bon frais, nuages.", "barometre_hpa": 1014.4, "thermometre": "20,0", "declinaison_dms": "8.39", "declinaison_ref": "Est", "alerte": "", "longitude_brute": 156.70194, "ajustement_lon": ""}}, {"type": "Feature", "geometry": {"type": "Point", "coordinates": [155.30583, -7.44556]}, "properties": {"date": "1792-07-10", "section": "Du port du Nord à Amboine.", "page_verso": "534", "page_recto": "535", "source_latitude": "observée", "source_longitude": "corrigée", "vents_etat_du_ciel": "S. S. E. joli frais, beau temps.", "barometre_hpa": 1025.6, "thermometre": "21,0", "declinaison_dms": "", "declinaison_ref": "Est", "alerte": "", "longitude_brute": 155.30583, "ajustement_lon": ""}}, {"type": "Feature", "geometry": {"type": "Point", "coordinates": [154.96806, -6.85556]}, "properties": {"date": "1792-07-11", "section": "Du port du Nord à Amboine.", "page_verso": "534", "page_recto": "535", "source_latitude": "observée", "source_longitude": "corrigée", "vents_etat_du_ciel": "De l'E. au S. S. E. foibles, grains.", "barometre_hpa": 1012.3, "thermometre": "21,6", "declinaison_dms": "8.11", "declinaison_ref": "Est", "alerte": "", "longitude_brute": 154.96806, "ajustement_lon": ""}}, {"type": "Feature", "geometry": {"type": "Point", "coordinates": [154.58056, -6.43583]}, "properties": {"date": "1792-07-12", "section": "Du port du Nord à Amboine.", "page_verso": "534", "page_recto": "535", "source_latitude": "observée", "source_longitude": "corrigée", "vents_etat_du_ciel": "S. E., E. S. E. joli frais, temps couvert.", "barometre_hpa": 1013.5, "thermometre": "22,0", "declinaison_dms": "", "declinaison_ref": "Est", "alerte": "", "longitude_brute": 154.58056, "ajustement_lon": ""}}, {"type": "Feature", "geometry": {"type": "Point", "coordinates": [154.50972, -6.18694]}, "properties": {"date": "1792-07-13", "section": "Du port du Nord à Amboine.", "page_verso": "534", "page_recto": "535", "source_latitude": "observée", "source_longitude": "corrigée", "vents_etat_du_ciel": "S. E., E. S. E. variables au N., très-foibles, calme, b. t.", "barometre_hpa": 1015.3, "thermometre": "21,0", "declinaison_dms": "", "declinaison_ref": "Est", "alerte": "", "longitude_brute": 154.50972, "ajustement_lon": ""}}, {"type": "Feature", "geometry": {"type": "Point", "coordinates": [154.43556, -5.69222]}, "properties": {"date": "1792-07-14", "section": "Du port du Nord à Amboine.", "page_verso": "534", "page_recto": "535", "source_latitude": "observée", "source_longitude": "corrigée", "vents_etat_du_ciel": "S. E., E. S. E. foibles, nuages.", "barometre_hpa": 1013.5, "thermometre": "22,0", "declinaison_dms": "", "declinaison_ref": "Est", "alerte": "", "longitude_brute": 154.43556, "ajustement_lon": ""}}, {"type": "Feature", "geometry": {"type": "Point", "coordinates": [154.3975, -4.99472]}, "properties": {"date": "1792-07-15", "section": "Du port du Nord à Amboine.", "page_verso": "534", "page_recto": "535", "source_latitude": "observée", "source_longitude": "corrigée", "vents_etat_du_ciel": "Du S. E. au S. joli frais, beau temps.", "barometre_hpa": 1013.5, "thermometre": "22,0", "declinaison_dms": "6.44", "declinaison_ref": "Est", "alerte": "", "longitude_brute": 154.3975, "ajustement_lon": ""}}, {"type": "Feature", "geometry": {"type": "Point", "coordinates": [154.06333, -4.84778]}, "properties": {"date": "1792-07-16", "section": "Du port du Nord à Amboine.", "page_verso": "534", "page_recto": "535", "source_latitude": "observée", "source_longitude": "corrigée", "vents_etat_du_ciel": "Calme, vents foibles du S. S. E. au S., beau temps.", "barometre_hpa": 1013.5, "thermometre": "22,0", "declinaison_dms": "", "declinaison_ref": "Est", "alerte": "", "longitude_brute": 154.06333, "ajustement_lon": ""}}, {"type": "Feature", "geometry": {"type": "Point", "coordinates": [151.52444, -3.61028]}, "properties": {"date": "1792-07-25", "section": "Du port du Nord à Amboine.", "page_verso": "534", "page_recto": "535", "source_latitude": "observée", "source_longitude": "estimée", "vents_etat_du_ciel": "Du S. E. au S., bon frais, temps pluvieux.", "barometre_hpa": 1014.1, "thermometre": "21,0", "declinaison_dms": "", "declinaison_ref": "Est", "alerte": "longitude estimée", "longitude_brute": 152.08722, "ajustement_lon": -0.563}}, {"type": "Feature", "geometry": {"type": "Point", "coordinates": [150.49833, -2.81389]}, "properties": {"date": "1792-07-26", "section": "Du port du Nord à Amboine.", "page_verso": "534", "page_recto": "535", "source_latitude": "observée", "source_longitude": "corrigée", "vents_etat_du_ciel": "De l'E. S. E. à l'E. petit frais, nuages.", "barometre_hpa": 1012.6, "thermometre": "21,0", "declinaison_dms": "", "declinaison_ref": "Est", "alerte": "longitude corrigée", "longitude_brute": 150.49833, "ajustement_lon": ""}}, {"type": "Feature", "geometry": {"type": "Point", "coordinates": [149.44111, -2.6975]}, "properties": {"date": "1792-07-27", "section": "Du port du Nord à Amboine.", "page_verso": "534", "page_recto": "535", "source_latitude": "observée", "source_longitude": "corrigée", "vents_etat_du_ciel": "Vents variables de l'E. à l'O., grains.", "barometre_hpa": 1012.0, "thermometre": "21,0", "declinaison_dms": "5.58", "declinaison_ref": "Est", "alerte": "", "longitude_brute": 149.44111, "ajustement_lon": ""}}, {"type": "Feature", "geometry": {"type": "Point", "coordinates": [148.08278, -2.37472]}, "properties": {"date": "1792-07-28", "section": "Du port du Nord à Amboine.", "page_verso": "534", "page_recto": "535", "source_latitude": "observée", "source_longitude": "corrigée", "vents_etat_du_ciel": "S. E. petit frais, beau temps.", "barometre_hpa": 1012.0, "thermometre": "22,0", "declinaison_dms": "6.13", "declinaison_ref": "Est", "alerte": "", "longitude_brute": 148.08278, "ajustement_lon": ""}}, {"type": "Feature", "geometry": {"type": "Point", "coordinates": [148.10972, -2.29611]}, "properties": {"date": "1792-07-29", "section": "Du port du Nord à Amboine.", "page_verso": "534", "page_recto": "535", "source_latitude": "observée", "source_longitude": "corrigée", "vents_etat_du_ciel": "S. E. petit frais, nuages.", "barometre_hpa": 1012.0, "thermometre": "22,2", "declinaison_dms": "6.24", "declinaison_ref": "Est", "alerte": "", "longitude_brute": 148.10972, "ajustement_lon": ""}}, {"type": "Feature", "geometry": {"type": "Point", "coordinates": [147.81417, -1.71083]}, "properties": {"date": "1792-07-30", "section": "Du port du Nord à Amboine.", "page_verso": "534", "page_recto": "535", "source_latitude": "observée", "source_longitude": "corrigée", "vents_etat_du_ciel": "Du S. E. au S. foibles, temps couvert, grains.", "barometre_hpa": 1012.3, "thermometre": "21,2", "declinaison_dms": "6.0", "declinaison_ref": "Est", "alerte": "", "longitude_brute": 147.81417, "ajustement_lon": ""}}, {"type": "Feature", "geometry": {"type": "Point", "coordinates": [147.06306, -1.94222]}, "properties": {"date": "1792-07-31", "section": "Du port du Nord à Amboine.", "page_verso": "534", "page_recto": "535", "source_latitude": "observée", "source_longitude": "corrigée", "vents_etat_du_ciel": "S. E. et S. S. E. joli frais, beau temps.", "barometre_hpa": 1014.1, "thermometre": "22,2", "declinaison_dms": "6.10", "declinaison_ref": "Est", "alerte": "", "longitude_brute": 147.06306, "ajustement_lon": ""}}, {"type": "Feature", "geometry": {"type": "Point", "coordinates": [146.61726, -1.93458]}, "properties": {"date": "1792-08-01", "section": "Du port du Nord à Amboine.", "page_verso": "", "page_recto": "", "source_latitude": "", "source_longitude": "", "vents_etat_du_ciel": "", "barometre_hpa": "", "thermometre": "", "declinaison_dms": "", "declinaison_ref": "", "alerte": "position extrapolée : contournement de côte entre le 1792-07-31 et le 1792-08-01 (détour de 8 km)", "longitude_brute": "", "ajustement_lon": "", "extrapole": true, "contournement": true}}, {"type": "Feature", "geometry": {"type": "Point", "coordinates": [146.19222, -2.06917]}, "properties": {"date": "1792-08-01", "section": "Du port du Nord à Amboine.", "page_verso": "534", "page_recto": "535", "source_latitude": "observée", "source_longitude": "corrigée", "vents_etat_du_ciel": "S. E., S., S. S. E. foibles, beau temps.", "barometre_hpa": 1014.4, "thermometre": "22,0", "declinaison_dms": "5.11", "declinaison_ref": "Est", "alerte": "", "longitude_brute": 146.19222, "ajustement_lon": ""}}, {"type": "Feature", "geometry": {"type": "Point", "coordinates": [144.825, -1.49639]}, "properties": {"date": "1792-08-02", "section": "Du port du Nord à Amboine.", "page_verso": "534", "page_recto": "535", "source_latitude": "observée", "source_longitude": "corrigée", "vents_etat_du_ciel": "S. S. E., E. S. E. joli frais, beau temps.", "barometre_hpa": 1014.1, "thermometre": "22,4", "declinaison_dms": "5.11", "declinaison_ref": "Est", "alerte": "", "longitude_brute": 144.825, "ajustement_lon": ""}}, {"type": "Feature", "geometry": {"type": "Point", "coordinates": [144.04944, -1.62639]}, "properties": {"date": "1792-08-03", "section": "Du port du Nord à Amboine.", "page_verso": "534", "page_recto": "535", "source_latitude": "observée", "source_longitude": "corrigée", "vents_etat_du_ciel": "S. E., E. S. E. joli frais, beau temps.", "barometre_hpa": 1014.1, "thermometre": "22,5", "declinaison_dms": "", "declinaison_ref": "Est", "alerte": "", "longitude_brute": 144.04944, "ajustement_lon": ""}}, {"type": "Feature", "geometry": {"type": "Point", "coordinates": [143.29861, -1.68167]}, "properties": {"date": "1792-08-04", "section": "Du port du Nord à Amboine.", "page_verso": "534", "page_recto": "535", "source_latitude": "observée", "source_longitude": "corrigée", "vents_etat_du_ciel": "E. S. E. joli frais, beau temps.", "barometre_hpa": 1013.5, "thermometre": "22,4", "declinaison_dms": "3.19", "declinaison_ref": "Est", "alerte": "", "longitude_brute": 143.29861, "ajustement_lon": ""}}, {"type": "Feature", "geometry": {"type": "Point", "coordinates": [141.6075, -1.22139]}, "properties": {"date": "1792-08-05", "section": "Du port du Nord à Amboine.", "page_verso": "534", "page_recto": "535", "source_latitude": "observée", "source_longitude": "corrigée", "vents_etat_du_ciel": "De l'E. S. E. au N. joli frais, beau temps.", "barometre_hpa": 1013.5, "thermometre": "22,4", "declinaison_dms": "3.19", "declinaison_ref": "Est", "alerte": "", "longitude_brute": 141.6075, "ajustement_lon": ""}}, {"type": "Feature", "geometry": {"type": "Point", "coordinates": [140.03056, -0.72111]}, "properties": {"date": "1792-08-06", "section": "Du port du Nord à Amboine.", "page_verso": "534", "page_recto": "535", "source_latitude": "observée", "source_longitude": "corrigée", "vents_etat_du_ciel": "De l'E. S. E. au N. joli frais, beau temps.", "barometre_hpa": 1016.5, "thermometre": "23,0", "declinaison_dms": "3.50", "declinaison_ref": "Est", "alerte": "", "longitude_brute": 140.03056, "ajustement_lon": ""}}, {"type": "Feature", "geometry": {"type": "Point", "coordinates": [138.94694, -0.29833]}, "properties": {"date": "1792-08-07", "section": "Du port du Nord à Amboine.", "page_verso": "534", "page_recto": "535", "source_latitude": "observée", "source_longitude": "corrigée", "vents_etat_du_ciel": "De l'E. au S. E. joli frais, temps couvert.", "barometre_hpa": 1014.7, "thermometre": "23,2", "declinaison_dms": "3.36", "declinaison_ref": "Est", "alerte": "", "longitude_brute": 138.94694, "ajustement_lon": ""}}, {"type": "Feature", "geometry": {"type": "Point", "coordinates": [138.16222, -0.04694]}, "properties": {"date": "1792-08-08", "section": "Du port du Nord à Amboine.", "page_verso": "534", "page_recto": "535", "source_latitude": "observée", "source_longitude": "corrigée", "vents_etat_du_ciel": "De l'E. au S. petit frais, nuages.", "barometre_hpa": 1014.1, "thermometre": "23,2", "declinaison_dms": "3.54", "declinaison_ref": "Est", "alerte": "", "longitude_brute": 138.16222, "ajustement_lon": ""}}, {"type": "Feature", "geometry": {"type": "Point", "coordinates": [137.56806, 0.12278]}, "properties": {"date": "1792-08-09", "section": "Du port du Nord à Amboine.", "page_verso": "534", "page_recto": "535", "source_latitude": "observée", "source_longitude": "corrigée", "vents_etat_du_ciel": "De l'E. N. E. au S. E., très-foibles ; on a vu des trombes.", "barometre_hpa": 1015.3, "thermometre": "23,0", "declinaison_dms": "2.42", "declinaison_ref": "Est", "alerte": "", "longitude_brute": 137.56806, "ajustement_lon": ""}}, {"type": "Feature", "geometry": {"type": "Point", "coordinates": [136.86889, 0.3125]}, "properties": {"date": "1792-08-10", "section": "Du port du Nord à Amboine.", "page_verso": "534", "page_recto": "535", "source_latitude": "observée", "source_longitude": "corrigée", "vents_etat_du_ciel": "E. très-foible, beau temps.", "barometre_hpa": 1015.9, "thermometre": "24,2", "declinaison_dms": "2.39", "declinaison_ref": "Est", "alerte": "", "longitude_brute": 136.86889, "ajustement_lon": ""}}, {"type": "Feature", "geometry": {"type": "Point", "coordinates": [136.24028, 0.43694]}, "properties": {"date": "1792-08-11", "section": "Du port du Nord à Amboine.", "page_verso": "534", "page_recto": "535", "source_latitude": "observée", "source_longitude": "corrigée", "vents_etat_du_ciel": "Du S. au S. S. E. foibles, intervalles de calme, t. couv.", "barometre_hpa": 1014.4, "thermometre": "23,7", "declinaison_dms": "", "declinaison_ref": "Est", "alerte": "", "longitude_brute": 136.24028, "ajustement_lon": ""}}, {"type": "Feature", "geometry": {"type": "Point", "coordinates": [135.75833, 0.18444]}, "properties": {"date": "1792-08-12", "section": "Du port du Nord à Amboine.", "page_verso": "534", "page_recto": "535", "source_latitude": "observée", "source_longitude": "corrigée", "vents_etat_du_ciel": "Vents foibles, très-variables du S. E. à l'O. pluie.", "barometre_hpa": 1015.0, "thermometre": "23,0", "declinaison_dms": "", "declinaison_ref": "Est", "alerte": "", "longitude_brute": 135.75833, "ajustement_lon": ""}}, {"type": "Feature", "geometry": {"type": "Point", "coordinates": [135.75417, -0.08806]}, "properties": {"date": "1792-08-13", "section": "Du port du Nord à Amboine.", "page_verso": "534", "page_recto": "535", "source_latitude": "observée", "source_longitude": "corrigée", "vents_etat_du_ciel": "De l'O. N. O. au S. O. foibles, nuages.", "barometre_hpa": 1013.5, "thermometre": "24,0", "declinaison_dms": "2.38", "declinaison_ref": "Est", "alerte": "", "longitude_brute": 135.75417, "ajustement_lon": ""}}, {"type": "Feature", "geometry": {"type": "Point", "coordinates": [135.375, -0.11861]}, "properties": {"date": "1792-08-14", "section": "Du port du Nord à Amboine.", "page_verso": "534", "page_recto": "535", "source_latitude": "observée", "source_longitude": "corrigée", "vents_etat_du_ciel": "Très-variables de l'O. au S. S. E. temps couvert.", "barometre_hpa": 1015.3, "thermometre": "23,2", "declinaison_dms": "2.19", "declinaison_ref": "Est", "alerte": "", "longitude_brute": 135.375, "ajustement_lon": ""}}, {"type": "Feature", "geometry": {"type": "Point", "coordinates": [134.48083, 0.14639]}, "properties": {"date": "1792-08-15", "section": "Du port du Nord à Amboine.", "page_verso": "534", "page_recto": "535", "source_latitude": "observée", "source_longitude": "corrigée", "vents_etat_du_ciel": "Très-variables du N. O. au S. S. E. nuages.", "barometre_hpa": 1015.9, "thermometre": "23,0", "declinaison_dms": "2.24", "declinaison_ref": "Est", "alerte": "", "longitude_brute": 134.48083, "ajustement_lon": ""}}, {"type": "Feature", "geometry": {"type": "Point", "coordinates": [134.19694, 0.2675]}, "properties": {"date": "1792-08-16", "section": "Du port du Nord à Amboine.", "page_verso": "534", "page_recto": "535", "source_latitude": "observée", "source_longitude": "corrigée", "vents_etat_du_ciel": "Du S. S. E. à l'E. S. E. foibles, interv. de calme, nuages.", "barometre_hpa": 1014.4, "thermometre": "23,5", "declinaison_dms": "2.20", "declinaison_ref": "Est", "alerte": "", "longitude_brute": 134.19694, "ajustement_lon": ""}}, {"type": "Feature", "geometry": {"type": "Point", "coordinates": [133.9875, 0.13889]}, "properties": {"date": "1792-08-17", "section": "Du port du Nord à Amboine.", "page_verso": "536", "page_recto": "537", "source_latitude": "observée", "source_longitude": "corrigée", "vents_etat_du_ciel": "Très-var. du N. N. E. à l'O. N. O. et très-foibl. nuag.", "barometre_hpa": 1014.4, "thermometre": "23,0", "declinaison_dms": "2.11", "declinaison_ref": "Est", "alerte": "", "longitude_brute": 133.9875, "ajustement_lon": ""}}, {"type": "Feature", "geometry": {"type": "Point", "coordinates": [133.32028, -0.28333]}, "properties": {"date": "1792-08-18", "section": "Du port du Nord à Amboine.", "page_verso": "536", "page_recto": "537", "source_latitude": "estimée", "source_longitude": "estimée", "vents_etat_du_ciel": "Vents très-variables et très-foibles, temps orageux.", "barometre_hpa": 1016.5, "thermometre": "21,5", "declinaison_dms": "1.41", "declinaison_ref": "Est", "alerte": "longitude estimée", "longitude_brute": 134.18722, "ajustement_lon": -0.867}}, {"type": "Feature", "geometry": {"type": "Point", "coordinates": [133.075, -0.28389]}, "properties": {"date": "1792-08-19", "section": "Du port du Nord à Amboine.", "page_verso": "536", "page_recto": "537", "source_latitude": "observée", "source_longitude": "corrigée", "vents_etat_du_ciel": "Vents très-variables et très-foibles, temps couvert.", "barometre_hpa": 1015.0, "thermometre": "23,0", "declinaison_dms": "", "declinaison_ref": "Est", "alerte": "longitude corrigée", "longitude_brute": 133.075, "ajustement_lon": ""}}, {"type": "Feature", "geometry": {"type": "Point", "coordinates": [132.61722, -0.25444]}, "properties": {"date": "1792-08-20", "section": "Du port du Nord à Amboine.", "page_verso": "536", "page_recto": "537", "source_latitude": "observée", "source_longitude": "corrigée", "vents_etat_du_ciel": "Var. du N. N. O. à l'E. et au S. S. E. très-foibles, t. couv.", "barometre_hpa": 1015.0, "thermometre": "23,0", "declinaison_dms": "1.27", "declinaison_ref": "Est", "alerte": "", "longitude_brute": 132.61722, "ajustement_lon": ""}}, {"type": "Feature", "geometry": {"type": "Point", "coordinates": [132.30889, -0.23389]}, "properties": {"date": "1792-08-21", "section": "Du port du Nord à Amboine.", "page_verso": "536", "page_recto": "537", "source_latitude": "observée", "source_longitude": "corrigée", "vents_etat_du_ciel": "De l'O. N. O. au S. E. et au N. N. E. très-foibles, beau t.", "barometre_hpa": 1013.5, "thermometre": "23,0", "declinaison_dms": "1.9", "declinaison_ref": "Est", "alerte": "", "longitude_brute": 132.30889, "ajustement_lon": ""}}, {"type": "Feature", "geometry": {"type": "Point", "coordinates": [131.64306, -0.48694]}, "properties": {"date": "1792-08-22", "section": "Du port du Nord à Amboine.", "page_verso": "536", "page_recto": "537", "source_latitude": "observée", "source_longitude": "corrigée", "vents_etat_du_ciel": "Du N. N. E. au S. S. E. et S. S. O. très-foibles, beau t.", "barometre_hpa": 1014.1, "thermometre": "23,0", "declinaison_dms": "2.7", "declinaison_ref": "Est", "alerte": "", "longitude_brute": 131.64306, "ajustement_lon": ""}}, {"type": "Feature", "geometry": {"type": "Point", "coordinates": [131.19889, -0.7525]}, "properties": {"date": "1792-08-23", "section": "Du port du Nord à Amboine.", "page_verso": "536", "page_recto": "537", "source_latitude": "observée", "source_longitude": "corrigée", "vents_etat_du_ciel": "Du S. S. O. au S. S. E. petit frais, beau temps.", "barometre_hpa": 1015.0, "thermometre": "22,0", "declinaison_dms": "0.47", "declinaison_ref": "Est", "alerte": "", "longitude_brute": 131.19889, "ajustement_lon": ""}}, {"type": "Feature", "geometry": {"type": "Point", "coordinates": [130.66667, -0.9375]}, "properties": {"date": "1792-08-24", "section": "Du port du Nord à Amboine.", "page_verso": "536", "page_recto": "537", "source_latitude": "observée", "source_longitude": "corrigée", "vents_etat_du_ciel": "Très-var. de l'O. S. O. au S. et au N. E. très-foibles, beau t.", "barometre_hpa": 1015.6, "thermometre": "21,5", "declinaison_dms": "0.29", "declinaison_ref": "Est", "alerte": "", "longitude_brute": 130.66667, "ajustement_lon": ""}}, {"type": "Feature", "geometry": {"type": "Point", "coordinates": [129.99167, -1.3175]}, "properties": {"date": "1792-08-25", "section": "Du port du Nord à Amboine.", "page_verso": "536", "page_recto": "537", "source_latitude": "observée", "source_longitude": "corrigée", "vents_etat_du_ciel": "Du S. E. au S. petit frais, beau temps.", "barometre_hpa": 1013.5, "thermometre": "21,0", "declinaison_dms": "0.51", "declinaison_ref": "Est", "alerte": "", "longitude_brute": 129.99167, "ajustement_lon": ""}}, {"type": "Feature", "geometry": {"type": "Point", "coordinates": [129.59667, -1.68806]}, "properties": {"date": "1792-08-26", "section": "Du port du Nord à Amboine.", "page_verso": "536", "page_recto": "537", "source_latitude": "observée", "source_longitude": "corrigée", "vents_etat_du_ciel": "Calme, du N. à l'E. et au S. très-foibles, beau temps.", "barometre_hpa": 1015.9, "thermometre": "21,8", "declinaison_dms": "0.30", "declinaison_ref": "Est", "alerte": "", "longitude_brute": 129.59667, "ajustement_lon": ""}}, {"type": "Feature", "geometry": {"type": "Point", "coordinates": [129.18917, -1.98667]}, "properties": {"date": "1792-08-27", "section": "Du port du Nord à Amboine.", "page_verso": "536", "page_recto": "537", "source_latitude": "observée", "source_longitude": "corrigée", "vents_etat_du_ciel": "Variables de l'O. au S. S. E. et foibles, beau temps.", "barometre_hpa": 1016.2, "thermometre": "22,5", "declinaison_dms": "1.21", "declinaison_ref": "Est", "alerte": "", "longitude_brute": 129.18917, "ajustement_lon": ""}}, {"type": "Feature", "geometry": {"type": "Point", "coordinates": [129.32806, -2.325]}, "properties": {"date": "1792-08-28", "section": "Du port du Nord à Amboine.", "page_verso": "536", "page_recto": "537", "source_latitude": "observée", "source_longitude": "corrigée", "vents_etat_du_ciel": "O., N. E., E. S. E., S. O. foibles, beau temps.", "barometre_hpa": 1015.0, "thermometre": "22,0", "declinaison_dms": "0.13", "declinaison_ref": "Est", "alerte": "", "longitude_brute": 129.32806, "ajustement_lon": ""}}, {"type": "Feature", "geometry": {"type": "Point", "coordinates": [129.32083, -2.48833]}, "properties": {"date": "1792-08-29", "section": "Du port du Nord à Amboine.", "page_verso": "536", "page_recto": "537", "source_latitude": "observée", "source_longitude": "corrigée", "vents_etat_du_ciel": "Calme, O. N. O., N. E., E. S. E. très-foibles, beau t.", "barometre_hpa": 1016.5, "thermometre": "22,5", "declinaison_dms": "1.12", "declinaison_ref": "Est", "alerte": "", "longitude_brute": 129.32083, "ajustement_lon": ""}}, {"type": "Feature", "geometry": {"type": "Point", "coordinates": [129.20639, -2.63667]}, "properties": {"date": "1792-08-30", "section": "Du port du Nord à Amboine.", "page_verso": "536", "page_recto": "537", "source_latitude": "observée", "source_longitude": "corrigée", "vents_etat_du_ciel": "Calme, vents très-variables et très-foibles, nuages.", "barometre_hpa": 1016.5, "thermometre": "22,0", "declinaison_dms": "0.52", "declinaison_ref": "Est", "alerte": "", "longitude_brute": 129.20639, "ajustement_lon": ""}}, {"type": "Feature", "geometry": {"type": "Point", "coordinates": [128.905, -2.68333]}, "properties": {"date": "1792-08-31", "section": "Du port du Nord à Amboine.", "page_verso": "536", "page_recto": "537", "source_latitude": "observée", "source_longitude": "corrigée", "vents_etat_du_ciel": "Très-variables et très-foibles, temps couvert.", "barometre_hpa": 1016.2, "thermometre": "22,0", "declinaison_dms": "1.43", "declinaison_ref": "Est", "alerte": "", "longitude_brute": 128.905, "ajustement_lon": ""}}, {"type": "Feature", "geometry": {"type": "Point", "coordinates": [127.6525, -2.75639]}, "properties": {"date": "1792-09-01", "section": "Du port du Nord à Amboine.", "page_verso": "536", "page_recto": "537", "source_latitude": "observée", "source_longitude": "corrigée", "vents_etat_du_ciel": "Très-variables et très-foibles, beau temps.", "barometre_hpa": 1015.0, "thermometre": "22,3", "declinaison_dms": "1.9", "declinaison_ref": "Est", "alerte": "", "longitude_brute": 127.6525, "ajustement_lon": ""}}, {"type": "Feature", "geometry": {"type": "Point", "coordinates": [128.19194, -2.8475]}, "properties": {"date": "1792-09-02", "section": "Du port du Nord à Amboine.", "page_verso": "536", "page_recto": "537", "source_latitude": "observée", "source_longitude": "corrigée", "vents_etat_du_ciel": "Très-variables et très-foibles, beau temps.", "barometre_hpa": 1015.3, "thermometre": "22,5", "declinaison_dms": "1.5", "declinaison_ref": "Est", "alerte": "", "longitude_brute": 128.19194, "ajustement_lon": ""}}, {"type": "Feature", "geometry": {"type": "Point", "coordinates": [128.02325, -2.93601]}, "properties": {"date": "1792-09-03", "section": "Du port du Nord à Amboine.", "page_verso": "", "page_recto": "", "source_latitude": "", "source_longitude": "", "vents_etat_du_ciel": "", "barometre_hpa": "", "thermometre": "", "declinaison_dms": "", "declinaison_ref": "", "alerte": "position extrapolée : contournement de côte entre le 1792-09-02 et le 1792-09-03 (détour de 5 km)", "longitude_brute": "", "ajustement_lon": "", "renfloue": "", "extrapole": true, "contournement": true}}, {"type": "Feature", "geometry": {"type": "Point", "coordinates": [127.7949, -3.1967]}, "properties": {"date": "1792-09-03", "section": "Du port du Nord à Amboine.", "page_verso": "536", "page_recto": "537", "source_latitude": "observée", "source_longitude": "corrigée", "vents_etat_du_ciel": "O. N. O., O. S. O., S., S. S. E., très-foibles, beau temps.", "barometre_hpa": 1015.3, "thermometre": "22,0", "declinaison_dms": "1.7", "declinaison_ref": "Est", "alerte": "", "longitude_brute": 127.77694, "ajustement_lon": "", "renfloue": "position décalée de 2 km vers le large : le trait de côte employé par la carte, au 1/10 000 000, ne dessine pas ce mouillage, et la position relevée y tombait en pleine terre. Le relevé lui-même n'est pas en cause"}}, {"type": "Feature", "geometry": {"type": "Point", "coordinates": [127.84972, -3.56389]}, "properties": {"date": "1792-09-04", "section": "Du port du Nord à Amboine.", "page_verso": "536", "page_recto": "537", "source_latitude": "observée", "source_longitude": "corrigée", "vents_etat_du_ciel": "Du S. S. O. au S. S. E. très-foibles, calme, beau temps.", "barometre_hpa": 1015.9, "thermometre": "22,0", "declinaison_dms": "0.49", "declinaison_ref": "Est", "alerte": "", "longitude_brute": 127.84972, "ajustement_lon": ""}}, {"type": "Feature", "geometry": {"type": "Point", "coordinates": [127.94694, -3.82306]}, "properties": {"date": "1792-09-05", "section": "Du port du Nord à Amboine.", "page_verso": "536", "page_recto": "537", "source_latitude": "observée", "source_longitude": "corrigée", "vents_etat_du_ciel": "S. S. E., S. petit frais, beau temps.", "barometre_hpa": 1016.5, "thermometre": "22,5", "declinaison_dms": "0.49", "declinaison_ref": "Est", "alerte": "", "longitude_brute": 127.94694, "ajustement_lon": ""}}, {"type": "Feature", "geometry": {"type": "Point", "coordinates": [127.88111, -3.83417]}, "properties": {"date": "1792-10-13", "section": "D'Amboine au port de l'Espérance.", "page_verso": "536", "page_recto": "537", "source_latitude": "observée", "source_longitude": "montre", "vents_etat_du_ciel": "S. E., S. très-foibles, beau temps.", "barometre_hpa": 1014.1, "thermometre": "21,9", "declinaison_dms": "1.13", "declinaison_ref": "Ouest", "alerte": "", "longitude_brute": 127.88111, "ajustement_lon": ""}}, {"type": "Feature", "geometry": {"type": "Point", "coordinates": [127.16389, -4.49583]}, "properties": {"date": "1792-10-14", "section": "D'Amboine au port de l'Espérance.", "page_verso": "536", "page_recto": "537", "source_latitude": "observée", "source_longitude": "montre", "vents_etat_du_ciel": "E. S. E., S. E. foibles, beau temps.", "barometre_hpa": 1015.9, "thermometre": "22,0", "declinaison_dms": "0.37", "declinaison_ref": "Ouest", "alerte": "", "longitude_brute": 127.16389, "ajustement_lon": ""}}, {"type": "Feature", "geometry": {"type": "Point", "coordinates": [126.47694, -5.40306]}, "properties": {"date": "1792-10-15", "section": "D'Amboine au port de l'Espérance.", "page_verso": "536", "page_recto": "537", "source_latitude": "observée", "source_longitude": "montre", "vents_etat_du_ciel": "S. E., E. S. E. petit frais, nuages.", "barometre_hpa": 1016.5, "thermometre": "22,2", "declinaison_dms": "0.16", "declinaison_ref": "Est", "alerte": "", "longitude_brute": 126.47694, "ajustement_lon": ""}}, {"type": "Feature", "geometry": {"type": "Point", "coordinates": [125.70139, -6.22417]}, "properties": {"date": "1792-10-16", "section": "D'Amboine au port de l'Espérance.", "page_verso": "536", "page_recto": "537", "source_latitude": "observée", "source_longitude": "montre", "vents_etat_du_ciel": "E. S. E., S. E. joli frais, nuages.", "barometre_hpa": 1015.0, "thermometre": "22,0", "declinaison_dms": "0.7", "declinaison_ref": "Est", "alerte": "", "longitude_brute": 125.70139, "ajustement_lon": ""}}, {"type": "Feature", "geometry": {"type": "Point", "coordinates": [125.32361, -7.06472]}, "properties": {"date": "1792-10-17", "section": "D'Amboine au port de l'Espérance.", "page_verso": "536", "page_recto": "537", "source_latitude": "observée", "source_longitude": "estimée", "vents_etat_du_ciel": "De l'E. S. E. au S. et S. S. O. très-foibles, beau temps.", "barometre_hpa": 1014.7, "thermometre": "22,5", "declinaison_dms": "0.33", "declinaison_ref": "Ouest", "alerte": "longitude estimée", "longitude_brute": 126.43722, "ajustement_lon": -1.114}}, {"type": "Feature", "geometry": {"type": "Point", "coordinates": [125.22361, -7.40806]}, "properties": {"date": "1792-10-18", "section": "D'Amboine au port de l'Espérance.", "page_verso": "536", "page_recto": "537", "source_latitude": "observée", "source_longitude": "montre", "vents_etat_du_ciel": "Très-variables et très-foibles, calme, beau temps.", "barometre_hpa": 1016.5, "thermometre": "23,0", "declinaison_dms": "0.4", "declinaison_ref": "Ouest", "alerte": "longitude montre", "longitude_brute": 125.22361, "ajustement_lon": ""}}, {"type": "Feature", "geometry": {"type": "Point", "coordinates": [125.31278, -8.23889]}, "properties": {"date": "1792-10-19", "section": "D'Amboine au port de l'Espérance.", "page_verso": "536", "page_recto": "537", "source_latitude": "observée", "source_longitude": "montre", "vents_etat_du_ciel": "De l'E. N. E au S. E. foibles, beau temps.", "barometre_hpa": 1016.2, "thermometre": "22,5", "declinaison_dms": "1.43", "declinaison_ref": "Ouest", "alerte": "", "longitude_brute": 125.31278, "ajustement_lon": ""}}, {"type": "Feature", "geometry": {"type": "Point", "coordinates": [124.80472, -8.78917]}, "properties": {"date": "1792-10-20", "section": "D'Amboine au port de l'Espérance.", "page_verso": "536", "page_recto": "537", "source_latitude": "observée", "source_longitude": "montre", "vents_etat_du_ciel": "N. E., E. S. E. très-foibles, beau temps.", "barometre_hpa": 1015.0, "thermometre": "22,2", "declinaison_dms": "1.40", "declinaison_ref": "Ouest", "alerte": "", "longitude_brute": 124.80472, "ajustement_lon": ""}}, {"type": "Feature", "geometry": {"type": "Point", "coordinates": [124.56083, -9.05389]}, "properties": {"date": "1792-10-21", "section": "D'Amboine au port de l'Espérance.", "page_verso": "536", "page_recto": "537", "source_latitude": "observée", "source_longitude": "montre", "vents_etat_du_ciel": "Très-variables et très-foibles, calme, beau temps.", "barometre_hpa": 1013.5, "thermometre": "22,0", "declinaison_dms": "0.32", "declinaison_ref": "Ouest", "alerte": "", "longitude_brute": 124.56083, "ajustement_lon": ""}}, {"type": "Feature", "geometry": {"type": "Point", "coordinates": [124.15833, -9.21361]}, "properties": {"date": "1792-10-22", "section": "D'Amboine au port de l'Espérance.", "page_verso": "536", "page_recto": "537", "source_latitude": "observée", "source_longitude": "montre", "vents_etat_du_ciel": "Très-variables et très-foibles, calme, beau temps.", "barometre_hpa": 1015.0, "thermometre": "22,0", "declinaison_dms": "0.30", "declinaison_ref": "Ouest", "alerte": "", "longitude_brute": 124.15833, "ajustement_lon": ""}}, {"type": "Feature", "geometry": {"type": "Point", "coordinates": [123.62056, -9.31667]}, "properties": {"date": "1792-10-23", "section": "D'Amboine au port de l'Espérance.", "page_verso": "536", "page_recto": "537", "source_latitude": "observée", "source_longitude": "montre", "vents_etat_du_ciel": "Du N. N. O. au S. O. très-foibles, beau temps.", "barometre_hpa": 1015.0, "thermometre": "22,6", "declinaison_dms": "0.29", "declinaison_ref": "Ouest", "alerte": "", "longitude_brute": 123.62056, "ajustement_lon": ""}}, {"type": "Feature", "geometry": {"type": "Point", "coordinates": [122.92056, -9.71]}, "properties": {"date": "1792-10-24", "section": "D'Amboine au port de l'Espérance.", "page_verso": "536", "page_recto": "537", "source_latitude": "observée", "source_longitude": "montre", "vents_etat_du_ciel": "De l'O. N. O. au S. O. très-foibles, calme, beau temps.", "barometre_hpa": 1015.6, "thermometre": "23,0", "declinaison_dms": "0.58", "declinaison_ref": "Ouest", "alerte": "", "longitude_brute": 122.92056, "ajustement_lon": ""}}, {"type": "Feature", "geometry": {"type": "Point", "coordinates": [122.29944, -10.07583]}, "properties": {"date": "1792-10-25", "section": "D'Amboine au port de l'Espérance.", "page_verso": "536", "page_recto": "537", "source_latitude": "observée", "source_longitude": "montre", "vents_etat_du_ciel": "De l'O. S. O. au S. O. très-foibles, calme, beau temps.", "barometre_hpa": 1018.0, "thermometre": "23,0", "declinaison_dms": "1.45", "declinaison_ref": "Ouest", "alerte": "", "longitude_brute": 122.29944, "ajustement_lon": ""}}, {"type": "Feature", "geometry": {"type": "Point", "coordinates": [121.69861, -10.43278]}, "properties": {"date": "1792-10-26", "section": "D'Amboine au port de l'Espérance.", "page_verso": "536", "page_recto": "537", "source_latitude": "observée", "source_longitude": "montre", "vents_etat_du_ciel": "De l'O. N. O. au S. et E. S. E. très-foibles, beau temps.", "barometre_hpa": 1019.0, "thermometre": "24,0", "declinaison_dms": "0.55", "declinaison_ref": "Ouest", "alerte": "", "longitude_brute": 121.69861, "ajustement_lon": ""}}, {"type": "Feature", "geometry": {"type": "Point", "coordinates": [120.91722, -10.70833]}, "properties": {"date": "1792-10-27", "section": "D'Amboine au port de l'Espérance.", "page_verso": "536", "page_recto": "537", "source_latitude": "observée", "source_longitude": "montre", "vents_etat_du_ciel": "De l'O. N. O. au S. et E. S. E très-foibles, beau temps.", "barometre_hpa": 1019.0, "thermometre": "24,5", "declinaison_dms": "1.7", "declinaison_ref": "Ouest", "alerte": "", "longitude_brute": 120.91722, "ajustement_lon": ""}}, {"type": "Feature", "geometry": {"type": "Point", "coordinates": [120.16917, -10.85278]}, "properties": {"date": "1792-10-28", "section": "D'Amboine au port de l'Espérance.", "page_verso": "538", "page_recto": "539", "source_latitude": "observée", "source_longitude": "montre", "vents_etat_du_ciel": "Du S. E. au S. et S. O. très-foibles, beau temps.", "barometre_hpa": 1016.5, "thermometre": "22,5", "declinaison_dms": "1.18", "declinaison_ref": "Ouest", "alerte": "", "longitude_brute": 120.16917, "ajustement_lon": ""}}, {"type": "Feature", "geometry": {"type": "Point", "coordinates": [119.44889, -11.06028]}, "properties": {"date": "1792-10-29", "section": "D'Amboine au port de l'Espérance.", "page_verso": "538", "page_recto": "539", "source_latitude": "observée", "source_longitude": "montre", "vents_etat_du_ciel": "Variables du S. S. E. au S. S. O. très-foibles, beau temps.", "barometre_hpa": 1016.5, "thermometre": "22,3", "declinaison_dms": "2.28", "declinaison_ref": "Ouest", "alerte": "", "longitude_brute": 119.44889, "ajustement_lon": ""}}, {"type": "Feature", "geometry": {"type": "Point", "coordinates": [119.17194, -11.35417]}, "properties": {"date": "1792-10-30", "section": "D'Amboine au port de l'Espérance.", "page_verso": "538", "page_recto": "539", "source_latitude": "observée", "source_longitude": "montre", "vents_etat_du_ciel": "Du S. O. au S. S. E. foibles, beau temps.", "barometre_hpa": 1016.5, "thermometre": "23,0", "declinaison_dms": "1.58", "declinaison_ref": "Ouest", "alerte": "", "longitude_brute": 119.17194, "ajustement_lon": ""}}, {"type": "Feature", "geometry": {"type": "Point", "coordinates": [118.30667, -11.7925]}, "properties": {"date": "1792-10-31", "section": "D'Amboine au port de l'Espérance.", "page_verso": "538", "page_recto": "539", "source_latitude": "observée", "source_longitude": "montre", "vents_etat_du_ciel": "Du S. E. au S. très-foibles, beau temps.", "barometre_hpa": 1018.0, "thermometre": "23,0", "declinaison_dms": "1.30", "declinaison_ref": "Ouest", "alerte": "", "longitude_brute": 118.30667, "ajustement_lon": ""}}, {"type": "Feature", "geometry": {"type": "Point", "coordinates": [117.51861, -12.21667]}, "properties": {"date": "1792-11-01", "section": "D'Amboine au port de l'Espérance.", "page_verso": "538", "page_recto": "539", "source_latitude": "observée", "source_longitude": "montre", "vents_etat_du_ciel": "S. S. E., S. E. foibles, beau temps.", "barometre_hpa": 1017.4, "thermometre": "23,0", "declinaison_dms": "1.25", "declinaison_ref": "Ouest", "alerte": "", "longitude_brute": 117.51861, "ajustement_lon": ""}}, {"type": "Feature", "geometry": {"type": "Point", "coordinates": [116.66222, -12.55]}, "properties": {"date": "1792-11-02", "section": "D'Amboine au port de l'Espérance.", "page_verso": "538", "page_recto": "539", "source_latitude": "observée", "source_longitude": "montre", "vents_etat_du_ciel": "Du S. E. au S. foibles, beau temps.", "barometre_hpa": 1018.0, "thermometre": "24,0", "declinaison_dms": "1.33", "declinaison_ref": "Ouest", "alerte": "", "longitude_brute": 116.66222, "ajustement_lon": ""}}, {"type": "Feature", "geometry": {"type": "Point", "coordinates": [116.33833, -12.57278]}, "properties": {"date": "1792-11-03", "section": "D'Amboine au port de l'Espérance.", "page_verso": "538", "page_recto": "539", "source_latitude": "observée", "source_longitude": "montre", "vents_etat_du_ciel": "Du S. à l'E. S. E. foibles, nuages.", "barometre_hpa": 1016.5, "thermometre": "23,5", "declinaison_dms": "1.38", "declinaison_ref": "Ouest", "alerte": "", "longitude_brute": 116.33833, "ajustement_lon": ""}}, {"type": "Feature", "geometry": {"type": "Point", "coordinates": [115.1175, -13.43139]}, "properties": {"date": "1792-11-04", "section": "D'Amboine au port de l'Espérance.", "page_verso": "538", "page_recto": "539", "source_latitude": "observée", "source_longitude": "montre", "vents_etat_du_ciel": "De l'E. au S. E. petit frais, beau temps.", "barometre_hpa": 1018.4, "thermometre": "23,7", "declinaison_dms": "1.43", "declinaison_ref": "Ouest", "alerte": "", "longitude_brute": 115.1175, "ajustement_lon": ""}}, {"type": "Feature", "geometry": {"type": "Point", "coordinates": [114.16611, -14.95194]}, "properties": {"date": "1792-11-05", "section": "D'Amboine au port de l'Espérance.", "page_verso": "538", "page_recto": "539", "source_latitude": "observée", "source_longitude": "montre", "vents_etat_du_ciel": "Du S. E. à l'E. petit frais, beau temps.", "barometre_hpa": 1016.5, "thermometre": "23,0", "declinaison_dms": "3.1", "declinaison_ref": "Ouest", "alerte": "", "longitude_brute": 114.16611, "ajustement_lon": ""}}, {"type": "Feature", "geometry": {"type": "Point", "coordinates": [113.59278, -15.98667]}, "properties": {"date": "1792-11-06", "section": "D'Amboine au port de l'Espérance.", "page_verso": "538", "page_recto": "539", "source_latitude": "observée", "source_longitude": "montre", "vents_etat_du_ciel": "De l'E. au S. E. petit frais, nuages.", "barometre_hpa": 1018.0, "thermometre": "22,0", "declinaison_dms": "", "declinaison_ref": "Ouest", "alerte": "", "longitude_brute": 113.59278, "ajustement_lon": ""}}, {"type": "Feature", "geometry": {"type": "Point", "coordinates": [112.67722, -16.75389]}, "properties": {"date": "1792-11-07", "section": "D'Amboine au port de l'Espérance.", "page_verso": "538", "page_recto": "539", "source_latitude": "observée", "source_longitude": "montre", "vents_etat_du_ciel": "De l'E. S. E. au S. petit frais, beau temps.", "barometre_hpa": 1016.5, "thermometre": "22,0", "declinaison_dms": "2.33", "declinaison_ref": "Ouest", "alerte": "", "longitude_brute": 112.67722, "ajustement_lon": ""}}, {"type": "Feature", "geometry": {"type": "Point", "coordinates": [111.45167, -17.21667]}, "properties": {"date": "1792-11-08", "section": "D'Amboine au port de l'Espérance.", "page_verso": "538", "page_recto": "539", "source_latitude": "observée", "source_longitude": "montre", "vents_etat_du_ciel": "S. S. E., S. joli frais, beau temps.", "barometre_hpa": 1016.5, "thermometre": "20,2", "declinaison_dms": "3.14", "declinaison_ref": "Ouest", "alerte": "", "longitude_brute": 111.45167, "ajustement_lon": ""}}, {"type": "Feature", "geometry": {"type": "Point", "coordinates": [110.00972, -17.78389]}, "properties": {"date": "1792-11-09", "section": "D'Amboine au port de l'Espérance.", "page_verso": "538", "page_recto": "539", "source_latitude": "observée", "source_longitude": "montre", "vents_etat_du_ciel": "S. S. E. bon frais, beau temps.", "barometre_hpa": 1018.0, "thermometre": "19,0", "declinaison_dms": "3.12", "declinaison_ref": "Ouest", "alerte": "", "longitude_brute": 110.00972, "ajustement_lon": ""}}, {"type": "Feature", "geometry": {"type": "Point", "coordinates": [109.1175, -18.07056]}, "properties": {"date": "1792-11-10", "section": "D'Amboine au port de l'Espérance.", "page_verso": "538", "page_recto": "539", "source_latitude": "observée", "source_longitude": "montre", "vents_etat_du_ciel": "S. S. E. joli frais, beau temps.", "barometre_hpa": 1017.4, "thermometre": "19,4", "declinaison_dms": "2.42", "declinaison_ref": "Ouest", "alerte": "", "longitude_brute": 109.1175, "ajustement_lon": ""}}, {"type": "Feature", "geometry": {"type": "Point", "coordinates": [108.60278, -18.07111]}, "properties": {"date": "1792-11-11", "section": "D'Amboine au port de l'Espérance.", "page_verso": "538", "page_recto": "539", "source_latitude": "observée", "source_longitude": "montre", "vents_etat_du_ciel": "S. E., S. S. E. foibles, nuages.", "barometre_hpa": 1019.6, "thermometre": "19,5", "declinaison_dms": "3.52", "declinaison_ref": "Ouest", "alerte": "", "longitude_brute": 108.60278, "ajustement_lon": ""}}, {"type": "Feature", "geometry": {"type": "Point", "coordinates": [108.105, -18.64389]}, "properties": {"date": "1792-11-12", "section": "D'Amboine au port de l'Espérance.", "page_verso": "538", "page_recto": "539", "source_latitude": "observée", "source_longitude": "montre", "vents_etat_du_ciel": "S., S. S. E., E. S. E. foibles, temps couvert.", "barometre_hpa": 1019.6, "thermometre": "19,5", "declinaison_dms": "2.25", "declinaison_ref": "Ouest", "alerte": "", "longitude_brute": 108.105, "ajustement_lon": ""}}, {"type": "Feature", "geometry": {"type": "Point", "coordinates": [107.40056, -19.6925]}, "properties": {"date": "1792-11-13", "section": "D'Amboine au port de l'Espérance.", "page_verso": "538", "page_recto": "539", "source_latitude": "observée", "source_longitude": "montre", "vents_etat_du_ciel": "S. E. petit frais, nuages.", "barometre_hpa": 1021.4, "thermometre": "19,4", "declinaison_dms": "4.2", "declinaison_ref": "Ouest", "alerte": "", "longitude_brute": 107.40056, "ajustement_lon": ""}}, {"type": "Feature", "geometry": {"type": "Point", "coordinates": [106.58306, -20.75333]}, "properties": {"date": "1792-11-14", "section": "D'Amboine au port de l'Espérance.", "page_verso": "538", "page_recto": "539", "source_latitude": "observée", "source_longitude": "montre", "vents_etat_du_ciel": "S. E., S. S. E. joli frais, beau temps.", "barometre_hpa": 1022.0, "thermometre": "18,5", "declinaison_dms": "3.13", "declinaison_ref": "Ouest", "alerte": "", "longitude_brute": 106.58306, "ajustement_lon": ""}}, {"type": "Feature", "geometry": {"type": "Point", "coordinates": [104.83917, -21.40111]}, "properties": {"date": "1792-11-15", "section": "D'Amboine au port de l'Espérance.", "page_verso": "538", "page_recto": "539", "source_latitude": "observée", "source_longitude": "montre", "vents_etat_du_ciel": "S. S. E., S. E. bon frais, nuages.", "barometre_hpa": 1022.3, "thermometre": "18,3", "declinaison_dms": "4.21", "declinaison_ref": "Ouest", "alerte": "", "longitude_brute": 104.83917, "ajustement_lon": ""}}, {"type": "Feature", "geometry": {"type": "Point", "coordinates": [103.95806, -22.50833]}, "properties": {"date": "1792-11-16", "section": "D'Amboine au port de l'Espérance.", "page_verso": "538", "page_recto": "539", "source_latitude": "observée", "source_longitude": "montre", "vents_etat_du_ciel": "S. E. bon frais, temps couvert.", "barometre_hpa": 1023.2, "thermometre": "17,7", "declinaison_dms": "4.4", "declinaison_ref": "Ouest", "alerte": "", "longitude_brute": 103.95806, "ajustement_lon": ""}}, {"type": "Feature", "geometry": {"type": "Point", "coordinates": [103.30167, -23.5975]}, "properties": {"date": "1792-11-17", "section": "D'Amboine au port de l'Espérance.", "page_verso": "538", "page_recto": "539", "source_latitude": "observée", "source_longitude": "montre", "vents_etat_du_ciel": "S. E., E. S. E. bon frais, nuages.", "barometre_hpa": 1024.4, "thermometre": "17,0", "declinaison_dms": "4.41", "declinaison_ref": "Ouest", "alerte": "", "longitude_brute": 103.30167, "ajustement_lon": ""}}, {"type": "Feature", "geometry": {"type": "Point", "coordinates": [102.37722, -24.66889]}, "properties": {"date": "1792-11-18", "section": "D'Amboine au port de l'Espérance.", "page_verso": "538", "page_recto": "539", "source_latitude": "observée", "source_longitude": "montre", "vents_etat_du_ciel": "S. E., E. S. E. bon frais, temps couvert.", "barometre_hpa": 1024.4, "thermometre": "17,3", "declinaison_dms": "4.28", "declinaison_ref": "Ouest", "alerte": "", "longitude_brute": 102.37722, "ajustement_lon": ""}}, {"type": "Feature", "geometry": {"type": "Point", "coordinates": [101.65194, -25.79278]}, "properties": {"date": "1792-11-19", "section": "D'Amboine au port de l'Espérance.", "page_verso": "538", "page_recto": "539", "source_latitude": "observée", "source_longitude": "montre", "vents_etat_du_ciel": "S. E., E. S. E. bon frais, nuages.", "barometre_hpa": 1019.3, "thermometre": "17,0", "declinaison_dms": "4.45", "declinaison_ref": "Ouest", "alerte": "", "longitude_brute": 101.65194, "ajustement_lon": ""}}, {"type": "Feature", "geometry": {"type": "Point", "coordinates": [101.87917, -26.37583]}, "properties": {"date": "1792-11-20", "section": "D'Amboine au port de l'Espérance.", "page_verso": "538", "page_recto": "539", "source_latitude": "observée", "source_longitude": "montre", "vents_etat_du_ciel": "Du S. S. E. au S. S. O. bon frais, nuages.", "barometre_hpa": 1019.9, "thermometre": "16,0", "declinaison_dms": "6.22", "declinaison_ref": "Ouest", "alerte": "", "longitude_brute": 101.87917, "ajustement_lon": ""}}, {"type": "Feature", "geometry": {"type": "Point", "coordinates": [100.79528, -27.33333]}, "properties": {"date": "1792-11-21", "section": "D'Amboine au port de l'Espérance.", "page_verso": "538", "page_recto": "539", "source_latitude": "estimée", "source_longitude": "montre", "vents_etat_du_ciel": "S. E., E. S. E. bon frais, pluie.", "barometre_hpa": 1022.6, "thermometre": "15,5", "declinaison_dms": "", "declinaison_ref": "Ouest", "alerte": "", "longitude_brute": 100.79528, "ajustement_lon": ""}}, {"type": "Feature", "geometry": {"type": "Point", "coordinates": [100.13528, -28.56667]}, "properties": {"date": "1792-11-22", "section": "D'Amboine au port de l'Espérance.", "page_verso": "538", "page_recto": "539", "source_latitude": "estimée", "source_longitude": "estimée", "vents_etat_du_ciel": "S. E., E. S. E. bon frais, temps couvert.", "barometre_hpa": 1029.2, "thermometre": "14,2", "declinaison_dms": "", "declinaison_ref": "Ouest", "alerte": "longitude estimée", "longitude_brute": 108.95389, "ajustement_lon": -8.819}}, {"type": "Feature", "geometry": {"type": "Point", "coordinates": [99.17944, -30.13778]}, "properties": {"date": "1792-11-23", "section": "D'Amboine au port de l'Espérance.", "page_verso": "538", "page_recto": "539", "source_latitude": "observée", "source_longitude": "montre", "vents_etat_du_ciel": "Du S. E. à l'E. joli frais, nuages.", "barometre_hpa": 1031.6, "thermometre": "14,8", "declinaison_dms": "7.44", "declinaison_ref": "Ouest", "alerte": "longitude montre", "longitude_brute": 99.17944, "ajustement_lon": ""}}, {"type": "Feature", "geometry": {"type": "Point", "coordinates": [100.18528, -30.86972]}, "properties": {"date": "1792-11-24", "section": "D'Amboine au port de l'Espérance.", "page_verso": "538", "page_recto": "539", "source_latitude": "observée", "source_longitude": "estimée", "vents_etat_du_ciel": "Du N. à l'E. et au S. S. E. foibles, temps couvert.", "barometre_hpa": 1024.7, "thermometre": "15,0", "declinaison_dms": "8.4", "declinaison_ref": "Ouest", "alerte": "longitude estimée", "longitude_brute": 109.00389, "ajustement_lon": -8.819}}, {"type": "Feature", "geometry": {"type": "Point", "coordinates": [100.45194, -30.76667]}, "properties": {"date": "1792-11-25", "section": "D'Amboine au port de l'Espérance.", "page_verso": "538", "page_recto": "539", "source_latitude": "observée", "source_longitude": "montre", "vents_etat_du_ciel": "Très-variables et très-foibles, calme, grains.", "barometre_hpa": 1024.7, "thermometre": "14,7", "declinaison_dms": "", "declinaison_ref": "Ouest", "alerte": "longitude montre", "longitude_brute": 100.45194, "ajustement_lon": ""}}, {"type": "Feature", "geometry": {"type": "Point", "coordinates": [101.50806, -30.77]}, "properties": {"date": "1792-11-26", "section": "D'Amboine au port de l'Espérance.", "page_verso": "538", "page_recto": "539", "source_latitude": "observée", "source_longitude": "montre", "vents_etat_du_ciel": "S. S. O., S. petit frais, nuages.", "barometre_hpa": 1022.6, "thermometre": "15,0", "declinaison_dms": "8.22", "declinaison_ref": "Ouest", "alerte": "", "longitude_brute": 101.50806, "ajustement_lon": ""}}, {"type": "Feature", "geometry": {"type": "Point", "coordinates": [102.01722, -30.96667]}, "properties": {"date": "1792-11-27", "section": "D'Amboine au port de l'Espérance.", "page_verso": "538", "page_recto": "539", "source_latitude": "observée", "source_longitude": "montre", "vents_etat_du_ciel": "Très-variables et très-foibles, beau temps.", "barometre_hpa": 1024.1, "thermometre": "15,0", "declinaison_dms": "10.7", "declinaison_ref": "Ouest", "alerte": "", "longitude_brute": 102.01722, "ajustement_lon": ""}}, {"type": "Feature", "geometry": {"type": "Point", "coordinates": [102.78389, -31.09667]}, "properties": {"date": "1792-11-28", "section": "D'Amboine au port de l'Espérance.", "page_verso": "538", "page_recto": "539", "source_latitude": "observée", "source_longitude": "montre", "vents_etat_du_ciel": "N. N. O., O. très-foibles, beau temps.", "barometre_hpa": 1022.6, "thermometre": "15,6", "declinaison_dms": "9.42", "declinaison_ref": "Ouest", "alerte": "", "longitude_brute": 102.78389, "ajustement_lon": ""}}, {"type": "Feature", "geometry": {"type": "Point", "coordinates": [103.83889, -31.39583]}, "properties": {"date": "1792-11-29", "section": "D'Amboine au port de l'Espérance.", "page_verso": "538", "page_recto": "539", "source_latitude": "observée", "source_longitude": "montre", "vents_etat_du_ciel": "O., N. N. O. petit frais, beau temps.", "barometre_hpa": 1019.6, "thermometre": "16,0", "declinaison_dms": "8.42", "declinaison_ref": "Ouest", "alerte": "", "longitude_brute": 103.83889, "ajustement_lon": ""}}, {"type": "Feature", "geometry": {"type": "Point", "coordinates": [105.63056, -32.4525]}, "properties": {"date": "1792-11-30", "section": "D'Amboine au port de l'Espérance.", "page_verso": "538", "page_recto": "539", "source_latitude": "observée", "source_longitude": "montre", "vents_etat_du_ciel": "Du N. N. O. au S. O. joli frais, nuages.", "barometre_hpa": 1018.7, "thermometre": "15,0", "declinaison_dms": "10.10", "declinaison_ref": "Ouest", "alerte": "", "longitude_brute": 105.63056, "ajustement_lon": ""}}, {"type": "Feature", "geometry": {"type": "Point", "coordinates": [106.77417, -32.92444]}, "properties": {"date": "1792-12-01", "section": "D'Amboine au port de l'Espérance.", "page_verso": "538", "page_recto": "539", "source_latitude": "observée", "source_longitude": "montre", "vents_etat_du_ciel": "S. O., O. joli frais, beau temps.", "barometre_hpa": 1023.5, "thermometre": "14,3", "declinaison_dms": "10.4", "declinaison_ref": "Ouest", "alerte": "", "longitude_brute": 106.77417, "ajustement_lon": ""}}, {"type": "Feature", "geometry": {"type": "Point", "coordinates": [107.74806, -33.38444]}, "properties": {"date": "1792-12-02", "section": "D'Amboine au port de l'Espérauce.", "page_verso": "540", "page_recto": "541", "source_latitude": "observée", "source_longitude": "montre", "vents_etat_du_ciel": "De l'O. S. O. à l'O. N. O. petit frais, beau temps.", "barometre_hpa": 1022.6, "thermometre": "14,0", "declinaison_dms": "9.56", "declinaison_ref": "Ouest", "alerte": "", "longitude_brute": 107.74806, "ajustement_lon": ""}}, {"type": "Feature", "geometry": {"type": "Point", "coordinates": [110.98278, -34.23639]}, "properties": {"date": "1792-12-03", "section": "D'Amboine au port de l'Espérauce.", "page_verso": "540", "page_recto": "541", "source_latitude": "observée", "source_longitude": "montre", "vents_etat_du_ciel": "Du N. O. à l'O. grand frais, temps couvert.", "barometre_hpa": 1013.5, "thermometre": "14,2", "declinaison_dms": "9.17", "declinaison_ref": "Ouest", "alerte": "", "longitude_brute": 110.98278, "ajustement_lon": ""}}, {"type": "Feature", "geometry": {"type": "Point", "coordinates": [113.88639, -34.18694]}, "properties": {"date": "1792-12-04", "section": "D'Amboine au port de l'Espérauce.", "page_verso": "540", "page_recto": "541", "source_latitude": "observée", "source_longitude": "montre", "vents_etat_du_ciel": "De l'O. S. O. au S. O. grand frais, grains violens.", "barometre_hpa": 1014.1, "thermometre": "13,0", "declinaison_dms": "", "declinaison_ref": "Ouest", "alerte": "", "longitude_brute": 113.88639, "ajustement_lon": ""}}, {"type": "Feature", "geometry": {"type": "Point", "coordinates": [115.9328, -34.7449]}, "properties": {"date": "1792-12-05", "section": "D'Amboine au port de l'Espérauce.", "page_verso": "540", "page_recto": "541", "source_latitude": "observée", "source_longitude": "corrigée", "vents_etat_du_ciel": "Du S. O. au N. O. grand frais, nuages.", "barometre_hpa": 1018.0, "thermometre": "14,0", "declinaison_dms": "7.39", "declinaison_ref": "Ouest", "alerte": "", "longitude_brute": 115.975, "ajustement_lon": "", "renfloue": "position décalée de 4 km vers le large : le trait de côte employé par la carte, au 1/10 000 000, ne dessine pas ce mouillage, et la position relevée y tombait en pleine terre. Le relevé lui-même n'est pas en cause"}}, {"type": "Feature", "geometry": {"type": "Point", "coordinates": [116.07949, -35.1371]}, "properties": {"date": "1792-12-06", "section": "D'Amboine au port de l'Espérauce.", "page_verso": "", "page_recto": "", "source_latitude": "", "source_longitude": "", "vents_etat_du_ciel": "", "barometre_hpa": "", "thermometre": "", "declinaison_dms": "", "declinaison_ref": "", "alerte": "position extrapolée : contournement de côte entre le 1792-12-05 et le 1792-12-06 (détour de 35 km)", "longitude_brute": "", "ajustement_lon": "", "extrapole": true, "contournement": true}}, {"type": "Feature", "geometry": {"type": "Point", "coordinates": [117.41389, -35.25806]}, "properties": {"date": "1792-12-06", "section": "D'Amboine au port de l'Espérauce.", "page_verso": "540", "page_recto": "541", "source_latitude": "observée", "source_longitude": "corrigée", "vents_etat_du_ciel": "Du N. N. O. à l'O. S. O. grand frais, nuages.", "barometre_hpa": 1018.0, "thermometre": "14,0", "declinaison_dms": "9.6", "declinaison_ref": "Ouest", "alerte": "", "longitude_brute": 117.41389, "ajustement_lon": ""}}, {"type": "Feature", "geometry": {"type": "Point", "coordinates": [118.04282, -35.09625]}, "properties": {"date": "1792-12-07", "section": "D'Amboine au port de l'Espérauce.", "page_verso": "", "page_recto": "", "source_latitude": "", "source_longitude": "", "vents_etat_du_ciel": "", "barometre_hpa": "", "thermometre": "", "declinaison_dms": "", "declinaison_ref": "", "alerte": "position extrapolée : contournement de côte entre le 1792-12-06 et le 1792-12-07 (détour de 5 km)", "longitude_brute": "", "ajustement_lon": "", "extrapole": true, "contournement": true}}, {"type": "Feature", "geometry": {"type": "Point", "coordinates": [119.15167, -34.67694]}, "properties": {"date": "1792-12-07", "section": "D'Amboine au port de l'Espérauce.", "page_verso": "540", "page_recto": "541", "source_latitude": "observée", "source_longitude": "corrigée", "vents_etat_du_ciel": "De l'O. S. O au N. O. bon frais, nuages.", "barometre_hpa": 1012.0, "thermometre": "14,0", "declinaison_dms": "8.2", "declinaison_ref": "Ouest", "alerte": "", "longitude_brute": 119.15167, "ajustement_lon": ""}}, {"type": "Feature", "geometry": {"type": "Point", "coordinates": [120.60833, -34.13583]}, "properties": {"date": "1792-12-08", "section": "D'Amboine au port de l'Espérauce.", "page_verso": "540", "page_recto": "541", "source_latitude": "observée", "source_longitude": "corrigée", "vents_etat_du_ciel": "De l'O. au S. O. bon frais, temps couvert.", "barometre_hpa": 1018.7, "thermometre": "13,5", "declinaison_dms": "7.19", "declinaison_ref": "Ouest", "alerte": "", "longitude_brute": 120.60833, "ajustement_lon": ""}}, {"type": "Feature", "geometry": {"type": "Point", "coordinates": [121.78611, -34.00167]}, "properties": {"date": "1792-12-09", "section": "D'Amboine au port de l'Espérauce.", "page_verso": "540", "page_recto": "541", "source_latitude": "observée", "source_longitude": "corrigée", "vents_etat_du_ciel": "Variables du S. O. au N. O., S. O. coup de vent.", "barometre_hpa": 1012.0, "thermometre": "14,0", "declinaison_dms": "6.30", "declinaison_ref": "Ouest", "alerte": "", "longitude_brute": 121.78611, "ajustement_lon": ""}}, {"type": "Feature", "geometry": {"type": "Point", "coordinates": [121.65417, -34.20333]}, "properties": {"date": "1792-12-17", "section": "Du port de l'Espérance, terre de Nuitz, au port du Sud, terre de Van-Diémen.", "page_verso": "540", "page_recto": "541", "source_latitude": "observée", "source_longitude": "montre", "vents_etat_du_ciel": "E. S. E., S. S. E. bon frais, beau temps.", "barometre_hpa": 1019.6, "thermometre": "15,0", "declinaison_dms": "5.48", "declinaison_ref": "Ouest", "alerte": "", "longitude_brute": 121.65417, "ajustement_lon": ""}}, {"type": "Feature", "geometry": {"type": "Point", "coordinates": [121.90472, -34.27944]}, "properties": {"date": "1792-12-18", "section": "Du port de l'Espérance, terre de Nuitz, au port du Sud, terre de Van-Diémen.", "page_verso": "540", "page_recto": "541", "source_latitude": "observée", "source_longitude": "montre", "vents_etat_du_ciel": "Du S. S. E. au S. S. O. petit frais, beau temps.", "barometre_hpa": 1019.6, "thermometre": "15,5", "declinaison_dms": "", "declinaison_ref": "Ouest", "alerte": "", "longitude_brute": 121.90472, "ajustement_lon": ""}}, {"type": "Feature", "geometry": {"type": "Point", "coordinates": [121.89944, -34.43167]}, "properties": {"date": "1792-12-19", "section": "Du port de l'Espérance, terre de Nuitz, au port du Sud, terre de Van-Diémen.", "page_verso": "540", "page_recto": "541", "source_latitude": "observée", "source_longitude": "montre", "vents_etat_du_ciel": "Variables du S. S. O. au S. E. et au N. E. joli frais, nuages.", "barometre_hpa": 1021.1, "thermometre": "15,3", "declinaison_dms": "5.45", "declinaison_ref": "Ouest", "alerte": "", "longitude_brute": 121.89944, "ajustement_lon": ""}}, {"type": "Feature", "geometry": {"type": "Point", "coordinates": [122.22417, -35.20611]}, "properties": {"date": "1792-12-20", "section": "Du port de l'Espérance, terre de Nuitz, au port du Sud, terre de Van-Diémen.", "page_verso": "540", "page_recto": "541", "source_latitude": "observée", "source_longitude": "montre", "vents_etat_du_ciel": "Du N. E. à l'E. et au S. foibles, temps couvert.", "barometre_hpa": 1015.0, "thermometre": "15,2", "declinaison_dms": "", "declinaison_ref": "Ouest", "alerte": "", "longitude_brute": 122.22417, "ajustement_lon": ""}}, {"type": "Feature", "geometry": {"type": "Point", "coordinates": [122.125, -35.09111]}, "properties": {"date": "1792-12-21", "section": "Du port de l'Espérance, terre de Nuitz, au port du Sud, terre de Van-Diémen.", "page_verso": "540", "page_recto": "541", "source_latitude": "observée", "source_longitude": "montre", "vents_etat_du_ciel": "Du S. S. O. au S. S. E. et à l'E. N. E. joli frais, nuages.", "barometre_hpa": 1015.0, "thermometre": "16,5", "declinaison_dms": "5.17", "declinaison_ref": "Ouest", "alerte": "", "longitude_brute": 122.125, "ajustement_lon": ""}}, {"type": "Feature", "geometry": {"type": "Point", "coordinates": [122.28972, -34.42944]}, "properties": {"date": "1792-12-22", "section": "Du port de l'Espérance, terre de Nuitz, au port du Sud, terre de Van-Diémen.", "page_verso": "540", "page_recto": "541", "source_latitude": "observée", "source_longitude": "montre", "vents_etat_du_ciel": "Variables du S. S. E. au N., N. O. joli frais.", "barometre_hpa": 1012.0, "thermometre": "15,6", "declinaison_dms": "5.47", "declinaison_ref": "Ouest", "alerte": "", "longitude_brute": 122.28972, "ajustement_lon": ""}}, {"type": "Feature", "geometry": {"type": "Point", "coordinates": [122.84194, -34.2375]}, "properties": {"date": "1792-12-23", "section": "Du port de l'Espérance, terre de Nuitz, au port du Sud, terre de Van-Diémen.", "page_verso": "540", "page_recto": "541", "source_latitude": "observée", "source_longitude": "montre", "vents_etat_du_ciel": "N., N. N. O., S. O. très-violens, nuages.", "barometre_hpa": 980.2, "thermometre": "15,0", "declinaison_dms": "5.0", "declinaison_ref": "Ouest", "alerte": "", "longitude_brute": 122.84194, "ajustement_lon": ""}}, {"type": "Feature", "geometry": {"type": "Point", "coordinates": [124.39694, -33.68806]}, "properties": {"date": "1792-12-24", "section": "Du port de l'Espérance, terre de Nuitz, au port du Sud, terre de Van-Diémen.", "page_verso": "540", "page_recto": "541", "source_latitude": "observée", "source_longitude": "montre", "vents_etat_du_ciel": "S. O., O. S. O. bon frais, nuages.", "barometre_hpa": 1017.4, "thermometre": "14,5", "declinaison_dms": "4.27", "declinaison_ref": "Ouest", "alerte": "", "longitude_brute": 124.39694, "ajustement_lon": ""}}, {"type": "Feature", "geometry": {"type": "Point", "coordinates": [125.005, -33.0375]}, "properties": {"date": "1792-12-25", "section": "Du port de l'Espérance, terre de Nuitz, au port du Sud, terre de Van-Diémen.", "page_verso": "540", "page_recto": "541", "source_latitude": "observée", "source_longitude": "montre", "vents_etat_du_ciel": "De l'O. S. O. au S., à l'E. et au N. petit frais, beau temps.", "barometre_hpa": 1015.0, "thermometre": "15,5", "declinaison_dms": "4.37", "declinaison_ref": "Ouest", "alerte": "", "longitude_brute": 125.005, "ajustement_lon": ""}}, {"type": "Feature", "geometry": {"type": "Point", "coordinates": [125.70861, -32.52639]}, "properties": {"date": "1792-12-26", "section": "Du port de l'Espérance, terre de Nuitz, au port du Sud, terre de Van-Diémen.", "page_verso": "540", "page_recto": "541", "source_latitude": "observée", "source_longitude": "montre", "vents_etat_du_ciel": "De l'E. au S. et S. O. joli frais, nuages.", "barometre_hpa": 1011.4, "thermometre": "15,0", "declinaison_dms": "3.30", "declinaison_ref": "Ouest", "alerte": "", "longitude_brute": 125.70861, "ajustement_lon": ""}}, {"type": "Feature", "geometry": {"type": "Point", "coordinates": [127.33722, -32.35306]}, "properties": {"date": "1792-12-27", "section": "Du port de l'Espérance, terre de Nuitz, au port du Sud, terre de Van-Diémen.", "page_verso": "540", "page_recto": "541", "source_latitude": "observée", "source_longitude": "montre", "vents_etat_du_ciel": "Du S. O. au S. bon frais, nuages.", "barometre_hpa": 1011.4, "thermometre": "15,0", "declinaison_dms": "3.20", "declinaison_ref": "Ouest", "alerte": "", "longitude_brute": 127.33722, "ajustement_lon": ""}}, {"type": "Feature", "geometry": {"type": "Point", "coordinates": [128.475, -32.02889]}, "properties": {"date": "1792-12-28", "section": "Du port de l'Espérance, terre de Nuitz, au port du Sud, terre de Van-Diémen.", "page_verso": "540", "page_recto": "541", "source_latitude": "observée", "source_longitude": "montre", "vents_etat_du_ciel": "S. E., N. E., N., N. O. et S. O. petit frais, nuages.", "barometre_hpa": 1019.6, "thermometre": "16,0", "declinaison_dms": "3.32", "declinaison_ref": "Ouest", "alerte": "", "longitude_brute": 128.475, "ajustement_lon": ""}}, {"type": "Feature", "geometry": {"type": "Point", "coordinates": [129.09306, -32.23778]}, "properties": {"date": "1792-12-29", "section": "Du port de l'Espérance, terre de Nuitz, au port du Sud, terre de Van-Diémen.", "page_verso": "540", "page_recto": "541", "source_latitude": "observée", "source_longitude": "montre", "vents_etat_du_ciel": "S. S. E., E., E. N. E. joli frais, beau temps.", "barometre_hpa": 1016.5, "thermometre": "16,0", "declinaison_dms": "2.30", "declinaison_ref": "Ouest", "alerte": "", "longitude_brute": 129.09306, "ajustement_lon": ""}}, {"type": "Feature", "geometry": {"type": "Point", "coordinates": [129.2675, -32.15611]}, "properties": {"date": "1792-12-30", "section": "Du port de l'Espérance, terre de Nuitz, au port du Sud, terre de Van-Diémen.", "page_verso": "540", "page_recto": "541", "source_latitude": "observée", "source_longitude": "montre", "vents_etat_du_ciel": "E., E. N. E. bon frais, beau temps.", "barometre_hpa": 1010.5, "thermometre": "19,5", "declinaison_dms": "2.26", "declinaison_ref": "Ouest", "alerte": "", "longitude_brute": 129.2675, "ajustement_lon": ""}}, {"type": "Feature", "geometry": {"type": "Point", "coordinates": [129.7675, -31.88417]}, "properties": {"date": "1792-12-31", "section": "Du port de l'Espérance, terre de Nuitz, au port du Sud, terre de Van-Diémen.", "page_verso": "540", "page_recto": "541", "source_latitude": "observée", "source_longitude": "montre", "vents_etat_du_ciel": "E. N. E., O. petit frais, temps orageux.", "barometre_hpa": 1015.9, "thermometre": "16,9", "declinaison_dms": "2.26", "declinaison_ref": "Ouest", "alerte": "", "longitude_brute": 129.7675, "ajustement_lon": ""}}, {"type": "Feature", "geometry": {"type": "Point", "coordinates": [130.41222, -31.83333]}, "properties": {"date": "1793-01-01", "section": "Du port de l'Espérance, terre de Nuitz, au port du Sud, terre de Van-Diémen.", "page_verso": "540", "page_recto": "541", "source_latitude": "estimée", "source_longitude": "montre", "vents_etat_du_ciel": "S. O., S., S. S. E. foibles, temps couvert.", "barometre_hpa": 1010.8, "thermometre": "17,0", "declinaison_dms": "1.52", "declinaison_ref": "Ouest", "alerte": "", "longitude_brute": 130.41222, "ajustement_lon": ""}}, {"type": "Feature", "geometry": {"type": "Point", "coordinates": [131.38806, -31.64944]}, "properties": {"date": "1793-01-02", "section": "Du port de l'Espérance, terre de Nuitz, au port du Sud, terre de Van-Diémen.", "page_verso": "540", "page_recto": "541", "source_latitude": "observée", "source_longitude": "montre", "vents_etat_du_ciel": "E., N. E., S. O. foibles, temps couvert.", "barometre_hpa": 1025.6, "thermometre": "17,0", "declinaison_dms": "1.32", "declinaison_ref": "Ouest", "alerte": "", "longitude_brute": 131.38806, "ajustement_lon": ""}}, {"type": "Feature", "geometry": {"type": "Point", "coordinates": [131.61389, -31.82667]}, "properties": {"date": "1793-01-03", "section": "Du port de l'Espérance, terre de Nuitz, au port du Sud, terre de Van-Diémen.", "page_verso": "540", "page_recto": "541", "source_latitude": "observée", "source_longitude": "montre", "vents_etat_du_ciel": "E., S. S. O., S. E. et S. S. E. joli frais, pluie.", "barometre_hpa": 1023.2, "thermometre": "15,0", "declinaison_dms": "", "declinaison_ref": "Ouest", "alerte": "", "longitude_brute": 131.61389, "ajustement_lon": ""}}, {"type": "Feature", "geometry": {"type": "Point", "coordinates": [130.53639, -32.84278]}, "properties": {"date": "1793-01-04", "section": "Du port de l'Espérance, terre de Nuitz, au port du Sud, terre de Van-Diémen.", "page_verso": "540", "page_recto": "541", "source_latitude": "observée", "source_longitude": "montre", "vents_etat_du_ciel": "S. E., E. S. E. bon frais, nuages.", "barometre_hpa": 1025.6, "thermometre": "14,5", "declinaison_dms": "1.45", "declinaison_ref": "Ouest", "alerte": "", "longitude_brute": 130.53639, "ajustement_lon": ""}}, {"type": "Feature", "geometry": {"type": "Point", "coordinates": [130.20139, -34.495]}, "properties": {"date": "1793-01-05", "section": "Du port de l'Espérance, terre de Nuitz, au port du Sud, terre de Van-Diémen.", "page_verso": "540", "page_recto": "541", "source_latitude": "observée", "source_longitude": "montre", "vents_etat_du_ciel": "E. S. E., E., E. N. E. bon frais, nuages.", "barometre_hpa": 1018.4, "thermometre": "16,7", "declinaison_dms": "2.6", "declinaison_ref": "Ouest", "alerte": "", "longitude_brute": 130.20139, "ajustement_lon": ""}}, {"type": "Feature", "geometry": {"type": "Point", "coordinates": [129.91083, -35.49972]}, "properties": {"date": "1793-01-06", "section": "Du port de l'Espérance, terre de Nuitz, au port du Sud, terre de Van-Diémen.", "page_verso": "540", "page_recto": "541", "source_latitude": "observée", "source_longitude": "montre", "vents_etat_du_ciel": "E., E. S. E., S. E. joli frais, temps couvert.", "barometre_hpa": 1015.0, "thermometre": "14,7", "declinaison_dms": "1.0", "declinaison_ref": "Ouest", "alerte": "", "longitude_brute": 129.91083, "ajustement_lon": ""}}, {"type": "Feature", "geometry": {"type": "Point", "coordinates": [129.38806, -36.10528]}, "properties": {"date": "1793-01-07", "section": "Du port de l'Espérance, terre de Nuitz, au port du Sud, terre de Van-Diémen.", "page_verso": "540", "page_recto": "541", "source_latitude": "observée", "source_longitude": "estimée", "vents_etat_du_ciel": "S. E., S. S. E., E., N. E. petit frais, temps couvert.", "barometre_hpa": 1017.1, "thermometre": "14,7", "declinaison_dms": "1.22", "declinaison_ref": "Ouest", "alerte": "longitude estimée", "longitude_brute": 129.47056, "ajustement_lon": -0.082}}, {"type": "Feature", "geometry": {"type": "Point", "coordinates": [129.76528, -36.95722]}, "properties": {"date": "1793-01-08", "section": "Du port de l'Espérance, terre de Nuitz, au port du Sud, terre de Van-Diémen.", "page_verso": "540", "page_recto": "541", "source_latitude": "observée", "source_longitude": "montre", "vents_etat_du_ciel": "E., N. E., S. O. foibles, temps couvert.", "barometre_hpa": 1016.5, "thermometre": "15,0", "declinaison_dms": "", "declinaison_ref": "Ouest", "alerte": "longitude montre", "longitude_brute": 129.76528, "ajustement_lon": ""}}, {"type": "Feature", "geometry": {"type": "Point", "coordinates": [131.06417, -37.26861]}, "properties": {"date": "1793-01-09", "section": "Du port de l'Espérance, terre de Nuitz, au port du Sud, terre de Van-Diémen.", "page_verso": "540", "page_recto": "541", "source_latitude": "observée", "source_longitude": "montre", "vents_etat_du_ciel": "O., S. O., S., S. S. E. joli frais, nuages.", "barometre_hpa": 1024.1, "thermometre": "13,7", "declinaison_dms": "3.34", "declinaison_ref": "Ouest", "alerte": "", "longitude_brute": 131.06417, "ajustement_lon": ""}}, {"type": "Feature", "geometry": {"type": "Point", "coordinates": [131.575, -37.17694]}, "properties": {"date": "1793-01-10", "section": "Du port de l'Espérance, terre de Nuitz, au port du Sud, terre de Van-Diémen.", "page_verso": "540", "page_recto": "541", "source_latitude": "observée", "source_longitude": "montre", "vents_etat_du_ciel": "S. S. E. foible, calme, beau temps.", "barometre_hpa": 1025.6, "thermometre": "14,0", "declinaison_dms": "2.50", "declinaison_ref": "Ouest", "alerte": "", "longitude_brute": 131.575, "ajustement_lon": ""}}, {"type": "Feature", "geometry": {"type": "Point", "coordinates": [132.00111, -37.65278]}, "properties": {"date": "1793-01-11", "section": "Du port de l'Espérance, terre de Nuitz, au port du Sud, terre de Van-Diémen.", "page_verso": "542", "page_recto": "543", "source_latitude": "observée", "source_longitude": "montre", "vents_etat_du_ciel": "Calme, S. S. E., E., E. N. E. petit frais, beau temps.", "barometre_hpa": 1019.6, "thermometre": "14,5", "declinaison_dms": "1.59", "declinaison_ref": "Ouest", "alerte": "", "longitude_brute": 132.00111, "ajustement_lon": ""}}, {"type": "Feature", "geometry": {"type": "Point", "coordinates": [133.94667, -38.91972]}, "properties": {"date": "1793-01-12", "section": "Du port de l'Espérance, terre de Nuitz, au port du Sud, terre de Van-Diémen.", "page_verso": "542", "page_recto": "543", "source_latitude": "observée", "source_longitude": "montre", "vents_etat_du_ciel": "N. N. E., N. N. O., N. O. bon frais, beau temps.", "barometre_hpa": 1010.5, "thermometre": "14,4", "declinaison_dms": "1.29", "declinaison_ref": "Ouest", "alerte": "", "longitude_brute": 133.94667, "ajustement_lon": ""}}, {"type": "Feature", "geometry": {"type": "Point", "coordinates": [134.38861, -39.46083]}, "properties": {"date": "1793-01-13", "section": "Du port de l'Espérance, terre de Nuitz, au port du Sud, terre de Van-Diémen.", "page_verso": "542", "page_recto": "543", "source_latitude": "observée", "source_longitude": "montre", "vents_etat_du_ciel": "O. N. O., S. O., S., S. E. petit frais, nuages.", "barometre_hpa": 1013.5, "thermometre": "11,0", "declinaison_dms": "0.10", "declinaison_ref": "Ouest", "alerte": "", "longitude_brute": 134.38861, "ajustement_lon": ""}}, {"type": "Feature", "geometry": {"type": "Point", "coordinates": [134.82389, -40.27417]}, "properties": {"date": "1793-01-14", "section": "Du port de l'Espérance, terre de Nuitz, au port du Sud, terre de Van-Diémen.", "page_verso": "542", "page_recto": "543", "source_latitude": "observée", "source_longitude": "montre", "vents_etat_du_ciel": "E. S. E., calme, N. O. foible, temps couvert.", "barometre_hpa": 1012.6, "thermometre": "13,0", "declinaison_dms": "0.15", "declinaison_ref": "Est", "alerte": "", "longitude_brute": 134.82389, "ajustement_lon": ""}}, {"type": "Feature", "geometry": {"type": "Point", "coordinates": [137.63111, -40.95]}, "properties": {"date": "1793-01-15", "section": "Du port de l'Espérance, terre de Nuitz, au port du Sud, terre de Van-Diémen.", "page_verso": "542", "page_recto": "543", "source_latitude": "observée", "source_longitude": "montre", "vents_etat_du_ciel": "O. S. O., O. N. O. bon frais, beau temps.", "barometre_hpa": 1015.3, "thermometre": "12,5", "declinaison_dms": "0.37", "declinaison_ref": "Est", "alerte": "", "longitude_brute": 137.63111, "ajustement_lon": ""}}, {"type": "Feature", "geometry": {"type": "Point", "coordinates": [140.1625, -41.63361]}, "properties": {"date": "1793-01-16", "section": "Du port de l'Espérance, terre de Nuitz, au port du Sud, terre de Van-Diémen.", "page_verso": "542", "page_recto": "543", "source_latitude": "observée", "source_longitude": "montre", "vents_etat_du_ciel": "O. S. O., O. N. O. bon frais, temps couvert.", "barometre_hpa": 1040.6, "thermometre": "12,5", "declinaison_dms": "2.45", "declinaison_ref": "Est", "alerte": "", "longitude_brute": 140.1625, "ajustement_lon": ""}}, {"type": "Feature", "geometry": {"type": "Point", "coordinates": [143.50333, -42.60583]}, "properties": {"date": "1793-01-17", "section": "Du port de l'Espérance, terre de Nuitz, au port du Sud, terre de Van-Diémen.", "page_verso": "542", "page_recto": "543", "source_latitude": "observée", "source_longitude": "corrigée", "vents_etat_du_ciel": "N. O., O., S. O. grand frais, pluie.", "barometre_hpa": 1004.5, "thermometre": "12,0", "declinaison_dms": "", "declinaison_ref": "Est", "alerte": "", "longitude_brute": 143.50333, "ajustement_lon": ""}}, {"type": "Feature", "geometry": {"type": "Point", "coordinates": [145.00139, -42.81417]}, "properties": {"date": "1793-01-18", "section": "Du port de l'Espérance, terre de Nuitz, au port du Sud, terre de Van-Diémen.", "page_verso": "542", "page_recto": "543", "source_latitude": "observée", "source_longitude": "corrigée", "vents_etat_du_ciel": "S. O., S. S. O., S. joli frais, temps couvert.", "barometre_hpa": 1014.7, "thermometre": "10,3", "declinaison_dms": "", "declinaison_ref": "Est", "alerte": "", "longitude_brute": 145.00139, "ajustement_lon": ""}}, {"type": "Feature", "geometry": {"type": "Point", "coordinates": [145.54556, -43.29639]}, "properties": {"date": "1793-01-19", "section": "Du port de l'Espérance, terre de Nuitz, au port du Sud, terre de Van-Diémen.", "page_verso": "542", "page_recto": "543", "source_latitude": "observée", "source_longitude": "corrigée", "vents_etat_du_ciel": "S. O., O., O. N. O., foibles, nuages.", "barometre_hpa": 1019.6, "thermometre": "11,5", "declinaison_dms": "7.9", "declinaison_ref": "Est", "alerte": "", "longitude_brute": 145.54556, "ajustement_lon": ""}}, {"type": "Feature", "geometry": {"type": "Point", "coordinates": [146.0, -43.66]}, "properties": {"date": "1793-01-20", "section": "Du port de l'Espérance, terre de Nuitz, au port du Sud, terre de Van-Diémen.", "page_verso": "", "page_recto": "", "source_latitude": "", "source_longitude": "", "vents_etat_du_ciel": "", "barometre_hpa": "", "thermometre": "", "declinaison_dms": "", "declinaison_ref": "", "alerte": "point ajouté (contournement du cap sud-ouest de la Tasmanie, sans relevé)", "longitude_brute": "", "ajustement_lon": "", "extrapole": true, "contournement": true}}, {"type": "Feature", "geometry": {"type": "Point", "coordinates": [147.04444, -43.68583]}, "properties": {"date": "1793-01-20", "section": "Du port de l'Espérance, terre de Nuitz, au port du Sud, terre de Van-Diémen.", "page_verso": "542", "page_recto": "543", "source_latitude": "observée", "source_longitude": "corrigée", "vents_etat_du_ciel": "N. O., O. N. O., N. N. E. joli frais, nuages.", "barometre_hpa": 1020.5, "thermometre": "12,5", "declinaison_dms": "7.51", "declinaison_ref": "Est", "alerte": "", "longitude_brute": 147.04444, "ajustement_lon": ""}}, {"type": "Feature", "geometry": {"type": "Point", "coordinates": [147.60083, -43.34194]}, "properties": {"date": "1793-02-27", "section": "Du port du Sud, terre de Van-Diémen, à Tongatabou.", "page_verso": "542", "page_recto": "543", "source_latitude": "observée", "source_longitude": "estimée", "vents_etat_du_ciel": "S. bon frais, beau temps.", "barometre_hpa": 1007.5, "thermometre": "12,5", "declinaison_dms": "7.20", "declinaison_ref": "Est", "alerte": "longitude estimée", "longitude_brute": 148.05389, "ajustement_lon": -0.453}}, {"type": "Feature", "geometry": {"type": "Point", "coordinates": [150.31861, -42.95]}, "properties": {"date": "1793-02-28", "section": "Du port du Sud, terre de Van-Diémen, à Tongatabou.", "page_verso": "542", "page_recto": "543", "source_latitude": "observée", "source_longitude": "montre", "vents_etat_du_ciel": "S. O., N. N. O., N. bon frais, beau temps.", "barometre_hpa": 1022.6, "thermometre": "14,0", "declinaison_dms": "6.3", "declinaison_ref": "Est", "alerte": "longitude montre", "longitude_brute": 150.31861, "ajustement_lon": ""}}, {"type": "Feature", "geometry": {"type": "Point", "coordinates": [153.12778, -42.515]}, "properties": {"date": "1793-03-01", "section": "Du port du Sud, terre de Van-Diémen, à Tongatabou.", "page_verso": "542", "page_recto": "543", "source_latitude": "observée", "source_longitude": "montre", "vents_etat_du_ciel": "N. O., S., S. S. O. grand frais, beau temps.", "barometre_hpa": 1019.6, "thermometre": "12,0", "declinaison_dms": "9.7", "declinaison_ref": "Est", "alerte": "", "longitude_brute": 153.12778, "ajustement_lon": ""}}, {"type": "Feature", "geometry": {"type": "Point", "coordinates": [155.215, -42.33083]}, "properties": {"date": "1793-03-02", "section": "Du port du Sud, terre de Van-Diémen, à Tongatabou.", "page_verso": "542", "page_recto": "543", "source_latitude": "observée", "source_longitude": "montre", "vents_etat_du_ciel": "O. S. O., O., N. N. O. bon frais, beau temps.", "barometre_hpa": 1024.1, "thermometre": "14,0", "declinaison_dms": "11.38", "declinaison_ref": "Est", "alerte": "", "longitude_brute": 155.215, "ajustement_lon": ""}}, {"type": "Feature", "geometry": {"type": "Point", "coordinates": [158.25014, -41.93333]}, "properties": {"date": "1793-03-03", "section": "Du port du Sud, terre de Van-Diémen, à Tongatabou.", "page_verso": "542", "page_recto": "543", "source_latitude": "estimée", "source_longitude": "estimée", "vents_etat_du_ciel": "N. N. O. bon frais, temps couvert.", "barometre_hpa": 1019.3, "thermometre": "14,8", "declinaison_dms": "11.58", "declinaison_ref": "Est", "alerte": "longitude estimée", "longitude_brute": 158.28722, "ajustement_lon": -0.037}}, {"type": "Feature", "geometry": {"type": "Point", "coordinates": [159.84375, -41.43333]}, "properties": {"date": "1793-03-04", "section": "Du port du Sud, terre de Van-Diémen, à Tongatabou.", "page_verso": "542", "page_recto": "543", "source_latitude": "estimée", "source_longitude": "estimée", "vents_etat_du_ciel": "N. N. O., N. O. joli frais, temps brumeux.", "barometre_hpa": 1019.0, "thermometre": "14,5", "declinaison_dms": "", "declinaison_ref": "Est", "alerte": "", "longitude_brute": 159.85389, "ajustement_lon": -0.01}}, {"type": "Feature", "geometry": {"type": "Point", "coordinates": [162.03167, -40.3825]}, "properties": {"date": "1793-03-05", "section": "Du port du Sud, terre de Van-Diémen, à Tongatabou.", "page_verso": "542", "page_recto": "543", "source_latitude": "observée", "source_longitude": "montre", "vents_etat_du_ciel": "O. S. O., S. S. O., S. S. E. bon frais, temps sombre.", "barometre_hpa": 1021.4, "thermometre": "13,4", "declinaison_dms": "", "declinaison_ref": "Est", "alerte": "longitude montre", "longitude_brute": 162.03167, "ajustement_lon": ""}}, {"type": "Feature", "geometry": {"type": "Point", "coordinates": [163.23917, -39.42361]}, "properties": {"date": "1793-03-06", "section": "Du port du Sud, terre de Van-Diémen, à Tongatabou.", "page_verso": "542", "page_recto": "543", "source_latitude": "observée", "source_longitude": "montre", "vents_etat_du_ciel": "S. S. E., S., S. O., O. joli frais, nuages.", "barometre_hpa": 1015.0, "thermometre": "14,6", "declinaison_dms": "13.10", "declinaison_ref": "Est", "alerte": "", "longitude_brute": 163.23917, "ajustement_lon": ""}}, {"type": "Feature", "geometry": {"type": "Point", "coordinates": [165.77778, -37.90444]}, "properties": {"date": "1793-03-07", "section": "Du port du Sud, terre de Van-Diémen, à Tongatabou.", "page_verso": "542", "page_recto": "543", "source_latitude": "observée", "source_longitude": "montre", "vents_etat_du_ciel": "N. O., O., S. O. grand frais, temps couvert.", "barometre_hpa": 1012.0, "thermometre": "15,2", "declinaison_dms": "", "declinaison_ref": "Est", "alerte": "", "longitude_brute": 165.77778, "ajustement_lon": ""}}, {"type": "Feature", "geometry": {"type": "Point", "coordinates": [167.84028, -36.39583]}, "properties": {"date": "1793-03-08", "section": "Du port du Sud, terre de Van-Diémen, à Tongatabou.", "page_verso": "542", "page_recto": "543", "source_latitude": "observée", "source_longitude": "montre", "vents_etat_du_ciel": "S. S. O., S., S. S. E. grand frais, nuages.", "barometre_hpa": 1017.1, "thermometre": "14,2", "declinaison_dms": "13.30", "declinaison_ref": "Est", "alerte": "", "longitude_brute": 167.84028, "ajustement_lon": ""}}, {"type": "Feature", "geometry": {"type": "Point", "coordinates": [168.79389, -35.6025]}, "properties": {"date": "1793-03-09", "section": "Du port du Sud, terre de Van-Diémen, à Tongatabou.", "page_verso": "542", "page_recto": "543", "source_latitude": "observée", "source_longitude": "montre", "vents_etat_du_ciel": "O., N. O. joli frais, beau temps.", "barometre_hpa": 1017.1, "thermometre": "16,6", "declinaison_dms": "12.50", "declinaison_ref": "Est", "alerte": "", "longitude_brute": 168.79389, "ajustement_lon": ""}}, {"type": "Feature", "geometry": {"type": "Point", "coordinates": [170.70917, -34.44889]}, "properties": {"date": "1793-03-10", "section": "Du port du Sud, terre de Van-Diémen, à Tongatabou.", "page_verso": "542", "page_recto": "543", "source_latitude": "observée", "source_longitude": "montre", "vents_etat_du_ciel": "O., N. O. bon frais, temps couvert.", "barometre_hpa": 1013.8, "thermometre": "16,0", "declinaison_dms": "12.55", "declinaison_ref": "Est", "alerte": "", "longitude_brute": 170.70917, "ajustement_lon": ""}}, {"type": "Feature", "geometry": {"type": "Point", "coordinates": [172.29556, -34.31139]}, "properties": {"date": "1793-03-11", "section": "Du port du Sud, terre de Van-Diémen, à Tongatabou.", "page_verso": "542", "page_recto": "543", "source_latitude": "observée", "source_longitude": "corrigée", "vents_etat_du_ciel": "O. N. O., O. bon frais, temps couvert.", "barometre_hpa": 1011.1, "thermometre": "16,0", "declinaison_dms": "", "declinaison_ref": "Est", "alerte": "", "longitude_brute": 172.29556, "ajustement_lon": ""}}, {"type": "Feature", "geometry": {"type": "Point", "coordinates": [173.73944, -34.14139]}, "properties": {"date": "1793-03-12", "section": "Du port du Sud, terre de Van-Diémen, à Tongatabou.", "page_verso": "542", "page_recto": "543", "source_latitude": "observée", "source_longitude": "montre", "vents_etat_du_ciel": "O., S. O., S. E., N. O. petit frais, temps couvert.", "barometre_hpa": 1011.1, "thermometre": "17,2", "declinaison_dms": "", "declinaison_ref": "Est", "alerte": "", "longitude_brute": 173.73944, "ajustement_lon": ""}}, {"type": "Feature", "geometry": {"type": "Point", "coordinates": [176.25194, -33.26111]}, "properties": {"date": "1793-03-13", "section": "Du port du Sud, terre de Van-Diémen, à Tongatabou.", "page_verso": "542", "page_recto": "543", "source_latitude": "observée", "source_longitude": "montre", "vents_etat_du_ciel": "N. O. joli frais, temps couvert.", "barometre_hpa": 1013.5, "thermometre": "18,0", "declinaison_dms": "11.53", "declinaison_ref": "Est", "alerte": "", "longitude_brute": 176.25194, "ajustement_lon": ""}}, {"type": "Feature", "geometry": {"type": "Point", "coordinates": [178.14556, -32.6525]}, "properties": {"date": "1793-03-14", "section": "Du port du Sud, terre de Van-Diémen, à Tongatabou.", "page_verso": "542", "page_recto": "543", "source_latitude": "observée", "source_longitude": "montre", "vents_etat_du_ciel": "N. O., N. N. O. bon frais, nuages.", "barometre_hpa": 1009.0, "thermometre": "18,5", "declinaison_dms": "11.4", "declinaison_ref": "Est", "alerte": "", "longitude_brute": 178.14556, "ajustement_lon": ""}}, {"type": "Feature", "geometry": {"type": "Point", "coordinates": [-179.48694, -31.89528]}, "properties": {"date": "1793-03-15", "section": "Du port du Sud, terre de Van-Diémen, à Tongatabou.", "page_verso": "542", "page_recto": "543", "source_latitude": "observée", "source_longitude": "montre", "vents_etat_du_ciel": "N. N. O., O. N. O., S. O. bon frais, pluie.", "barometre_hpa": 1010.5, "thermometre": "17,8", "declinaison_dms": "", "declinaison_ref": "Est", "alerte": "", "longitude_brute": -179.48694, "ajustement_lon": ""}}, {"type": "Feature", "geometry": {"type": "Point", "coordinates": [-178.25639, -30.29028]}, "properties": {"date": "1793-03-16", "section": "Du port du Sud, terre de Van-Diémen, à Tongatabou.", "page_verso": "542", "page_recto": "543", "source_latitude": "observée", "source_longitude": "montre", "vents_etat_du_ciel": "S. O., S. S. O. joli frais, nuages.", "barometre_hpa": 1017.1, "thermometre": "16,8", "declinaison_dms": "11.26", "declinaison_ref": "Est", "alerte": "", "longitude_brute": -178.25639, "ajustement_lon": ""}}, {"type": "Feature", "geometry": {"type": "Point", "coordinates": [-178.15722, -29.55889]}, "properties": {"date": "1793-03-17", "section": "Du port du Sud, terre de Van-Diémen, à Tongatabou.", "page_verso": "542", "page_recto": "543", "source_latitude": "observée", "source_longitude": "montre", "vents_etat_du_ciel": "S. S. O., S., S. S. E. petit frais, beau temps.", "barometre_hpa": 1021.1, "thermometre": "17,0", "declinaison_dms": "11.19", "declinaison_ref": "Est", "alerte": "", "longitude_brute": -178.15722, "ajustement_lon": ""}}, {"type": "Feature", "geometry": {"type": "Point", "coordinates": [-177.88287, -29.07688]}, "properties": {"date": "1793-03-18", "section": "Du port du Sud, terre de Van-Diémen, à Tongatabou.", "page_verso": "", "page_recto": "", "source_latitude": "", "source_longitude": "", "vents_etat_du_ciel": "", "barometre_hpa": "", "thermometre": "", "declinaison_dms": "", "declinaison_ref": "", "alerte": "position extrapolée : contournement de côte entre le 1793-03-17 et le 1793-03-18 (détour de 5 km)", "longitude_brute": "", "ajustement_lon": "", "extrapole": true, "contournement": true}}, {"type": "Feature", "geometry": {"type": "Point", "coordinates": [-177.24806, -28.24833]}, "properties": {"date": "1793-03-18", "section": "Du port du Sud, terre de Van-Diémen, à Tongatabou.", "page_verso": "542", "page_recto": "543", "source_latitude": "observée", "source_longitude": "montre", "vents_etat_du_ciel": "S., S. S. E., E. S. E. joli frais, beau temps.", "barometre_hpa": 1019.9, "thermometre": "18,0", "declinaison_dms": "10.34", "declinaison_ref": "Est", "alerte": "", "longitude_brute": -177.24806, "ajustement_lon": ""}}, {"type": "Feature", "geometry": {"type": "Point", "coordinates": [-176.95722, -27.08333]}, "properties": {"date": "1793-03-19", "section": "Du port du Sud, terre de Van-Diémen, à Tongatabou.", "page_verso": "542", "page_recto": "543", "source_latitude": "estimée", "source_longitude": "estimée", "vents_etat_du_ciel": "S. E., E. S. E., O. petit frais, grains.", "barometre_hpa": 1013.8, "thermometre": "17,0", "declinaison_dms": "10.55", "declinaison_ref": "Est", "alerte": "longitude estimée", "longitude_brute": -178.44611, "ajustement_lon": 1.489}}, {"type": "Feature", "geometry": {"type": "Point", "coordinates": [-176.30389, -26.99833]}, "properties": {"date": "1793-03-20", "section": "Du port du Sud, terre de Van-Diémen, à Tongatabou.", "page_verso": "542", "page_recto": "543", "source_latitude": "observée", "source_longitude": "montre", "vents_etat_du_ciel": "E. N. E., N. E., N. N. O., O. S. O. bon frais, pluie.", "barometre_hpa": 1004.5, "thermometre": "18,9", "declinaison_dms": "", "declinaison_ref": "Est", "alerte": "longitude montre", "longitude_brute": -176.30389, "ajustement_lon": ""}}, {"type": "Feature", "geometry": {"type": "Point", "coordinates": [-174.31417, -24.27139]}, "properties": {"date": "1793-03-21", "section": "Du port du Sud, terre de Van-Diémen, à Tongatabou.", "page_verso": "542", "page_recto": "543", "source_latitude": "observée", "source_longitude": "montre", "vents_etat_du_ciel": "S. S. O., S. bon frais, nuages.", "barometre_hpa": 1015.0, "thermometre": "18,0", "declinaison_dms": "", "declinaison_ref": "Est", "alerte": "", "longitude_brute": -174.31417, "ajustement_lon": ""}}, {"type": "Feature", "geometry": {"type": "Point", "coordinates": [-174.47111, -22.08861]}, "properties": {"date": "1793-03-22", "section": "Du port du Sud, terre de Van-Diémen, à Tongatabou.", "page_verso": "542", "page_recto": "543", "source_latitude": "observée", "source_longitude": "montre", "vents_etat_du_ciel": "S. S. E., S. E., E. S. E. bon frais, beau temps.", "barometre_hpa": 1019.6, "thermometre": "19,4", "declinaison_dms": "9.15", "declinaison_ref": "Est", "alerte": "", "longitude_brute": -174.47111, "ajustement_lon": ""}}, {"type": "Feature", "geometry": {"type": "Point", "coordinates": [-174.61867, -21.06887]}, "properties": {"date": "1793-03-23", "section": "Du port du Sud, terre de Van-Diémen, à Tongatabou.", "page_verso": "", "page_recto": "", "source_latitude": "", "source_longitude": "", "vents_etat_du_ciel": "", "barometre_hpa": "", "thermometre": "", "declinaison_dms": "", "declinaison_ref": "", "alerte": "position extrapolée : contournement de côte entre le 1793-03-22 et le 1793-03-23 (détour de 50 km)", "longitude_brute": "", "ajustement_lon": "", "remarque": "", "extrapole": true, "contournement": true}}, {"type": "Feature", "geometry": {"type": "Point", "coordinates": [-175.15886, -21.12418]}, "properties": {"date": "1793-03-23", "section": "Du port du Sud, terre de Van-Diémen, à Tongatabou.", "page_verso": "", "page_recto": "", "source_latitude": "", "source_longitude": "", "vents_etat_du_ciel": "", "barometre_hpa": "", "thermometre": "", "declinaison_dms": "", "declinaison_ref": "", "alerte": "point ajouté : mouillage de Tongatabou, position moderne de l'île de Pangaimotu", "longitude_brute": "", "ajustement_lon": "", "remarque": "Mouillage de l'expédition à l'île de Pangaimotu, près de l'actuelle Nuku'alofa, du 23 mars au 9 avril 1793."}}, {"type": "Feature", "geometry": {"type": "Point", "coordinates": [-175.50028, -20.89806]}, "properties": {"date": "1793-04-09", "section": "De Tongatabou à Balade.", "page_verso": "544", "page_recto": "545", "source_latitude": "observée", "source_longitude": "corrigée", "vents_etat_du_ciel": "E. S. E. joli frais, beau temps.", "barometre_hpa": 1018.7, "thermometre": "21,0", "declinaison_dms": "9.43", "declinaison_ref": "Est", "alerte": "", "longitude_brute": -175.50028, "ajustement_lon": ""}}, {"type": "Feature", "geometry": {"type": "Point", "coordinates": [-177.57556, -20.17139]}, "properties": {"date": "1793-04-10", "section": "De Tongatabou à Balade.", "page_verso": "544", "page_recto": "545", "source_latitude": "observée", "source_longitude": "corrigée", "vents_etat_du_ciel": "E. bon frais, nuages.", "barometre_hpa": 1016.5, "thermometre": "21,5", "declinaison_dms": "9.15", "declinaison_ref": "Est", "alerte": "", "longitude_brute": -177.57556, "ajustement_lon": ""}}, {"type": "Feature", "geometry": {"type": "Point", "coordinates": [179.68, -20.00389]}, "properties": {"date": "1793-04-11", "section": "De Tongatabou à Balade.", "page_verso": "544", "page_recto": "545", "source_latitude": "observée", "source_longitude": "corrigée", "vents_etat_du_ciel": "E., E. S. E. bon frais, temps couvert.", "barometre_hpa": 1011.7, "thermometre": "21,0", "declinaison_dms": "", "declinaison_ref": "Est", "alerte": "", "longitude_brute": 179.68, "ajustement_lon": ""}}, {"type": "Feature", "geometry": {"type": "Point", "coordinates": [177.68, -20.11667]}, "properties": {"date": "1793-04-12", "section": "De Tongatabou à Balade.", "page_verso": "544", "page_recto": "545", "source_latitude": "estimée", "source_longitude": "estimée", "vents_etat_du_ciel": "E. S. E., S. E. bon frais, pluie.", "barometre_hpa": 1008.7, "thermometre": "20,2", "declinaison_dms": "", "declinaison_ref": "Est", "alerte": "longitude estimée", "longitude_brute": 178.23722, "ajustement_lon": -0.557}}, {"type": "Feature", "geometry": {"type": "Point", "coordinates": [174.57222, -19.63194]}, "properties": {"date": "1793-04-13", "section": "De Tongatabou à Balade.", "page_verso": "544", "page_recto": "545", "source_latitude": "observée", "source_longitude": "corrigée", "vents_etat_du_ciel": "E. S. E., E. bon frais, temps couvert.", "barometre_hpa": 1010.5, "thermometre": "21,0", "declinaison_dms": "", "declinaison_ref": "Est", "alerte": "longitude corrigée", "longitude_brute": 174.57222, "ajustement_lon": ""}}, {"type": "Feature", "geometry": {"type": "Point", "coordinates": [172.14611, -19.81417]}, "properties": {"date": "1793-04-14", "section": "De Tongatabou à Balade.", "page_verso": "544", "page_recto": "545", "source_latitude": "observée", "source_longitude": "corrigée", "vents_etat_du_ciel": "E., S. E., E. bon frais, nuages.", "barometre_hpa": 1012.0, "thermometre": "21,0", "declinaison_dms": "9.34", "declinaison_ref": "Est", "alerte": "", "longitude_brute": 172.14611, "ajustement_lon": ""}}, {"type": "Feature", "geometry": {"type": "Point", "coordinates": [170.33806, -19.84]}, "properties": {"date": "1793-04-15", "section": "De Tongatabou à Balade.", "page_verso": "544", "page_recto": "545", "source_latitude": "observée", "source_longitude": "corrigée", "vents_etat_du_ciel": "E. S. E., S. E. joli frais, nuages.", "barometre_hpa": 1014.1, "thermometre": "20,7", "declinaison_dms": "11.20", "declinaison_ref": "Est", "alerte": "", "longitude_brute": 170.33806, "ajustement_lon": ""}}, {"type": "Feature", "geometry": {"type": "Point", "coordinates": [168.19194, -20.13028]}, "properties": {"date": "1793-04-16", "section": "De Tongatabou à Balade.", "page_verso": "544", "page_recto": "545", "source_latitude": "observée", "source_longitude": "corrigée", "vents_etat_du_ciel": "S. E. bon frais, beau temps.", "barometre_hpa": 1016.5, "thermometre": "20,0", "declinaison_dms": "11.5", "declinaison_ref": "Est", "alerte": "", "longitude_brute": 168.19194, "ajustement_lon": ""}}, {"type": "Feature", "geometry": {"type": "Point", "coordinates": [165.32333, -20.33583]}, "properties": {"date": "1793-04-17", "section": "De Tongatabou à Balade.", "page_verso": "544", "page_recto": "545", "source_latitude": "observée", "source_longitude": "corrigée", "vents_etat_du_ciel": "E. S. E., E. bon frais, temps couvert.", "barometre_hpa": 1016.5, "thermometre": "20,0", "declinaison_dms": "", "declinaison_ref": "Est", "alerte": "", "longitude_brute": 165.32333, "ajustement_lon": ""}}, {"type": "Feature", "geometry": {"type": "Point", "coordinates": [164.4625, -20.09694]}, "properties": {"date": "1793-04-18", "section": "De Tongatabou à Balade.", "page_verso": "544", "page_recto": "545", "source_latitude": "observée", "source_longitude": "corrigée", "vents_etat_du_ciel": "E. S. E. bon frais, beau temps.", "barometre_hpa": 1017.1, "thermometre": "20,3", "declinaison_dms": "", "declinaison_ref": "Est", "alerte": "", "longitude_brute": 164.4625, "ajustement_lon": ""}}, {"type": "Feature", "geometry": {"type": "Point", "coordinates": [164.40667, -20.17361]}, "properties": {"date": "1793-05-09", "section": "De Balade au havre de Boni.", "page_verso": "544", "page_recto": "545", "source_latitude": "observée", "source_longitude": "corrigée", "vents_etat_du_ciel": "S. très-foible, calme, beau temps.", "barometre_hpa": 1014.4, "thermometre": "21,3", "declinaison_dms": "9.33", "declinaison_ref": "Est", "alerte": "", "longitude_brute": 164.40667, "ajustement_lon": ""}}, {"type": "Feature", "geometry": {"type": "Point", "coordinates": [164.34806, -19.84694]}, "properties": {"date": "1793-05-10", "section": "De Balade au havre de Boni.", "page_verso": "544", "page_recto": "545", "source_latitude": "observée", "source_longitude": "corrigée", "vents_etat_du_ciel": "Var. du N. N. E. au N. N. O. et au S. E. foibles, beau t.", "barometre_hpa": 1014.1, "thermometre": "20,2", "declinaison_dms": "9.1", "declinaison_ref": "Est", "alerte": "", "longitude_brute": 164.34806, "ajustement_lon": ""}}, {"type": "Feature", "geometry": {"type": "Point", "coordinates": [163.53583, -18.87111]}, "properties": {"date": "1793-05-11", "section": "De Balade au havre de Boni.", "page_verso": "544", "page_recto": "545", "source_latitude": "observée", "source_longitude": "corrigée", "vents_etat_du_ciel": "Du S. S. O. au S. S. E. petit frais, beau temps.", "barometre_hpa": 1014.1, "thermometre": "20,0", "declinaison_dms": "9.20", "declinaison_ref": "Est", "alerte": "", "longitude_brute": 163.53583, "ajustement_lon": ""}}, {"type": "Feature", "geometry": {"type": "Point", "coordinates": [163.17472, -18.51472]}, "properties": {"date": "1793-05-12", "section": "De Balade au havre de Boni.", "page_verso": "544", "page_recto": "545", "source_latitude": "observée", "source_longitude": "corrigée", "vents_etat_du_ciel": "Du S, S. E. au S. S. O. foibles, beau temps,", "barometre_hpa": 1016.8, "thermometre": "20,0", "declinaison_dms": "9.35", "declinaison_ref": "Est", "alerte": "", "longitude_brute": 163.17472, "ajustement_lon": ""}}, {"type": "Feature", "geometry": {"type": "Point", "coordinates": [163.28417, -17.66778]}, "properties": {"date": "1793-05-13", "section": "De Balade au havre de Boni.", "page_verso": "544", "page_recto": "545", "source_latitude": "observée", "source_longitude": "corrigée", "vents_etat_du_ciel": "De l'E. au S, E. petit frais, nuages.", "barometre_hpa": 1021.1, "thermometre": "20,7", "declinaison_dms": "9.33", "declinaison_ref": "Est", "alerte": "", "longitude_brute": 163.28417, "ajustement_lon": ""}}, {"type": "Feature", "geometry": {"type": "Point", "coordinates": [164.02583, -16.42194]}, "properties": {"date": "1793-05-14", "section": "De Balade au havre de Boni.", "page_verso": "544", "page_recto": "545", "source_latitude": "observée", "source_longitude": "corrigée", "vents_etat_du_ciel": "E. S. E. joli frais, nuages.", "barometre_hpa": 1018.7, "thermometre": "20,5", "declinaison_dms": "9.59", "declinaison_ref": "Est", "alerte": "", "longitude_brute": 164.02583, "ajustement_lon": ""}}, {"type": "Feature", "geometry": {"type": "Point", "coordinates": [165.15361, -14.71972]}, "properties": {"date": "1793-05-15", "section": "De Balade au havre de Boni.", "page_verso": "544", "page_recto": "545", "source_latitude": "observée", "source_longitude": "corrigée", "vents_etat_du_ciel": "De l'E. au S. E. joli frais, temps couvert.", "barometre_hpa": 1014.1, "thermometre": "22,0", "declinaison_dms": "", "declinaison_ref": "Est", "alerte": "", "longitude_brute": 165.15361, "ajustement_lon": ""}}, {"type": "Feature", "geometry": {"type": "Point", "coordinates": [165.07583, -13.9]}, "properties": {"date": "1793-05-16", "section": "De Balade au havre de Boni.", "page_verso": "544", "page_recto": "545", "source_latitude": "estimée", "source_longitude": "estimée", "vents_etat_du_ciel": "Du S. E. à l'E. N. E. joli frais, pluie et orage,", "barometre_hpa": 1015.3, "thermometre": "22,0", "declinaison_dms": "", "declinaison_ref": "Est", "alerte": "longitude estimée", "longitude_brute": 165.63722, "ajustement_lon": -0.561}}, {"type": "Feature", "geometry": {"type": "Point", "coordinates": [165.15028, -12.95222]}, "properties": {"date": "1793-05-17", "section": "De Balade au havre de Boni.", "page_verso": "544", "page_recto": "545", "source_latitude": "observée", "source_longitude": "corrigée", "vents_etat_du_ciel": "De l'E. N. E. à l'E. S. E. joli frais, beau temps.", "barometre_hpa": 1015.0, "thermometre": "22,0", "declinaison_dms": "10.56", "declinaison_ref": "Est", "alerte": "longitude corrigée", "longitude_brute": 165.15028, "ajustement_lon": ""}}, {"type": "Feature", "geometry": {"type": "Point", "coordinates": [165.75417, -11.70528]}, "properties": {"date": "1793-05-18", "section": "De Balade au havre de Boni.", "page_verso": "544", "page_recto": "545", "source_latitude": "observée", "source_longitude": "corrigée", "vents_etat_du_ciel": "E., E. S. E, joli frais, nuages.", "barometre_hpa": 1013.5, "thermometre": "22,0", "declinaison_dms": "", "declinaison_ref": "Est", "alerte": "", "longitude_brute": 165.75417, "ajustement_lon": ""}}, {"type": "Feature", "geometry": {"type": "Point", "coordinates": [166.08333, -11.2675]}, "properties": {"date": "1793-05-19", "section": "De Balade au havre de Boni.", "page_verso": "544", "page_recto": "545", "source_latitude": "observée", "source_longitude": "corrigée", "vents_etat_du_ciel": "E., calme, O. foible, temps couvert.", "barometre_hpa": 1013.5, "thermometre": "22,0", "declinaison_dms": "9.27", "declinaison_ref": "Est", "alerte": "", "longitude_brute": 166.08333, "ajustement_lon": ""}}, {"type": "Feature", "geometry": {"type": "Point", "coordinates": [166.13444, -10.92444]}, "properties": {"date": "1793-05-20", "section": "De Balade au havre de Boni.", "page_verso": "544", "page_recto": "545", "source_latitude": "observée", "source_longitude": "corrigée", "vents_etat_du_ciel": "S., E., N. E. très-foibles, grains.", "barometre_hpa": 1013.5, "thermometre": "23,0", "declinaison_dms": "9.20", "declinaison_ref": "Est", "alerte": "", "longitude_brute": 166.13444, "ajustement_lon": ""}}, {"type": "Feature", "geometry": {"type": "Point", "coordinates": [165.93861, -10.82694]}, "properties": {"date": "1793-05-21", "section": "De Balade au havre de Boni.", "page_verso": "544", "page_recto": "545", "source_latitude": "observée", "source_longitude": "corrigée", "vents_etat_du_ciel": "N. E., E., E. S. E. très-foibles, beau temps.", "barometre_hpa": 1013.5, "thermometre": "22,5", "declinaison_dms": "9.6", "declinaison_ref": "Est", "alerte": "", "longitude_brute": 165.93861, "ajustement_lon": ""}}, {"type": "Feature", "geometry": {"type": "Point", "coordinates": [167.23788, -10.16477]}, "properties": {"date": "1793-05-22", "section": "De Balade au havre de Boni.", "page_verso": "", "page_recto": "", "source_latitude": "", "source_longitude": "", "vents_etat_du_ciel": "", "barometre_hpa": "", "thermometre": "", "declinaison_dms": "", "declinaison_ref": "", "alerte": "position extrapolée : contournement de côte entre le 1793-05-21 et le 1793-05-22 (détour de 160 km)", "longitude_brute": "", "ajustement_lon": "", "extrapole": true, "contournement": true}}, {"type": "Feature", "geometry": {"type": "Point", "coordinates": [165.83194, -10.60694]}, "properties": {"date": "1793-05-22", "section": "De Balade au havre de Boni.", "page_verso": "544", "page_recto": "545", "source_latitude": "observée", "source_longitude": "corrigée", "vents_etat_du_ciel": "E., E. S. E. joli frais, beau temps.", "barometre_hpa": 1013.2, "thermometre": "23,0", "declinaison_dms": "10.10", "declinaison_ref": "Est", "alerte": "", "longitude_brute": 165.83194, "ajustement_lon": ""}}, {"type": "Feature", "geometry": {"type": "Point", "coordinates": [165.8253, -10.7423]}, "properties": {"date": "1793-05-23", "section": "De Balade au havre de Boni.", "page_verso": "544", "page_recto": "545", "source_latitude": "estimée", "source_longitude": "estimée", "vents_etat_du_ciel": "Du S. E. à l'E. joli frais, grains.", "barometre_hpa": 1012.9, "thermometre": "22,0", "declinaison_dms": "", "declinaison_ref": "Est", "alerte": "longitude estimée", "longitude_brute": 166.53722, "ajustement_lon": -0.696, "renfloue": "position décalée de 2 km vers le large : le trait de côte employé par la carte, au 1/10 000 000, ne dessine pas ce mouillage, et la position relevée y tombait en pleine terre. Le relevé lui-même n'est pas en cause"}}, {"type": "Feature", "geometry": {"type": "Point", "coordinates": [165.22012, -9.7471]}, "properties": {"date": "1793-05-24", "section": "De Balade au havre de Boni.", "page_verso": "", "page_recto": "", "source_latitude": "", "source_longitude": "", "vents_etat_du_ciel": "", "barometre_hpa": "", "thermometre": "", "declinaison_dms": "", "declinaison_ref": "", "alerte": "position extrapolée : contournement de côte entre le 1793-05-23 et le 1793-05-24 (détour de 125 km)", "longitude_brute": "", "ajustement_lon": "", "extrapole": true, "contournement": true}}, {"type": "Feature", "geometry": {"type": "Point", "coordinates": [164.42194, -11.15]}, "properties": {"date": "1793-05-24", "section": "De Balade au havre de Boni.", "page_verso": "544", "page_recto": "545", "source_latitude": "estimée", "source_longitude": "corrigée", "vents_etat_du_ciel": "Du N. E. au S. E. bon frais, grains.", "barometre_hpa": 1013.5, "thermometre": "22,0", "declinaison_dms": "", "declinaison_ref": "Est", "alerte": "longitude corrigée", "longitude_brute": 164.42194, "ajustement_lon": ""}}, {"type": "Feature", "geometry": {"type": "Point", "coordinates": [162.74889, -10.80306]}, "properties": {"date": "1793-05-25", "section": "De Balade au havre de Boni.", "page_verso": "544", "page_recto": "545", "source_latitude": "observée", "source_longitude": "corrigée", "vents_etat_du_ciel": "E. S. E., S. E. joli frais, beau temps.", "barometre_hpa": 1012.0, "thermometre": "22,5", "declinaison_dms": "9.51", "declinaison_ref": "Est", "alerte": "", "longitude_brute": 162.74889, "ajustement_lon": ""}}, {"type": "Feature", "geometry": {"type": "Point", "coordinates": [162.06167, -10.91389]}, "properties": {"date": "1793-05-26", "section": "De Balade au havre de Boni.", "page_verso": "544", "page_recto": "545", "source_latitude": "observée", "source_longitude": "corrigée", "vents_etat_du_ciel": "E., E. S. E., S. E. joli frais, grains.", "barometre_hpa": 1011.1, "thermometre": "22,8", "declinaison_dms": "", "declinaison_ref": "Est", "alerte": "", "longitude_brute": 162.06167, "ajustement_lon": ""}}, {"type": "Feature", "geometry": {"type": "Point", "coordinates": [161.44889, -10.53583]}, "properties": {"date": "1793-05-27", "section": "De Balade au havre de Boni.", "page_verso": "544", "page_recto": "545", "source_latitude": "observée", "source_longitude": "corrigée", "vents_etat_du_ciel": "E., S. E. bon frais, temps couvert.", "barometre_hpa": 1011.1, "thermometre": "22,0", "declinaison_dms": "9.41", "declinaison_ref": "Est", "alerte": "", "longitude_brute": 161.44889, "ajustement_lon": ""}}, {"type": "Feature", "geometry": {"type": "Point", "coordinates": [161.08195, -10.17953]}, "properties": {"date": "1793-05-28", "section": "De Balade au havre de Boni.", "page_verso": "", "page_recto": "", "source_latitude": "", "source_longitude": "", "vents_etat_du_ciel": "", "barometre_hpa": "", "thermometre": "", "declinaison_dms": "", "declinaison_ref": "", "alerte": "position extrapolée : contournement de côte entre le 1793-05-27 et le 1793-05-28 (détour de 50 km)", "longitude_brute": "", "ajustement_lon": "", "extrapole": true, "contournement": true}}, {"type": "Feature", "geometry": {"type": "Point", "coordinates": [161.64806, -9.89111]}, "properties": {"date": "1793-05-28", "section": "De Balade au havre de Boni.", "page_verso": "544", "page_recto": "545", "source_latitude": "observée", "source_longitude": "corrigée", "vents_etat_du_ciel": "S. E., calme, E., O. très-foibles, beau temps.", "barometre_hpa": 1012.0, "thermometre": "22,5", "declinaison_dms": "9.0", "declinaison_ref": "Est", "alerte": "", "longitude_brute": 161.64806, "ajustement_lon": ""}}, {"type": "Feature", "geometry": {"type": "Point", "coordinates": [162.17959, -10.2]}, "properties": {"date": "1793-05-29", "section": "De Balade au havre de Boni.", "page_verso": "544", "page_recto": "545", "source_latitude": "estimée", "source_longitude": "estimée", "vents_etat_du_ciel": "De l'O. N. O. à l'O. S. O. petit frais, temps couvert.", "barometre_hpa": 1012.9, "thermometre": "22,2", "declinaison_dms": "", "declinaison_ref": "Est", "alerte": "longitude estimée", "longitude_brute": 162.52056, "ajustement_lon": -0.341}}, {"type": "Feature", "geometry": {"type": "Point", "coordinates": [161.46056, -9.98694]}, "properties": {"date": "1793-05-30", "section": "De Balade au havre de Boni.", "page_verso": "544", "page_recto": "545", "source_latitude": "observée", "source_longitude": "corrigée", "vents_etat_du_ciel": "Du N. O. au N. E. petit frais, temps variable.", "barometre_hpa": 1013.5, "thermometre": "22,0", "declinaison_dms": "9.45", "declinaison_ref": "Est", "alerte": "longitude corrigée", "longitude_brute": 161.46056, "ajustement_lon": ""}}, {"type": "Feature", "geometry": {"type": "Point", "coordinates": [160.59278, -10.11333]}, "properties": {"date": "1793-05-31", "section": "De Balade au havre de Boni.", "page_verso": "544", "page_recto": "545", "source_latitude": "observée", "source_longitude": "corrigée", "vents_etat_du_ciel": "E., E. N. E. joli frais, nuages.", "barometre_hpa": 1012.3, "thermometre": "22,5", "declinaison_dms": "8.43", "declinaison_ref": "Est", "alerte": "", "longitude_brute": 160.59278, "ajustement_lon": ""}}, {"type": "Feature", "geometry": {"type": "Point", "coordinates": [160.58889, -9.98972]}, "properties": {"date": "1793-06-01", "section": "De Balade au havre de Boni.", "page_verso": "544", "page_recto": "545", "source_latitude": "observée", "source_longitude": "corrigée", "vents_etat_du_ciel": "E. S. E., calme, E. foible, temps pluvieux.", "barometre_hpa": 1013.5, "thermometre": "21,5", "declinaison_dms": "", "declinaison_ref": "Est", "alerte": "", "longitude_brute": 160.58889, "ajustement_lon": ""}}, {"type": "Feature", "geometry": {"type": "Point", "coordinates": [159.71, -9.9]}, "properties": {"date": "1793-06-02", "section": "De Balade au havre de Boni.", "page_verso": "544", "page_recto": "545", "source_latitude": "estimée", "source_longitude": "estimée", "vents_etat_du_ciel": "Vents très-variables, temps couvert.", "barometre_hpa": 1015.9, "thermometre": "21,5", "declinaison_dms": "", "declinaison_ref": "Est", "alerte": "longitude estimée", "longitude_brute": 159.15389, "ajustement_lon": 0.556}}, {"type": "Feature", "geometry": {"type": "Point", "coordinates": [159.58147, -9.56471]}, "properties": {"date": "1793-06-03", "section": "De Balade au havre de Boni.", "page_verso": "", "page_recto": "", "source_latitude": "", "source_longitude": "", "vents_etat_du_ciel": "", "barometre_hpa": "", "thermometre": "", "declinaison_dms": "", "declinaison_ref": "", "alerte": "position extrapolée : contournement de côte entre le 1793-06-02 et le 1793-06-03 (détour de 5 km)", "longitude_brute": "", "ajustement_lon": "", "extrapole": true, "contournement": true}}, {"type": "Feature", "geometry": {"type": "Point", "coordinates": [159.60472, -9.46778]}, "properties": {"date": "1793-06-03", "section": "De Balade au havre de Boni.", "page_verso": "546", "page_recto": "547", "source_latitude": "observée", "source_longitude": "corrigée", "vents_etat_du_ciel": "Du S. E. au N. E. temps variable.", "barometre_hpa": 1015.0, "thermometre": "21,5", "declinaison_dms": "", "declinaison_ref": "Est", "alerte": "longitude corrigée", "longitude_brute": 159.60472, "ajustement_lon": ""}}, {"type": "Feature", "geometry": {"type": "Point", "coordinates": [158.84444, -9.08472]}, "properties": {"date": "1793-06-04", "section": "De Balade au havre de Boni.", "page_verso": "546", "page_recto": "547", "source_latitude": "observée", "source_longitude": "corrigée", "vents_etat_du_ciel": "De l'E. S. E. au S. joli frais, beau temps.", "barometre_hpa": 1015.0, "thermometre": "22,5", "declinaison_dms": "7.46", "declinaison_ref": "Est", "alerte": "", "longitude_brute": 158.84444, "ajustement_lon": ""}}, {"type": "Feature", "geometry": {"type": "Point", "coordinates": [157.81417, -8.90806]}, "properties": {"date": "1793-06-05", "section": "De Balade au havre de Boni.", "page_verso": "546", "page_recto": "547", "source_latitude": "observée", "source_longitude": "corrigée", "vents_etat_du_ciel": "S. E., E. S. E. joli frais, grains.", "barometre_hpa": 1013.5, "thermometre": "22,0", "declinaison_dms": "", "declinaison_ref": "Est", "alerte": "", "longitude_brute": 157.81417, "ajustement_lon": ""}}, {"type": "Feature", "geometry": {"type": "Point", "coordinates": [157.35306, -8.80361]}, "properties": {"date": "1793-06-06", "section": "De Balade au havre de Boni.", "page_verso": "546", "page_recto": "547", "source_latitude": "observée", "source_longitude": "corrigée", "vents_etat_du_ciel": "S. E., E. S. E. joli frais, temps couvert.", "barometre_hpa": 1013.5, "thermometre": "22,0", "declinaison_dms": "5.52", "declinaison_ref": "Est", "alerte": "", "longitude_brute": 157.35306, "ajustement_lon": ""}}, {"type": "Feature", "geometry": {"type": "Point", "coordinates": [157.00361, -9.30194]}, "properties": {"date": "1793-06-07", "section": "De Balade au havre de Boni.", "page_verso": "546", "page_recto": "547", "source_latitude": "observée", "source_longitude": "corrigée", "vents_etat_du_ciel": "Vents très-variables, temps pluvieux.", "barometre_hpa": 1014.7, "thermometre": "21,0", "declinaison_dms": "", "declinaison_ref": "Est", "alerte": "", "longitude_brute": 157.00361, "ajustement_lon": ""}}, {"type": "Feature", "geometry": {"type": "Point", "coordinates": [157.04333, -10.19056]}, "properties": {"date": "1793-06-08", "section": "De Balade au havre de Boni.", "page_verso": "546", "page_recto": "547", "source_latitude": "observée", "source_longitude": "corrigée", "vents_etat_du_ciel": "De l'E. au S. S. E. foibles, pluie.", "barometre_hpa": 1016.5, "thermometre": "22,0", "declinaison_dms": "7.50", "declinaison_ref": "Est", "alerte": "", "longitude_brute": 157.04333, "ajustement_lon": ""}}, {"type": "Feature", "geometry": {"type": "Point", "coordinates": [156.86806, -11.47194]}, "properties": {"date": "1793-06-09", "section": "De Balade au havre de Boni.", "page_verso": "546", "page_recto": "547", "source_latitude": "observée", "source_longitude": "corrigée", "vents_etat_du_ciel": "E., E. N. E. petit frais, beau temps.", "barometre_hpa": 1015.3, "thermometre": "22,5", "declinaison_dms": "7.49", "declinaison_ref": "Est", "alerte": "", "longitude_brute": 156.86806, "ajustement_lon": ""}}, {"type": "Feature", "geometry": {"type": "Point", "coordinates": [155.72806, -11.07861]}, "properties": {"date": "1793-06-10", "section": "De Balade au havre de Boni.", "page_verso": "546", "page_recto": "547", "source_latitude": "observée", "source_longitude": "corrigée", "vents_etat_du_ciel": "Vents très-variables et très-foibles, pluie.", "barometre_hpa": 1014.7, "thermometre": "21,0", "declinaison_dms": "7.48", "declinaison_ref": "Est", "alerte": "", "longitude_brute": 155.72806, "ajustement_lon": ""}}, {"type": "Feature", "geometry": {"type": "Point", "coordinates": [154.42, -10.98889]}, "properties": {"date": "1793-06-11", "section": "De Balade au havre de Boni.", "page_verso": "546", "page_recto": "547", "source_latitude": "observée", "source_longitude": "corrigée", "vents_etat_du_ciel": "S. E., E. S. E. joli frais, grains.", "barometre_hpa": 1016.2, "thermometre": "21,0", "declinaison_dms": "8.37", "declinaison_ref": "Est", "alerte": "", "longitude_brute": 154.42, "ajustement_lon": ""}}, {"type": "Feature", "geometry": {"type": "Point", "coordinates": [154.11806, -11.22528]}, "properties": {"date": "1793-06-12", "section": "De Balade au havre de Boni.", "page_verso": "546", "page_recto": "547", "source_latitude": "observée", "source_longitude": "corrigée", "vents_etat_du_ciel": "E. S. E., S. S. E. petit frais, beau temps.", "barometre_hpa": 1016.5, "thermometre": "20,5", "declinaison_dms": "7.27", "declinaison_ref": "Est", "alerte": "", "longitude_brute": 154.11806, "ajustement_lon": ""}}, {"type": "Feature", "geometry": {"type": "Point", "coordinates": [152.99556, -10.97028]}, "properties": {"date": "1793-06-13", "section": "De Balade au havre de Boni.", "page_verso": "546", "page_recto": "547", "source_latitude": "observée", "source_longitude": "corrigée", "vents_etat_du_ciel": "S. E., E. S. E. bon frais, beau temps.", "barometre_hpa": 1017.4, "thermometre": "21,0", "declinaison_dms": "7.46", "declinaison_ref": "Est", "alerte": "", "longitude_brute": 152.99556, "ajustement_lon": ""}}, {"type": "Feature", "geometry": {"type": "Point", "coordinates": [152.84361, -10.59583]}, "properties": {"date": "1793-06-14", "section": "De Balade au havre de Boni.", "page_verso": "546", "page_recto": "547", "source_latitude": "observée", "source_longitude": "corrigée", "vents_etat_du_ciel": "De l'E. au S. E. petit frais, beau temps.", "barometre_hpa": 1019.6, "thermometre": "21,0", "declinaison_dms": "7.8", "declinaison_ref": "Est", "alerte": "", "longitude_brute": 152.84361, "ajustement_lon": ""}}, {"type": "Feature", "geometry": {"type": "Point", "coordinates": [152.115, -10.4015]}, "properties": {"date": "1793-06-15", "section": "De Balade au havre de Boni.", "page_verso": "546", "page_recto": "547", "source_latitude": "observée", "source_longitude": "corrigée", "vents_etat_du_ciel": "De l'E. N. E. au S. E. joli frais, temps variable.", "barometre_hpa": 1017.7, "thermometre": "21,0", "declinaison_dms": "7.5", "declinaison_ref": "Est", "alerte": "", "longitude_brute": 152.09694, "ajustement_lon": "", "renfloue": "position décalée de 2 km vers le large : le trait de côte employé par la carte, au 1/10 000 000, ne dessine pas ce mouillage, et la position relevée y tombait en pleine terre. Le relevé lui-même n'est pas en cause"}}, {"type": "Feature", "geometry": {"type": "Point", "coordinates": [151.94782, -10.41549]}, "properties": {"date": "1793-06-16", "section": "De Balade au havre de Boni.", "page_verso": "", "page_recto": "", "source_latitude": "", "source_longitude": "", "vents_etat_du_ciel": "", "barometre_hpa": "", "thermometre": "", "declinaison_dms": "", "declinaison_ref": "", "alerte": "position extrapolée : contournement de côte entre le 1793-06-15 et le 1793-06-16 (détour de 8 km)", "longitude_brute": "", "ajustement_lon": "", "extrapole": true, "contournement": true}}, {"type": "Feature", "geometry": {"type": "Point", "coordinates": [151.71194, -10.24972]}, "properties": {"date": "1793-06-16", "section": "De Balade au havre de Boni.", "page_verso": "546", "page_recto": "547", "source_latitude": "observée", "source_longitude": "corrigée", "vents_etat_du_ciel": "S. E., S. S. E. foibles, nuages.", "barometre_hpa": 1016.5, "thermometre": "21,2", "declinaison_dms": "6.59", "declinaison_ref": "Est", "alerte": "", "longitude_brute": 151.71194, "ajustement_lon": ""}}, {"type": "Feature", "geometry": {"type": "Point", "coordinates": [151.2775, -9.89861]}, "properties": {"date": "1793-06-17", "section": "De Balade au havre de Boni.", "page_verso": "546", "page_recto": "547", "source_latitude": "observée", "source_longitude": "corrigée", "vents_etat_du_ciel": "S., S. S. E. foibles, beau temps.", "barometre_hpa": 1015.9, "thermometre": "21,0", "declinaison_dms": "6.45", "declinaison_ref": "Est", "alerte": "", "longitude_brute": 151.2775, "ajustement_lon": ""}}, {"type": "Feature", "geometry": {"type": "Point", "coordinates": [151.09861, -9.70889]}, "properties": {"date": "1793-06-18", "section": "De Balade au havre de Boni.", "page_verso": "546", "page_recto": "547", "source_latitude": "observée", "source_longitude": "corrigée", "vents_etat_du_ciel": "Vents très-variables et très-foibles, beau temps.", "barometre_hpa": 1016.2, "thermometre": "21,5", "declinaison_dms": "7.27", "declinaison_ref": "Est", "alerte": "", "longitude_brute": 151.09861, "ajustement_lon": ""}}, {"type": "Feature", "geometry": {"type": "Point", "coordinates": [151.06778, -9.76611]}, "properties": {"date": "1793-06-19", "section": "De Balade au havre de Boni.", "page_verso": "546", "page_recto": "547", "source_latitude": "observée", "source_longitude": "corrigée", "vents_etat_du_ciel": "De l'E. au S. et au S. O. petit frais, beau temps.", "barometre_hpa": 1016.5, "thermometre": "21,0", "declinaison_dms": "6.45", "declinaison_ref": "Est", "alerte": "", "longitude_brute": 151.06778, "ajustement_lon": ""}}, {"type": "Feature", "geometry": {"type": "Point", "coordinates": [151.25333, -8.87972]}, "properties": {"date": "1793-06-20", "section": "De Balade au havre de Boni.", "page_verso": "546", "page_recto": "547", "source_latitude": "observée", "source_longitude": "corrigée", "vents_etat_du_ciel": "Calme, de l'E. au S. S. E. petit frais, nuages.", "barometre_hpa": 1016.5, "thermometre": "21,0", "declinaison_dms": "", "declinaison_ref": "Est", "alerte": "", "longitude_brute": 151.25333, "ajustement_lon": ""}}, {"type": "Feature", "geometry": {"type": "Point", "coordinates": [151.07405, -8.80829]}, "properties": {"date": "1793-06-21", "section": "De Balade au havre de Boni.", "page_verso": "", "page_recto": "", "source_latitude": "", "source_longitude": "", "vents_etat_du_ciel": "", "barometre_hpa": "", "thermometre": "", "declinaison_dms": "", "declinaison_ref": "", "alerte": "position extrapolée : contournement de côte entre le 1793-06-20 et le 1793-06-21 (détour de 12 km)", "longitude_brute": "", "ajustement_lon": "", "extrapole": true, "contournement": true}}, {"type": "Feature", "geometry": {"type": "Point", "coordinates": [150.81028, -8.22333]}, "properties": {"date": "1793-06-21", "section": "De Balade au havre de Boni.", "page_verso": "546", "page_recto": "547", "source_latitude": "observée", "source_longitude": "corrigée", "vents_etat_du_ciel": "S. E., E. S. E., S. S. E. petit frais, beau temps.", "barometre_hpa": 1015.0, "thermometre": "21,0", "declinaison_dms": "7.20", "declinaison_ref": "Est", "alerte": "", "longitude_brute": 150.81028, "ajustement_lon": ""}}, {"type": "Feature", "geometry": {"type": "Point", "coordinates": [150.95944, -8.26889]}, "properties": {"date": "1793-06-22", "section": "De Balade au havre de Boni.", "page_verso": "546", "page_recto": "547", "source_latitude": "observée", "source_longitude": "corrigée", "vents_etat_du_ciel": "E. S. E., S. E., S. S. E. petit frais, temps couvert.", "barometre_hpa": 1014.4, "thermometre": "22,0", "declinaison_dms": "6.11", "declinaison_ref": "Est", "alerte": "", "longitude_brute": 150.95944, "ajustement_lon": ""}}, {"type": "Feature", "geometry": {"type": "Point", "coordinates": [149.25389, -8.25833]}, "properties": {"date": "1793-06-23", "section": "De Balade au havre de Boni.", "page_verso": "546", "page_recto": "547", "source_latitude": "observée", "source_longitude": "corrigée", "vents_etat_du_ciel": "S. E., E. S. E. foibles, nuages.", "barometre_hpa": 1018.7, "thermometre": "22,0", "declinaison_dms": "7.9", "declinaison_ref": "Est", "alerte": "", "longitude_brute": 149.25389, "ajustement_lon": ""}}, {"type": "Feature", "geometry": {"type": "Point", "coordinates": [148.48694, -8.13667]}, "properties": {"date": "1793-06-24", "section": "De Balade au havre de Boni.", "page_verso": "546", "page_recto": "547", "source_latitude": "observée", "source_longitude": "corrigée", "vents_etat_du_ciel": "S. E., E. S. E., S. S. O. foibles, nuages.", "barometre_hpa": 1018.0, "thermometre": "21,4", "declinaison_dms": "", "declinaison_ref": "Est", "alerte": "", "longitude_brute": 148.48694, "ajustement_lon": ""}}, {"type": "Feature", "geometry": {"type": "Point", "coordinates": [148.04583, -7.58611]}, "properties": {"date": "1793-06-25", "section": "De Balade au havre de Boni.", "page_verso": "546", "page_recto": "547", "source_latitude": "observée", "source_longitude": "corrigée", "vents_etat_du_ciel": "S. S. O., E. S. E., S. foibles, nuages.", "barometre_hpa": 1017.4, "thermometre": "21,7", "declinaison_dms": "", "declinaison_ref": "Est", "alerte": "", "longitude_brute": 148.04583, "ajustement_lon": ""}}, {"type": "Feature", "geometry": {"type": "Point", "coordinates": [147.36111, -6.93861]}, "properties": {"date": "1793-06-26", "section": "De Balade au havre de Boni.", "page_verso": "546", "page_recto": "547", "source_latitude": "observée", "source_longitude": "corrigée", "vents_etat_du_ciel": "Du S. E. au N. O. très-foibles, pluie.", "barometre_hpa": 1018.4, "thermometre": "21,0", "declinaison_dms": "", "declinaison_ref": "Est", "alerte": "", "longitude_brute": 147.36111, "ajustement_lon": ""}}, {"type": "Feature", "geometry": {"type": "Point", "coordinates": [147.57333, -7.16306]}, "properties": {"date": "1793-06-27", "section": "De Balade au havre de Boni.", "page_verso": "546", "page_recto": "547", "source_latitude": "observée", "source_longitude": "corrigée", "vents_etat_du_ciel": "N. O., calme, O. N. O. très-foible, pluie.", "barometre_hpa": 1016.5, "thermometre": "20,0", "declinaison_dms": "", "declinaison_ref": "Est", "alerte": "", "longitude_brute": 147.57333, "ajustement_lon": ""}}, {"type": "Feature", "geometry": {"type": "Point", "coordinates": [147.79833, -7.13889]}, "properties": {"date": "1793-06-28", "section": "De Balade au havre de Boni.", "page_verso": "546", "page_recto": "547", "source_latitude": "observée", "source_longitude": "corrigée", "vents_etat_du_ciel": "N. O., calme, O. N. O. très-foible, temps couvert.", "barometre_hpa": 1015.0, "thermometre": "21,7", "declinaison_dms": "6.1", "declinaison_ref": "Est", "alerte": "", "longitude_brute": 147.79833, "ajustement_lon": ""}}, {"type": "Feature", "geometry": {"type": "Point", "coordinates": [148.25639, -5.64361]}, "properties": {"date": "1793-06-29", "section": "De Balade au havre de Boni.", "page_verso": "546", "page_recto": "547", "source_latitude": "observée", "source_longitude": "corrigée", "vents_etat_du_ciel": "S. O., calme, du S. E. au S. petit frais, beau temps.", "barometre_hpa": 1013.5, "thermometre": "21,0", "declinaison_dms": "5.58", "declinaison_ref": "Est", "alerte": "", "longitude_brute": 148.25639, "ajustement_lon": ""}}, {"type": "Feature", "geometry": {"type": "Point", "coordinates": [148.39172, -5.41436]}, "properties": {"date": "1793-06-30", "section": "De Balade au havre de Boni.", "page_verso": "", "page_recto": "", "source_latitude": "", "source_longitude": "", "vents_etat_du_ciel": "", "barometre_hpa": "", "thermometre": "", "declinaison_dms": "", "declinaison_ref": "", "alerte": "position extrapolée : contournement de côte entre le 1793-06-29 et le 1793-06-30 (détour de 12 km)", "longitude_brute": "", "ajustement_lon": "", "extrapole": true, "contournement": true}}, {"type": "Feature", "geometry": {"type": "Point", "coordinates": [148.82333, -5.23889]}, "properties": {"date": "1793-06-30", "section": "De Balade au havre de Boni.", "page_verso": "546", "page_recto": "547", "source_latitude": "observée", "source_longitude": "corrigée", "vents_etat_du_ciel": "Du S. à l'E. N. E. petit frais, beau temps.", "barometre_hpa": 1012.0, "thermometre": "22,0", "declinaison_dms": "6.39", "declinaison_ref": "Est", "alerte": "", "longitude_brute": 148.82333, "ajustement_lon": ""}}, {"type": "Feature", "geometry": {"type": "Point", "coordinates": [149.06806, -4.81556]}, "properties": {"date": "1793-07-01", "section": "De Balade au havre de Boni.", "page_verso": "546", "page_recto": "547", "source_latitude": "observée", "source_longitude": "corrigée", "vents_etat_du_ciel": "Calme, vents foibles et très-variables, beau temps.", "barometre_hpa": 1013.5, "thermometre": "22,2", "declinaison_dms": "6.31", "declinaison_ref": "Est", "alerte": "", "longitude_brute": 149.06806, "ajustement_lon": ""}}, {"type": "Feature", "geometry": {"type": "Point", "coordinates": [149.61306, -4.81361]}, "properties": {"date": "1793-07-02", "section": "De Balade au havre de Boni.", "page_verso": "546", "page_recto": "547", "source_latitude": "observée", "source_longitude": "corrigée", "vents_etat_du_ciel": "Du S. au S. E. petit frais, beau temps.", "barometre_hpa": 1013.8, "thermometre": "22,0", "declinaison_dms": "6.19", "declinaison_ref": "Est", "alerte": "", "longitude_brute": 149.61306, "ajustement_lon": ""}}, {"type": "Feature", "geometry": {"type": "Point", "coordinates": [149.75167, -5.07167]}, "properties": {"date": "1793-07-03", "section": "De Balade au havre de Boni.", "page_verso": "546", "page_recto": "547", "source_latitude": "observée", "source_longitude": "corrigée", "vents_etat_du_ciel": "Du N. E. à l'E. et au S. foibles, temps couvert.", "barometre_hpa": 1013.5, "thermometre": "22,2", "declinaison_dms": "5.37", "declinaison_ref": "Est", "alerte": "", "longitude_brute": 149.75167, "ajustement_lon": ""}}, {"type": "Feature", "geometry": {"type": "Point", "coordinates": [150.31722, -4.83556]}, "properties": {"date": "1793-07-04", "section": "De Balade au havre de Boni.", "page_verso": "546", "page_recto": "547", "source_latitude": "observée", "source_longitude": "corrigée", "vents_etat_du_ciel": "Du S. à l'O. S. O. et au S. E. foibles, beau temps.", "barometre_hpa": 1012.6, "thermometre": "22,4", "declinaison_dms": "6.9", "declinaison_ref": "Est", "alerte": "", "longitude_brute": 150.31722, "ajustement_lon": ""}}, {"type": "Feature", "geometry": {"type": "Point", "coordinates": [150.60583, -4.62833]}, "properties": {"date": "1793-07-05", "section": "De Balade au havre de Boni.", "page_verso": "546", "page_recto": "547", "source_latitude": "observée", "source_longitude": "corrigée", "vents_etat_du_ciel": "Vents très-variables et très-foibles, beau temps.", "barometre_hpa": 1013.5, "thermometre": "22,5", "declinaison_dms": "6.6", "declinaison_ref": "Est", "alerte": "", "longitude_brute": 150.60583, "ajustement_lon": ""}}, {"type": "Feature", "geometry": {"type": "Point", "coordinates": [150.83361, -4.69528]}, "properties": {"date": "1793-07-06", "section": "De Balade au havre de Boni.", "page_verso": "546", "page_recto": "547", "source_latitude": "observée", "source_longitude": "corrigée", "vents_etat_du_ciel": "Calme, vents très-variables et très-foibles, pluie.", "barometre_hpa": 1012.6, "thermometre": "22,5", "declinaison_dms": "6.20", "declinaison_ref": "Est", "alerte": "", "longitude_brute": 150.83361, "ajustement_lon": ""}}, {"type": "Feature", "geometry": {"type": "Point", "coordinates": [151.03389, -4.37694]}, "properties": {"date": "1793-07-07", "section": "De Balade au havre de Boni.", "page_verso": "546", "page_recto": "547", "source_latitude": "observée", "source_longitude": "corrigée", "vents_etat_du_ciel": "Calme, du S. au S. E. foibles, beau temps.", "barometre_hpa": 1012.0, "thermometre": "22,5", "declinaison_dms": "6.47", "declinaison_ref": "Est", "alerte": "", "longitude_brute": 151.03389, "ajustement_lon": ""}}, {"type": "Feature", "geometry": {"type": "Point", "coordinates": [151.07111, -3.76778]}, "properties": {"date": "1793-07-08", "section": "De Balade au havre de Boni.", "page_verso": "548", "page_recto": "549", "source_latitude": "observée", "source_longitude": "corrigée", "vents_etat_du_ciel": "Vents très-variables et très-foibles, calme, beau temps.", "barometre_hpa": 1013.5, "thermometre": "23,0", "declinaison_dms": "6.28", "declinaison_ref": "Est", "alerte": "", "longitude_brute": 151.07111, "ajustement_lon": ""}}, {"type": "Feature", "geometry": {"type": "Point", "coordinates": [150.43111, -3.20333]}, "properties": {"date": "1793-07-09", "section": "De Balade au havre de Boni.", "page_verso": "548", "page_recto": "549", "source_latitude": "observée", "source_longitude": "corrigée", "vents_etat_du_ciel": "Du S. E. au S. foibles, beau temps.", "barometre_hpa": 1012.0, "thermometre": "23,0", "declinaison_dms": "6.15", "declinaison_ref": "Est", "alerte": "", "longitude_brute": 150.43111, "ajustement_lon": ""}}, {"type": "Feature", "geometry": {"type": "Point", "coordinates": [149.70667, -2.73444]}, "properties": {"date": "1793-07-10", "section": "De Balade au havre de Boni.", "page_verso": "548", "page_recto": "549", "source_latitude": "observée", "source_longitude": "corrigée", "vents_etat_du_ciel": "Vents très-variables et foibles, temps couvert, orage.", "barometre_hpa": 1012.0, "thermometre": "21,6", "declinaison_dms": "", "declinaison_ref": "Est", "alerte": "", "longitude_brute": 149.70667, "ajustement_lon": ""}}, {"type": "Feature", "geometry": {"type": "Point", "coordinates": [148.73917, -2.525]}, "properties": {"date": "1793-07-11", "section": "De Balade au havre de Boni.", "page_verso": "548", "page_recto": "549", "source_latitude": "observée", "source_longitude": "corrigée", "vents_etat_du_ciel": "Du N. E. au S. E. et au S. foibles, nuages.", "barometre_hpa": 1011.4, "thermometre": "22,5", "declinaison_dms": "6.9", "declinaison_ref": "Est", "alerte": "", "longitude_brute": 148.73917, "ajustement_lon": ""}}, {"type": "Feature", "geometry": {"type": "Point", "coordinates": [148.10944, -2.1425]}, "properties": {"date": "1793-07-12", "section": "De Balade au havre de Boni.", "page_verso": "548", "page_recto": "549", "source_latitude": "observée", "source_longitude": "corrigée", "vents_etat_du_ciel": "Calme, vents très-variables et très-foibles, pluie.", "barometre_hpa": 1011.7, "thermometre": "22,5", "declinaison_dms": "", "declinaison_ref": "Est", "alerte": "", "longitude_brute": 148.10944, "ajustement_lon": ""}}, {"type": "Feature", "geometry": {"type": "Point", "coordinates": [147.41667, -1.08333]}, "properties": {"date": "1793-07-13", "section": "De Balade au havre de Boni.", "page_verso": "548", "page_recto": "549", "source_latitude": "observée", "source_longitude": "corrigée", "vents_etat_du_ciel": "S. E., E. S. E. petit frais, beau temps.", "barometre_hpa": 1010.5, "thermometre": "22,8", "declinaison_dms": "", "declinaison_ref": "Est", "alerte": "", "longitude_brute": 147.41667, "ajustement_lon": ""}}, {"type": "Feature", "geometry": {"type": "Point", "coordinates": [146.69222, -0.87583]}, "properties": {"date": "1793-07-14", "section": "De Balade au havre de Boni.", "page_verso": "548", "page_recto": "549", "source_latitude": "observée", "source_longitude": "corrigée", "vents_etat_du_ciel": "De l'E. S. E. au N. et N. N. O. foibles, beau temps.", "barometre_hpa": 1013.5, "thermometre": "22,5", "declinaison_dms": "", "declinaison_ref": "Est", "alerte": "", "longitude_brute": 146.69222, "ajustement_lon": ""}}, {"type": "Feature", "geometry": {"type": "Point", "coordinates": [146.22611, -0.86972]}, "properties": {"date": "1793-07-15", "section": "De Balade au havre de Boni.", "page_verso": "548", "page_recto": "549", "source_latitude": "observée", "source_longitude": "corrigée", "vents_etat_du_ciel": "Vents très-variables et très-foibles, temps couvert.", "barometre_hpa": 1012.9, "thermometre": "21,0", "declinaison_dms": "5.15", "declinaison_ref": "Est", "alerte": "", "longitude_brute": 146.22611, "ajustement_lon": ""}}, {"type": "Feature", "geometry": {"type": "Point", "coordinates": [145.66694, -0.59389]}, "properties": {"date": "1793-07-16", "section": "De Balade au havre de Boni.", "page_verso": "548", "page_recto": "549", "source_latitude": "observée", "source_longitude": "corrigée", "vents_etat_du_ciel": "Du S. E. au N. E. et au N. O. foibles, nuages.", "barometre_hpa": 1012.3, "thermometre": "21,8", "declinaison_dms": "5.36", "declinaison_ref": "Est", "alerte": "", "longitude_brute": 145.66694, "ajustement_lon": ""}}, {"type": "Feature", "geometry": {"type": "Point", "coordinates": [145.02222, -0.62611]}, "properties": {"date": "1793-07-17", "section": "De Balade au havre de Boni.", "page_verso": "548", "page_recto": "549", "source_latitude": "observée", "source_longitude": "corrigée", "vents_etat_du_ciel": "De l'E. S. E. au N. E. et au N. O. foibles, temps couv.", "barometre_hpa": 1013.5, "thermometre": "23,0", "declinaison_dms": "", "declinaison_ref": "Est", "alerte": "", "longitude_brute": 145.02222, "ajustement_lon": ""}}, {"type": "Feature", "geometry": {"type": "Point", "coordinates": [144.96986, -0.41667]}, "properties": {"date": "1793-07-18", "section": "De Balade au havre de Boni.", "page_verso": "548", "page_recto": "549", "source_latitude": "estimée", "source_longitude": "estimée", "vents_etat_du_ciel": "De l'E. S. E. au N. E. et au N. O. foibles, temps couv.", "barometre_hpa": 1015.6, "thermometre": "21,0", "declinaison_dms": "4.42", "declinaison_ref": "Est", "alerte": "longitude estimée", "longitude_brute": 148.80389, "ajustement_lon": -3.834}}, {"type": "Feature", "geometry": {"type": "Point", "coordinates": [144.73361, -0.66806]}, "properties": {"date": "1793-07-19", "section": "De Balade au havre de Boni.", "page_verso": "548", "page_recto": "549", "source_latitude": "observée", "source_longitude": "corrigée", "vents_etat_du_ciel": "De l'O. S. O. au S. S. E. et S. E. foibles, nuages.", "barometre_hpa": 1013.5, "thermometre": "22,8", "declinaison_dms": "4.7", "declinaison_ref": "Est", "alerte": "longitude corrigée", "longitude_brute": 144.73361, "ajustement_lon": ""}}, {"type": "Feature", "geometry": {"type": "Point", "coordinates": [144.66417, -0.72556]}, "properties": {"date": "1793-07-20", "section": "De Balade au havre de Boni.", "page_verso": "548", "page_recto": "549", "source_latitude": "observée", "source_longitude": "corrigée", "vents_etat_du_ciel": "S. E., S. très-foibles, beau temps.", "barometre_hpa": 1015.0, "thermometre": "24,0", "declinaison_dms": "4.8", "declinaison_ref": "Est", "alerte": "", "longitude_brute": 144.66417, "ajustement_lon": ""}}, {"type": "Feature", "geometry": {"type": "Point", "coordinates": [144.47028, -0.72222]}, "properties": {"date": "1793-07-21", "section": "De Balade au havre de Boni.", "page_verso": "548", "page_recto": "549", "source_latitude": "observée", "source_longitude": "corrigée", "vents_etat_du_ciel": "S. S. E., E. S. E. très-foibles, beau temps.", "barometre_hpa": 1015.6, "thermometre": "23,0", "declinaison_dms": "4.10", "declinaison_ref": "Est", "alerte": "", "longitude_brute": 144.47028, "ajustement_lon": ""}}, {"type": "Feature", "geometry": {"type": "Point", "coordinates": [143.97611, -0.21639]}, "properties": {"date": "1793-07-22", "section": "De Balade au havre de Boni.", "page_verso": "548", "page_recto": "549", "source_latitude": "observée", "source_longitude": "corrigée", "vents_etat_du_ciel": "S. E. foibles, beau temps.", "barometre_hpa": 1015.3, "thermometre": "23,0", "declinaison_dms": "4.27", "declinaison_ref": "Est", "alerte": "", "longitude_brute": 143.97611, "ajustement_lon": ""}}, {"type": "Feature", "geometry": {"type": "Point", "coordinates": [143.08, 0.01611]}, "properties": {"date": "1793-07-23", "section": "De Balade au havre de Boni.", "page_verso": "548", "page_recto": "549", "source_latitude": "observée", "source_longitude": "corrigée", "vents_etat_du_ciel": "S. E., E. S. E. foibles, beau temps.", "barometre_hpa": 1014.1, "thermometre": "23,0", "declinaison_dms": "4.43", "declinaison_ref": "Est", "alerte": "", "longitude_brute": 143.08, "ajustement_lon": ""}}, {"type": "Feature", "geometry": {"type": "Point", "coordinates": [142.16833, -0.13083]}, "properties": {"date": "1793-07-24", "section": "De Balade au havre de Boni.", "page_verso": "548", "page_recto": "549", "source_latitude": "observée", "source_longitude": "corrigée", "vents_etat_du_ciel": "S. E., E. S. E. foibles, grains.", "barometre_hpa": 1015.0, "thermometre": "22,9", "declinaison_dms": "4.8", "declinaison_ref": "Est", "alerte": "", "longitude_brute": 142.16833, "ajustement_lon": ""}}, {"type": "Feature", "geometry": {"type": "Point", "coordinates": [141.73222, -0.17472]}, "properties": {"date": "1793-07-25", "section": "De Balade au havre de Boni.", "page_verso": "548", "page_recto": "549", "source_latitude": "observée", "source_longitude": "corrigée", "vents_etat_du_ciel": "Calme, du S. E. au N. E. foibles, pluie.", "barometre_hpa": 1015.6, "thermometre": "22,6", "declinaison_dms": "4.19", "declinaison_ref": "Est", "alerte": "", "longitude_brute": 141.73222, "ajustement_lon": ""}}, {"type": "Feature", "geometry": {"type": "Point", "coordinates": [141.04889, 0.17778]}, "properties": {"date": "1793-07-26", "section": "De Balade au havre de Boni.", "page_verso": "548", "page_recto": "549", "source_latitude": "observée", "source_longitude": "corrigée", "vents_etat_du_ciel": "Du S. O. au S. E. foibles, temps couvert.", "barometre_hpa": 1015.0, "thermometre": "25,0", "declinaison_dms": "4.14", "declinaison_ref": "Est", "alerte": "", "longitude_brute": 141.04889, "ajustement_lon": ""}}, {"type": "Feature", "geometry": {"type": "Point", "coordinates": [140.70083, 0.36917]}, "properties": {"date": "1793-07-27", "section": "De Balade au havre de Boni.", "page_verso": "548", "page_recto": "549", "source_latitude": "observée", "source_longitude": "corrigée", "vents_etat_du_ciel": "Du S. à l'O. et au N. N. E. foibles, pluie.", "barometre_hpa": 1014.1, "thermometre": "21,0", "declinaison_dms": "", "declinaison_ref": "Est", "alerte": "", "longitude_brute": 140.70083, "ajustement_lon": ""}}, {"type": "Feature", "geometry": {"type": "Point", "coordinates": [140.66639, -0.14167]}, "properties": {"date": "1793-07-28", "section": "De Balade au havre de Boni.", "page_verso": "548", "page_recto": "549", "source_latitude": "observée", "source_longitude": "corrigée", "vents_etat_du_ciel": "O., O. S. O. foibles, nuages.", "barometre_hpa": 1013.2, "thermometre": "23,0", "declinaison_dms": "3.31", "declinaison_ref": "Est", "alerte": "", "longitude_brute": 140.66639, "ajustement_lon": ""}}, {"type": "Feature", "geometry": {"type": "Point", "coordinates": [140.26722, -0.13917]}, "properties": {"date": "1793-07-29", "section": "De Balade au havre de Boni.", "page_verso": "548", "page_recto": "549", "source_latitude": "observée", "source_longitude": "corrigée", "vents_etat_du_ciel": "Du S. S. O. au S. E. foibles, nuages.", "barometre_hpa": 1014.4, "thermometre": "22,5", "declinaison_dms": "3.23", "declinaison_ref": "Est", "alerte": "", "longitude_brute": 140.26722, "ajustement_lon": ""}}, {"type": "Feature", "geometry": {"type": "Point", "coordinates": [139.3875, -0.36667]}, "properties": {"date": "1793-07-30", "section": "De Balade au havre de Boni.", "page_verso": "548", "page_recto": "549", "source_latitude": "estimée", "source_longitude": "corrigée", "vents_etat_du_ciel": "Du S. à l'E. et au N. N. O. petit frais, pluie.", "barometre_hpa": 1015.0, "thermometre": "21,0", "declinaison_dms": "3.31", "declinaison_ref": "Est", "alerte": "", "longitude_brute": 139.3875, "ajustement_lon": ""}}, {"type": "Feature", "geometry": {"type": "Point", "coordinates": [137.46111, -0.16667]}, "properties": {"date": "1793-07-31", "section": "De Balade au havre de Boni.", "page_verso": "548", "page_recto": "549", "source_latitude": "observée", "source_longitude": "corrigée", "vents_etat_du_ciel": "S. S. E., E. S. E., E. joli frais, temps couvert.", "barometre_hpa": 1014.7, "thermometre": "22,6", "declinaison_dms": "", "declinaison_ref": "Est", "alerte": "", "longitude_brute": 137.46111, "ajustement_lon": ""}}, {"type": "Feature", "geometry": {"type": "Point", "coordinates": [136.32361, -0.085]}, "properties": {"date": "1793-08-01", "section": "De Balade au havre de Boni.", "page_verso": "548", "page_recto": "549", "source_latitude": "observée", "source_longitude": "corrigée", "vents_etat_du_ciel": "De l'E. S. E. au N. petit frais, calme, nuages.", "barometre_hpa": 1015.0, "thermometre": "22,0", "declinaison_dms": "2.49", "declinaison_ref": "Est", "alerte": "", "longitude_brute": 136.32361, "ajustement_lon": ""}}, {"type": "Feature", "geometry": {"type": "Point", "coordinates": [136.04722, -0.09889]}, "properties": {"date": "1793-08-02", "section": "De Balade au havre de Boni.", "page_verso": "548", "page_recto": "549", "source_latitude": "observée", "source_longitude": "corrigée", "vents_etat_du_ciel": "S., calme, N. O., N. N. O. foibles, beau temps.", "barometre_hpa": 1015.9, "thermometre": "23,8", "declinaison_dms": "2.33", "declinaison_ref": "Est", "alerte": "", "longitude_brute": 136.04722, "ajustement_lon": ""}}, {"type": "Feature", "geometry": {"type": "Point", "coordinates": [135.70861, -0.27472]}, "properties": {"date": "1793-08-03", "section": "De Balade au havre de Boni.", "page_verso": "548", "page_recto": "549", "source_latitude": "observée", "source_longitude": "corrigée", "vents_etat_du_ciel": "Du N. O. à l'O. foibles, beau temps.", "barometre_hpa": 1014.4, "thermometre": "21,2", "declinaison_dms": "", "declinaison_ref": "Est", "alerte": "", "longitude_brute": 135.70861, "ajustement_lon": ""}}, {"type": "Feature", "geometry": {"type": "Point", "coordinates": [135.56972, -0.16667]}, "properties": {"date": "1793-08-04", "section": "De Balade au havre de Boni.", "page_verso": "548", "page_recto": "549", "source_latitude": "estimée", "source_longitude": "estimée", "vents_etat_du_ciel": "O., O. N. O. foibles, pluie.", "barometre_hpa": 1015.0, "thermometre": "21,0", "declinaison_dms": "", "declinaison_ref": "Est", "alerte": "longitude estimée", "longitude_brute": 138.65389, "ajustement_lon": -3.084}}, {"type": "Feature", "geometry": {"type": "Point", "coordinates": [135.40833, -0.22083]}, "properties": {"date": "1793-08-05", "section": "De Balade au havre de Boni.", "page_verso": "548", "page_recto": "549", "source_latitude": "observée", "source_longitude": "corrigée", "vents_etat_du_ciel": "O., S. O., N. O., calme, vents foibles, nuages.", "barometre_hpa": 1015.0, "thermometre": "22,5", "declinaison_dms": "", "declinaison_ref": "Est", "alerte": "longitude corrigée", "longitude_brute": 135.40833, "ajustement_lon": ""}}, {"type": "Feature", "geometry": {"type": "Point", "coordinates": [134.10028, 0.26083]}, "properties": {"date": "1793-08-06", "section": "De Balade au havre de Boni.", "page_verso": "548", "page_recto": "549", "source_latitude": "observée", "source_longitude": "corrigée", "vents_etat_du_ciel": "S. S. E., S., O. S. O. foibles, orage.", "barometre_hpa": 1012.6, "thermometre": "21,2", "declinaison_dms": "", "declinaison_ref": "Est", "alerte": "", "longitude_brute": 134.10028, "ajustement_lon": ""}}, {"type": "Feature", "geometry": {"type": "Point", "coordinates": [134.02472, -0.28417]}, "properties": {"date": "1793-08-07", "section": "De Balade au havre de Boni.", "page_verso": "548", "page_recto": "549", "source_latitude": "observée", "source_longitude": "corrigée", "vents_etat_du_ciel": "S. O., S. E., N. E. très-foibles, beau temps.", "barometre_hpa": 1014.1, "thermometre": "23,0", "declinaison_dms": "1.34", "declinaison_ref": "Est", "alerte": "", "longitude_brute": 134.02472, "ajustement_lon": ""}}, {"type": "Feature", "geometry": {"type": "Point", "coordinates": [133.46417, -0.0425]}, "properties": {"date": "1793-08-08", "section": "De Balade au havre de Boni.", "page_verso": "548", "page_recto": "549", "source_latitude": "observée", "source_longitude": "corrigée", "vents_etat_du_ciel": "Du N. N. O. au N. E. et à l'E. S. E. foibles, nuages.", "barometre_hpa": 1015.0, "thermometre": "22,5", "declinaison_dms": "2.34", "declinaison_ref": "Est", "alerte": "", "longitude_brute": 133.46417, "ajustement_lon": ""}}, {"type": "Feature", "geometry": {"type": "Point", "coordinates": [132.81917, 0.035]}, "properties": {"date": "1793-08-09", "section": "De Balade au havre de Boni.", "page_verso": "548", "page_recto": "549", "source_latitude": "observée", "source_longitude": "corrigée", "vents_etat_du_ciel": "Calme, vents très-foibles et très-variables, temps couv.", "barometre_hpa": 1013.2, "thermometre": "21,9", "declinaison_dms": "", "declinaison_ref": "Est", "alerte": "", "longitude_brute": 132.81917, "ajustement_lon": ""}}, {"type": "Feature", "geometry": {"type": "Point", "coordinates": [132.16806, -0.04611]}, "properties": {"date": "1793-08-10", "section": "De Balade au havre de Boni.", "page_verso": "548", "page_recto": "549", "source_latitude": "observée", "source_longitude": "corrigée", "vents_etat_du_ciel": "Calme, vents très-foibles et très-variables, orage.", "barometre_hpa": 1013.5, "thermometre": "21,0", "declinaison_dms": "", "declinaison_ref": "Est", "alerte": "", "longitude_brute": 132.16806, "ajustement_lon": ""}}, {"type": "Feature", "geometry": {"type": "Point", "coordinates": [131.70333, 0.25528]}, "properties": {"date": "1793-08-11", "section": "De Balade au havre de Boni.", "page_verso": "548", "page_recto": "549", "source_latitude": "observée", "source_longitude": "corrigée", "vents_etat_du_ciel": "De l'E. N. E. au S. et O. S. O., temps couvert.", "barometre_hpa": 1012.6, "thermometre": "23,0", "declinaison_dms": "1.43", "declinaison_ref": "Est", "alerte": "", "longitude_brute": 131.70333, "ajustement_lon": ""}}, {"type": "Feature", "geometry": {"type": "Point", "coordinates": [131.97778, 0.1]}, "properties": {"date": "1793-08-12", "section": "De Balade au havre de Boni.", "page_verso": "550", "page_recto": "551", "source_latitude": "estimée", "source_longitude": "estimée", "vents_etat_du_ciel": "Calme, vents très-variables et très-foibles, grains.", "barometre_hpa": 1013.5, "thermometre": "21,0", "declinaison_dms": "1.8", "declinaison_ref": "Est", "alerte": "longitude estimée", "longitude_brute": 135.00389, "ajustement_lon": -3.026}}, {"type": "Feature", "geometry": {"type": "Point", "coordinates": [131.17778, 0.22111]}, "properties": {"date": "1793-08-13", "section": "De Balade au havre de Boni.", "page_verso": "550", "page_recto": "551", "source_latitude": "observée", "source_longitude": "corrigée", "vents_etat_du_ciel": "Calme, vents très-variables et très-foibles, nuages.", "barometre_hpa": 1013.5, "thermometre": "22,0", "declinaison_dms": "1.49", "declinaison_ref": "Est", "alerte": "longitude corrigée", "longitude_brute": 131.17778, "ajustement_lon": ""}}, {"type": "Feature", "geometry": {"type": "Point", "coordinates": [131.13167, 0.00861]}, "properties": {"date": "1793-08-14", "section": "De Balade au havre de Boni.", "page_verso": "550", "page_recto": "551", "source_latitude": "observée", "source_longitude": "corrigée", "vents_etat_du_ciel": "Calme, vents très-variables et très-foibles, orage.", "barometre_hpa": 1011.4, "thermometre": "21,0", "declinaison_dms": "", "declinaison_ref": "Est", "alerte": "", "longitude_brute": 131.13167, "ajustement_lon": ""}}, {"type": "Feature", "geometry": {"type": "Point", "coordinates": [131.0325, 0.00306]}, "properties": {"date": "1793-08-15", "section": "De Balade au havre de Boni.", "page_verso": "550", "page_recto": "551", "source_latitude": "observée", "source_longitude": "corrigée", "vents_etat_du_ciel": "", "barometre_hpa": "", "thermometre": "", "declinaison_dms": "", "declinaison_ref": "Est", "alerte": "", "longitude_brute": 131.0325, "ajustement_lon": ""}}, {"type": "Feature", "geometry": {"type": "Point", "coordinates": [130.89917, 0.06694]}, "properties": {"date": "1793-08-27", "section": "Du havre de Boni à Cajeli.", "page_verso": "550", "page_recto": "551", "source_latitude": "observée", "source_longitude": "montre", "vents_etat_du_ciel": "O. S. O., S., S. E. foibles, beau temps.", "barometre_hpa": 1013.5, "thermometre": "21,5", "declinaison_dms": "1.4", "declinaison_ref": "Est", "alerte": "", "longitude_brute": 130.89917, "ajustement_lon": ""}}, {"type": "Feature", "geometry": {"type": "Point", "coordinates": [130.1272, -0.033]}, "properties": {"date": "1793-08-28", "section": "Du havre de Boni à Cajeli.", "page_verso": "550", "page_recto": "551", "source_latitude": "observée", "source_longitude": "montre", "vents_etat_du_ciel": "S. S. O., E. S. E., N. E. joli frais, beau temps.", "barometre_hpa": 1013.5, "thermometre": "22,0", "declinaison_dms": "1.27", "declinaison_ref": "Est", "alerte": "", "longitude_brute": 130.11167, "ajustement_lon": "", "renfloue": "position décalée de 2 km vers le large : le trait de côte employé par la carte, au 1/10 000 000, ne dessine pas ce mouillage, et la position relevée y tombait en pleine terre. Le relevé lui-même n'est pas en cause"}}, {"type": "Feature", "geometry": {"type": "Point", "coordinates": [129.17472, -0.54028]}, "properties": {"date": "1793-08-29", "section": "Du havre de Boni à Cajeli.", "page_verso": "550", "page_recto": "551", "source_latitude": "observée", "source_longitude": "montre", "vents_etat_du_ciel": "S., S. S. E. petit frais, beau temps.", "barometre_hpa": 1013.8, "thermometre": "22,0", "declinaison_dms": "0.45", "declinaison_ref": "Est", "alerte": "", "longitude_brute": 129.17472, "ajustement_lon": ""}}, {"type": "Feature", "geometry": {"type": "Point", "coordinates": [129.00944, -0.92222]}, "properties": {"date": "1793-08-30", "section": "Du havre de Boni à Cajeli.", "page_verso": "550", "page_recto": "551", "source_latitude": "observée", "source_longitude": "montre", "vents_etat_du_ciel": "S., S. S. E., S. E. foibles, beau temps.", "barometre_hpa": 1014.1, "thermometre": "22,0", "declinaison_dms": "0.21", "declinaison_ref": "Est", "alerte": "", "longitude_brute": 129.00944, "ajustement_lon": ""}}, {"type": "Feature", "geometry": {"type": "Point", "coordinates": [128.85444, -1.60306]}, "properties": {"date": "1793-08-31", "section": "Du havre de Boni à Cajeli.", "page_verso": "550", "page_recto": "551", "source_latitude": "observée", "source_longitude": "montre", "vents_etat_du_ciel": "S. S. O., S. S. E., E. S. E. foibles, beau temps.", "barometre_hpa": 1014.4, "thermometre": "22,0", "declinaison_dms": "0.11", "declinaison_ref": "Ouest", "alerte": "", "longitude_brute": 128.85444, "ajustement_lon": ""}}, {"type": "Feature", "geometry": {"type": "Point", "coordinates": [128.31389, -2.20667]}, "properties": {"date": "1793-09-01", "section": "Du havre de Boni à Cajeli.", "page_verso": "550", "page_recto": "551", "source_latitude": "observée", "source_longitude": "montre", "vents_etat_du_ciel": "O. S. O., S. O., E. S. E. foibles, beau temps.", "barometre_hpa": 1015.3, "thermometre": "22,7", "declinaison_dms": "0.42", "declinaison_ref": "Ouest", "alerte": "", "longitude_brute": 128.31389, "ajustement_lon": ""}}, {"type": "Feature", "geometry": {"type": "Point", "coordinates": [127.65944, -2.77389]}, "properties": {"date": "1793-09-02", "section": "Du havre de Boni à Cajeli.", "page_verso": "550", "page_recto": "551", "source_latitude": "observée", "source_longitude": "montre", "vents_etat_du_ciel": "Du N. E. au S. S. E. très-foibles, beau temps.", "barometre_hpa": 1016.2, "thermometre": "23,0", "declinaison_dms": "0.8", "declinaison_ref": "Ouest", "alerte": "", "longitude_brute": 127.65944, "ajustement_lon": ""}}, {"type": "Feature", "geometry": {"type": "Point", "coordinates": [127.3075, -3.32389]}, "properties": {"date": "1793-09-03", "section": "Du havre de Boni à Cajeli.", "page_verso": "550", "page_recto": "551", "source_latitude": "observée", "source_longitude": "montre", "vents_etat_du_ciel": "De l'O. au N. N. O., à l'E. et au S. S. E. foibles, beau t.", "barometre_hpa": 1015.0, "thermometre": "22,0", "declinaison_dms": "0.7", "declinaison_ref": "Ouest", "alerte": "", "longitude_brute": 127.3075, "ajustement_lon": ""}}, {"type": "Feature", "geometry": {"type": "Point", "coordinates": [126.29556, -2.79889]}, "properties": {"date": "1793-09-16", "section": "De Cajeli à l'île Boutoun.", "page_verso": "550", "page_recto": "551", "source_latitude": "observée", "source_longitude": "montre", "vents_etat_du_ciel": "Vents très-variables et très-foibles, beau temps.", "barometre_hpa": 1015.3, "thermometre": "22,5", "declinaison_dms": "1.21", "declinaison_ref": "Ouest", "alerte": "", "longitude_brute": 126.29556, "ajustement_lon": ""}}, {"type": "Feature", "geometry": {"type": "Point", "coordinates": [125.96444, -2.84694]}, "properties": {"date": "1793-09-17", "section": "De Cajeli à l'île Boutoun.", "page_verso": "550", "page_recto": "551", "source_latitude": "observée", "source_longitude": "montre", "vents_etat_du_ciel": "Vents très-variables et très-foibles, nuages.", "barometre_hpa": 1015.9, "thermometre": "23,0", "declinaison_dms": "0.20", "declinaison_ref": "Ouest", "alerte": "", "longitude_brute": 125.96444, "ajustement_lon": ""}}, {"type": "Feature", "geometry": {"type": "Point", "coordinates": [124.70056, -3.41444]}, "properties": {"date": "1793-09-18", "section": "De Cajeli à l'île Boutoun.", "page_verso": "550", "page_recto": "551", "source_latitude": "observée", "source_longitude": "montre", "vents_etat_du_ciel": "N., S., S. S. E. petit frais, beau temps.", "barometre_hpa": 1014.4, "thermometre": "22,0", "declinaison_dms": "0.11", "declinaison_ref": "Ouest", "alerte": "", "longitude_brute": 124.70056, "ajustement_lon": ""}}, {"type": "Feature", "geometry": {"type": "Point", "coordinates": [125.12361, -3.49917]}, "properties": {"date": "1793-09-19", "section": "De Cajeli à l'île Boutoun.", "page_verso": "550", "page_recto": "551", "source_latitude": "observée", "source_longitude": "montre", "vents_etat_du_ciel": "Du S. S. E. au S. S. O. foibles, beau temps.", "barometre_hpa": 1014.4, "thermometre": "21,7", "declinaison_dms": "0.18", "declinaison_ref": "Est", "alerte": "", "longitude_brute": 125.12361, "ajustement_lon": ""}}, {"type": "Feature", "geometry": {"type": "Point", "coordinates": [124.38667, -4.21722]}, "properties": {"date": "1793-09-20", "section": "De Cajeli à l'île Boutoun.", "page_verso": "550", "page_recto": "551", "source_latitude": "observée", "source_longitude": "montre", "vents_etat_du_ciel": "De l'E. S. E. au S. S. E. petit frais, beau temps.", "barometre_hpa": 1015.0, "thermometre": "22,0", "declinaison_dms": "0.26", "declinaison_ref": "Est", "alerte": "", "longitude_brute": 124.38667, "ajustement_lon": ""}}, {"type": "Feature", "geometry": {"type": "Point", "coordinates": [123.81194, -4.27444]}, "properties": {"date": "1793-09-21", "section": "De Cajeli à l'île Boutoun.", "page_verso": "550", "page_recto": "551", "source_latitude": "observée", "source_longitude": "montre", "vents_etat_du_ciel": "Du S. S. O. au S. E. foibles, beau temps.", "barometre_hpa": 1015.0, "thermometre": "22,0", "declinaison_dms": "0.31", "declinaison_ref": "Ouest", "alerte": "", "longitude_brute": 123.81194, "ajustement_lon": ""}}, {"type": "Feature", "geometry": {"type": "Point", "coordinates": [123.18556, -4.33083]}, "properties": {"date": "1793-09-22", "section": "De Cajeli à l'île Boutoun.", "page_verso": "550", "page_recto": "551", "source_latitude": "observée", "source_longitude": "montre", "vents_etat_du_ciel": "De l'E. au S. S. E. très-foibles, beau temps.", "barometre_hpa": 1016.5, "thermometre": "22,4", "declinaison_dms": "0.32", "declinaison_ref": "Ouest", "alerte": "", "longitude_brute": 123.18556, "ajustement_lon": ""}}, {"type": "Feature", "geometry": {"type": "Point", "coordinates": [122.8738, -4.4009]}, "properties": {"date": "1793-09-23", "section": "De Cajeli à l'île Boutoun.", "page_verso": "550", "page_recto": "551", "source_latitude": "observée", "source_longitude": "montre", "vents_etat_du_ciel": "O. S. O., S. S. E., N. E. foibles, beau temps.", "barometre_hpa": 1015.6, "thermometre": "22,0", "declinaison_dms": "0.16", "declinaison_ref": "Ouest", "alerte": "", "longitude_brute": 122.88806, "ajustement_lon": "", "renfloue": "position décalée de 2 km vers le large : le trait de côte employé par la carte, au 1/10 000 000, ne dessine pas ce mouillage, et la position relevée y tombait en pleine terre. Le relevé lui-même n'est pas en cause"}}, {"type": "Feature", "geometry": {"type": "Point", "coordinates": [122.87, -4.495]}, "properties": {"date": "1793-09-24", "section": "De Cajeli à l'île Boutoun.", "page_verso": "", "page_recto": "", "source_latitude": "", "source_longitude": "", "vents_etat_du_ciel": "", "barometre_hpa": "", "thermometre": "", "declinaison_dms": "", "declinaison_ref": "", "alerte": "position extrapolée : contournement de la pointe méridionale de Bouton, aux Célèbes ; le point se pose sur la route directe, qu'il n'allonge pas", "longitude_brute": "", "ajustement_lon": "", "extrapole": true, "remarque": "", "contournement": true}}, {"type": "Feature", "geometry": {"type": "Point", "coordinates": [122.77, -4.995]}, "properties": {"date": "1793-09-24", "section": "De Cajeli à l'île Boutoun.", "page_verso": "", "page_recto": "", "source_latitude": "", "source_longitude": "", "vents_etat_du_ciel": "", "barometre_hpa": "", "thermometre": "", "declinaison_dms": "", "declinaison_ref": "", "alerte": "point ajouté : mouillage dans le détroit de Bouton, au large de l'île de Muna (la « Pangesani » des relations de l'expédition)", "longitude_brute": "", "ajustement_lon": "", "extrapole": true, "remarque": "Escale de l'expédition dans le détroit de Bouton, au large de l'île de Muna, du 24 septembre au 9 octobre 1793 ; ravitaillement en riz, maïs, cannes à sucre, ignames et bétail."}}, {"type": "Feature", "geometry": {"type": "Point", "coordinates": [122.64, -5.37]}, "properties": {"date": "1793-10-08", "section": "De Boutoun à la rade de Sourabaya.", "page_verso": "", "page_recto": "", "source_latitude": "", "source_longitude": "", "vents_etat_du_ciel": "", "barometre_hpa": "", "thermometre": "", "declinaison_dms": "", "declinaison_ref": "", "alerte": "point ajouté : passage du détroit de Bouton, position approchée", "longitude_brute": "", "ajustement_lon": "", "extrapole": true}}, {"type": "Feature", "geometry": {"type": "Point", "coordinates": [122.57698, -5.49669]}, "properties": {"date": "1793-10-09", "section": "De Boutoun à la rade de Sourabaya.", "page_verso": "", "page_recto": "", "source_latitude": "", "source_longitude": "", "vents_etat_du_ciel": "", "barometre_hpa": "", "thermometre": "", "declinaison_dms": "", "declinaison_ref": "", "alerte": "position extrapolée : contournement de côte entre le 1793-10-08 et le 1793-10-09 (détour de 5 km)", "longitude_brute": "", "ajustement_lon": "", "extrapole": true, "contournement": true}}, {"type": "Feature", "geometry": {"type": "Point", "coordinates": [122.45, -5.56]}, "properties": {"date": "1793-10-09", "section": "De Boutoun à la rade de Sourabaya.", "page_verso": "", "page_recto": "", "source_latitude": "", "source_longitude": "", "vents_etat_du_ciel": "", "barometre_hpa": "", "thermometre": "", "declinaison_dms": "", "declinaison_ref": "", "alerte": "point ajouté : sortie du détroit de Bouton, date attestée", "longitude_brute": "", "ajustement_lon": "", "extrapole": true}}, {"type": "Feature", "geometry": {"type": "Point", "coordinates": [121.38278, -5.78889]}, "properties": {"date": "1793-10-10", "section": "De Boutoun à la rade de Sourabaya.", "page_verso": "550", "page_recto": "551", "source_latitude": "observée", "source_longitude": "montre", "vents_etat_du_ciel": "S. E., E. N. E., N. petit frais, beau temps.", "barometre_hpa": 1016.5, "thermometre": "22,0", "declinaison_dms": "0.50", "declinaison_ref": "Ouest", "alerte": "", "longitude_brute": 121.38278, "ajustement_lon": ""}}, {"type": "Feature", "geometry": {"type": "Point", "coordinates": [120.30972, -5.75861]}, "properties": {"date": "1793-10-11", "section": "De Boutoun à la rade de Sourabaya.", "page_verso": "550", "page_recto": "551", "source_latitude": "observée", "source_longitude": "montre", "vents_etat_du_ciel": "S. E., E. S. E. petit frais, beau temps.", "barometre_hpa": 1016.5, "thermometre": "22,0", "declinaison_dms": "", "declinaison_ref": "Ouest", "alerte": "", "longitude_brute": 120.30972, "ajustement_lon": ""}}, {"type": "Feature", "geometry": {"type": "Point", "coordinates": [119.05667, -6.07861]}, "properties": {"date": "1793-10-12", "section": "De Boutoun à la rade de Sourabaya.", "page_verso": "550", "page_recto": "551", "source_latitude": "observée", "source_longitude": "montre", "vents_etat_du_ciel": "E. N. E., E. petit frais, beau temps.", "barometre_hpa": 1015.9, "thermometre": "22,0", "declinaison_dms": "1.19", "declinaison_ref": "Ouest", "alerte": "", "longitude_brute": 119.05667, "ajustement_lon": ""}}, {"type": "Feature", "geometry": {"type": "Point", "coordinates": [117.69833, -6.25611]}, "properties": {"date": "1793-10-13", "section": "De Boutoun à la rade de Sourabaya.", "page_verso": "550", "page_recto": "551", "source_latitude": "observée", "source_longitude": "montre", "vents_etat_du_ciel": "E. S. E., S. E. petit frais, beau temps.", "barometre_hpa": 1015.6, "thermometre": "22,8", "declinaison_dms": "1.7", "declinaison_ref": "Ouest", "alerte": "", "longitude_brute": 117.69833, "ajustement_lon": ""}}, {"type": "Feature", "geometry": {"type": "Point", "coordinates": [116.57056, -5.87583]}, "properties": {"date": "1793-10-14", "section": "De Boutoun à la rade de Sourabaya.", "page_verso": "550", "page_recto": "551", "source_latitude": "observée", "source_longitude": "montre", "vents_etat_du_ciel": "E. S. E. petit frais, beau temps.", "barometre_hpa": 1015.0, "thermometre": "23,0", "declinaison_dms": "0.52", "declinaison_ref": "Ouest", "alerte": "", "longitude_brute": 116.57056, "ajustement_lon": ""}}, {"type": "Feature", "geometry": {"type": "Point", "coordinates": [115.265, -5.785]}, "properties": {"date": "1793-10-15", "section": "De Boutoun à la rade de Sourabaya.", "page_verso": "550", "page_recto": "551", "source_latitude": "observée", "source_longitude": "montre", "vents_etat_du_ciel": "E. petit frais, nuages.", "barometre_hpa": 1015.0, "thermometre": "22,5", "declinaison_dms": "0.24", "declinaison_ref": "Ouest", "alerte": "", "longitude_brute": 115.265, "ajustement_lon": ""}}, {"type": "Feature", "geometry": {"type": "Point", "coordinates": [114.43083, -6.31139]}, "properties": {"date": "1793-10-16", "section": "De Boutoun à la rade de Sourabaya.", "page_verso": "550", "page_recto": "551", "source_latitude": "observée", "source_longitude": "montre", "vents_etat_du_ciel": "E., E. S. E. petit frais, beau temps.", "barometre_hpa": 1015.3, "thermometre": "23,5", "declinaison_dms": "1.6", "declinaison_ref": "Ouest", "alerte": "", "longitude_brute": 114.43083, "ajustement_lon": ""}}, {"type": "Feature", "geometry": {"type": "Point", "coordinates": [113.53028, -6.815]}, "properties": {"date": "1793-10-17", "section": "De Boutoun à la rade de Sourabaya.", "page_verso": "550", "page_recto": "551", "source_latitude": "observée", "source_longitude": "montre", "vents_etat_du_ciel": "E., E. S. E., N. E. petit frais, beau temps.", "barometre_hpa": 1015.0, "thermometre": "23,0", "declinaison_dms": "1.17", "declinaison_ref": "Ouest", "alerte": "", "longitude_brute": 113.53028, "ajustement_lon": ""}}, {"type": "Feature", "geometry": {"type": "Point", "coordinates": [113.13167, -6.80389]}, "properties": {"date": "1793-10-18", "section": "De Boutoun à la rade de Sourabaya.", "page_verso": "550", "page_recto": "551", "source_latitude": "observée", "source_longitude": "montre", "vents_etat_du_ciel": "E. N. E., N. O., S. S. O. foibles, nuages.", "barometre_hpa": 1014.7, "thermometre": "23,0", "declinaison_dms": "", "declinaison_ref": "Ouest", "alerte": "", "longitude_brute": 113.13167, "ajustement_lon": ""}}, {"type": "Feature", "geometry": {"type": "Point", "coordinates": [112.62833, -6.87889]}, "properties": {"date": "1793-10-19", "section": "De Boutoun à la rade de Sourabaya.", "page_verso": "550", "page_recto": "551", "source_latitude": "observée", "source_longitude": "montre", "vents_etat_du_ciel": "N. O., N. E., E. S. E., S. S. O. petit frais, temps couvert.", "barometre_hpa": 1014.1, "thermometre": "23,6", "declinaison_dms": "1.36", "declinaison_ref": "Ouest", "alerte": "", "longitude_brute": 112.62833, "ajustement_lon": ""}}, {"type": "Feature", "geometry": {"type": "Point", "coordinates": [112.56179, -6.8463]}, "properties": {"date": "1793-10-20", "section": "De Boutoun à la rade de Sourabaya.", "page_verso": "", "page_recto": "", "source_latitude": "", "source_longitude": "", "vents_etat_du_ciel": "", "barometre_hpa": "", "thermometre": "", "declinaison_dms": "", "declinaison_ref": "", "alerte": "position extrapolée : contournement de côte entre le 1793-10-19 et le 1793-10-20 (détour de 5 km)", "longitude_brute": "", "ajustement_lon": "", "renfloue": "", "extrapole": true, "contournement": true}}, {"type": "Feature", "geometry": {"type": "Point", "coordinates": [112.513, -6.9018]}, "properties": {"date": "1793-10-20", "section": "De Boutoun à la rade de Sourabaya.", "page_verso": "550", "page_recto": "551", "source_latitude": "observée", "source_longitude": "montre", "vents_etat_du_ciel": "N. O., N. E. très-foibles, beau temps.", "barometre_hpa": 1015.0, "thermometre": "23,0", "declinaison_dms": "1.21", "declinaison_ref": "Ouest", "alerte": "", "longitude_brute": 112.48167, "ajustement_lon": "", "renfloue": "position décalée de 4 km vers le large : le trait de côte employé par la carte, au 1/10 000 000, ne dessine pas ce mouillage, et la position relevée y tombait en pleine terre. Le relevé lui-même n'est pas en cause"}}, {"type": "Feature", "geometry": {"type": "LineString", "coordinates": [[-7.59195, 47.7], [-8.64334, 47.1], [-9.22667, 46.75], [-9.16278, 46.56667], [-8.0075, 45.76667], [-8.83361, 45.6], [-10.26278, 44.46667], [-11.57944, 42.83333], [-12.71417, 40.68333], [-14.57875, 38.36667], [-14.72944, 36.5], [-15.26278, 34.11667], [-16.64875, 31.43333], [-16.5075, 29.43333], [-16.32028, 26.5], [-16.65278, 25.35], [-18.05611, 23.55], [-18.80528, 21.55], [-19.76, 19.96667], [-19.93333, 18.71667], [-20.19722, 17.88333], [-20.52667, 16.34639], [-20.48806, 14.92972], [-18.64889, 13.095], [-20.30944, 12.1], [-19.03528, 10.3775], [-18.63222, 9.1], [-16.08778, 9.11667], [-18.47111, 9.01667], [-18.20917, 8.35694], [-14.83305, 7.82167], [-14.69972, 7.18333], [-17.49639, 7.03222], [-17.18778, 6.74167], [-17.39389, 6.16667], [-17.45333, 6.0], [-17.44694, 5.86667], [-17.83722, 5.54583], [-15.19305, 5.23333], [-15.33778, 5.03333], [-17.77333, 5.04778], [-17.05972, 4.68778], [-14.27861, 4.51667], [-16.46833, 4.45], [-14.93361, 3.78333], [-18.43889, 3.27889], [-19.77639, 2.95], [-20.94194, 2.08333], [-21.98111, 1.33333], [-22.94361, 0.54556], [-23.96333, -0.46667], [-24.94472, -1.53333], [-25.94333, -2.51667], [-26.61944, -3.85417], [-27.68139, -5.17972], [-28.33528, -6.4625], [-28.58056, -7.54417], [-28.96083, -9.04722], [-29.35194, -10.55], [-29.20417, -11.65], [-28.73861, -12.76667], [-28.12639, -14.23333], [-27.30917, -15.68944], [-26.73472, -16.91667], [-26.25139, -18.06667], [-25.93583, -19.13333], [-26.05972, -20.5], [-26.255, -22.25], [-26.86972, -23.81667], [-27.12583, -25.33389], [-27.09944, -26.55], [-26.17083, -27.46667], [-23.39472, -28.12833], [-21.62667, -28.82444], [-20.33417, -28.56944], [-19.78861, -27.83333], [-20.0475, -28.31667], [-20.49444, -29.5475], [-20.25833, -30.7], [-19.57444, -31.25], [-17.44139, -31.50333], [-15.39139, -31.825], [-13.32556, -32.08556], [-11.08083, -32.30472], [-9.13389, -32.46667], [-6.60639, -32.675], [-4.68528, -32.8225], [-3.52444, -32.91389], [-1.78389, -32.93333], [3.33472, -32.925], [3.80389, -32.96667], [6.38306, -32.95556], [6.63528, -33.00556], [7.72556, -32.78889], [9.57694, -32.88778], [11.22806, -32.85], [13.05806, -33.24417], [14.42139, -33.58139], [17.16944, -34.06389], [17.04361, -33.9], [16.87389, -34.17778], [16.89361, -34.16667], [17.61861, -34.71667], [19.44361, -34.76667], [20.61441, -34.89807], [21.795, -34.94], [22.44556, -34.94861], [24.925, -34.57222], [26.63333, -34.21667], [26.56972, -34.18333], [28.575, -35.11667], [29.30139, -35.35556], [30.72972, -35.3], [32.25417, -35.61667], [35.3225, -35.26667], [38.15833, -34.77833], [40.615, -34.53333], [42.35528, -34.57361], [44.79611, -34.61667], [46.01833, -34.69167], [46.46, -34.65], [47.27917, -35.4], [49.01389, -34.86083], [49.42194, -35.66667], [51.81361, -36.3525], [55.30417, -35.72694], [55.58194, -36.73611], [55.95944, -37.28528], [56.56528, -36.24778], [57.05944, -36.88889], [58.28417, -37.71667], [60.58667, -37.94889], [61.6325, -38.0], [62.81139, -38.19306], [64.29139, -38.54028], [66.69361, -38.42417], [68.86987, -38.16083], [70.51889, -37.22222], [71.19278, -36.80722], [73.35417, -37.06083], [74.51695, -36.78528], [76.8175, -37.5525], [80.445, -38.72722], [82.59833, -39.37694], [84.8725, -39.93556], [87.52944, -40.71], [90.72583, -40.92667], [92.94556, -40.74111], [95.41472, -41.02], [99.60083, -41.52417], [102.95, -42.06972], [105.87889, -42.33333], [109.18, -42.23278], [112.45473, -42.6], [117.01111, -42.96667], [119.50472, -42.95111], [122.08417, -42.75], [123.43403, -41.63333], [125.92139, -42.02222], [129.47139, -42.05], [129.80805, -42.40028], [133.67472, -43.9575], [137.32472, -44.35], [141.12472, -43.56222], [142.92514, -43.81583], [147.05, -43.78], [146.901, -43.532], [147.00403, -43.16667], [149.23306, -42.605], [151.67028, -40.83333], [153.75361, -39.28333], [156.15056, -37.2525], [157.94083, -35.59222], [158.39111, -34.69222], [160.29083, -34.57472], [162.07098, -34.87], [161.92028, -34.7275], [163.67098, -32.5075], [164.90806, -29.82222], [165.35694, -28.30139], [165.70583, -27.63333], [166.7125, -27.16389], [167.40583, -25.83528], [167.70944, -24.68361], [167.63833, -24.3], [167.54694, -23.94306], [167.36361, -23.08667], [167.105, -22.86528], [166.94472, -23.10028], [166.81361, -23.1], [166.38167, -22.72444], [165.77167, -22.14528], [165.27639, -21.86278], [165.04917, -21.69111], [165.10694, -21.74861], [164.99944, -21.63444], [164.98694, -21.70361], [164.57556, -21.40111], [163.70833, -20.41361], [163.42389, -20.11306], [162.99861, -19.39694], [162.76389, -18.82167], [162.59861, -18.16194], [162.30167, -17.36583], [161.93472, -16.76917], [161.23722, -15.775], [160.23472, -14.46944], [158.45375, -12.78333], [157.23444, -10.85583], [156.70194, -8.80806], [155.30583, -7.44556], [154.96806, -6.85556], [154.58056, -6.43583], [154.50972, -6.18694], [154.43556, -5.69222], [154.3975, -4.99472], [154.06333, -4.84778], [151.52444, -3.61028], [150.49833, -2.81389], [149.44111, -2.6975], [148.08278, -2.37472], [148.10972, -2.29611], [147.81417, -1.71083], [147.06306, -1.94222], [146.61726, -1.93458], [146.19222, -2.06917], [144.825, -1.49639], [144.04944, -1.62639], [143.29861, -1.68167], [141.6075, -1.22139], [140.03056, -0.72111], [138.94694, -0.29833], [138.16222, -0.04694], [137.56806, 0.12278], [136.86889, 0.3125], [136.24028, 0.43694], [135.75833, 0.18444], [135.75417, -0.08806], [135.375, -0.11861], [134.48083, 0.14639], [134.19694, 0.2675], [133.9875, 0.13889], [133.32028, -0.28333], [133.075, -0.28389], [132.61722, -0.25444], [132.30889, -0.23389], [131.64306, -0.48694], [131.19889, -0.7525], [130.66667, -0.9375], [129.99167, -1.3175], [129.59667, -1.68806], [129.18917, -1.98667], [129.32806, -2.325], [129.32083, -2.48833], [129.20639, -2.63667], [128.905, -2.68333], [127.6525, -2.75639], [128.19194, -2.8475], [127.77694, -3.19667], [127.84972, -3.56389], [127.94694, -3.82306], [127.88111, -3.83417], [127.16389, -4.49583], [126.47694, -5.40306], [125.70139, -6.22417], [125.32361, -7.06472], [125.22361, -7.40806], [125.31278, -8.23889], [124.80472, -8.78917], [124.56083, -9.05389], [124.15833, -9.21361], [123.62056, -9.31667], [122.92056, -9.71], [122.29944, -10.07583], [121.69861, -10.43278], [120.91722, -10.70833], [120.16917, -10.85278], [119.44889, -11.06028], [119.17194, -11.35417], [118.30667, -11.7925], [117.51861, -12.21667], [116.66222, -12.55], [116.33833, -12.57278], [115.1175, -13.43139], [114.16611, -14.95194], [113.59278, -15.98667], [112.67722, -16.75389], [111.45167, -17.21667], [110.00972, -17.78389], [109.1175, -18.07056], [108.60278, -18.07111], [108.105, -18.64389], [107.40056, -19.6925], [106.58306, -20.75333], [104.83917, -21.40111], [103.95806, -22.50833], [103.30167, -23.5975], [102.37722, -24.66889], [101.65194, -25.79278], [101.87917, -26.37583], [100.79528, -27.33333], [100.13528, -28.56667], [99.17944, -30.13778], [100.18528, -30.86972], [100.45194, -30.76667], [101.50806, -30.77], [102.01722, -30.96667], [102.78389, -31.09667], [103.83889, -31.39583], [105.63056, -32.4525], [106.77417, -32.92444], [107.74806, -33.38444], [110.98278, -34.23639], [113.88639, -34.18694], [115.975, -34.75417], [117.41389, -35.25806], [118.04282, -35.09625], [119.15167, -34.67694], [120.60833, -34.13583], [121.78611, -34.00167], [121.65417, -34.20333], [121.90472, -34.27944], [121.89944, -34.43167], [122.22417, -35.20611], [122.125, -35.09111], [122.28972, -34.42944], [122.84194, -34.2375], [124.39694, -33.68806], [125.005, -33.0375], [125.70861, -32.52639], [127.33722, -32.35306], [128.475, -32.02889], [129.09306, -32.23778], [129.2675, -32.15611], [129.7675, -31.88417], [130.41222, -31.83333], [131.38806, -31.64944], [131.61389, -31.82667], [130.53639, -32.84278], [130.20139, -34.495], [129.91083, -35.49972], [129.38806, -36.10528], [129.76528, -36.95722], [131.06417, -37.26861], [131.575, -37.17694], [132.00111, -37.65278], [133.94667, -38.91972], [134.38861, -39.46083], [134.82389, -40.27417], [137.63111, -40.95], [140.1625, -41.63361], [143.50333, -42.60583], [145.00139, -42.81417], [145.54556, -43.29639], [146.0, -43.66], [147.04444, -43.68583], [147.60083, -43.34194], [150.31861, -42.95], [153.12778, -42.515], [155.215, -42.33083], [158.25014, -41.93333], [159.84375, -41.43333], [162.03167, -40.3825], [163.23917, -39.42361], [165.77778, -37.90444], [167.84028, -36.39583], [168.79389, -35.6025], [170.70917, -34.44889], [172.29556, -34.31139], [173.73944, -34.14139], [176.25194, -33.26111], [178.14556, -32.6525]]}, "properties": {"navire": "la Recherche", "type": "trajectoire"}}, {"type": "Feature", "geometry": {"type": "LineString", "coordinates": [[-179.48694, -31.89528], [-178.25639, -30.29028], [-178.15722, -29.55889], [-177.88287, -29.07688], [-177.24806, -28.24833], [-176.95722, -27.08333], [-176.30389, -26.99833], [-174.31417, -24.27139], [-174.47111, -22.08861], [-174.61867, -21.06887], [-175.15886, -21.12418], [-175.50028, -20.89806], [-177.57556, -20.17139]]}, "properties": {"navire": "la Recherche", "type": "trajectoire"}}, {"type": "Feature", "geometry": {"type": "LineString", "coordinates": [[179.68, -20.00389], [177.68, -20.11667], [174.57222, -19.63194], [172.14611, -19.81417], [170.33806, -19.84], [168.19194, -20.13028], [165.32333, -20.33583], [164.4625, -20.09694], [164.40667, -20.17361], [164.34806, -19.84694], [163.53583, -18.87111], [163.17472, -18.51472], [163.28417, -17.66778], [164.02583, -16.42194], [165.15361, -14.71972], [165.07583, -13.9], [165.15028, -12.95222], [165.75417, -11.70528], [166.08333, -11.2675], [166.13444, -10.92444], [165.93861, -10.82694], [167.23788, -10.16477], [165.83194, -10.60694], [165.84111, -10.73333], [164.42194, -11.15], [162.74889, -10.80306], [162.06167, -10.91389], [161.44889, -10.53583], [161.08195, -10.17953], [161.64806, -9.89111], [162.17959, -10.2], [161.46056, -9.98694], [160.59278, -10.11333], [160.58889, -9.98972], [159.71, -9.9], [159.58147, -9.56471], [159.60472, -9.46778], [158.84444, -9.08472], [157.81417, -8.90806], [157.35306, -8.80361], [157.00361, -9.30194], [157.04333, -10.19056], [156.86806, -11.47194], [155.72806, -11.07861], [154.42, -10.98889], [154.11806, -11.22528], [152.99556, -10.97028], [152.84361, -10.59583], [152.09694, -10.39917], [151.71194, -10.24972], [151.2775, -9.89861], [151.09861, -9.70889], [151.06778, -9.76611], [151.25333, -8.87972], [151.07405, -8.80829], [150.81028, -8.22333], [150.95944, -8.26889], [149.25389, -8.25833], [148.48694, -8.13667], [148.04583, -7.58611], [147.36111, -6.93861], [147.57333, -7.16306], [147.79833, -7.13889], [148.25639, -5.64361], [148.39172, -5.41436], [148.82333, -5.23889], [149.06806, -4.81556], [149.61306, -4.81361], [149.75167, -5.07167], [150.31722, -4.83556], [150.60583, -4.62833], [150.83361, -4.69528], [151.03389, -4.37694], [151.07111, -3.76778], [150.43111, -3.20333], [149.70667, -2.73444], [148.73917, -2.525], [148.10944, -2.1425], [147.41667, -1.08333], [146.69222, -0.87583], [146.22611, -0.86972], [145.66694, -0.59389], [145.02222, -0.62611], [144.96986, -0.41667], [144.73361, -0.66806], [144.66417, -0.72556], [144.47028, -0.72222], [143.97611, -0.21639], [143.08, 0.01611], [142.16833, -0.13083], [141.73222, -0.17472], [141.04889, 0.17778], [140.70083, 0.36917], [140.66639, -0.14167], [140.26722, -0.13917], [139.3875, -0.36667], [137.46111, -0.16667], [136.32361, -0.085], [136.04722, -0.09889], [135.70861, -0.27472], [135.56972, -0.16667], [135.40833, -0.22083], [134.10028, 0.26083], [134.02472, -0.28417], [133.46417, -0.0425], [132.81917, 0.035], [132.16806, -0.04611], [131.70333, 0.25528], [131.97778, 0.1], [131.17778, 0.22111], [131.13167, 0.00861], [131.0325, 0.00306], [130.89917, 0.06694], [130.11167, -0.04194], [129.17472, -0.54028], [129.00944, -0.92222], [128.85444, -1.60306], [128.31389, -2.20667], [127.65944, -2.77389], [127.3075, -3.32389], [126.29556, -2.79889], [125.96444, -2.84694], [124.70056, -3.41444], [125.12361, -3.49917], [124.38667, -4.21722], [123.81194, -4.27444], [123.18556, -4.33083], [122.88806, -4.39], [122.77, -4.995], [122.64, -5.37], [122.57698, -5.49669], [122.45, -5.56], [121.38278, -5.78889], [120.30972, -5.75861], [119.05667, -6.07861], [117.69833, -6.25611], [116.57056, -5.87583], [115.265, -5.785], [114.43083, -6.31139], [113.53028, -6.815], [113.13167, -6.80389], [112.62833, -6.87889], [112.48167, -6.91972]]}, "properties": {"navire": "la Recherche", "type": "trajectoire"}}]}